5 0.00000e+00 1.01602e+00 1.88166e-01 1.64858e+01 5.70e-02 7.76e-04 8.83e-01 4.90e-07 2.28e-09 9.57e-07 1.03e-07 8.53e-01 1.65e+01 9.99e-01 9.99e-01 9.99e-01 9.99e-01 9.99e-01 9.99e-01 9.99e-01 9.99e-01 9.99e-01 9.99e-01 9.99e-01 9.99e-01 9.99e-01 9.99e-01 9.99e-01 9.99e-01 9.99e-01 9.99e-01
55 1.00000e+01 -2.29354e-02 1.27262e-04 1.02447e-03 5.46e-04 4.31e-05 4.68e-05 1.53e-07 3.39e-09 3.88e-07 6.95e-08 4.20e-05 1.02e-03 9.49e-01 9.50e-01 9.50e-01 9.50e-01 9.50e-01 9.50e-01 9.50e-01 9.50e-01 9.95e-01 9.49e-01 9.50e-01 9.50e-01 9.50e-01 9.50e-01 9.50e-01 9.50e-01 9.50e-01 9.95e-01
105 2.00000e+01 -4.68347e-02 8.70635e-06 1.57844e-05 5.86e-07 4.24e-05 4.11e-07 1.06e-07 3.37e-09 1.28e-08 6.51e-08 4.42e-07 1.58e-05 9.01e-01 9.04e-01 9.03e-01 9.04e-01 9.04e-01 9.04e-01 9.04e-01 9.03e-01 9.71e-01 9.01e-01 9.04e-01 9.03e-01 9.04e-01 9.04e-01 9.04e-01 9.04e-01 9.03e-01 9.71e-01
155 3.00000e+01 -7.08540e-02 7.78264e-06 1.32256e-06 2.79e-07 3.85e-05 5.57e-08 1.02e-07 6.53e-09 4.30e-07 2.98e-08 7.28e-08 1.32e-06 8.56e-01 8.60e-01 8.58e-01 8.60e-01 8.60e-01 8.60e-01 8.60e-01 8.58e-01 9.42e-01 8.56e-01 8.60e-01 8.58e-01 8.60e-01 8.60e-01 8.60e-01 8.60e-01 8.58e-01 9.42e-01
205 4.00000e+01 -9.50252e-02 7.11878e-06 1.47962e-06 4.47e-07 3.50e-05 7.16e-08 1.09e-07 4.07e-09 1.70e-06 2.47e-08 1.07e-07 1.48e-06 8.14e-01 8.18e-01 8.16e-01 8.18e-01 8.18e-01 8.18e-01 8.18e-01 8.16e-01 9.11e-01 8.14e-01 8.18e-01 8.16e-01 8.18e-01 8.18e-01 8.18e-01 8.18e-01 8.16e-01 9.11e-01
255 5.00000e+01 -1.19314e-01 6.42741e-06 5.79359e-07 8.18e-07 3.12e-05 3.33e-08 1.23e-07 3.05e-09 2.77e-06 2.59e-08 6.99e-08 5.79e-07 7.74e-01 7.78e-01 7.76e-01 7.78e-01 7.78e-01 7.78e-01 7.78e-01 7.76e-01 8.79e-01 7.74e-01 7.78e-01 7.76e-01 7.78e-01 7.78e-01 7.78e-01 7.78e-01 7.76e-01 8.79e-01
305 6.00000e+01 -1.43694e-01 6.33436e-06 2.39275e-07 1.02e-06 3.04e-05 8.03e-08 1.17e-07 2.92e-09 3.95e-06 1.06e-08 1.23e-07 2.39e-07 7.36e-01 7.40e-01 7.38e-01 7.40e-01 7.40e-01 7.40e-01 7.40e-01 7.38e-01 8.46e-01 7.36e-01 7.40e-01 7.38e-01 7.40e-01 7.40e-01 7.40e-01 7.40e-01 7.38e-01 8.46e-01
355 7.00000e+01 -1.68149e-01 6.13702e-06 8.38602e-07 1.19e-06 2.93e-05 7.94e-08 1.19e-07 2.99e-09 3.95e-06 7.54e-09 7.82e-08 8.39e-07 7.00e-01 7.04e-01 7.02e-01 7.04e-01 7.04e-01 7.04e-01 7.04e-01 7.02e-01 8.13e-01 7.00e-01 7.04e-01 7.02e-01 7.04e-01 7.04e-01 7.04e-01 7.04e-01 7.02e-01 8.13e-01
405 8.00000e+01 -1.92665e-01 6.02085e-06 2.85601e-06 1.26e-06 2.87e-05 3.11e-08 1.22e-07 2.97e-09 4.56e-06 7.34e-09 5.45e-08 2.86e-06 6.65e-01 6.70e-01 6.67e-01 6.70e-01 6.70e-01 6.70e-01 6.70e-01 6.68e-01 7.81e-01 6.65e-01 6.70e-01 6.67e-01 6.70e-01 6.70e-01 6.70e-01 6.70e-01 6.68e-01 7.81e-01
455 9.00000e+01 -2.17232e-01 5.94728e-06 3.39841e-07 1.30e-06 2.83e-05 3.30e-08 1.16e-07 3.10e-09 4.20e-06 6.44e-09 5.95e-08 3.40e-07 6.33e-01 6.37e-01 6.35e-01 6.37e-01 6.37e-01 6.37e-01 6.37e-01 6.35e-01 7.49e-01 6.33e-01 6.37e-01 6.35e-01 6.37e-01 6.37e-01 6.37e-01 6.37e-01 6.35e-01 7.49e-01
505 1.00000e+02 -2.41842e-01 5.67630e-06 2.00847e-06 1.35e-06 2.69e-05 4.49e-08 1.18e-07 3.18e-09 4.71e-06 1.21e-08 6.26e-08 2.01e-06 6.02e-01 6.06e-01 6.04e-01 6.06e-01 6.06e-01 6.06e-01 6.06e-01 6.04e-01 7.18e-01 6.02e-01 6.06e-01 6.04e-01 6.06e-01 6.06e-01 6.06e-01 6.06e-01 6.04e-01 7.18e-01
555 1.10000e+02 -2.66489e-01 5.67065e-06 4.28672e-06 1.34e-06 2.66e-05 3.30e-07 8.74e-08 4.93e-09 4.24e-06 1.87e-08 3.43e-07 4.29e-06 5.72e-01 5.76e-01 5.74e-01 5.76e-01 5.76e-01 5.76e-01 5.76e-01 5.75e-01 6.87e-01 5.72e-01 5.76e-01 5.74e-01 5.76e-01 5.76e-01 5.76e-01 5.76e-01 5.75e-01 6.87e-01
605 1.20000e+02 -2.91168e-01 5.42022e-06 2.67832e-06 1.43e-06 2.55e-05 3.58e-08 8.69e-08 3.36e-09 4.50e-06 3.50e-08 4.98e-08 2.68e-06 5.44e-01 5.48e-01 5.46e-01 5.48e-01 5.48e-01 5.48e-01 5.48e-01 5.47e-01 6.58e-01 5.44e-01 5.48e-01 5.46e-01 5.48e-01 5.48e-01 5.48e-01 5.48e-01 5.47e-01 6.58e-01
655 1.30000e+02 -3.15874e-01 5.54376e-06 1.45267e-06 1.39e-06 2.62e-05 4.10e-08 7.80e-08 3.11e-09 4.63e-06 5.66e-08 5.03e-08 1.45e-06 5.18e-01 5.22e-01 5.20e-01 5.22e-01 5.22e-01 5.22e-01 5.22e-01 5.20e-01 6.29e-01 5.18e-01 5.22e-01 5.20e-01 5.22e-01 5.22e-01 5.22e-01 5.22e-01 5.20e-01 6.29e-01
705 1.40000e+02 -3.40605e-01 5.59772e-06 2.61011e-06 1.37e-06 2.64e-05 8.68e-08 8.94e-08 3.58e-09 3.84e-06 4.72e-08 7.80e-08 2.61e-06 4.92e-01 4.96e-01 4.94e-01 4.96e-01 4.96e-01 4.96e-01 4.96e-01 4.94e-01 6.02e-01 4.92e-01 4.96e-01 4.94e-01 4.96e-01 4.96e-01 4.96e-01 4.96e-01 4.94e-01 6.02e-01
755 1.50000e+02 -3.65358e-01 5.55306e-06 1.66450e-06 1.55e-06 2.60e-05 1.27e-07 7.20e-08 3.39e-09 4.38e-06 3.24e-08 1.17e-07 1.66e-06 4.68e-01 4.72e-01 4.70e-01 4.72e-01 4.72e-01 4.72e-01 4.72e-01 4.70e-01 5.75e-01 4.68e-01 4.72e-01 4.70e-01 4.72e-01 4.72e-01 4.72e-01 4.72e-01 4.70e-01 5.75e-01
805 1.60000e+02 -3.90130e-01 5.34089e-06 5.42198e-07 1.39e-06 2.51e-05 6.69e-08 1.04e-07 8.21e-09 4.13e-06 1.24e-08 1.26e-07 5.42e-07 4.45e-01 4.49e-01 4.47e-01 4.49e-01 4.49e-01 4.49e-01 4.49e-01 4.47e-01 5.49e-01 4.45e-01 4.49e-01 4.47e-01 4.49e-01 4.49e-01 4.49e-01 4.49e-01 4.47e-01 5.49e-01
855 1.70000e+02 -4.14920e-01 5.76022e-06 8.80199e-07 1.83e-06 2.69e-05 5.08e-08 6.77e-08 4.33e-09 3.78e-06 9.10e-09 5.33e-08 8.80e-07 4.24e-01 4.27e-01 4.25e-01 4.27e-01 4.27e-01 4.27e-01 4.27e-01 4.25e-01 5.25e-01 4.24e-01 4.27e-01 4.25e-01 4.27e-01 4.27e-01 4.27e-01 4.27e-01 4.25e-01 5.25e-01
905 1.80000e+02 -4.39725e-01 5.64243e-06 6.82194e-07 1.82e-06 2.63e-05 4.94e-08 6.13e-08 3.02e-09 3.49e-06 4.51e-08 4.91e-08 6.82e-07 4.03e-01 4.06e-01 4.04e-01 4.06e-01 4.06e-01 4.06e-01 4.06e-01 4.05e-01 5.01e-01 4.03e-01 4.06e-01 4.04e-01 4.06e-01 4.06e-01 4.06e-01 4.06e-01 4.05e-01 5.01e-01
955 1.90000e+02 -4.64544e-01 5.48411e-06 1.02998e-06 1.83e-06 2.55e-05 4.70e-08 7.74e-08 6.92e-09 3.29e-06 1.19e-08 4.80e-08 1.03e-06 3.83e-01 3.86e-01 3.85e-01 3.86e-01 3.86e-01 3.86e-01 3.86e-01 3.85e-01 4.78e-01 3.83e-01 3.86e-01 3.85e-01 3.86e-01 3.86e-01 3.86e-01 3.86e-01 3.85e-01 4.78e-01
1005 2.00000e+02 -4.89375e-01 5.46589e-06 2.41101e-06 1.63e-06 2.55e-05 1.33e-07 6.67e-08 4.79e-09 4.05e-06 2.44e-08 7.71e-08 2.41e-06 3.65e-01 3.68e-01 3.66e-01 3.68e-01 3.68e-01 3.68e-01 3.68e-01 3.66e-01 4.56e-01 3.65e-01 3.68e-01 3.66e-01 3.68e-01 3.68e-01 3.68e-01 3.68e-01 3.66e-01 4.56e-01
1055 2.10000e+02 -5.14219e-01 5.73467e-06 3.03050e-06 1.66e-06 2.69e-05 4.95e-08 6.54e-08 5.89e-09 4.22e-06 1.43e-08 4.93e-08 3.03e-06 3.47e-01 3.50e-01 3.48e-01 3.50e-01 3.50e-01 3.50e-01 3.50e-01 3.48e-01 4.35e-01 3.47e-01 3.50e-01 3.48e-01 3.50e-01 3.50e-01 3.50e-01 3.50e-01 3.48e-01 4.35e-01
1105 2.20000e+02 -5.39073e-01 5.49443e-06 6.31492e-06 1.60e-06 2.55e-05 3.30e-07 6.18e-08 3.52e-09 2.96e-06 3.37e-08 2.75e-07 6.31e-06 3.30e-01 3.33e-01 3.31e-01 3.33e-01 3.33e-01 3.33e-01 3.33e-01 3.31e-01 4.15e-01 3.30e-01 3.33e-01 3.31e-01 3.33e-01 3.33e-01 3.33e-01 3.33e-01 3.31e-01 4.15e-01
1155 2.30000e+02 -5.63937e-01 5.59227e-06 5.42123e-06 2.19e-06 2.48e-05 8.82e-07 6.98e-08 5.92e-09 2.86e-06 1.11e-08 8.47e-07 5.42e-06 3.14e-01 3.16e-01 3.15e-01 3.16e-01 3.16e-01 3.16e-01 3.16e-01 3.15e-01 3.96e-01 3.14e-01 3.16e-01 3.15e-01 3.16e-01 3.16e-01 3.16e-01 3.16e-01 3.15e-01 3.96e-01
1205 2.40000e+02 -5.88811e-01 5.18893e-06 1.36702e-06 1.70e-06 2.41e-05 9.77e-08 8.17e-08 1.16e-08 3.55e-06 5.49e-08 1.28e-07 1.37e-06 2.98e-01 3.01e-01 3.00e-01 3.01e-01 3.01e-01 3.01e-01 3.01e-01 3.00e-01 3.78e-01 2.98e-01 3.01e-01 3.00e-01 3.01e-01 3.01e-01 3.01e-01 3.01e-01 3.00e-01 3.78e-01
1255 2.50000e+02 -6.13692e-01 5.07915e-06 7.22354e-07 1.88e-06 2.34e-05 5.51e-08 5.53e-08 5.28e-09 3.83e-06 3.58e-08 5.61e-08 7.22e-07 2.84e-01 2.86e-01 2.85e-01 2.86e-01 2.86e-01 2.86e-01 2.86e-01 2.85e-01 3.60e-01 2.84e-01 2.86e-01 2.85e-01 2.86e-01 2.86e-01 2.86e-01 2.86e-01 2.85e-01 3.60e-01
1305 2.60000e+02 -6.38580e-01 5.53105e-06 2.39646e-06 2.71e-06 2.46e-05 3.08e-07 5.58e-08 4.89e-09 3.29e-06 2.56e-08 2.53e-07 2.40e-06 2.70e-01 2.72e-01 2.71e-01 2.72e-01 2.72e-01 2.72e-01 2.72e-01 2.71e-01 3.43e-01 2.70e-01 2.72e-01 2.71e-01 2.72e-01 2.72e-01 2.72e-01 2.72e-01 2.71e-01 3.43e-01
1355 2.70000e+02 -6.63472e-01 5.64672e-06 1.95563e-05 2.28e-06 2.51e-05 7.97e-07 6.56e-08 6.63e-09 3.65e-06 4.64e-08 9.07e-07 1.96e-05 2.57e-01 2.59e-01 2.58e-01 2.59e-01 2.59e-01 2.59e-01 2.59e-01 2.58e-01 3.27e-01 2.57e-01 2.59e-01 2.58e-01 2.59e-01 2.59e-01 2.59e-01 2.59e-01 2.58e-01 3.27e-01
1405 2.80000e+02 -6.88376e-01 5.08246e-06 9.26102e-06 2.19e-06 2.30e-05 1.84e-07 4.76e-08 4.41e-09 3.21e-06 3.44e-08 1.23e-07 9.26e-06 2.44e-01 2.46e-01 2.45e-01 2.46e-01 2.46e-01 2.46e-01 2.46e-01 2.45e-01 3.12e-01 2.44e-01 2.46e-01 2.45e-01 2.46e-01 2.46e-01 2.46e-01 2.46e-01 2.45e-01 3.12e-01
1455 2.90000e+02 -7.13285e-01 5.11712e-06 2.95603e-06 2.43e-06 2.30e-05 7.23e-08 3.70e-08 5.35e-09 3.36e-06 3.11e-08 5.78e-08 2.96e-06 2.32e-01 2.34e-01 2.33e-01 2.34e-01 2.34e-01 2.34e-01 2.34e-01 2.33e-01 2.97e-01 2.32e-01 2.34e-01 2.33e-01 2.34e-01 2.34e-01 2.34e-01 2.34e-01 2.33e-01 2.97e-01
1505 3.00000e+02 -7.38197e-01 5.94530e-06 1.55927e-06 7.70e-06 2.19e-05 6.03e-08 4.15e-08 7.06e-09 1.86e-06 3.29e-08 5.33e-08 1.56e-06 2.21e-01 2.23e-01 2.22e-01 2.23e-01 2.23e-01 2.23e-01 2.23e-01 2.22e-01 2.83e-01 2.21e-01 2.23e-01 2.22e-01 2.23e-01 2.23e-01 2.23e-01 2.23e-01 2.22e-01 2.83e-01
1555 3.10000e+02 -7.63117e-01 4.90477e-06 1.33270e-06 2.23e-06 2.22e-05 5.10e-08 4.52e-08 3.92e-09 3.03e-06 3.92e-08 4.69e-08 1.33e-06 2.10e-01 2.12e-01 2.11e-01 2.12e-01 2.12e-01 2.12e-01 2.12e-01 2.11e-01 2.70e-01 2.10e-01 2.12e-01 2.11e-01 2.12e-01 2.12e-01 2.12e-01 2.12e-01 2.11e-01 2.70e-01
1605 3.20000e+02 -7.88039e-01 5.08243e-06 1.42668e-06 2.71e-06 2.26e-05 7.21e-08 3.33e-08 5.52e-09 3.41e-06 8.51e-09 4.91e-08 1.43e-06 2.00e-01 2.02e-01 2.01e-01 2.02e-01 2.02e-01 2.02e-01 2.02e-01 2.01e-01 2.57e-01 2.00e-01 2.02e-01 2.01e-01 2.02e-01 2.02e-01 2.02e-01 2.02e-01 2.01e-01 2.57e-01
1655 3.30000e+02 -8.12963e-01 6.21327e-06 7.64253e-06 9.30e-06 2.12e-05 5.13e-07 3.77e-08 7.56e-09 2.42e-06 1.75e-08 4.08e-07 7.64e-06 1.90e-01 1.92e-01 1.91e-01 1.92e-01 1.92e-01 1.92e-01 1.92e-01 1.91e-01 2.45e-01 1.90e-01 1.92e-01 1.91e-01 1.92e-01 1.92e-01 1.92e-01 1.92e-01 1.91e-01 2.45e-01
1705 3.40000e+02 -8.37890e-01 5.26305e-06 3.18013e-05 4.02e-06 2.01e-05 2.10e-06 4.22e-08 5.00e-09 2.44e-06 2.04e-08 1.63e-06 3.18e-05 1.81e-01 1.83e-01 1.82e-01 1.82e-01 1.82e-01 1.83e-01 1.82e-01 1.82e-01 2.33e-01 1.81e-01 1.83e-01 1.82e-01 1.82e-01 1.82e-01 1.83e-01 1.82e-01 1.82e-01 2.33e-01
1755 3.50000e+02 -8.62830e-01 4.85467e-06 1.51487e-05 4.21e-06 1.94e-05 6.50e-07 4.47e-08 1.01e-08 2.20e-06 3.38e-08 5.21e-07 1.51e-05 1.72e-01 1.74e-01 1.73e-01 1.74e-01 1.74e-01 1.74e-01 1.74e-01 1.73e-01 2.22e-01 1.72e-01 1.74e-01 1.73e-01 1.74e-01 1.74e-01 1.74e-01 1.74e-01 1.73e-01 2.22e-01
1805 3.60000e+02 -8.87771e-01 5.25189e-06 3.19138e-06 6.52e-06 1.96e-05 1.29e-07 3.42e-08 7.22e-09 2.15e-06 1.51e-07 1.12e-07 3.19e-06 1.64e-01 1.65e-01 1.64e-01 1.65e-01 1.65e-01 1.65e-01 1.65e-01 1.64e-01 2.11e-01 1.64e-01 1.65e-01 1.64e-01 1.65e-01 1.65e-01 1.65e-01 1.65e-01 1.64e-01 2.11e-01
1855 3.70000e+02 -9.12714e-01 4.88781e-06 7.66994e-06 4.80e-06 1.92e-05 3.56e-07 4.89e-08 1.40e-08 1.13e-06 5.73e-08 2.46e-07 7.67e-06 1.56e-01 1.57e-01 1.56e-01 1.57e-01 1.57e-01 1.57e-01 1.57e-01 1.56e-01 2.01e-01 1.56e-01 1.57e-01 1.56e-01 1.57e-01 1.57e-01 1.57e-01 1.57e-01 1.56e-01 2.01e-01
1905 3.80000e+02 -9.37658e-01 4.85395e-06 1.20896e-05 6.55e-06 1.73e-05 3.68e-07 4.11e-08 7.50e-09 2.61e-06 1.99e-08 2.93e-07 1.21e-05 1.48e-01 1.49e-01 1.49e-01 1.49e-01 1.49e-01 1.49e-01 1.49e-01 1.49e-01 1.92e-01 1.48e-01 1.49e-01 1.49e-01 1.49e-01 1.49e-01 1.49e-01 1.49e-01 1.49e-01 1.92e-01
1955 3.90000e+02 -9.62607e-01 5.83010e-06 4.68281e-06 1.13e-05 1.74e-05 4.07e-07 4.48e-08 6.18e-09 7.71e-07 3.96e-08 2.97e-07 4.68e-06 1.41e-01 1.42e-01 1.41e-01 1.42e-01 1.42e-01 1.42e-01 1.42e-01 1.42e-01 1.82e-01 1.41e-01 1.42e-01 1.41e-01 1.42e-01 1.42e-01 1.42e-01 1.42e-01 1.42e-01 1.82e-01
2005 4.00000e+02 -9.87558e-01 4.97309e-06 9.06173e-06 5.96e-06 1.69e-05 1.90e-06 4.62e-08 8.89e-09 8.09e-07 1.20e-07 1.66e-06 9.06e-06 1.34e-01 1.35e-01 1.35e-01 1.35e-01 1.35e-01 1.35e-01 1.35e-01 1.35e-01 1.74e-01 1.34e-01 1.35e-01 1.35e-01 1.35e-01 1.35e-01 1.35e-01 1.35e-01 1.35e-01 1.74e-01
2055 4.10000e+02 -1.01251e+00 8.09574e-06 2.32065e-06 2.33e-05 1.69e-05 2.22e-07 4.81e-08 7.33e-09 5.35e-07 3.57e-08 1.65e-07 2.32e-06 1.27e-01 1.29e-01 1.28e-01 1.29e-01 1.29e-01 1.29e-01 1.29e-01 1.28e-01 1.65e-01 1.27e-01 1.29e-01 1.28e-01 1.29e-01 1.29e-01 1.29e-01 1.29e-01 1.28e-01 1.65e-01
2105 4.20000e+02 -1.03746e+00 6.55703e-06 4.95740e-06 1.45e-05 1.75e-05 7.50e-07 4.82e-08 1.13e-08 8.75e-07 5.01e-08 6.45e-07 4.96e-06 1.21e-01 1.22e-01 1.22e-01 1.22e-01 1.22e-01 1.22e-01 1.22e-01 1.22e-01 1.57e-01 1.21e-01 1.22e-01 1.22e-01 1.22e-01 1.22e-01 1.22e-01 1.22e-01 1.22e-01 1.57e-01
2155 4.30000e+02 -1.06242e+00 4.62307e-06 8.55579e-06 5.66e-06 1.72e-05 1.67e-07 4.74e-08 1.48e-08 1.13e-06 2.40e-08 1.16e-07 8.56e-06 1.15e-01 1.16e-01 1.16e-01 1.16e-01 1.16e-01 1.16e-01 1.16e-01 1.16e-01 1.50e-01 1.15e-01 1.16e-01 1.16e-01 1.16e-01 1.16e-01 1.16e-01 1.16e-01 1.16e-01 1.50e-01
2205 4.40000e+02 -1.08739e+00 4.53582e-06 1.42076e-06 6.32e-06 1.62e-05 1.40e-07 4.51e-08 1.19e-08 5.62e-07 6.55e-08 8.01e-08 1.42e-06 1.10e-01 1.11e-01 1.10e-01 1.11e-01 1.11e-01 1.11e-01 1.11e-01 1.10e-01 1.43e-01 1.10e-01 1.11e-01 1.10e-01 1.11e-01 1.11e-01 1.11e-01 1.11e-01 1.10e-01 1.43e-01
2255 4.50000e+02 -1.11231e+00 5.97081e-06 7.40832e-05 8.92e-06 1.52e-05 5.62e-06 6.81e-08 1.19e-08 1.13e-06 5.35e-08 4.47e-06 7.41e-05 1.04e-01 1.05e-01 1.05e-01 1.05e-01 1.05e-01 1.05e-01 1.05e-01 1.05e-01 1.36e-01 1.04e-01 1.05e-01 1.05e-01 1.05e-01 1.05e-01 1.05e-01 1.05e-01 1.05e-01 1.36e-01
2305 4.60000e+02 -1.13731e+00 4.30137e-06 3.20750e-06 4.45e-06 1.67e-05 2.38e-07 5.87e-08 1.20e-08 4.93e-07 2.54e-08 2.85e-07 3.21e-06 9.92e-02 1.00e-01 9.97e-02 1.00e-01 1.00e-01 1.00e-01 1.00e-01 9.97e-02 1.29e-01 9.92e-02 1.00e-01 9.97e-02 1.00e-01 1.00e-01 1.00e-01 1.00e-01 9.97e-02 1.29e-01
2355 4.70000e+02 -1.16222e+00 1.57270e-05 3.72120e-05 5.85e-05 1.55e-05 4.60e-06 4.18e-08 1.80e-08 7.77e-07 6.78e-09 3.92e-06 3.72e-05 9.44e-02 9.53e-02 9.48e-02 9.53e-02 9.53e-02 9.53e-02 9.53e-02 9.49e-02 1.23e-01 9.44e-02 9.53e-02 9.48e-02 9.53e-02 9.53e-02 9.53e-02 9.53e-02 9.49e-02 1.23e-01
2405 4.80000e+02 -1.18724e+00 4.37075e-06 5.56864e-07 5.38e-06 1.60e-05 4.33e-07 4.16e-08 1.50e-08 4.96e-07 3.74e-08 4.80e-07 5.57e-07 8.98e-02 9.06e-02 9.02e-02 9.06e-02 9.06e-02 9.06e-02 9.06e-02 9.03e-02 1.17e-01 8.98e-02 9.06e-02 9.02e-02 9.06e-02 9.06e-02 9.06e-02 9.06e-02 9.03e-02 1.17e-01
2455 4.90000e+02 -1.21220e+00 6.35819e-06 9.18778e-06 1.43e-05 1.70e-05 4.52e-07 6.96e-08 1.49e-08 1.58e-06 1.21e-08 5.81e-07 9.19e-06 8.54e-02 8.62e-02 8.58e-02 8.62e-02 8.62e-02 8.62e-02 8.62e-02 8.59e-02 1.11e-01 8.54e-02 8.62e-02 8.58e-02 8.62e-02 8.62e-02 8.62e-02 8.62e-02 8.59e-02 1.11e-01
2505 5.00000e+02 -1.23717e+00 6.84613e-06 7.51112e-07 1.79e-05 1.61e-05 1.48e-07 4.13e-08 1.33e-08 3.52e-07 3.77e-08 9.05e-08 7.51e-07 8.13e-02 8.20e-02 8.16e-02 8.20e-02 8.20e-02 8.20e-02 8.20e-02 8.17e-02 1.06e-01 8.13e-02 8.20e-02 8.16e-02 8.20e-02 8.20e-02 8.20e-02 8.20e-02 8.17e-02 1.06e-01
2555 5.10000e+02 -1.26214e+00 4.55864e-06 1.84955e-05 5.25e-06 1.68e-05 7.27e-07 3.94e-08 1.74e-08 7.20e-07 9.48e-08 6.70e-07 1.85e-05 7.73e-02 7.80e-02 7.76e-02 7.80e-02 7.80e-02 7.80e-02 7.80e-02 7.77e-02 1.01e-01 7.73e-02 7.80e-02 7.76e-02 7.80e-02 7.80e-02 7.80e-02 7.80e-02 7.77e-02 1.01e-01
2605 5.20000e+02 -1.28710e+00 1.01139e-05 3.69209e-06 3.46e-05 1.55e-05 3.75e-07 5.53e-08 1.61e-08 1.33e-06 9.66e-08 4.57e-07 3.69e-06 7.35e-02 7.42e-02 7.38e-02 7.42e-02 7.42e-02 7.42e-02 7.42e-02 7.39e-02 9.61e-02 7.35e-02 7.42e-02 7.38e-02 7.42e-02 7.42e-02 7.42e-02 7.42e-02 7.39e-02 9.61e-02
2655 5.30000e+02 -1.31209e+00 4.67035e-06 1.41670e-05 6.73e-06 1.55e-05 1.07e-06 2.62e-08 1.81e-08 1.13e-06 2.81e-08 8.32e-07 1.42e-05 6.99e-02 7.06e-02 7.02e-02 7.06e-02 7.06e-02 7.06e-02 7.06e-02 7.03e-02 9.14e-02 6.99e-02 7.06e-02 7.02e-02 7.06e-02 7.06e-02 7.06e-02 7.06e-02 7.03e-02 9.14e-02
2705 5.40000e+02 -1.33706e+00 4.74857e-06 1.62055e-05 7.53e-06 1.53e-05 8.99e-07 2.51e-08 1.76e-08 6.22e-07 1.39e-08 6.87e-07 1.62e-05 6.65e-02 6.71e-02 6.68e-02 6.71e-02 6.71e-02 6.71e-02 6.71e-02 6.69e-02 8.70e-02 6.65e-02 6.71e-02 6.68e-02 6.71e-02 6.71e-02 6.71e-02 6.71e-02 6.69e-02 8.70e-02
2755 5.50000e+02 -1.36204e+00 6.08147e-06 1.03803e-05 1.34e-05 1.66e-05 3.49e-07 2.56e-08 2.10e-08 5.82e-07 2.32e-08 2.98e-07 1.04e-05 6.33e-02 6.39e-02 6.36e-02 6.39e-02 6.39e-02 6.39e-02 6.39e-02 6.36e-02 8.28e-02 6.33e-02 6.39e-02 6.36e-02 6.39e-02 6.39e-02 6.39e-02 6.39e-02 6.36e-02 8.28e-02
2805 5.60000e+02 -1.38701e+00 6.62037e-06 1.57477e-05 1.71e-05 1.52e-05 7.17e-07 3.78e-08 1.54e-08 6.33e-07 1.99e-08 4.86e-07 1.57e-05 6.02e-02 6.08e-02 6.05e-02 6.08e-02 6.08e-02 6.08e-02 6.08e-02 6.05e-02 7.88e-02 6.02e-02 6.08e-02 6.05e-02 6.08e-02 6.08e-02 6.08e-02 6.08e-02 6.05e-02 7.88e-02
2855 5.70000e+02 -1.41200e+00 4.51374e-06 5.76229e-06 5.56e-06 1.68e-05 1.66e-07 5.43e-08 3.08e-08 5.73e-07 1.13e-08 6.78e-08 5.76e-06 5.73e-02 5.78e-02 5.75e-02 5.78e-02 5.78e-02 5.78e-02 5.78e-02 5.75e-02 7.50e-02 5.73e-02 5.78e-02 5.75e-02 5.78e-02 5.78e-02 5.78e-02 5.78e-02 5.75e-02 7.50e-02
2905 5.80000e+02 -1.43697e+00 5.15893e-06 1.90589e-05 8.07e-06 1.60e-05 1.68e-06 2.51e-08 1.77e-08 3.22e-07 5.01e-08 1.39e-06 1.91e-05 5.45e-02 5.50e-02 5.47e-02 5.50e-02 5.50e-02 5.50e-02 5.50e-02 5.47e-02 7.13e-02 5.45e-02 5.50e-02 5.47e-02 5.50e-02 5.50e-02 5.50e-02 5.50e-02 5.47e-02 7.13e-02
2955 5.90000e+02 -1.46196e+00 4.63298e-06 3.64399e-06 8.16e-06 1.48e-05 1.76e-07 2.84e-08 1.38e-08 7.02e-07 3.86e-08 8.79e-08 3.64e-06 5.18e-02 5.23e-02 5.20e-02 5.23e-02 5.23e-02 5.23e-02 5.23e-02 5.21e-02 6.79e-02 5.18e-02 5.23e-02 5.20e-02 5.23e-02 5.23e-02 5.23e-02 5.23e-02 5.21e-02 6.79e-02
3005 6.00000e+02 -1.48694e+00 4.65160e-06 6.26362e-06 7.47e-06 1.55e-05 2.50e-07 2.89e-08 1.35e-08 6.74e-07 1.22e-08 1.16e-07 6.26e-06 4.93e-02 4.97e-02 4.95e-02 4.97e-02 4.97e-02 4.97e-02 4.97e-02 4.95e-02 6.46e-02 4.93e-02 4.97e-02 4.95e-02 4.97e-02 4.97e-02 4.97e-02 4.97e-02 4.95e-02 6.46e-02
3055 6.10000e+02 -1.51189e+00 4.72553e-06 4.89577e-05 6.39e-06 1.49e-05 2.27e-06 2.24e-08 2.63e-08 4.59e-07 1.79e-08 1.84e-06 4.90e-05 4.69e-02 4.73e-02 4.71e-02 4.73e-02 4.73e-02 4.73e-02 4.73e-02 4.71e-02 6.15e-02 4.69e-02 4.73e-02 4.71e-02 4.73e-02 4.73e-02 4.73e-02 4.73e-02 4.71e-02 6.15e-02
3105 6.20000e+02 -1.53691e+00 4.60375e-06 5.05827e-07 7.80e-06 1.50e-05 1.85e-07 3.01e-08 1.90e-08 2.76e-07 9.29e-09 1.27e-07 5.06e-07 4.46e-02 4.50e-02 4.48e-02 4.50e-02 4.50e-02 4.50e-02 4.50e-02 4.48e-02 5.85e-02 4.46e-02 4.50e-02 4.48e-02 4.50e-02 4.50e-02 4.50e-02 4.50e-02 4.48e-02 5.85e-02
3155 6.30000e+02 -1.56188e+00 6.60079e-06 1.77835e-06 1.76e-05 1.49e-05 4.48e-07 2.17e-08 2.10e-08 6.77e-07 2.77e-08 3.49e-07 1.78e-06 4.24e-02 4.28e-02 4.26e-02 4.28e-02 4.28e-02 4.28e-02 4.28e-02 4.26e-02 5.56e-02 4.24e-02 4.28e-02 4.26e-02 4.28e-02 4.28e-02 4.28e-02 4.28e-02 4.26e-02 5.56e-02
3205 6.40000e+02 -1.58687e+00 5.31079e-06 3.66292e-06 1.07e-05 1.56e-05 2.25e-07 1.92e-08 2.17e-08 1.25e-06 1.55e-08 1.09e-07 3.66e-06 4.03e-02 4.07e-02 4.05e-02 4.07e-02 4.07e-02 4.07e-02 4.07e-02 4.05e-02 5.29e-02 4.03e-02 4.07e-02 4.05e-02 4.07e-02 4.07e-02 4.07e-02 4.07e-02 4.05e-02 5.29e-02
3255 6.50000e+02 -1.61186e+00 5.45110e-06 8.34778e-07 1.16e-05 1.55e-05 1.37e-07 2.77e-08 1.73e-08 9.76e-07 3.97e-08 5.10e-08 8.35e-07 3.84e-02 3.87e-02 3.85e-02 3.87e-02 3.87e-02 3.87e-02 3.87e-02 3.86e-02 5.04e-02 3.84e-02 3.87e-02 3.85e-02 3.87e-02 3.87e-02 3.87e-02 3.87e-02 3.86e-02 5.04e-02
3305 6.60000e+02 -1.63684e+00 5.84728e-06 5.91397e-06 1.42e-05 1.48e-05 2.04e-07 3.65e-08 3.35e-08 5.23e-07 1.67e-08 7.67e-08 5.91e-06 3.65e-02 3.69e-02 3.67e-02 3.68e-02 3.68e-02 3.68e-02 3.68e-02 3.67e-02 4.79e-02 3.65e-02 3.69e-02 3.67e-02 3.68e-02 3.68e-02 3.68e-02 3.68e-02 3.67e-02 4.79e-02
3355 6.70000e+02 -1.66183e+00 4.23741e-06 3.76955e-06 5.33e-06 1.52e-05 6.20e-07 3.23e-08 2.61e-08 1.06e-06 7.00e-09 5.06e-07 3.77e-06 3.47e-02 3.51e-02 3.49e-02 3.51e-02 3.51e-02 3.51e-02 3.51e-02 3.49e-02 4.56e-02 3.47e-02 3.51e-02 3.49e-02 3.51e-02 3.51e-02 3.51e-02 3.51e-02 3.49e-02 4.56e-02
3405 6.80000e+02 -1.68682e+00 3.99898e-06 3.87377e-06 5.11e-06 1.47e-05 1.57e-07 2.59e-08 2.53e-08 5.46e-07 3.29e-08 5.05e-08 3.87e-06 3.30e-02 3.33e-02 3.32e-02 3.33e-02 3.33e-02 3.33e-02 3.33e-02 3.32e-02 4.34e-02 3.30e-02 3.33e-02 3.32e-02 3.33e-02 3.33e-02 3.33e-02 3.33e-02 3.32e-02 4.34e-02
3455 6.90000e+02 -1.71181e+00 4.02790e-06 2.80061e-06 4.51e-06 1.54e-05 2.10e-07 3.00e-08 1.69e-08 1.27e-06 9.85e-08 7.82e-08 2.80e-06 3.14e-02 3.17e-02 3.16e-02 3.17e-02 3.17e-02 3.17e-02 3.17e-02 3.16e-02 4.13e-02 3.14e-02 3.17e-02 3.16e-02 3.17e-02 3.17e-02 3.17e-02 3.17e-02 3.16e-02 4.13e-02
3505 7.00000e+02 -1.73679e+00 4.12812e-06 3.82791e-06 5.77e-06 1.46e-05 2.84e-07 2.11e-08 1.74e-08 7.02e-07 1.14e-08 1.45e-07 3.83e-06 2.99e-02 3.02e-02 3.00e-02 3.02e-02 3.02e-02 3.02e-02 3.02e-02 3.00e-02 3.93e-02 2.99e-02 3.02e-02 3.00e-02 3.02e-02 3.02e-02 3.02e-02 3.02e-02 3.00e-02 3.93e-02
3555 7.10000e+02 -1.76179e+00 3.93766e-06 8.37049e-07 3.54e-06 1.59e-05 1.74e-07 2.54e-08 1.48e-08 1.76e-07 1.11e-08 1.20e-07 8.37e-07 2.84e-02 2.87e-02 2.86e-02 2.87e-02 2.87e-02 2.87e-02 2.87e-02 2.86e-02 3.74e-02 2.84e-02 2.87e-02 2.86e-02 2.87e-02 2.87e-02 2.87e-02 2.87e-02 2.86e-02 3.74e-02
3605 7.20000e+02 -1.78673e+00 7.87032e-06 1.13239e-06 2.51e-05 1.41e-05 1.46e-07 1.71e-08 1.62e-08 3.02e-07 2.55e-08 5.70e-08 1.13e-06 2.70e-02 2.73e-02 2.72e-02 2.73e-02 2.73e-02 2.73e-02 2.73e-02 2.72e-02 3.55e-02 2.70e-02 2.73e-02 2.72e-02 2.73e-02 2.73e-02 2.73e-02 2.73e-02 2.72e-02 3.55e-02
3655 7.30000e+02 -1.81173e+00 4.68631e-06 1.41697e-05 6.67e-06 1.63e-05 3.82e-07 3.06e-08 2.68e-08 2.13e-07 2.83e-08 2.27e-07 1.42e-05 2.57e-02 2.60e-02 2.58e-02 2.60e-02 2.60e-02 2.60e-02 2.60e-02 2.59e-02 3.38e-02 2.57e-02 2.60e-02 2.58e-02 2.60e-02 2.60e-02 2.60e-02 2.60e-02 2.59e-02 3.38e-02
3705 7.40000e+02 -1.83674e+00 3.99047e-06 6.78756e-07 4.76e-06 1.50e-05 1.76e-07 3.49e-08 3.00e-08 4.88e-07 1.78e-08 4.73e-08 6.79e-07 2.45e-02 2.47e-02 2.46e-02 2.47e-02 2.47e-02 2.47e-02 2.47e-02 2.46e-02 3.22e-02 2.45e-02 2.47e-02 2.46e-02 2.47e-02 2.47e-02 2.47e-02 2.47e-02 2.46e-02 3.22e-02
3755 7.50000e+02 -1.86173e+00 3.83707e-06 5.05680e-06 5.73e-06 1.32e-05 1.82e-07 2.59e-08 2.83e-08 8.31e-07 1.50e-08 5.59e-08 5.06e-06 2.33e-02 2.35e-02 2.34e-02 2.35e-02 2.35e-02 2.35e-02 2.35e-02 2.34e-02 3.06e-02 2.33e-02 2.35e-02 2.34e-02 2.35e-02 2.35e-02 2.35e-02 2.35e-02 2.34e-02 3.06e-02
3805 7.60000e+02 -1.88672e+00 3.70899e-06 3.77531e-07 4.38e-06 1.40e-05 1.63e-07 2.76e-08 2.38e-08 3.24e-07 1.36e-08 5.46e-08 3.78e-07 2.21e-02 2.24e-02 2.22e-02 2.24e-02 2.24e-02 2.24e-02 2.24e-02 2.23e-02 2.91e-02 2.21e-02 2.24e-02 2.22e-02 2.24e-02 2.24e-02 2.24e-02 2.24e-02 2.23e-02 2.91e-02
3855 7.70000e+02 -1.91170e+00 4.11131e-06 2.03989e-06 5.19e-06 1.52e-05 1.24e-07 1.46e-08 1.76e-08 1.11e-07 3.45e-09 4.75e-08 2.04e-06 2.11e-02 2.13e-02 2.12e-02 2.13e-02 2.13e-02 2.13e-02 2.13e-02 2.12e-02 2.77e-02 2.11e-02 2.13e-02 2.12e-02 2.13e-02 2.13e-02 2.13e-02 2.13e-02 2.12e-02 2.77e-02
3905 7.80000e+02 -1.93669e+00 4.17476e-06 2.74080e-06 7.74e-06 1.28e-05 3.35e-07 1.66e-08 2.11e-08 4.74e-07 1.41e-08 1.68e-07 2.74e-06 2.00e-02 2.02e-02 2.01e-02 2.02e-02 2.02e-02 2.02e-02 2.02e-02 2.01e-02 2.64e-02 2.00e-02 2.02e-02 2.01e-02 2.02e-02 2.02e-02 2.02e-02 2.02e-02 2.01e-02 2.64e-02
3955 7.90000e+02 -1.96169e+00 3.33674e-06 8.88953e-07 4.44e-06 1.20e-05 1.67e-07 1.39e-08 1.79e-08 5.53e-07 9.86e-09 1.13e-07 8.89e-07 1.91e-02 1.92e-02 1.91e-02 1.92e-02 1.92e-02 1.92e-02 1.92e-02 1.92e-02 2.51e-02 1.91e-02 1.92e-02 1.91e-02 1.92e-02 1.92e-02 1.92e-02 1.92e-02 1.92e-02 2.51e-02
4005 8.00000e+02 -1.98668e+00 3.23481e-06 1.99434e-06 4.29e-06 1.17e-05 1.34e-07 2.23e-08 2.26e-08 2.91e-07 1.41e-08 4.14e-08 1.99e-06 1.81e-02 1.83e-02 1.82e-02 1.83e-02 1.83e-02 1.83e-02 1.83e-02 1.82e-02 2.39e-02 1.81e-02 1.83e-02 1.82e-02 1.83e-02 1.83e-02 1.83e-02 1.83e-02 1.82e-02 2.39e-02
4055 8.10000e+02 -2.01167e+00 3.03908e-06 1.05851e-06 4.67e-06 1.03e-05 1.41e-07 7.29e-08 1.58e-08 1.10e-06 3.99e-08 1.30e-07 1.06e-06 1.72e-02 1.74e-02 1.73e-02 1.74e-02 1.74e-02 1.74e-02 1.74e-02 1.73e-02 2.27e-02 1.72e-02 1.74e-02 1.73e-02 1.74e-02 1.74e-02 1.74e-02 1.74e-02 1.73e-02 2.27e-02
4105 8.20000e+02 -2.03667e+00 2.86584e-06 9.74900e-07 3.16e-06 1.10e-05 9.62e-08 2.00e-08 1.39e-08 5.24e-07 3.42e-08 3.10e-08 9.75e-07 1.64e-02 1.66e-02 1.65e-02 1.66e-02 1.66e-02 1.66e-02 1.66e-02 1.65e-02 2.16e-02 1.64e-02 1.66e-02 1.65e-02 1.66e-02 1.66e-02 1.66e-02 1.66e-02 1.65e-02 2.16e-02
4155 8.30000e+02 -2.06163e+00 3.65154e-06 4.82217e-06 6.36e-06 1.17e-05 1.83e-07 3.99e-08 1.12e-08 9.10e-07 6.05e-08 1.86e-07 4.82e-06 1.56e-02 1.58e-02 1.57e-02 1.58e-02 1.58e-02 1.58e-02 1.58e-02 1.57e-02 2.05e-02 1.56e-02 1.58e-02 1.57e-02 1.58e-02 1.58e-02 1.58e-02 1.58e-02 1.57e-02 2.05e-02
4205 8.40000e+02 -2.08665e+00 2.80278e-06 2.01563e-06 3.24e-06 1.06e-05 1.58e-07 2.69e-08 1.65e-08 6.93e-07 1.16e-08 1.00e-07 2.02e-06 1.48e-02 1.50e-02 1.49e-02 1.50e-02 1.50e-02 1.50e-02 1.50e-02 1.49e-02 1.95e-02 1.48e-02 1.50e-02 1.49e-02 1.50e-02 1.50e-02 1.50e-02 1.50e-02 1.49e-02 1.95e-02
4255 8.50000e+02 -2.11157e+00 3.91305e-06 1.42926e-05 4.54e-06 1.45e-05 4.69e-07 2.12e-08 7.66e-09 2.30e-06 2.60e-08 3.62e-07 1.43e-05 1.41e-02 1.43e-02 1.42e-02 1.43e-02 1.43e-02 1.43e-02 1.43e-02 1.42e-02 1.86e-02 1.41e-02 1.43e-02 1.42e-02 1.43e-02 1.43e-02 1.43e-02 1.43e-02 1.42e-02 1.86e-02
4305 8.60000e+02 -2.13662e+00 2.97118e-06 1.88643e-06 6.35e-06 8.32e-06 1.24e-07 4.32e-08 1.35e-08 6.80e-07 1.93e-08 1.03e-07 1.89e-06 1.34e-02 1.36e-02 1.35e-02 1.36e-02 1.36e-02 1.36e-02 1.36e-02 1.35e-02 1.77e-02 1.34e-02 1.36e-02 1.35e-02 1.36e-02 1.36e-02 1.36e-02 1.36e-02 1.35e-02 1.77e-02
4355 8.70000e+02 1.11760e+01 3.89151e-02 3.58913e+00 1.24e-03 3.08e-04 1.92e-01 5.24e-04 3.22e-06 9.77e-05 3.47e-05 1.78e-01 3.59e+00 1.29e-02 1.30e-02 1.29e-02 1.30e-02 1.30e-02 1.30e-02 1.30e-02 1.29e-02 1.70e-02 1.29e-02 1.30e-02 1.29e-02 1.30e-02 1.30e-02 1.30e-02 1.30e-02 1.29e-02 1.70e-02
4405 8.80000e+02 -2.14698e+00 4.25092e-04 7.94002e-04 2.60e-04 5.08e-05 1.00e-03 8.14e-04 4.16e-07 8.21e-06 2.58e-07 7.86e-05 7.94e-04 1.39e-02 1.25e-02 1.35e-02 1.24e-02 1.24e-02 1.24e-02 1.24e-02 1.34e-02 1.78e-02 1.39e-02 1.25e-02 1.35e-02 1.24e-02 1.24e-02 1.24e-02 1.24e-02 1.34e-02 1.78e-02
4455 8.90000e+02 -2.17084e+00 9.64152e-05 1.36108e-04 1.08e-05 3.37e-05 2.14e-04 2.23e-04 7.22e-07 8.62e-06 7.43e-06 1.35e-05 1.36e-04 1.39e-02 1.19e-02 1.34e-02 1.18e-02 1.18e-02 1.18e-02 1.18e-02 1.34e-02 1.78e-02 1.39e-02 1.19e-02 1.34e-02 1.18e-02 1.18e-02 1.18e-02 1.18e-02 1.34e-02 1.78e-02
4505 9.00000e+02 -2.18716e+00 4.91719e-05 2.02999e-05 1.08e-05 2.65e-05 9.33e-05 1.14e-04 1.24e-06 1.27e-05 1.21e-05 1.48e-05 2.03e-05 1.38e-02 1.13e-02 1.33e-02 1.13e-02 1.12e-02 1.12e-02 1.12e-02 1.33e-02 1.78e-02 1.38e-02 1.13e-02 1.33e-02 1.13e-02 1.12e-02 1.12e-02 1.12e-02 1.33e-02 1.78e-02
4555 9.10000e+02 -2.20253e+00 3.34884e-05 2.46878e-05 7.16e-06 2.44e-05 5.81e-05 7.66e-05 1.23e-06 1.37e-05 1.26e-05 1.32e-05 2.47e-05 1.37e-02 1.07e-02 1.32e-02 1.07e-02 1.07e-02 1.07e-02 1.07e-02 1.32e-02 1.78e-02 1.37e-02 1.07e-02 1.32e-02 1.07e-02 1.07e-02 1.07e-02 1.07e-02 1.32e-02 1.78e-02
4605 9.20000e+02 -2.21777e+00 2.65099e-05 2.55995e-05 6.68e-06 2.30e-05 4.14e-05 6.03e-05 1.14e-06 1.45e-05 9.04e-06 1.07e-05 2.56e-05 1.37e-02 1.02e-02 1.31e-02 1.02e-02 1.01e-02 1.02e-02 1.01e-02 1.31e-02 1.78e-02 1.37e-02 1.02e-02 1.31e-02 1.02e-02 1.01e-02 1.02e-02 1.01e-02 1.31e-02 1.78e-02
4655 9.30000e+02 -2.23301e+00 2.11284e-05 3.92756e-05 8.41e-06 2.24e-05 3.08e-05 4.30e-05 1.12e-06 1.06e-05 6.63e-06 9.00e-06 3.93e-05 1.36e-02 9.72e-03 1.30e-02 9.69e-03 9.64e-03 9.66e-03 9.65e-03 1.30e-02 1.78e-02 1.36e-02 9.72e-03 1.30e-02 9.69e-03 9.64e-03 9.66e-03 9.65e-03 1.30e-02 1.78e-02
4705 9.40000e+02 -2.24835e+00 1.73564e-05 1.71390e-05 8.44e-06 2.10e-05 2.31e-05 3.32e-05 9.52e-07 7.20e-06 4.94e-06 8.02e-06 1.71e-05 1.35e-02 9.25e-03 1.29e-02 9.22e-03 9.17e-03 9.19e-03 9.18e-03 1.29e-02 1.78e-02 1.35e-02 9.25e-03 1.29e-02 9.22e-03 9.17e-03 9.19e-03 9.18e-03 1.29e-02 1.78e-02
4755 9.50000e+02 -2.26359e+00 1.44028e-05 2.61951e-05 8.47e-06 1.98e-05 1.93e-05 2.34e-05 1.10e-06 7.13e-06 2.56e-06 7.44e-06 2.62e-05 1.34e-02 8.79e-03 1.28e-02 8.77e-03 8.72e-03 8.74e-03 8.73e-03 1.27e-02 1.78e-02 1.34e-02 8.79e-03 1.28e-02 8.77e-03 8.72e-03 8.74e-03 8.73e-03 1.27e-02 1.78e-02
4805 9.60000e+02 -2.27875e+00 1.20035e-05 7.38334e-05 7.51e-06 1.92e-05 1.51e-05 1.73e-05 9.17e-07 5.28e-06 1.76e-06 5.66e-06 7.38e-05 1.33e-02 8.36e-03 1.27e-02 8.34e-03 8.30e-03 8.31e-03 8.30e-03 1.26e-02 1.78e-02 1.33e-02 8.36e-03 1.27e-02 8.34e-03 8.30e-03 8.31e-03 8.30e-03 1.26e-02 1.78e-02
4855 9.70000e+02 -2.29424e+00 1.06356e-05 1.25552e-05 8.83e-06 1.84e-05 1.21e-05 1.31e-05 7.13e-07 5.62e-06 9.92e-07 4.05e-06 1.26e-05 1.32e-02 7.95e-03 1.26e-02 7.93e-03 7.89e-03 7.91e-03 7.90e-03 1.25e-02 1.78e-02 1.32e-02 7.95e-03 1.26e-02 7.93e-03 7.89e-03 7.91e-03 7.90e-03 1.25e-02 1.78e-02
4905 9.80000e+02 -2.30953e+00 9.49513e-06 2.49113e-05 8.84e-06 1.69e-05 1.00e-05 1.13e-05 4.35e-07 4.46e-06 6.50e-07 4.49e-06 2.49e-05 1.32e-02 7.56e-03 1.25e-02 7.54e-03 7.51e-03 7.52e-03 7.51e-03 1.24e-02 1.78e-02 1.32e-02 7.56e-03 1.25e-02 7.54e-03 7.51e-03 7.52e-03 7.51e-03 1.24e-02 1.78e-02
4955 9.90000e+02 -2.32485e+00 8.39406e-06 3.84375e-05 9.61e-06 1.63e-05 8.30e-06 7.34e-06 4.70e-07 5.01e-06 4.71e-07 3.05e-06 3.84e-05 1.31e-02 7.19e-03 1.23e-02 7.18e-03 7.14e-03 7.15e-03 7.15e-03 1.23e-02 1.77e-02 1.31e-02 7.19e-03 1.23e-02 7.18e-03 7.14e-03 7.15e-03 7.15e-03 1.23e-02 1.77e-02
5006 9.99000e+02 -2.34060e+00 7.96271e-06 1.77317e-05 1.01e-05 1.68e-05 7.95e-06 4.33e-06 6.51e-07 4.09e-06 2.96e-07 2.91e-06 1.77e-05 1.30e-02 6.84e-03 1.22e-02 6.82e-03 6.79e-03 6.80e-03 6.79e-03 1.22e-02 1.77e-02 1.30e-02 6.84e-03 1.22e-02 6.82e-03 6.79e-03 6.80e-03 6.79e-03 1.22e-02 1.77e-02
5054 1.00700e+03 -2.35538e+00 7.65285e-06 2.19080e-05 1.15e-05 1.61e-05 6.54e-06 3.68e-06 4.80e-07 3.43e-06 7.47e-08 2.46e-06 2.19e-05 1.29e-02 6.51e-03 1.21e-02 6.50e-03 6.47e-03 6.48e-03 6.47e-03 1.21e-02 1.77e-02 1.29e-02 6.51e-03 1.21e-02 6.50e-03 6.47e-03 6.48e-03 6.47e-03 1.21e-02 1.77e-02
5102 1.01500e+03 -2.37025e+00 7.06943e-06 1.36609e-05 1.05e-05 1.61e-05 5.84e-06 2.49e-06 4.43e-07 2.45e-06 2.44e-08 2.34e-06 1.37e-05 1.28e-02 6.21e-03 1.20e-02 6.19e-03 6.17e-03 6.18e-03 6.17e-03 1.20e-02 1.77e-02 1.28e-02 6.21e-03 1.20e-02 6.19e-03 6.17e-03 6.18e-03 6.17e-03 1.20e-02 1.77e-02
5150 1.02300e+03 -2.38508e+00 6.57932e-06 2.50557e-05 1.06e-05 1.52e-05 4.90e-06 1.82e-06 3.72e-07 1.49e-06 2.35e-08 1.84e-06 2.51e-05 1.27e-02 5.92e-03 1.19e-02 5.90e-03 5.88e-03 5.89e-03 5.88e-03 1.19e-02 1.77e-02 1.27e-02 5.92e-03 1.19e-02 5.90e-03 5.88e-03 5.89e-03 5.88e-03 1.19e-02 1.77e-02
5198 1.03100e+03 -2.39999e+00 6.98165e-06 1.45632e-05 1.45e-05 1.42e-05 4.51e-06 1.30e-06 3.81e-07 2.20e-06 1.46e-08 1.68e-06 1.46e-05 1.26e-02 5.64e-03 1.18e-02 5.62e-03 5.60e-03 5.61e-03 5.60e-03 1.17e-02 1.77e-02 1.26e-02 5.64e-03 1.18e-02 5.62e-03 5.60e-03 5.61e-03 5.60e-03 1.17e-02 1.77e-02
5246 1.03900e+03 -2.41494e+00 6.23012e-06 1.38274e-05 1.24e-05 1.30e-05 4.49e-06 1.01e-06 2.84e-07 1.14e-06 4.63e-08 1.80e-06 1.38e-05 1.25e-02 5.37e-03 1.17e-02 5.36e-03 5.34e-03 5.35e-03 5.34e-03 1.16e-02 1.77e-02 1.25e-02 5.37e-03 1.17e-02 5.36e-03 5.34e-03 5.35e-03 5.34e-03 1.16e-02 1.77e-02
5294 1.04700e+03 -2.42991e+00 6.30439e-06 5.71604e-06 1.19e-05 1.36e-05 4.79e-06 9.55e-07 2.43e-07 1.50e-06 2.26e-08 2.18e-06 5.72e-06 1.24e-02 5.12e-03 1.15e-02 5.11e-03 5.09e-03 5.10e-03 5.09e-03 1.15e-02 1.77e-02 1.24e-02 5.12e-03 1.15e-02 5.11e-03 5.09e-03 5.10e-03 5.09e-03 1.15e-02 1.77e-02
5342 1.05500e+03 -2.44492e+00 5.89742e-06 8.32150e-06 1.29e-05 1.21e-05 3.54e-06 7.07e-07 2.81e-07 9.12e-07 9.00e-08 1.49e-06 8.32e-06 1.23e-02 4.88e-03 1.14e-02 4.87e-03 4.85e-03 4.86e-03 4.85e-03 1.14e-02 1.76e-02 1.23e-02 4.88e-03 1.14e-02 4.87e-03 4.85e-03 4.86e-03 4.85e-03 1.14e-02 1.76e-02
5390 1.06300e+03 -2.45993e+00 6.02265e-06 1.22437e-05 1.35e-05 1.20e-05 3.67e-06 7.15e-07 1.94e-07 9.22e-07 7.21e-08 1.43e-06 1.22e-05 1.22e-02 4.65e-03 1.13e-02 4.64e-03 4.62e-03 4.63e-03 4.62e-03 1.13e-02 1.76e-02 1.22e-02 4.65e-03 1.13e-02 4.64e-03 4.62e-03 4.63e-03 4.62e-03 1.13e-02 1.76e-02
5438 1.07100e+03 -2.47498e+00 6.05350e-06 1.64670e-05 1.48e-05 1.15e-05 3.02e-06 6.93e-07 2.09e-07 1.25e-06 4.55e-08 1.17e-06 1.65e-05 1.21e-02 4.43e-03 1.12e-02 4.42e-03 4.41e-03 4.41e-03 4.41e-03 1.11e-02 1.76e-02 1.21e-02 4.43e-03 1.12e-02 4.42e-03 4.41e-03 4.41e-03 4.41e-03 1.11e-02 1.76e-02
5486 1.07900e+03 -2.49009e+00 5.85552e-06 2.08516e-05 1.41e-05 1.11e-05 3.19e-06 7.38e-07 1.65e-07 6.72e-07 2.54e-08 1.43e-06 2.09e-05 1.20e-02 4.23e-03 1.10e-02 4.21e-03 4.20e-03 4.20e-03 4.20e-03 1.10e-02 1.76e-02 1.20e-02 4.23e-03 1.10e-02 4.21e-03 4.20e-03 4.20e-03 4.20e-03 1.10e-02 1.76e-02
5534 1.08700e+03 -2.50528e+00 5.71334e-06 9.25886e-06 1.45e-05 1.05e-05 2.77e-06 6.50e-07 1.46e-07 4.19e-07 7.33e-08 8.31e-07 9.26e-06 1.19e-02 4.03e-03 1.09e-02 4.01e-03 4.00e-03 4.01e-03 4.00e-03 1.09e-02 1.76e-02 1.19e-02 4.03e-03 1.09e-02 4.01e-03 4.00e-03 4.01e-03 4.00e-03 1.09e-02 1.76e-02
5582 1.09500e+03 -2.52044e+00 5.77463e-06 1.63191e-05 1.46e-05 1.06e-05 2.97e-06 6.56e-07 1.27e-07 4.55e-07 8.15e-08 1.16e-06 1.63e-05 1.18e-02 3.84e-03 1.08e-02 3.83e-03 3.82e-03 3.82e-03 3.82e-03 1.08e-02 1.76e-02 1.18e-02 3.84e-03 1.08e-02 3.83e-03 3.82e-03 3.82e-03 3.82e-03 1.08e-02 1.76e-02
5630 1.10300e+03 -2.53569e+00 5.83888e-06 9.16431e-06 1.57e-05 1.02e-05 2.64e-06 5.65e-07 1.33e-07 8.03e-07 5.31e-08 8.80e-07 9.16e-06 1.17e-02 3.66e-03 1.07e-02 3.65e-03 3.64e-03 3.64e-03 3.64e-03 1.06e-02 1.76e-02 1.17e-02 3.66e-03 1.07e-02 3.65e-03 3.64e-03 3.64e-03 3.64e-03 1.06e-02 1.76e-02
5678 1.11100e+03 -2.55091e+00 5.55269e-06 3.29833e-05 1.48e-05 9.76e-06 2.57e-06 5.21e-07 1.06e-07 3.98e-07 5.74e-08 8.74e-07 3.30e-05 1.16e-02 3.49e-03 1.05e-02 3.47e-03 3.47e-03 3.47e-03 3.47e-03 1.05e-02 1.75e-02 1.16e-02 3.49e-03 1.05e-02 3.47e-03 3.47e-03 3.47e-03 3.47e-03 1.05e-02 1.75e-02
5726 1.11900e+03 -2.56628e+00 5.52986e-06 1.56874e-05 1.53e-05 9.20e-06 2.60e-06 5.06e-07 8.18e-08 4.09e-07 4.91e-08 1.04e-06 1.57e-05 1.15e-02 3.32e-03 1.04e-02 3.31e-03 3.30e-03 3.31e-03 3.30e-03 1.04e-02 1.75e-02 1.15e-02 3.32e-03 1.04e-02 3.31e-03 3.30e-03 3.31e-03 3.30e-03 1.04e-02 1.75e-02
5774 1.12700e+03 -2.58160e+00 5.52267e-06 3.16882e-05 1.63e-05 8.44e-06 2.33e-06 4.80e-07 7.86e-08 3.35e-07 4.61e-08 7.49e-07 3.17e-05 1.14e-02 3.17e-03 1.03e-02 3.16e-03 3.15e-03 3.15e-03 3.15e-03 1.02e-02 1.75e-02 1.14e-02 3.17e-03 1.03e-02 3.16e-03 3.15e-03 3.15e-03 3.15e-03 1.02e-02 1.75e-02
5822 1.13500e+03 -2.59706e+00 5.44370e-06 1.70241e-05 1.60e-05 8.18e-06 2.51e-06 4.57e-07 7.02e-08 2.26e-07 4.35e-08 1.10e-06 1.70e-05 1.13e-02 3.02e-03 1.01e-02 3.01e-03 3.00e-03 3.00e-03 3.00e-03 1.01e-02 1.75e-02 1.13e-02 3.02e-03 1.01e-02 3.01e-03 3.00e-03 3.00e-03 3.00e-03 1.01e-02 1.75e-02
5870 1.14300e+03 -2.61255e+00 5.34154e-06 5.52645e-06 1.55e-05 8.33e-06 2.36e-06 4.40e-07 6.13e-08 1.93e-07 3.04e-08 9.28e-07 5.53e-06 1.12e-02 2.88e-03 9.99e-03 2.87e-03 2.86e-03 2.86e-03 2.86e-03 9.97e-03 1.75e-02 1.12e-02 2.88e-03 9.99e-03 2.87e-03 2.86e-03 2.86e-03 2.86e-03 9.97e-03 1.75e-02
5918 1.15100e+03 -2.62802e+00 5.34258e-06 1.69509e-05 1.61e-05 7.80e-06 2.37e-06 4.34e-07 5.81e-08 2.97e-07 4.88e-08 9.26e-07 1.70e-05 1.10e-02 2.74e-03 9.86e-03 2.73e-03 2.73e-03 2.73e-03 2.73e-03 9.84e-03 1.75e-02 1.10e-02 2.74e-03 9.86e-03 2.73e-03 2.73e-03 2.73e-03 2.73e-03 9.84e-03 1.75e-02
5966 1.15900e+03 -2.64347e+00 5.39964e-06 4.57788e-05 1.62e-05 7.97e-06 2.29e-06 4.70e-07 8.56e-08 1.98e-07 4.51e-08 9.84e-07 4.58e-05 1.09e-02 2.61e-03 9.72e-03 2.60e-03 2.60e-03 2.60e-03 2.60e-03 9.70e-03 1.74e-02 1.09e-02 2.61e-03 9.72e-03 2.60e-03 2.60e-03 2.60e-03 2.60e-03 9.70e-03 1.74e-02
6014 1.16700e+03 -2.65921e+00 5.09669e-06 7.49461e-06 1.58e-05 7.17e-06 2.10e-06 3.75e-07 4.82e-08 1.58e-07 3.30e-08 8.40e-07 7.49e-06 1.08e-02 2.49e-03 9.58e-03 2.48e-03 2.48e-03 2.48e-03 2.48e-03 9.56e-03 1.74e-02 1.08e-02 2.49e-03 9.58e-03 2.48e-03 2.48e-03 2.48e-03 2.48e-03 9.56e-03 1.74e-02
6062 1.17500e+03 -2.67480e+00 5.34641e-06 2.18935e-05 1.69e-05 7.09e-06 2.36e-06 3.39e-07 4.10e-08 1.91e-07 4.20e-08 1.04e-06 2.19e-05 1.07e-02 2.37e-03 9.44e-03 2.37e-03 2.36e-03 2.36e-03 2.36e-03 9.42e-03 1.74e-02 1.07e-02 2.37e-03 9.44e-03 2.37e-03 2.36e-03 2.36e-03 2.36e-03 9.42e-03 1.74e-02
6110 1.18300e+03 -2.69050e+00 5.22424e-06 2.20201e-05 1.64e-05 7.21e-06 2.11e-06 3.49e-07 3.91e-08 1.70e-07 2.90e-08 8.98e-07 2.20e-05 1.06e-02 2.26e-03 9.30e-03 2.25e-03 2.25e-03 2.25e-03 2.25e-03 9.28e-03 1.74e-02 1.06e-02 2.26e-03 9.30e-03 2.25e-03 2.25e-03 2.25e-03 2.25e-03 9.28e-03 1.74e-02
6158 1.19100e+03 -2.70625e+00 5.32165e-06 2.35864e-05 1.73e-05 6.57e-06 2.20e-06 4.56e-07 4.63e-08 9.76e-08 2.59e-08 1.29e-06 2.36e-05 1.04e-02 2.16e-03 9.15e-03 2.15e-03 2.14e-03 2.15e-03 2.14e-03 9.14e-03 1.74e-02 1.04e-02 2.16e-03 9.15e-03 2.15e-03 2.14e-03 2.15e-03 2.14e-03 9.14e-03 1.74e-02
6206 1.19900e+03 -2.72209e+00 5.24155e-06 1.58615e-05 1.76e-05 6.28e-06 1.96e-06 3.40e-07 3.53e-08 1.09e-07 2.67e-08 6.56e-07 1.59e-05 1.03e-02 2.06e-03 9.01e-03 2.05e-03 2.04e-03 2.05e-03 2.04e-03 9.00e-03 1.73e-02 1.03e-02 2.06e-03 9.01e-03 2.05e-03 2.04e-03 2.05e-03 2.04e-03 9.00e-03 1.73e-02
6254 1.20700e+03 -2.73793e+00 5.08527e-06 2.03133e-05 1.69e-05 6.37e-06 1.76e-06 3.43e-07 3.20e-08 1.48e-07 2.47e-08 5.28e-07 2.03e-05 1.02e-02 1.96e-03 8.87e-03 1.95e-03 1.95e-03 1.95e-03 1.95e-03 8.86e-03 1.73e-02 1.02e-02 1.96e-03 8.87e-03 1.95e-03 1.95e-03 1.95e-03 1.95e-03 8.86e-03 1.73e-02
6302 1.21500e+03 -2.75382e+00 5.11734e-06 2.54184e-05 1.72e-05 6.21e-06 1.78e-06 3.44e-07 3.01e-08 1.51e-07 4.11e-08 7.32e-07 2.54e-05 1.01e-02 1.87e-03 8.72e-03 1.86e-03 1.86e-03 1.86e-03 1.86e-03 8.71e-03 1.73e-02 1.01e-02 1.87e-03 8.72e-03 1.86e-03 1.86e-03 1.86e-03 1.86e-03 8.71e-03 1.73e-02
6350 1.22300e+03 -2.76982e+00 4.84309e-06 1.99462e-05 1.61e-05 5.97e-06 1.77e-06 3.47e-07 3.13e-08 7.88e-08 3.41e-08 6.80e-07 1.99e-05 9.94e-03 1.78e-03 8.58e-03 1.77e-03 1.77e-03 1.77e-03 1.77e-03 8.57e-03 1.73e-02 9.94e-03 1.78e-03 8.58e-03 1.77e-03 1.77e-03 1.77e-03 1.77e-03 8.57e-03 1.73e-02
6398 1.23100e+03 -2.78580e+00 4.91460e-06 3.34982e-05 1.66e-05 5.91e-06 1.60e-06 3.82e-07 3.38e-08 1.37e-07 4.41e-08 5.34e-07 3.35e-05 9.81e-03 1.70e-03 8.43e-03 1.69e-03 1.69e-03 1.69e-03 1.69e-03 8.43e-03 1.73e-02 9.81e-03 1.70e-03 8.43e-03 1.69e-03 1.69e-03 1.69e-03 1.69e-03 8.43e-03 1.73e-02
6446 1.23900e+03 -2.80125e+00 5.17488e-06 1.20131e-04 1.78e-05 5.70e-06 1.98e-06 3.57e-07 2.49e-08 1.90e-07 2.31e-08 1.03e-06 1.20e-04 9.68e-03 1.62e-03 8.29e-03 1.61e-03 1.61e-03 1.61e-03 1.61e-03 8.28e-03 1.72e-02 9.68e-03 1.62e-03 8.29e-03 1.61e-03 1.61e-03 1.61e-03 1.61e-03 8.28e-03 1.72e-02
6494 1.24700e+03 -2.81777e+00 4.82994e-06 8.54730e-06 1.65e-05 5.63e-06 1.64e-06 3.37e-07 3.06e-08 1.07e-07 1.44e-08 4.79e-07 8.55e-06 9.55e-03 1.54e-03 8.14e-03 1.54e-03 1.53e-03 1.54e-03 1.53e-03 8.14e-03 1.72e-02 9.55e-03 1.54e-03 8.14e-03 1.54e-03 1.53e-03 1.54e-03 1.53e-03 8.14e-03 1.72e-02
6542 1.25500e+03 -2.83392e+00 4.74638e-06 2.43603e-05 1.60e-05 5.43e-06 1.98e-06 3.13e-07 3.15e-08 1.84e-07 3.04e-08 8.88e-07 2.44e-05 9.42e-03 1.47e-03 7.99e-03 1.46e-03 1.46e-03 1.46e-03 1.46e-03 7.99e-03 1.72e-02 9.42e-03 1.47e-03 7.99e-03 1.46e-03 1.46e-03 1.46e-03 1.46e-03 7.99e-03 1.72e-02
6590 1.26300e+03 -2.85013e+00 4.42981e-06 4.00316e-05 1.47e-05 5.61e-06 1.54e-06 2.80e-07 2.46e-08 1.24e-07 1.90e-08 5.33e-07 4.00e-05 9.28e-03 1.40e-03 7.85e-03 1.40e-03 1.39e-03 1.39e-03 1.39e-03 7.84e-03 1.72e-02 9.28e-03 1.40e-03 7.85e-03 1.40e-03 1.39e-03 1.39e-03 1.39e-03 7.84e-03 1.72e-02
6638 1.27100e+03 -2.86638e+00 4.70097e-06 5.98301e-05 1.61e-05 5.50e-06 1.57e-06 2.69e-07 1.89e-08 1.90e-07 3.12e-08 5.47e-07 5.98e-05 9.15e-03 1.34e-03 7.70e-03 1.33e-03 1.33e-03 1.33e-03 1.33e-03 7.70e-03 1.71e-02 9.15e-03 1.34e-03 7.70e-03 1.33e-03 1.33e-03 1.33e-03 1.33e-03 7.70e-03 1.71e-02
6686 1.27900e+03 -2.88290e+00 4.49779e-06 2.02131e-05 1.54e-05 5.33e-06 1.45e-06 2.82e-07 2.21e-08 6.45e-08 2.49e-08 5.35e-07 2.02e-05 9.01e-03 1.27e-03 7.55e-03 1.27e-03 1.27e-03 1.27e-03 1.27e-03 7.55e-03 1.71e-02 9.01e-03 1.27e-03 7.55e-03 1.27e-03 1.27e-03 1.27e-03 1.27e-03 7.55e-03 1.71e-02
6734 1.28700e+03 -2.89934e+00 4.72153e-06 1.88908e-05 1.61e-05 5.09e-06 2.17e-06 2.55e-07 2.50e-08 1.56e-07 1.81e-08 1.34e-06 1.89e-05 8.88e-03 1.21e-03 7.40e-03 1.21e-03 1.21e-03 1.21e-03 1.21e-03 7.40e-03 1.71e-02 8.88e-03 1.21e-03 7.40e-03 1.21e-03 1.21e-03 1.21e-03 1.21e-03 7.40e-03 1.71e-02
6782 1.29500e+03 -2.91585e+00 4.44359e-06 2.20679e-05 1.52e-05 5.04e-06 1.66e-06 3.27e-07 2.38e-08 1.50e-07 2.02e-08 9.30e-07 2.21e-05 8.74e-03 1.16e-03 7.26e-03 1.15e-03 1.15e-03 1.15e-03 1.15e-03 7.26e-03 1.71e-02 8.74e-03 1.16e-03 7.26e-03 1.15e-03 1.15e-03 1.15e-03 1.15e-03 7.26e-03 1.71e-02
6830 1.30300e+03 -2.93228e+00 4.97718e-06 5.36775e-05 1.63e-05 5.11e-06 3.15e-06 2.61e-07 1.94e-08 1.21e-07 2.54e-08 2.23e-06 5.37e-05 8.60e-03 1.10e-03 7.11e-03 1.10e-03 1.10e-03 1.10e-03 1.10e-03 7.11e-03 1.70e-02 8.60e-03 1.10e-03 7.11e-03 1.10e-03 1.10e-03 1.10e-03 1.10e-03 7.11e-03 1.70e-02
6878 1.31100e+03 -2.94909e+00 4.17652e-06 1.71178e-05 1.45e-05 4.97e-06 1.20e-06 2.48e-07 2.01e-08 8.64e-08 2.16e-08 4.23e-07 1.71e-05 8.47e-03 1.05e-03 6.96e-03 1.05e-03 1.05e-03 1.05e-03 1.05e-03 6.96e-03 1.70e-02 8.47e-03 1.05e-03 6.96e-03 1.05e-03 1.05e-03 1.05e-03 1.05e-03 6.96e-03 1.70e-02
6926 1.31900e+03 -2.96580e+00 4.32553e-06 1.14657e-05 1.50e-05 4.74e-06 1.55e-06 3.09e-07 2.04e-08 2.18e-07 2.38e-08 9.26e-07 1.15e-05 8.33e-03 1.00e-03 6.81e-03 9.97e-04 9.96e-04 9.96e-04 9.96e-04 6.82e-03 1.70e-02 8.33e-03 1.00e-03 6.81e-03 9.97e-04 9.96e-04 9.96e-04 9.96e-04 6.82e-03 1.70e-02
6974 1.32700e+03 -2.98258e+00 4.40816e-06 8.53325e-06 1.49e-05 4.61e-06 2.27e-06 2.45e-07 2.29e-08 1.15e-07 4.24e-08 1.50e-06 8.53e-06 8.19e-03 9.55e-04 6.67e-03 9.50e-04 9.49e-04 9.50e-04 9.49e-04 6.67e-03 1.70e-02 8.19e-03 9.55e-04 6.67e-03 9.50e-04 9.49e-04 9.50e-04 9.49e-04 6.67e-03 1.70e-02
7022 1.33500e+03 -2.99932e+00 4.54628e-06 3.05968e-05 1.40e-05 4.55e-06 3.93e-06 2.66e-07 3.63e-08 1.36e-07 3.93e-08 3.22e-06 3.06e-05 8.05e-03 9.10e-04 6.52e-03 9.06e-04 9.05e-04 9.05e-04 9.05e-04 6.52e-03 1.69e-02 8.05e-03 9.10e-04 6.52e-03 9.06e-04 9.05e-04 9.05e-04 9.05e-04 6.52e-03 1.69e-02
7070 1.34300e+03 -3.01620e+00 4.22056e-06 4.87023e-05 1.46e-05 4.54e-06 1.67e-06 2.48e-07 2.81e-08 1.75e-07 1.99e-08 1.13e-06 4.87e-05 7.91e-03 8.68e-04 6.37e-03 8.63e-04 8.63e-04 8.63e-04 8.62e-04 6.38e-03 1.69e-02 7.91e-03 8.68e-04 6.37e-03 8.63e-04 8.63e-04 8.63e-04 8.62e-04 6.38e-03 1.69e-02
7118 1.35100e+03 -3.03317e+00 4.65407e-06 3.69963e-05 1.43e-05 4.54e-06 4.09e-06 2.73e-07 3.42e-08 8.50e-08 2.43e-08 3.39e-06 3.70e-05 7.76e-03 8.27e-04 6.23e-03 8.23e-04 8.22e-04 8.22e-04 8.22e-04 6.23e-03 1.69e-02 7.76e-03 8.27e-04 6.23e-03 8.23e-04 8.22e-04 8.22e-04 8.22e-04 6.23e-03 1.69e-02
7166 1.35900e+03 -3.05038e+00 3.84823e-06 1.18579e-05 1.36e-05 4.19e-06 1.21e-06 2.52e-07 2.80e-08 7.39e-08 1.74e-08 4.74e-07 1.19e-05 7.62e-03 7.88e-04 6.08e-03 7.84e-04 7.84e-04 7.84e-04 7.84e-04 6.09e-03 1.68e-02 7.62e-03 7.88e-04 6.08e-03 7.84e-04 7.84e-04 7.84e-04 7.84e-04 6.09e-03 1.68e-02
7214 1.36700e+03 -3.06746e+00 3.95562e-06 2.24123e-05 1.43e-05 4.19e-06 1.05e-06 2.39e-07 2.60e-08 1.20e-07 1.26e-08 3.96e-07 2.24e-05 7.48e-03 7.51e-04 5.94e-03 7.47e-04 7.47e-04 7.47e-04 7.47e-04 5.95e-03 1.68e-02 7.48e-03 7.51e-04 5.94e-03 7.47e-04 7.47e-04 7.47e-04 7.47e-04 5.95e-03 1.68e-02
7262 1.37500e+03 -3.08466e+00 3.83684e-06 1.91613e-05 1.38e-05 4.16e-06 9.45e-07 2.36e-07 2.96e-08 1.47e-07 1.37e-08 4.36e-07 1.92e-05 7.34e-03 7.16e-04 5.80e-03 7.12e-04 7.12e-04 7.12e-04 7.12e-04 5.80e-03 1.68e-02 7.34e-03 7.16e-04 5.80e-03 7.12e-04 7.12e-04 7.12e-04 7.12e-04 5.80e-03 1.68e-02
7310 1.38300e+03 -3.10193e+00 3.89191e-06 1.60697e-05 1.41e-05 4.12e-06 1.01e-06 1.88e-07 2.65e-08 8.65e-08 2.18e-08 3.13e-07 1.61e-05 7.20e-03 6.83e-04 5.65e-03 6.79e-04 6.78e-04 6.79e-04 6.78e-04 5.66e-03 1.67e-02 7.20e-03 6.83e-04 5.65e-03 6.79e-04 6.78e-04 6.79e-04 6.78e-04 5.66e-03 1.67e-02
7358 1.39100e+03 -3.11912e+00 3.62062e-06 5.61718e-05 1.26e-05 4.18e-06 1.05e-06 2.09e-07 3.12e-08 2.48e-07 1.68e-08 3.50e-07 5.62e-05 7.05e-03 6.51e-04 5.51e-03 6.47e-04 6.47e-04 6.47e-04 6.47e-04 5.52e-03 1.67e-02 7.05e-03 6.51e-04 5.51e-03 6.47e-04 6.47e-04 6.47e-04 6.47e-04 5.52e-03 1.67e-02
7406 1.39900e+03 -3.13669e+00 3.73902e-06 9.10999e-06 1.32e-05 3.97e-06 1.38e-06 1.68e-07 3.04e-08 2.80e-07 8.94e-09 7.08e-07 9.11e-06 6.91e-03 6.20e-04 5.37e-03 6.17e-04 6.16e-04 6.17e-04 6.16e-04 5.38e-03 1.67e-02 6.91e-03 6.20e-04 5.37e-03 6.17e-04 6.16e-04 6.17e-04 6.16e-04 5.38e-03 1.67e-02
7454 1.40700e+03 -3.15418e+00 3.83101e-06 8.96466e-06 1.39e-05 3.84e-06 1.17e-06 1.74e-07 3.25e-08 1.33e-07 2.44e-08 4.06e-07 8.96e-06 6.77e-03 5.91e-04 5.24e-03 5.88e-04 5.88e-04 5.88e-04 5.87e-04 5.24e-03 1.66e-02 6.77e-03 5.91e-04 5.24e-03 5.88e-04 5.88e-04 5.88e-04 5.87e-04 5.24e-03 1.66e-02
7502 1.41500e+03 -3.17173e+00 3.74184e-06 1.16068e-05 1.39e-05 3.66e-06 9.02e-07 1.70e-07 3.09e-08 2.14e-07 7.29e-08 3.08e-07 1.16e-05 6.63e-03 5.64e-04 5.10e-03 5.60e-04 5.60e-04 5.60e-04 5.60e-04 5.11e-03 1.66e-02 6.63e-03 5.64e-04 5.10e-03 5.60e-04 5.60e-04 5.60e-04 5.60e-04 5.11e-03 1.66e-02
7550 1.42300e+03 -3.18928e+00 4.40805e-06 2.56665e-05 1.72e-05 3.66e-06 9.43e-07 1.90e-07 3.01e-08 2.30e-07 1.52e-08 4.16e-07 2.57e-05 6.49e-03 5.37e-04 4.96e-03 5.34e-04 5.34e-04 5.34e-04 5.34e-04 4.97e-03 1.66e-02 6.49e-03 5.37e-04 4.96e-03 5.34e-04 5.34e-04 5.34e-04 5.34e-04 4.97e-03 1.66e-02
7598 1.43100e+03 -3.20695e+00 3.39006e-06 4.93780e-05 1.21e-05 3.65e-06 1.04e-06 1.63e-07 2.40e-08 1.82e-07 1.17e-08 4.31e-07 4.94e-05 6.35e-03 5.12e-04 4.83e-03 5.09e-04 5.09e-04 5.09e-04 5.09e-04 4.84e-03 1.65e-02 6.35e-03 5.12e-04 4.83e-03 5.09e-04 5.09e-04 5.09e-04 5.09e-04 4.84e-03 1.65e-02
7646 1.43900e+03 -3.22482e+00 3.62873e-06 2.29598e-05 1.36e-05 3.59e-06 7.37e-07 1.57e-07 2.43e-08 9.87e-08 1.60e-08 2.85e-07 2.30e-05 6.21e-03 4.88e-04 4.70e-03 4.85e-04 4.85e-04 4.85e-04 4.85e-04 4.71e-03 1.65e-02 6.21e-03 4.88e-04 4.70e-03 4.85e-04 4.85e-04 4.85e-04 4.85e-04 4.71e-03 1.65e-02
7694 1.44700e+03 -3.24267e+00 3.67040e-06 1.51721e-05 1.35e-05 3.57e-06 9.89e-07 2.31e-07 3.24e-08 1.68e-07 1.12e-08 6.63e-07 1.52e-05 6.07e-03 4.65e-04 4.56e-03 4.62e-04 4.62e-04 4.62e-04 4.62e-04 4.57e-03 1.64e-02 6.07e-03 4.65e-04 4.56e-03 4.62e-04 4.62e-04 4.62e-04 4.62e-04 4.57e-03 1.64e-02
7742 1.45500e+03 -3.26064e+00 3.43839e-06 5.56926e-06 1.28e-05 3.56e-06 6.81e-07 1.59e-07 3.18e-08 2.63e-07 1.51e-08 2.90e-07 5.57e-06 5.93e-03 4.44e-04 4.43e-03 4.41e-04 4.40e-04 4.41e-04 4.40e-04 4.45e-03 1.64e-02 5.93e-03 4.44e-04 4.43e-03 4.41e-04 4.40e-04 4.41e-04 4.40e-04 4.45e-03 1.64e-02
7790 1.46300e+03 -3.27827e+00 3.75141e-06 1.09113e-04 1.36e-05 3.35e-06 1.61e-06 1.66e-07 3.36e-08 3.06e-07 1.24e-08 1.08e-06 1.09e-04 5.79e-03 4.23e-04 4.31e-03 4.20e-04 4.20e-04 4.20e-04 4.20e-04 4.32e-03 1.64e-02 5.79e-03 4.23e-04 4.31e-03 4.20e-04 4.20e-04 4.20e-04 4.20e-04 4.32e-03 1.64e-02
7838 1.47100e+03 -3.29661e+00 3.45391e-06 3.69606e-05 1.25e-05 3.41e-06 1.21e-06 1.48e-07 3.41e-08 2.02e-07 1.12e-08 7.19e-07 3.70e-05 5.65e-03 4.03e-04 4.18e-03 4.00e-04 4.00e-04 4.00e-04 4.00e-04 4.19e-03 1.63e-02 5.65e-03 4.03e-04 4.18e-03 4.00e-04 4.00e-04 4.00e-04 4.00e-04 4.19e-03 1.63e-02
7886 1.47900e+03 -3.31487e+00 3.49719e-06 3.20865e-06 1.31e-05 3.48e-06 7.26e-07 1.45e-07 3.69e-08 1.83e-07 1.85e-08 3.40e-07 3.21e-06 5.51e-03 3.84e-04 4.06e-03 3.82e-04 3.81e-04 3.82e-04 3.81e-04 4.07e-03 1.63e-02 5.51e-03 3.84e-04 4.06e-03 3.82e-04 3.81e-04 3.82e-04 3.81e-04 4.07e-03 1.63e-02
7934 1.48700e+03 -3.33300e+00 3.53848e-06 3.54601e-05 1.35e-05 3.36e-06 6.43e-07 1.24e-07 3.06e-08 1.54e-07 1.76e-08 2.30e-07 3.55e-05 5.38e-03 3.66e-04 3.93e-03 3.64e-04 3.64e-04 3.64e-04 3.64e-04 3.95e-03 1.62e-02 5.38e-03 3.66e-04 3.93e-03 3.64e-04 3.64e-04 3.64e-04 3.64e-04 3.95e-03 1.62e-02
7982 1.49500e+03 -3.35134e+00 3.22379e-06 2.63150e-05 1.18e-05 3.41e-06 7.54e-07 1.17e-07 2.62e-08 1.73e-07 1.61e-08 3.63e-07 2.63e-05 5.24e-03 3.49e-04 3.81e-03 3.47e-04 3.47e-04 3.47e-04 3.47e-04 3.83e-03 1.62e-02 5.24e-03 3.49e-04 3.81e-03 3.47e-04 3.47e-04 3.47e-04 3.47e-04 3.83e-03 1.62e-02
8030 1.50300e+03 -3.36973e+00 3.24428e-06 2.70938e-05 1.21e-05 3.10e-06 8.06e-07 1.91e-07 2.84e-08 1.52e-07 7.12e-08 6.91e-07 2.71e-05 5.11e-03 3.33e-04 3.70e-03 3.30e-04 3.30e-04 3.30e-04 3.30e-04 3.71e-03 1.61e-02 5.11e-03 3.33e-04 3.70e-03 3.30e-04 3.30e-04 3.30e-04 3.30e-04 3.71e-03 1.61e-02
8078 1.51100e+03 -3.38821e+00 3.29370e-06 1.40865e-05 1.23e-05 3.27e-06 7.76e-07 1.18e-07 3.34e-08 1.44e-07 1.68e-08 5.01e-07 1.41e-05 4.98e-03 3.17e-04 3.58e-03 3.15e-04 3.15e-04 3.15e-04 3.15e-04 3.59e-03 1.61e-02 4.98e-03 3.17e-04 3.58e-03 3.15e-04 3.15e-04 3.15e-04 3.15e-04 3.59e-03 1.61e-02
8126 1.51900e+03 -3.40680e+00 3.01244e-06 4.81341e-06 1.13e-05 3.17e-06 4.57e-07 1.34e-07 2.35e-08 1.88e-07 4.16e-09 1.92e-07 4.81e-06 4.85e-03 3.03e-04 3.47e-03 3.00e-04 3.00e-04 3.00e-04 3.00e-04 3.48e-03 1.60e-02 4.85e-03 3.03e-04 3.47e-03 3.00e-04 3.00e-04 3.00e-04 3.00e-04 3.48e-03 1.60e-02
8174 1.52700e+03 -3.42533e+00 3.45109e-06 1.21435e-05 1.32e-05 3.16e-06 7.39e-07 1.21e-07 2.57e-08 2.56e-07 9.25e-09 3.65e-07 1.21e-05 4.72e-03 2.88e-04 3.36e-03 2.86e-04 2.86e-04 2.86e-04 2.86e-04 3.37e-03 1.60e-02 4.72e-03 2.88e-04 3.36e-03 2.86e-04 2.86e-04 2.86e-04 2.86e-04 3.37e-03 1.60e-02
8222 1.53500e+03 -3.44401e+00 3.26296e-06 1.76807e-05 1.25e-05 3.07e-06 6.61e-07 1.03e-07 2.70e-08 2.46e-07 1.06e-08 3.23e-07 1.77e-05 4.59e-03 2.75e-04 3.25e-03 2.73e-04 2.73e-04 2.73e-04 2.73e-04 3.26e-03 1.59e-02 4.59e-03 2.75e-04 3.25e-03 2.73e-04 2.73e-04 2.73e-04 2.73e-04 3.26e-03 1.59e-02
8270 1.54300e+03 -3.46276e+00 3.79689e-06 1.94846e-05 1.50e-05 2.86e-06 1.05e-06 1.05e-07 2.11e-08 1.53e-07 1.23e-08 6.74e-07 1.95e-05 4.46e-03 2.62e-04 3.14e-03 2.60e-04 2.60e-04 2.60e-04 2.60e-04 3.15e-03 1.59e-02 4.46e-03 2.62e-04 3.14e-03 2.60e-04 2.60e-04 2.60e-04 2.60e-04 3.15e-03 1.59e-02
8318 1.55100e+03 -3.48149e+00 3.28105e-06 4.34531e-05 1.27e-05 2.89e-06 6.77e-07 1.04e-07 3.03e-08 3.05e-07 2.96e-08 2.23e-07 4.35e-05 4.33e-03 2.50e-04 3.03e-03 2.48e-04 2.48e-04 2.48e-04 2.48e-04 3.05e-03 1.58e-02 4.33e-03 2.50e-04 3.03e-03 2.48e-04 2.48e-04 2.48e-04 2.48e-04 3.05e-03 1.58e-02
8366 1.55900e+03 -3.50057e+00 2.96588e-06 4.01321e-06 1.09e-05 2.97e-06 8.42e-07 8.93e-08 2.21e-08 1.13e-07 9.44e-09 4.55e-07 4.01e-06 4.21e-03 2.38e-04 2.93e-03 2.36e-04 2.36e-04 2.36e-04 2.36e-04 2.94e-03 1.58e-02 4.21e-03 2.38e-04 2.93e-03 2.36e-04 2.36e-04 2.36e-04 2.36e-04 2.94e-03 1.58e-02
8414 1.56700e+03 -3.51932e+00 3.06285e-06 1.02576e-05 1.11e-05 3.26e-06 8.20e-07 1.01e-07 2.16e-08 5.64e-07 9.36e-09 3.87e-07 1.03e-05 4.09e-03 2.27e-04 2.83e-03 2.25e-04 2.25e-04 2.25e-04 2.25e-04 2.84e-03 1.57e-02 4.09e-03 2.27e-04 2.83e-03 2.25e-04 2.25e-04 2.25e-04 2.25e-04 2.84e-03 1.57e-02
8462 1.57500e+03 -3.53842e+00 3.46031e-06 3.37475e-05 1.35e-05 2.92e-06 7.45e-07 8.19e-08 2.86e-08 1.63e-07 9.35e-09 4.23e-07 3.37e-05 3.97e-03 2.17e-04 2.73e-03 2.14e-04 2.14e-04 2.15e-04 2.14e-04 2.75e-03 1.57e-02 3.97e-03 2.17e-04 2.73e-03 2.14e-04 2.14e-04 2.15e-04 2.14e-04 2.75e-03 1.57e-02
8510 1.58300e+03 -3.55756e+00 3.24820e-06 1.67092e-05 1.26e-05 3.03e-06 4.37e-07 1.35e-07 2.46e-08 1.37e-07 1.25e-08 1.59e-07 1.67e-05 3.85e-03 2.06e-04 2.64e-03 2.04e-04 2.04e-04 2.04e-04 2.04e-04 2.65e-03 1.56e-02 3.85e-03 2.06e-04 2.64e-03 2.04e-04 2.04e-04 2.04e-04 2.04e-04 2.65e-03 1.56e-02
8558 1.59100e+03 -3.57674e+00 3.23983e-06 2.83645e-06 1.25e-05 3.27e-06 3.44e-07 7.65e-08 2.30e-08 1.12e-07 1.21e-08 1.57e-07 2.84e-06 3.73e-03 1.97e-04 2.55e-03 1.95e-04 1.95e-04 1.95e-04 1.95e-04 2.56e-03 1.55e-02 3.73e-03 1.97e-04 2.55e-03 1.95e-04 1.95e-04 1.95e-04 1.95e-04 2.56e-03 1.55e-02
8606 1.59900e+03 -3.59567e+00 3.09136e-06 1.97685e-05 1.22e-05 2.67e-06 5.20e-07 8.28e-08 2.29e-08 1.52e-07 1.02e-08 1.54e-07 1.98e-05 3.62e-03 1.88e-04 2.46e-03 1.86e-04 1.86e-04 1.86e-04 1.86e-04 2.47e-03 1.55e-02 3.62e-03 1.88e-04 2.46e-03 1.86e-04 1.86e-04 1.86e-04 1.86e-04 2.47e-03 1.55e-02
8654 1.60700e+03 -3.61491e+00 3.58967e-06 3.08941e-05 1.50e-05 2.54e-06 3.11e-07 1.13e-07 2.62e-08 2.08e-07 6.93e-09 1.28e-07 3.09e-05 3.51e-03 1.79e-04 2.37e-03 1.77e-04 1.77e-04 1.77e-04 1.77e-04 2.38e-03 1.54e-02 3.51e-03 1.79e-04 2.37e-03 1.77e-04 1.77e-04 1.77e-04 1.77e-04 2.38e-03 1.54e-02
8702 1.61500e+03 -3.63442e+00 3.35197e-06 5.50353e-06 1.38e-05 2.54e-06 3.17e-07 7.96e-08 2.01e-08 1.58e-07 5.19e-09 1.31e-07 5.50e-06 3.40e-03 1.71e-04 2.28e-03 1.69e-04 1.69e-04 1.69e-04 1.69e-04 2.29e-03 1.54e-02 3.40e-03 1.71e-04 2.28e-03 1.69e-04 1.69e-04 1.69e-04 1.69e-04 2.29e-03 1.54e-02
8750 1.62300e+03 -3.65383e+00 3.10583e-06 7.28507e-06 1.24e-05 2.47e-06 5.75e-07 8.19e-08 2.89e-08 2.85e-07 5.01e-08 1.88e-07 7.29e-06 3.29e-03 1.63e-04 2.20e-03 1.61e-04 1.61e-04 1.61e-04 1.61e-04 2.21e-03 1.53e-02 3.29e-03 1.63e-04 2.20e-03 1.61e-04 1.61e-04 1.61e-04 1.61e-04 2.21e-03 1.53e-02
8798 1.63100e+03 -3.67251e+00 3.87963e-06 5.10414e-05 1.48e-05 4.10e-06 4.54e-07 6.28e-08 2.28e-08 4.33e-07 1.91e-08 2.01e-07 5.10e-05 3.19e-03 1.55e-04 2.12e-03 1.53e-04 1.53e-04 1.54e-04 1.53e-04 2.13e-03 1.52e-02 3.19e-03 1.55e-04 2.12e-03 1.53e-04 1.53e-04 1.54e-04 1.53e-04 2.13e-03 1.52e-02
8846 1.63900e+03 -3.69295e+00 3.05436e-06 1.23434e-05 1.25e-05 2.39e-06 3.10e-07 6.07e-08 1.97e-08 1.94e-07 2.12e-08 1.39e-07 1.23e-05 3.08e-03 1.48e-04 2.04e-03 1.46e-04 1.46e-04 1.46e-04 1.46e-04 2.05e-03 1.52e-02 3.08e-03 1.48e-04 2.04e-03 1.46e-04 1.46e-04 1.46e-04 1.46e-04 2.05e-03 1.52e-02
8894 1.64700e+03 -3.71261e+00 3.05675e-06 1.26493e-05 1.24e-05 2.38e-06 4.12e-07 6.07e-08 2.33e-08 1.55e-07 7.10e-09 2.02e-07 1.26e-05 2.98e-03 1.41e-04 1.96e-03 1.39e-04 1.39e-04 1.39e-04 1.39e-04 1.97e-03 1.51e-02 2.98e-03 1.41e-04 1.96e-03 1.39e-04 1.39e-04 1.39e-04 1.39e-04 1.97e-03 1.51e-02
8942 1.65500e+03 -3.73212e+00 3.40555e-06 1.61875e-05 1.38e-05 2.56e-06 6.08e-07 6.58e-08 2.95e-08 2.91e-07 3.29e-09 2.19e-07 1.62e-05 2.88e-03 1.35e-04 1.89e-03 1.33e-04 1.33e-04 1.33e-04 1.33e-04 1.90e-03 1.50e-02 2.88e-03 1.35e-04 1.89e-03 1.33e-04 1.33e-04 1.33e-04 1.33e-04 1.90e-03 1.50e-02
8990 1.66300e+03 -3.75175e+00 3.31854e-06 3.71880e-05 1.37e-05 2.52e-06 3.43e-07 5.30e-08 2.16e-08 4.24e-07 3.18e-09 1.59e-07 3.72e-05 2.78e-03 1.28e-04 1.81e-03 1.27e-04 1.27e-04 1.27e-04 1.27e-04 1.82e-03 1.50e-02 2.78e-03 1.28e-04 1.81e-03 1.27e-04 1.27e-04 1.27e-04 1.27e-04 1.82e-03 1.50e-02
9038 1.67100e+03 -3.77184e+00 3.29632e-06 6.74317e-06 1.28e-05 2.34e-06 1.18e-06 1.31e-07 1.98e-08 8.13e-08 1.25e-08 7.03e-07 6.74e-06 2.69e-03 1.22e-04 1.74e-03 1.21e-04 1.21e-04 1.21e-04 1.21e-04 1.75e-03 1.49e-02 2.69e-03 1.22e-04 1.74e-03 1.21e-04 1.21e-04 1.21e-04 1.21e-04 1.75e-03 1.49e-02
9086 1.67900e+03 -3.79114e+00 3.12824e-06 2.87049e-06 1.22e-05 2.98e-06 3.11e-07 9.70e-08 1.80e-08 7.99e-07 4.84e-09 1.37e-07 2.87e-06 2.59e-03 1.17e-04 1.68e-03 1.15e-04 1.15e-04 1.15e-04 1.15e-04 1.69e-03 1.48e-02 2.59e-03 1.17e-04 1.68e-03 1.15e-04 1.15e-04 1.15e-04 1.15e-04 1.69e-03 1.48e-02
9134 1.68700e+03 -3.81155e+00 3.21470e-06 7.93802e-06 1.32e-05 2.43e-06 3.66e-07 5.33e-08 1.81e-08 2.93e-07 3.80e-09 1.37e-07 7.94e-06 2.50e-03 1.11e-04 1.61e-03 1.10e-04 1.10e-04 1.10e-04 1.10e-04 1.62e-03 1.48e-02 2.50e-03 1.11e-04 1.61e-03 1.10e-04 1.10e-04 1.10e-04 1.10e-04 1.62e-03 1.48e-02
9182 1.69500e+03 -3.83152e+00 3.37852e-06 5.65503e-06 1.37e-05 2.27e-06 8.05e-07 5.11e-08 3.83e-08 3.56e-07 2.43e-08 4.82e-07 5.66e-06 2.42e-03 1.06e-04 1.55e-03 1.04e-04 1.04e-04 1.05e-04 1.04e-04 1.56e-03 1.47e-02 2.42e-03 1.06e-04 1.55e-03 1.04e-04 1.04e-04 1.05e-04 1.04e-04 1.56e-03 1.47e-02
9230 1.70300e+03 -3.85192e+00 3.08561e-06 1.14903e-05 1.32e-05 1.85e-06 2.76e-07 5.67e-08 1.98e-08 1.67e-07 3.74e-09 7.23e-08 1.15e-05 2.33e-03 1.01e-04 1.49e-03 9.96e-05 9.96e-05 9.97e-05 9.95e-05 1.50e-03 1.46e-02 2.33e-03 1.01e-04 1.49e-03 9.96e-05 9.96e-05 9.97e-05 9.95e-05 1.50e-03 1.46e-02
9278 1.71100e+03 -3.87202e+00 3.07219e-06 6.27018e-06 1.27e-05 1.93e-06 6.43e-07 4.01e-08 2.85e-08 1.14e-07 9.02e-09 3.67e-07 6.27e-06 2.25e-03 9.65e-05 1.43e-03 9.49e-05 9.49e-05 9.50e-05 9.49e-05 1.44e-03 1.45e-02 2.25e-03 9.65e-05 1.43e-03 9.49e-05 9.49e-05 9.50e-05 9.49e-05 1.44e-03 1.45e-02
9326 1.71900e+03 -3.89093e+00 3.06206e-06 6.28491e-06 1.15e-05 3.40e-06 3.25e-07 7.78e-08 1.56e-08 7.55e-07 2.00e-08 9.51e-08 6.28e-06 2.16e-03 9.20e-05 1.37e-03 9.05e-05 9.05e-05 9.06e-05 9.04e-05 1.38e-03 1.44e-02 2.16e-03 9.20e-05 1.37e-03 9.05e-05 9.05e-05 9.06e-05 9.04e-05 1.38e-03 1.44e-02
9374 1.72700e+03 -3.91243e+00 2.97535e-06 2.36424e-05 1.27e-05 1.86e-06 2.26e-07 3.70e-08 1.69e-08 4.37e-08 2.19e-08 8.64e-08 2.36e-05 2.08e-03 8.77e-05 1.31e-03 8.62e-05 8.62e-05 8.64e-05 8.62e-05 1.32e-03 1.44e-02 2.08e-03 8.77e-05 1.31e-03 8.62e-05 8.62e-05 8.64e-05 8.62e-05 1.32e-03 1.44e-02
9422 1.73500e+03 -3.93172e+00 3.71507e-06 3.07758e-06 1.52e-05 3.07e-06 2.12e-07 4.57e-08 2.40e-08 3.14e-07 5.90e-09 9.27e-08 3.08e-06 2.01e-03 8.37e-05 1.26e-03 8.22e-05 8.22e-05 8.23e-05 8.21e-05 1.27e-03 1.43e-02 2.01e-03 8.37e-05 1.26e-03 8.22e-05 8.22e-05 8.23e-05 8.21e-05 1.27e-03 1.43e-02
9470 1.74300e+03 -3.95321e+00 2.95960e-06 9.73455e-06 1.29e-05 1.56e-06 2.45e-07 3.22e-08 1.83e-08 1.53e-07 6.12e-09 9.29e-08 9.73e-06 1.93e-03 7.98e-05 1.21e-03 7.83e-05 7.83e-05 7.85e-05 7.83e-05 1.22e-03 1.42e-02 1.93e-03 7.98e-05 1.21e-03 7.83e-05 7.83e-05 7.85e-05 7.83e-05 1.22e-03 1.42e-02
9518 1.75100e+03 -3.97350e+00 3.35864e-06 7.17922e-06 1.49e-05 1.58e-06 2.18e-07 5.14e-08 2.89e-08 1.26e-07 2.12e-09 1.39e-07 7.18e-06 1.86e-03 7.61e-05 1.16e-03 7.47e-05 7.47e-05 7.48e-05 7.46e-05 1.17e-03 1.41e-02 1.86e-03 7.61e-05 1.16e-03 7.47e-05 7.47e-05 7.48e-05 7.46e-05 1.17e-03 1.41e-02
9566 1.75900e+03 -3.99418e+00 3.05858e-06 4.69631e-06 1.36e-05 1.33e-06 2.39e-07 8.44e-08 1.49e-08 7.75e-08 2.51e-09 7.84e-08 4.70e-06 1.79e-03 7.25e-05 1.11e-03 7.12e-05 7.12e-05 7.13e-05 7.11e-05 1.12e-03 1.40e-02 1.79e-03 7.25e-05 1.11e-03 7.12e-05 7.12e-05 7.13e-05 7.11e-05 1.12e-03 1.40e-02
9614 1.76700e+03 -4.01452e+00 3.34978e-06 1.21313e-05 1.46e-05 1.38e-06 7.44e-07 5.44e-08 1.70e-08 8.55e-08 1.83e-09 4.94e-07 1.21e-05 1.72e-03 6.92e-05 1.06e-03 6.78e-05 6.78e-05 6.79e-05 6.78e-05 1.07e-03 1.39e-02 1.72e-03 6.92e-05 1.06e-03 6.78e-05 6.78e-05 6.79e-05 6.78e-05 1.07e-03 1.39e-02
9662 1.77500e+03 -4.03530e+00 3.43544e-06 1.58016e-05 1.57e-05 1.11e-06 2.56e-07 6.68e-08 1.58e-08 4.63e-08 1.33e-09 7.64e-08 1.58e-05 1.65e-03 6.59e-05 1.02e-03 6.47e-05 6.47e-05 6.48e-05 6.46e-05 1.03e-03 1.38e-02 1.65e-03 6.59e-05 1.02e-03 6.47e-05 6.47e-05 6.48e-05 6.46e-05 1.03e-03 1.38e-02
9710 1.78300e+03 -4.05569e+00 4.43463e-06 6.57061e-06 2.08e-05 1.07e-06 2.07e-07 7.67e-08 1.71e-08 1.02e-07 1.50e-08 1.05e-07 6.57e-06 1.59e-03 6.28e-05 9.77e-04 6.16e-05 6.16e-05 6.17e-05 6.16e-05 9.84e-04 1.38e-02 1.59e-03 6.28e-05 9.77e-04 6.16e-05 6.16e-05 6.17e-05 6.16e-05 9.84e-04 1.38e-02
9758 1.79100e+03 -4.07641e+00 3.68968e-06 5.47846e-06 1.71e-05 1.08e-06 1.77e-07 3.97e-08 1.71e-08 1.87e-07 8.90e-09 8.50e-08 5.48e-06 1.53e-03 5.99e-05 9.36e-04 5.88e-05 5.87e-05 5.88e-05 5.87e-05 9.42e-04 1.37e-02 1.53e-03 5.99e-05 9.36e-04 5.88e-05 5.87e-05 5.88e-05 5.87e-05 9.42e-04 1.37e-02
9806 1.79900e+03 -4.09724e+00 3.36826e-06 2.25239e-05 1.39e-05 9.39e-07 1.91e-06 3.42e-08 1.45e-08 2.65e-08 1.05e-08 1.26e-06 2.25e-05 1.47e-03 5.71e-05 8.96e-04 5.60e-05 5.60e-05 5.61e-05 5.59e-05 9.02e-04 1.36e-02 1.47e-03 5.71e-05 8.96e-04 5.60e-05 5.60e-05 5.61e-05 5.59e-05 9.02e-04 1.36e-02
9854 1.80700e+03 -4.11798e+00 2.80418e-06 1.99907e-05 1.27e-05 1.14e-06 1.40e-07 2.51e-08 8.78e-09 6.01e-08 3.65e-09 7.32e-08 2.00e-05 1.41e-03 5.45e-05 8.58e-04 5.34e-05 5.34e-05 5.35e-05 5.33e-05 8.64e-04 1.35e-02 1.41e-03 5.45e-05 8.58e-04 5.34e-05 5.34e-05 5.35e-05 5.33e-05 8.64e-04 1.35e-02
9902 1.81500e+03 -4.13911e+00 2.61297e-06 3.57973e-06 1.20e-05 8.41e-07 2.08e-07 2.87e-08 1.41e-08 9.91e-08 1.41e-09 8.70e-08 3.58e-06 1.35e-03 5.19e-05 8.21e-04 5.09e-05 5.09e-05 5.09e-05 5.08e-05 8.27e-04 1.34e-02 1.35e-03 5.19e-05 8.21e-04 5.09e-05 5.09e-05 5.09e-05 5.08e-05 8.27e-04 1.34e-02
9950 1.82300e+03 -4.15980e+00 3.21287e-06 1.14244e-05 1.49e-05 7.76e-07 2.79e-07 7.39e-08 1.22e-08 5.73e-08 4.99e-09 1.39e-07 1.14e-05 1.30e-03 4.95e-05 7.86e-04 4.85e-05 4.85e-05 4.86e-05 4.84e-05 7.92e-04 1.33e-02 1.30e-03 4.95e-05 7.86e-04 4.85e-05 4.85e-05 4.86e-05 4.84e-05 7.92e-04 1.33e-02
9998 1.83100e+03 -4.18063e+00 2.98993e-06 4.25520e-06 1.39e-05 7.70e-07 1.48e-07 7.82e-08 2.08e-08 1.29e-07 5.04e-09 8.30e-08 4.26e-06 1.25e-03 4.72e-05 7.52e-04 4.62e-05 4.62e-05 4.63e-05 4.62e-05 7.57e-04 1.32e-02 1.25e-03 4.72e-05 7.52e-04 4.62e-05 4.62e-05 4.63e-05 4.62e-05 7.57e-04 1.32e-02
10005 1.83100e+03 -4.18282e+00 3.74276e-06 4.84659e-06 1.72e-05 1.08e-06 3.29e-07 4.22e-08 1.93e-08 7.48e-08 4.34e-09 1.14e-07 4.85e-06 1.24e-03 4.69e-05 7.48e-04 4.59e-05 4.59e-05 4.60e-05 4.59e-05 7.53e-04 1.32e-02 1.24e-03 4.69e-05 7.48e-04 4.59e-05 4.59e-05 4.60e-05 4.59e-05 7.53e-04 1.32e-02
10047 1.83700e+03 -4.20050e+00 3.56632e-06 2.35947e-05 1.57e-05 1.50e-06 5.28e-07 6.93e-08 1.94e-08 4.54e-08 1.22e-08 2.05e-07 2.36e-05 1.20e-03 4.50e-05 7.20e-04 4.41e-05 4.40e-05 4.41e-05 4.40e-05 7.25e-04 1.31e-02 1.20e-03 4.50e-05 7.20e-04 4.41e-05 4.40e-05 4.41e-05 4.40e-05 7.25e-04 1.31e-02
10089 1.84300e+03 -4.21999e+00 3.29655e-06 3.92762e-06 1.55e-05 7.08e-07 1.77e-07 4.08e-08 7.30e-09 3.11e-08 2.33e-09 4.48e-08 3.93e-06 1.15e-03 4.32e-05 6.92e-04 4.22e-05 4.22e-05 4.23e-05 4.22e-05 6.97e-04 1.30e-02 1.15e-03 4.32e-05 6.92e-04 4.22e-05 4.22e-05 4.23e-05 4.22e-05 6.97e-04 1.30e-02
10131 1.84900e+03 -4.23783e+00 3.48640e-06 5.71993e-06 1.62e-05 9.47e-07 2.07e-07 1.12e-07 9.57e-09 4.96e-08 9.80e-09 6.95e-08 5.72e-06 1.11e-03 4.14e-05 6.66e-04 4.05e-05 4.05e-05 4.06e-05 4.05e-05 6.71e-04 1.29e-02 1.11e-03 4.14e-05 6.66e-04 4.05e-05 4.05e-05 4.06e-05 4.05e-05 6.71e-04 1.29e-02
10173 1.85500e+03 -4.25670e+00 2.90748e-06 1.27695e-05 1.33e-05 6.13e-07 5.12e-07 8.59e-08 1.32e-08 9.94e-08 1.75e-09 5.50e-08 1.28e-05 1.07e-03 3.97e-05 6.40e-04 3.88e-05 3.88e-05 3.89e-05 3.88e-05 6.45e-04 1.28e-02 1.07e-03 3.97e-05 6.40e-04 3.88e-05 3.88e-05 3.89e-05 3.88e-05 6.45e-04 1.28e-02
10215 1.86100e+03 -4.27414e+00 3.14812e-06 1.28773e-05 1.45e-05 9.16e-07 2.25e-07 5.36e-08 1.03e-08 1.59e-07 1.85e-09 6.10e-08 1.29e-05 1.03e-03 3.81e-05 6.16e-04 3.73e-05 3.73e-05 3.74e-05 3.72e-05 6.21e-04 1.27e-02 1.03e-03 3.81e-05 6.16e-04 3.73e-05 3.73e-05 3.74e-05 3.72e-05 6.21e-04 1.27e-02
10257 1.86700e+03 -4.29292e+00 3.04400e-06 1.97812e-05 1.43e-05 7.70e-07 1.48e-07 4.24e-08 8.57e-09 7.05e-08 3.23e-09 4.17e-08 1.98e-05 9.96e-04 3.65e-05 5.93e-04 3.58e-05 3.57e-05 3.58e-05 3.57e-05 5.97e-04 1.26e-02 9.96e-04 3.65e-05 5.93e-04 3.58e-05 3.57e-05 3.58e-05 3.57e-05 5.97e-04 1.26e-02
10299 1.87300e+03 -4.31146e+00 3.09313e-06 8.44814e-06 1.47e-05 6.03e-07 1.24e-07 6.12e-08 1.28e-08 1.55e-07 2.70e-09 6.18e-08 8.45e-06 9.60e-04 3.50e-05 5.70e-04 3.43e-05 3.43e-05 3.43e-05 3.42e-05 5.74e-04 1.25e-02 9.60e-04 3.50e-05 5.70e-04 3.43e-05 3.43e-05 3.43e-05 3.42e-05 5.74e-04 1.25e-02
10341 1.87900e+03 -4.33039e+00 2.55351e-06 2.56825e-05 1.20e-05 4.72e-07 2.27e-07 2.64e-08 5.49e-09 9.22e-08 2.08e-09 1.15e-07 2.57e-05 9.25e-04 3.36e-05 5.48e-04 3.29e-05 3.29e-05 3.29e-05 3.28e-05 5.52e-04 1.24e-02 9.25e-04 3.36e-05 5.48e-04 3.29e-05 3.29e-05 3.29e-05 3.28e-05 5.52e-04 1.24e-02
10383 1.88500e+03 -4.34912e+00 2.20671e-06 7.21334e-06 1.04e-05 4.04e-07 1.44e-07 6.45e-08 3.94e-09 1.21e-07 1.94e-09 4.47e-08 7.21e-06 8.90e-04 3.22e-05 5.26e-04 3.15e-05 3.15e-05 3.16e-05 3.15e-05 5.30e-04 1.23e-02 8.90e-04 3.22e-05 5.26e-04 3.15e-05 3.15e-05 3.16e-05 3.15e-05 5.30e-04 1.23e-02
10425 1.89100e+03 -4.36763e+00 2.03941e-06 7.34191e-06 9.46e-06 3.72e-07 1.89e-07 1.74e-07 4.75e-09 1.08e-07 2.06e-09 6.96e-08 7.34e-06 8.57e-04 3.09e-05 5.06e-04 3.02e-05 3.02e-05 3.03e-05 3.02e-05 5.10e-04 1.22e-02 8.57e-04 3.09e-05 5.06e-04 3.02e-05 3.02e-05 3.03e-05 3.02e-05 5.10e-04 1.22e-02
10467 1.89700e+03 -4.38385e+00 3.20824e-06 7.80772e-06 1.43e-05 1.09e-06 3.14e-07 3.26e-07 8.11e-09 2.85e-07 1.18e-09 1.37e-07 7.81e-06 8.25e-04 2.96e-05 4.86e-04 2.90e-05 2.90e-05 2.90e-05 2.89e-05 4.90e-04 1.21e-02 8.25e-04 2.96e-05 4.86e-04 2.90e-05 2.90e-05 2.90e-05 2.89e-05 4.90e-04 1.21e-02
10509 1.90300e+03 -4.40413e+00 1.72271e-06 3.98807e-05 7.96e-06 4.20e-07 1.49e-07 7.47e-08 9.30e-09 4.38e-07 9.42e-09 9.05e-08 3.99e-05 7.95e-04 2.84e-05 4.67e-04 2.78e-05 2.78e-05 2.79e-05 2.77e-05 4.71e-04 1.20e-02 7.95e-04 2.84e-05 4.67e-04 2.78e-05 2.78e-05 2.79e-05 2.77e-05 4.71e-04 1.20e-02
10551 1.90900e+03 -4.42387e+00 1.91987e-06 6.22020e-06 8.97e-06 2.42e-07 2.86e-07 9.58e-08 4.71e-09 8.77e-08 1.34e-09 1.41e-07 6.22e-06 7.65e-04 2.72e-05 4.49e-04 2.67e-05 2.66e-05 2.67e-05 2.66e-05 4.52e-04 1.19e-02 7.65e-04 2.72e-05 4.49e-04 2.67e-05 2.66e-05 2.67e-05 2.66e-05 4.52e-04 1.19e-02
10593 1.91500e+03 -4.44238e+00 2.07897e-06 1.39726e-05 9.57e-06 3.38e-07 4.25e-07 5.81e-08 3.46e-09 4.90e-08 7.47e-10 2.62e-07 1.40e-05 7.36e-04 2.61e-05 4.31e-04 2.56e-05 2.55e-05 2.56e-05 2.55e-05 4.35e-04 1.18e-02 7.36e-04 2.61e-05 4.31e-04 2.56e-05 2.55e-05 2.56e-05 2.55e-05 4.35e-04 1.18e-02
10635 1.92100e+03 -4.45961e+00 2.73686e-06 6.31689e-06 1.26e-05 7.45e-07 1.73e-07 1.36e-07 6.19e-09 1.56e-07 5.75e-10 1.05e-07 6.32e-06 7.08e-04 2.50e-05 4.14e-04 2.45e-05 2.45e-05 2.46e-05 2.45e-05 4.18e-04 1.17e-02 7.08e-04 2.50e-05 4.14e-04 2.45e-05 2.45e-05 2.46e-05 2.45e-05 4.18e-04 1.17e-02
10677 1.92700e+03 -4.47993e+00 1.71943e-06 1.58092e-06 8.05e-06 4.00e-07 1.34e-07 1.45e-08 3.68e-09 6.75e-08 9.81e-09 8.93e-08 1.58e-06 6.81e-04 2.40e-05 3.98e-04 2.35e-05 2.35e-05 2.36e-05 2.35e-05 4.01e-04 1.16e-02 6.81e-04 2.40e-05 3.98e-04 2.35e-05 2.35e-05 2.36e-05 2.35e-05 4.01e-04 1.16e-02
10719 1.93300e+03 -4.49828e+00 2.07606e-06 2.70096e-05 9.75e-06 1.88e-07 1.55e-07 2.81e-07 3.91e-09 4.85e-08 2.86e-09 2.44e-07 2.70e-05 6.55e-04 2.30e-05 3.82e-04 2.25e-05 2.25e-05 2.26e-05 2.25e-05 3.85e-04 1.15e-02 6.55e-04 2.30e-05 3.82e-04 2.25e-05 2.25e-05 2.26e-05 2.25e-05 3.85e-04 1.15e-02
10761 1.93900e+03 -4.51770e+00 1.23362e-06 9.48265e-06 5.74e-06 2.57e-07 1.14e-07 4.83e-08 4.85e-09 1.31e-07 1.94e-09 5.12e-08 9.48e-06 6.30e-04 2.21e-05 3.67e-04 2.16e-05 2.16e-05 2.17e-05 2.16e-05 3.70e-04 1.14e-02 6.30e-04 2.21e-05 3.67e-04 2.16e-05 2.16e-05 2.17e-05 2.16e-05 3.70e-04 1.14e-02
10803 1.94500e+03 -4.53650e+00 1.11489e-06 1.51974e-06 5.17e-06 2.52e-07 8.55e-08 6.09e-08 2.94e-09 1.64e-07 6.28e-10 3.63e-08 1.52e-06 6.06e-04 2.11e-05 3.53e-04 2.07e-05 2.07e-05 2.08e-05 2.07e-05 3.55e-04 1.12e-02 6.06e-04 2.11e-05 3.53e-04 2.07e-05 2.07e-05 2.08e-05 2.07e-05 3.55e-04 1.12e-02
10845 1.95100e+03 -4.55567e+00 9.74155e-07 7.46159e-06 4.50e-06 1.98e-07 9.71e-08 7.14e-08 3.29e-09 9.19e-08 2.37e-09 4.63e-08 7.46e-06 5.83e-04 2.03e-05 3.39e-04 1.99e-05 1.98e-05 1.99e-05 1.98e-05 3.41e-04 1.11e-02 5.83e-04 2.03e-05 3.39e-04 1.99e-05 1.98e-05 1.99e-05 1.98e-05 3.41e-04 1.11e-02
10887 1.95700e+03 -4.57260e+00 1.31882e-06 1.09551e-05 5.88e-06 6.31e-07 6.71e-08 1.32e-08 3.46e-09 3.33e-07 3.18e-09 3.87e-08 1.10e-05 5.61e-04 1.94e-05 3.25e-04 1.91e-05 1.90e-05 1.91e-05 1.90e-05 3.28e-04 1.10e-02 5.61e-04 1.94e-05 3.25e-04 1.91e-05 1.90e-05 1.91e-05 1.90e-05 3.28e-04 1.10e-02
10929 1.96300e+03 -4.59264e+00 1.79806e-06 2.94129e-06 8.43e-06 3.17e-07 2.11e-07 3.29e-08 3.67e-09 1.25e-07 5.09e-10 1.08e-07 2.94e-06 5.39e-04 1.86e-05 3.13e-04 1.83e-05 1.82e-05 1.83e-05 1.82e-05 3.15e-04 1.09e-02 5.39e-04 1.86e-05 3.13e-04 1.83e-05 1.82e-05 1.83e-05 1.82e-05 3.15e-04 1.09e-02
10971 1.96900e+03 -4.61087e+00 1.49066e-06 8.50252e-06 6.61e-06 5.80e-07 2.07e-07 5.05e-08 3.05e-09 9.97e-08 6.96e-10 1.45e-07 8.50e-06 5.18e-04 1.79e-05 3.00e-04 1.75e-05 1.75e-05 1.76e-05 1.75e-05 3.02e-04 1.08e-02 5.18e-04 1.79e-05 3.00e-04 1.75e-05 1.75e-05 1.76e-05 1.75e-05 3.02e-04 1.08e-02
11013 1.97500e+03 -4.62977e+00 1.17274e-06 6.75727e-06 5.31e-06 4.41e-07 9.55e-08 1.10e-08 2.04e-09 3.19e-07 1.16e-09 3.04e-08 6.76e-06 4.98e-04 1.71e-05 2.88e-04 1.68e-05 1.68e-05 1.68e-05 1.68e-05 2.90e-04 1.07e-02 4.98e-04 1.71e-05 2.88e-04 1.68e-05 1.68e-05 1.68e-05 1.68e-05 2.90e-04 1.07e-02
11055 1.98100e+03 -4.64940e+00 1.06195e-06 7.04147e-06 4.72e-06 4.83e-07 9.56e-08 1.06e-08 2.85e-09 7.86e-08 6.13e-10 4.17e-08 7.04e-06 4.79e-04 1.64e-05 2.77e-04 1.61e-05 1.61e-05 1.62e-05 1.61e-05 2.79e-04 1.06e-02 4.79e-04 1.64e-05 2.77e-04 1.61e-05 1.61e-05 1.62e-05 1.61e-05 2.79e-04 1.06e-02
11097 1.98700e+03 -4.66887e+00 9.87519e-07 5.06717e-06 4.15e-06 3.19e-07 4.47e-07 1.60e-08 4.77e-09 7.11e-08 9.72e-10 1.18e-07 5.07e-06 4.60e-04 1.57e-05 2.66e-04 1.55e-05 1.54e-05 1.55e-05 1.54e-05 2.68e-04 1.04e-02 4.60e-04 1.57e-05 2.66e-04 1.55e-05 1.54e-05 1.55e-05 1.54e-05 2.68e-04 1.04e-02
11139 1.99300e+03 -4.68812e+00 1.05574e-06 1.22052e-05 4.68e-06 2.02e-07 3.47e-07 4.51e-08 6.38e-09 5.27e-08 2.60e-09 1.71e-07 1.22e-05 4.42e-04 1.51e-05 2.55e-04 1.48e-05 1.48e-05 1.49e-05 1.48e-05 2.57e-04 1.03e-02 4.42e-04 1.51e-05 2.55e-04 1.48e-05 1.48e-05 1.49e-05 1.48e-05 2.57e-04 1.03e-02
11181 1.99900e+03 -4.70748e+00 1.01623e-06 5.98505e-06 4.79e-06 1.67e-07 9.55e-08 2.76e-08 2.64e-09 4.90e-08 1.79e-09 5.34e-08 5.99e-06 4.25e-04 1.45e-05 2.45e-04 1.42e-05 1.42e-05 1.42e-05 1.42e-05 2.47e-04 1.02e-02 4.25e-04 1.45e-05 2.45e-04 1.42e-05 1.42e-05 1.42e-05 1.42e-05 2.47e-04 1.02e-02
11223 2.00500e+03 -4.72639e+00 1.04759e-06 9.11904e-06 4.73e-06 1.77e-07 3.08e-07 2.06e-08 4.07e-09 5.57e-08 1.69e-10 1.12e-07 9.12e-06 4.08e-04 1.39e-05 2.35e-04 1.36e-05 1.36e-05 1.37e-05 1.36e-05 2.37e-04 1.01e-02 4.08e-04 1.39e-05 2.35e-04 1.36e-05 1.36e-05 1.37e-05 1.36e-05 2.37e-04 1.01e-02
11265 2.01100e+03 -4.74501e+00 1.02389e-06 8.95198e-06 4.64e-06 2.52e-07 1.28e-07 9.24e-08 4.62e-09 2.70e-08 6.74e-10 6.23e-08 8.95e-06 3.92e-04 1.33e-05 2.26e-04 1.31e-05 1.30e-05 1.31e-05 1.30e-05 2.27e-04 9.96e-03 3.92e-04 1.33e-05 2.26e-04 1.31e-05 1.30e-05 1.31e-05 1.30e-05 2.27e-04 9.96e-03
11307 2.01700e+03 -4.76480e+00 5.87996e-07 3.86564e-06 2.58e-06 2.08e-07 1.32e-07 1.91e-08 4.06e-09 4.97e-08 5.20e-10 5.76e-08 3.87e-06 3.77e-04 1.28e-05 2.16e-04 1.25e-05 1.25e-05 1.26e-05 1.25e-05 2.18e-04 9.83e-03 3.77e-04 1.28e-05 2.16e-04 1.25e-05 1.25e-05 1.26e-05 1.25e-05 2.18e-04 9.83e-03
11349 2.02300e+03 -4.78370e+00 6.93642e-07 1.44279e-05 3.03e-06 2.29e-07 1.83e-07 2.23e-08 3.67e-09 3.72e-08 1.38e-09 3.77e-08 1.44e-05 3.62e-04 1.22e-05 2.08e-04 1.20e-05 1.20e-05 1.21e-05 1.20e-05 2.09e-04 9.71e-03 3.62e-04 1.22e-05 2.08e-04 1.20e-05 1.20e-05 1.21e-05 1.20e-05 2.09e-04 9.71e-03
11391 2.02900e+03 -4.80320e+00 5.44544e-07 1.38993e-05 2.44e-06 1.44e-07 1.30e-07 6.34e-09 2.63e-09 8.12e-08 4.34e-10 3.91e-08 1.39e-05 3.48e-04 1.17e-05 1.99e-04 1.15e-05 1.15e-05 1.16e-05 1.15e-05 2.01e-04 9.58e-03 3.48e-04 1.17e-05 1.99e-04 1.15e-05 1.15e-05 1.16e-05 1.15e-05 2.01e-04 9.58e-03
11433 2.03500e+03 -4.82154e+00 6.46955e-07 3.81043e-05 2.72e-06 1.91e-07 2.63e-07 5.36e-08 3.73e-09 9.61e-08 6.34e-10 5.11e-08 3.81e-05 3.34e-04 1.12e-05 1.91e-04 1.10e-05 1.10e-05 1.11e-05 1.10e-05 1.93e-04 9.46e-03 3.34e-04 1.12e-05 1.91e-04 1.10e-05 1.10e-05 1.11e-05 1.10e-05 1.93e-04 9.46e-03
11475 2.04100e+03 -4.84073e+00 6.94871e-07 6.53666e-06 3.11e-06 1.57e-07 1.53e-07 5.63e-08 2.92e-09 1.42e-07 2.80e-10 3.28e-08 6.54e-06 3.21e-04 1.08e-05 1.84e-04 1.06e-05 1.06e-05 1.06e-05 1.06e-05 1.85e-04 9.33e-03 3.21e-04 1.08e-05 1.84e-04 1.06e-05 1.06e-05 1.06e-05 1.06e-05 1.85e-04 9.33e-03
11517 2.04700e+03 -4.85991e+00 5.68186e-07 6.05034e-06 2.44e-06 1.90e-07 1.92e-07 1.72e-08 3.77e-09 1.59e-07 3.22e-09 2.36e-08 6.05e-06 3.08e-04 1.03e-05 1.76e-04 1.02e-05 1.01e-05 1.02e-05 1.01e-05 1.78e-04 9.21e-03 3.08e-04 1.03e-05 1.76e-04 1.02e-05 1.01e-05 1.02e-05 1.01e-05 1.78e-04 9.21e-03
11559 2.05300e+03 -4.88031e+00 6.44570e-07 9.07014e-06 2.98e-06 1.22e-07 1.09e-07 7.16e-09 3.12e-09 5.49e-09 8.97e-10 4.26e-08 9.07e-06 2.96e-04 9.91e-06 1.69e-04 9.74e-06 9.72e-06 9.78e-06 9.71e-06 1.70e-04 9.08e-03 2.96e-04 9.91e-06 1.69e-04 9.74e-06 9.72e-06 9.78e-06 9.71e-06 1.70e-04 9.08e-03
11601 2.05900e+03 -4.89848e+00 6.66342e-07 3.82916e-05 2.91e-06 1.57e-07 2.53e-07 6.96e-09 3.13e-09 1.12e-07 8.07e-10 5.02e-08 3.83e-05 2.84e-04 9.50e-06 1.62e-04 9.34e-06 9.32e-06 9.37e-06 9.31e-06 1.64e-04 8.95e-03 2.84e-04 9.50e-06 1.62e-04 9.34e-06 9.32e-06 9.37e-06 9.31e-06 1.64e-04 8.95e-03
11643 2.06500e+03 -4.91765e+00 6.60008e-07 1.25104e-05 2.86e-06 2.57e-07 1.75e-07 8.53e-09 4.29e-09 4.25e-08 3.09e-10 9.40e-08 1.25e-05 2.73e-04 9.11e-06 1.56e-04 8.95e-06 8.93e-06 8.99e-06 8.92e-06 1.57e-04 8.82e-03 2.73e-04 9.11e-06 1.56e-04 8.95e-06 8.93e-06 8.99e-06 8.92e-06 1.57e-04 8.82e-03
11685 2.07100e+03 -4.93635e+00 5.71000e-07 8.21232e-06 2.51e-06 1.47e-07 1.73e-07 2.12e-08 2.93e-09 2.35e-07 3.58e-09 2.47e-08 8.21e-06 2.62e-04 8.74e-06 1.49e-04 8.58e-06 8.57e-06 8.62e-06 8.56e-06 1.51e-04 8.69e-03 2.62e-04 8.74e-06 1.49e-04 8.58e-06 8.57e-06 8.62e-06 8.56e-06 1.51e-04 8.69e-03
11727 2.07700e+03 -4.95644e+00 6.65873e-07 5.85243e-06 3.09e-06 1.11e-07 1.17e-07 4.59e-09 2.23e-09 1.46e-07 3.49e-10 2.85e-08 5.85e-06 2.51e-04 8.38e-06 1.43e-04 8.23e-06 8.21e-06 8.27e-06 8.21e-06 1.45e-04 8.56e-03 2.51e-04 8.38e-06 1.43e-04 8.23e-06 8.21e-06 8.27e-06 8.21e-06 1.45e-04 8.56e-03
11769 2.08300e+03 -4.97655e+00 5.14983e-07 3.41972e-05 2.38e-06 1.07e-07 8.33e-08 3.95e-09 2.40e-09 2.91e-08 4.73e-10 2.89e-08 3.42e-05 2.41e-04 8.04e-06 1.38e-04 7.89e-06 7.88e-06 7.93e-06 7.87e-06 1.39e-04 8.43e-03 2.41e-04 8.04e-06 1.38e-04 7.89e-06 7.88e-06 7.93e-06 7.87e-06 1.39e-04 8.43e-03
11811 2.08900e+03 -4.99538e+00 8.99968e-07 4.57266e-06 4.25e-06 1.21e-07 1.26e-07 4.16e-09 3.15e-09 3.93e-08 1.44e-09 5.53e-08 4.57e-06 2.32e-04 7.71e-06 1.32e-04 7.57e-06 7.55e-06 7.60e-06 7.54e-06 1.33e-04 8.30e-03 2.32e-04 7.71e-06 1.32e-04 7.57e-06 7.55e-06 7.60e-06 7.54e-06 1.33e-04 8.30e-03
11853 2.09500e+03 -5.01401e+00 6.82317e-07 1.31274e-05 3.13e-06 1.83e-07 9.54e-08 3.90e-09 2.24e-09 9.88e-08 3.37e-10 3.10e-08 1.31e-05 2.22e-04 7.39e-06 1.27e-04 7.25e-06 7.24e-06 7.29e-06 7.23e-06 1.28e-04 8.17e-03 2.22e-04 7.39e-06 1.27e-04 7.25e-06 7.24e-06 7.29e-06 7.23e-06 1.28e-04 8.17e-03
11895 2.10100e+03 -5.03333e+00 1.11393e-06 4.85920e-05 5.19e-06 1.60e-07 2.14e-07 3.15e-09 2.06e-09 1.25e-08 4.26e-10 3.78e-08 4.86e-05 2.13e-04 7.09e-06 1.22e-04 6.96e-06 6.94e-06 6.99e-06 6.94e-06 1.22e-04 8.04e-03 2.13e-04 7.09e-06 1.22e-04 6.96e-06 6.94e-06 6.99e-06 6.94e-06 1.22e-04 8.04e-03
11937 2.10700e+03 -5.05295e+00 6.88039e-07 5.56139e-06 3.16e-06 1.68e-07 9.97e-08 8.07e-09 2.58e-09 1.39e-08 9.55e-10 2.46e-08 5.56e-06 2.05e-04 6.81e-06 1.17e-04 6.68e-06 6.66e-06 6.71e-06 6.66e-06 1.18e-04 7.91e-03 2.05e-04 6.81e-06 1.17e-04 6.68e-06 6.66e-06 6.71e-06 6.66e-06 1.18e-04 7.91e-03
11979 2.11300e+03 -5.07321e+00 3.99630e-07 4.22426e-05 1.84e-06 9.40e-08 6.35e-08 3.42e-09 1.80e-09 7.48e-09 1.69e-10 1.40e-08 4.22e-05 1.97e-04 6.53e-06 1.12e-04 6.40e-06 6.39e-06 6.44e-06 6.38e-06 1.13e-04 7.78e-03 1.97e-04 6.53e-06 1.12e-04 6.40e-06 6.39e-06 6.44e-06 6.38e-06 1.13e-04 7.78e-03
12021 2.11900e+03 -5.09217e+00 6.99986e-07 1.38932e-05 3.21e-06 9.89e-08 1.84e-07 4.98e-09 2.64e-09 2.15e-08 6.69e-11 5.39e-08 1.39e-05 1.89e-04 6.26e-06 1.07e-04 6.14e-06 6.13e-06 6.17e-06 6.12e-06 1.08e-04 7.65e-03 1.89e-04 6.26e-06 1.07e-04 6.14e-06 6.13e-06 6.17e-06 6.12e-06 1.08e-04 7.65e-03
12063 2.12500e+03 -5.11163e+00 5.57091e-07 1.27886e-05 2.47e-06 9.39e-08 2.16e-07 6.93e-09 3.27e-09 4.01e-08 1.32e-10 8.08e-08 1.28e-05 1.81e-04 6.00e-06 1.03e-04 5.89e-06 5.88e-06 5.92e-06 5.87e-06 1.04e-04 7.52e-03 1.81e-04 6.00e-06 1.03e-04 5.89e-06 5.88e-06 5.92e-06 5.87e-06 1.04e-04 7.52e-03
12105 2.13100e+03 -5.13080e+00 7.44018e-07 1.19062e-05 3.54e-06 1.21e-07 5.35e-08 6.96e-09 2.26e-09 1.68e-08 1.89e-09 2.47e-08 1.19e-05 1.74e-04 5.76e-06 9.89e-05 5.64e-06 5.63e-06 5.67e-06 5.63e-06 9.96e-05 7.39e-03 1.74e-04 5.76e-06 9.89e-05 5.64e-06 5.63e-06 5.67e-06 5.63e-06 9.96e-05 7.39e-03
12147 2.13700e+03 -5.14961e+00 5.70387e-07 7.47181e-06 2.59e-06 1.48e-07 6.72e-08 3.84e-08 3.63e-09 4.96e-08 3.66e-10 5.03e-08 7.47e-06 1.67e-04 5.52e-06 9.49e-05 5.41e-06 5.40e-06 5.44e-06 5.40e-06 9.56e-05 7.26e-03 1.67e-04 5.52e-06 9.49e-05 5.41e-06 5.40e-06 5.44e-06 5.40e-06 9.56e-05 7.26e-03
12189 2.14300e+03 -5.16929e+00 7.05536e-07 4.88506e-06 3.28e-06 1.08e-07 1.14e-07 2.20e-08 2.91e-09 5.70e-08 6.88e-11 5.25e-08 4.89e-06 1.60e-04 5.30e-06 9.10e-05 5.19e-06 5.18e-06 5.22e-06 5.17e-06 9.17e-05 7.13e-03 1.60e-04 5.30e-06 9.10e-05 5.19e-06 5.18e-06 5.22e-06 5.17e-06 9.17e-05 7.13e-03
12231 2.14900e+03 -5.18941e+00 5.53801e-07 8.09552e-06 2.58e-06 1.08e-07 5.69e-08 2.02e-08 2.98e-09 2.29e-08 1.41e-10 3.23e-08 8.10e-06 1.54e-04 5.08e-06 8.73e-05 4.98e-06 4.97e-06 5.00e-06 4.96e-06 8.80e-05 7.00e-03 1.54e-04 5.08e-06 8.73e-05 4.98e-06 4.97e-06 5.00e-06 4.96e-06 8.80e-05 7.00e-03
12273 2.15500e+03 -5.20796e+00 4.27151e-07 1.46584e-06 1.88e-06 1.07e-07 6.54e-08 7.98e-08 8.59e-09 6.37e-08 1.74e-10 7.30e-08 1.47e-06 1.48e-04 4.87e-06 8.37e-05 4.77e-06 4.76e-06 4.80e-06 4.76e-06 8.44e-05 6.87e-03 1.48e-04 4.87e-06 8.37e-05 4.77e-06 4.76e-06 4.80e-06 4.76e-06 8.44e-05 6.87e-03
12315 2.16100e+03 -5.22813e+00 5.23627e-07 6.77581e-06 2.42e-06 9.01e-08 7.43e-08 3.15e-08 3.48e-09 5.48e-08 3.68e-10 2.29e-08 6.78e-06 1.42e-04 4.67e-06 8.03e-05 4.58e-06 4.57e-06 4.60e-06 4.56e-06 8.09e-05 6.74e-03 1.42e-04 4.67e-06 8.03e-05 4.58e-06 4.57e-06 4.60e-06 4.56e-06 8.09e-05 6.74e-03
12357 2.16700e+03 -5.24441e+00 8.21311e-07 4.92069e-06 3.56e-06 1.23e-07 2.38e-07 1.57e-07 3.30e-08 1.51e-08 1.86e-10 4.19e-07 4.92e-06 1.36e-04 4.49e-06 7.71e-05 4.40e-06 4.38e-06 4.42e-06 4.38e-06 7.77e-05 6.61e-03 1.36e-04 4.49e-06 7.71e-05 4.40e-06 4.38e-06 4.42e-06 4.38e-06 7.77e-05 6.61e-03
12399 2.17300e+03 -5.26494e+00 5.34942e-07 1.89729e-07 2.31e-06 9.99e-08 1.16e-07 1.11e-07 3.77e-08 1.52e-08 4.87e-10 2.55e-07 1.90e-07 1.31e-04 4.31e-06 7.41e-05 4.22e-06 4.21e-06 4.24e-06 4.20e-06 7.46e-05 6.48e-03 1.31e-04 4.31e-06 7.41e-05 4.22e-06 4.21e-06 4.24e-06 4.20e-06 7.46e-05 6.48e-03
12441 2.17900e+03 -5.25442e+00 4.26479e-06 2.20677e-06 1.91e-05 1.45e-06 6.83e-07 6.04e-08 3.04e-09 3.81e-07 4.15e-10 2.88e-07 2.21e-06 1.26e-04 4.14e-06 7.10e-05 4.05e-06 4.04e-06 4.07e-06 4.03e-06 7.16e-05 6.35e-03 1.26e-04 4.14e-06 7.10e-05 4.05e-06 4.04e-06 4.07e-06 4.03e-06 7.16e-05 6.35e-03
12483 2.18500e+03 -5.30265e+00 9.53050e-07 2.63326e-06 4.44e-06 2.01e-07 1.04e-07 1.59e-08 3.88e-09 7.90e-09 3.70e-10 4.82e-08 2.63e-06 1.21e-04 4.01e-06 6.82e-05 3.88e-06 3.87e-06 3.90e-06 3.86e-06 6.87e-05 6.22e-03 1.21e-04 4.01e-06 6.82e-05 3.88e-06 3.87e-06 3.90e-06 3.86e-06 6.87e-05 6.22e-03
12525 2.19100e+03 -5.32325e+00 6.20266e-07 3.09245e-06 2.88e-06 1.27e-07 5.43e-08 3.03e-08 8.98e-09 3.39e-08 1.69e-10 5.22e-08 3.09e-06 1.16e-04 3.84e-06 6.54e-05 3.72e-06 3.71e-06 3.74e-06 3.70e-06 6.59e-05 6.10e-03 1.16e-04 3.84e-06 6.54e-05 3.72e-06 3.71e-06 3.74e-06 3.70e-06 6.59e-05 6.10e-03
12567 2.19700e+03 -5.34441e+00 4.79210e-07 6.19940e-07 2.24e-06 8.12e-08 6.25e-08 1.08e-08 3.04e-09 2.46e-08 9.89e-11 3.65e-08 6.20e-07 1.12e-04 3.69e-06 6.27e-05 3.57e-06 3.56e-06 3.59e-06 3.55e-06 6.32e-05 5.97e-03 1.12e-04 3.69e-06 6.27e-05 3.57e-06 3.56e-06 3.59e-06 3.55e-06 6.32e-05 5.97e-03
12609 2.20300e+03 -5.36376e+00 3.63570e-07 2.03397e-06 1.65e-06 7.81e-08 7.33e-08 1.54e-08 4.30e-09 5.84e-08 2.27e-10 5.72e-08 2.03e-06 1.07e-04 3.53e-06 6.01e-05 3.43e-06 3.41e-06 3.44e-06 3.41e-06 6.06e-05 5.84e-03 1.07e-04 3.53e-06 6.01e-05 3.43e-06 3.41e-06 3.44e-06 3.41e-06 6.06e-05 5.84e-03
12651 2.20900e+03 -5.38268e+00 3.96813e-07 4.59019e-07 1.82e-06 1.04e-07 4.49e-08 1.11e-08 3.18e-09 8.22e-08 8.06e-11 3.41e-08 4.59e-07 1.03e-04 3.39e-06 5.77e-05 3.28e-06 3.27e-06 3.30e-06 3.27e-06 5.81e-05 5.72e-03 1.03e-04 3.39e-06 5.77e-05 3.28e-06 3.27e-06 3.30e-06 3.27e-06 5.81e-05 5.72e-03
12693 2.21500e+03 -5.40484e+00 2.65611e-07 4.31415e-07 1.22e-06 5.41e-08 4.05e-08 6.40e-09 2.19e-09 1.49e-08 2.74e-10 2.33e-08 4.31e-07 9.85e-05 3.25e-06 5.53e-05 3.15e-06 3.14e-06 3.16e-06 3.13e-06 5.57e-05 5.59e-03 9.85e-05 3.25e-06 5.53e-05 3.15e-06 3.14e-06 3.16e-06 3.13e-06 5.57e-05 5.59e-03
12735 2.22100e+03 -5.42397e+00 3.42939e-07 6.17733e-07 1.60e-06 5.03e-08 5.23e-08 8.35e-09 2.39e-09 3.89e-08 4.59e-10 3.00e-08 6.18e-07 9.45e-05 3.11e-06 5.31e-05 3.02e-06 3.01e-06 3.03e-06 3.00e-06 5.35e-05 5.47e-03 9.45e-05 3.11e-06 5.31e-05 3.02e-06 3.01e-06 3.03e-06 3.00e-06 5.35e-05 5.47e-03
12777 2.22700e+03 -5.44268e+00 3.68146e-07 6.08903e-07 1.66e-06 1.30e-07 4.52e-08 6.02e-09 1.78e-09 1.90e-08 7.02e-10 1.58e-08 6.09e-07 9.07e-05 2.98e-06 5.09e-05 2.90e-06 2.88e-06 2.91e-06 2.88e-06 5.13e-05 5.34e-03 9.07e-05 2.98e-06 5.09e-05 2.90e-06 2.88e-06 2.91e-06 2.88e-06 5.13e-05 5.34e-03
12819 2.23300e+03 -5.46244e+00 4.18540e-07 6.91702e-06 1.80e-06 6.85e-08 1.76e-07 4.19e-08 8.53e-09 1.17e-08 6.94e-11 1.57e-07 6.92e-06 8.70e-05 2.86e-06 4.88e-05 2.78e-06 2.77e-06 2.79e-06 2.76e-06 4.92e-05 5.22e-03 8.70e-05 2.86e-06 4.88e-05 2.78e-06 2.77e-06 2.79e-06 2.76e-06 4.92e-05 5.22e-03
12861 2.23900e+03 -5.48329e+00 2.95889e-07 1.52885e-06 1.37e-06 6.31e-08 4.54e-08 3.73e-09 1.07e-09 4.14e-08 2.66e-10 1.83e-08 1.53e-06 8.35e-05 2.74e-06 4.68e-05 2.66e-06 2.65e-06 2.68e-06 2.65e-06 4.72e-05 5.10e-03 8.35e-05 2.74e-06 4.68e-05 2.66e-06 2.65e-06 2.68e-06 2.65e-06 4.72e-05 5.10e-03
12903 2.24500e+03 -5.50248e+00 2.67772e-07 2.62522e-06 1.19e-06 7.74e-08 4.21e-08 2.61e-08 4.04e-09 3.30e-08 3.88e-10 5.28e-08 2.63e-06 8.01e-05 2.63e-06 4.49e-05 2.55e-06 2.54e-06 2.57e-06 2.54e-06 4.52e-05 4.98e-03 8.01e-05 2.63e-06 4.49e-05 2.55e-06 2.54e-06 2.57e-06 2.54e-06 4.52e-05 4.98e-03
12945 2.25100e+03 -5.52325e+00 2.86848e-07 2.22710e-07 1.34e-06 6.38e-08 2.79e-08 3.98e-09 9.40e-10 2.80e-08 4.98e-10 1.41e-08 2.23e-07 7.68e-05 2.52e-06 4.31e-05 2.45e-06 2.44e-06 2.46e-06 2.43e-06 4.34e-05 4.86e-03 7.68e-05 2.52e-06 4.31e-05 2.45e-06 2.44e-06 2.46e-06 2.43e-06 4.34e-05 4.86e-03
12987 2.25700e+03 -5.54029e+00 7.17458e-07 3.75230e-07 3.45e-06 5.58e-08 7.55e-08 4.73e-09 9.24e-10 8.23e-08 3.85e-10 1.36e-08 3.75e-07 7.37e-05 2.42e-06 4.13e-05 2.35e-06 2.34e-06 2.36e-06 2.33e-06 4.16e-05 4.74e-03 7.37e-05 2.42e-06 4.13e-05 2.35e-06 2.34e-06 2.36e-06 2.33e-06 4.16e-05 4.74e-03
13029 2.26300e+03 -5.56180e+00 2.83129e-07 6.71650e-07 1.27e-06 9.71e-08 3.17e-08 1.32e-08 1.41e-09 3.26e-08 1.59e-10 1.85e-08 6.72e-07 7.07e-05 2.32e-06 3.96e-05 2.25e-06 2.24e-06 2.26e-06 2.24e-06 3.99e-05 4.63e-03 7.07e-05 2.32e-06 3.96e-05 2.25e-06 2.24e-06 2.26e-06 2.24e-06 3.99e-05 4.63e-03
13071 2.26900e+03 -5.58355e+00 2.33116e-07 6.56856e-07 1.09e-06 4.43e-08 2.88e-08 6.02e-09 8.05e-10 2.39e-08 2.14e-10 1.20e-08 6.57e-07 6.78e-05 2.22e-06 3.80e-05 2.16e-06 2.15e-06 2.17e-06 2.15e-06 3.83e-05 4.51e-03 6.78e-05 2.22e-06 3.80e-05 2.16e-06 2.15e-06 2.17e-06 2.15e-06 3.83e-05 4.51e-03
13113 2.27500e+03 -5.60285e+00 2.38255e-07 4.93099e-07 1.11e-06 4.02e-08 2.85e-08 1.30e-08 1.39e-09 4.33e-08 1.78e-10 1.45e-08 4.93e-07 6.50e-05 2.13e-06 3.64e-05 2.07e-06 2.06e-06 2.08e-06 2.06e-06 3.67e-05 4.40e-03 6.50e-05 2.13e-06 3.64e-05 2.07e-06 2.06e-06 2.08e-06 2.06e-06 3.67e-05 4.40e-03
13155 2.28100e+03 -5.62249e+00 2.58958e-07 7.77913e-07 1.19e-06 5.91e-08 3.48e-08 5.30e-09 2.04e-09 3.71e-08 5.50e-11 2.00e-08 7.78e-07 6.24e-05 2.04e-06 3.49e-05 1.98e-06 1.98e-06 2.00e-06 1.97e-06 3.52e-05 4.29e-03 6.24e-05 2.04e-06 3.49e-05 1.98e-06 1.98e-06 2.00e-06 1.97e-06 3.52e-05 4.29e-03
13197 2.28700e+03 -5.64330e+00 2.95519e-07 5.19639e-07 1.42e-06 3.37e-08 1.87e-08 6.51e-09 8.34e-10 2.45e-08 1.74e-10 1.57e-08 5.20e-07 5.99e-05 1.96e-06 3.35e-05 1.90e-06 1.90e-06 1.91e-06 1.89e-06 3.38e-05 4.17e-03 5.99e-05 1.96e-06 3.35e-05 1.90e-06 1.90e-06 1.91e-06 1.89e-06 3.38e-05 4.17e-03
13239 2.29300e+03 -5.65997e+00 4.43979e-07 5.98552e-07 2.07e-06 1.01e-07 4.02e-08 5.70e-09 7.12e-10 4.24e-08 7.49e-11 9.96e-09 5.99e-07 5.74e-05 1.88e-06 3.21e-05 1.82e-06 1.82e-06 1.84e-06 1.81e-06 3.24e-05 4.07e-03 5.74e-05 1.88e-06 3.21e-05 1.82e-06 1.82e-06 1.84e-06 1.81e-06 3.24e-05 4.07e-03
13281 2.29900e+03 -5.68370e+00 2.43202e-07 8.05211e-07 1.14e-06 2.43e-08 2.95e-08 1.62e-08 1.96e-09 1.12e-08 3.96e-11 2.26e-08 8.05e-07 5.51e-05 1.80e-06 3.08e-05 1.75e-06 1.74e-06 1.76e-06 1.74e-06 3.10e-05 3.96e-03 5.51e-05 1.80e-06 3.08e-05 1.75e-06 1.74e-06 1.76e-06 1.74e-06 3.10e-05 3.96e-03
13323 2.30500e+03 -5.70198e+00 2.36085e-07 7.25036e-07 9.96e-07 2.98e-08 9.38e-08 4.97e-08 1.09e-08 1.09e-08 8.48e-11 1.41e-07 7.25e-07 5.28e-05 1.73e-06 2.96e-05 1.68e-06 1.67e-06 1.69e-06 1.67e-06 2.98e-05 3.85e-03 5.28e-05 1.73e-06 2.96e-05 1.68e-06 1.67e-06 1.69e-06 1.67e-06 2.98e-05 3.85e-03
13365 2.31100e+03 -5.72459e+00 2.30416e-07 5.83331e-08 1.11e-06 2.02e-08 2.04e-08 4.72e-09 1.03e-09 6.35e-09 1.68e-10 1.04e-08 5.83e-08 5.07e-05 1.66e-06 2.83e-05 1.61e-06 1.60e-06 1.62e-06 1.60e-06 2.86e-05 3.75e-03 5.07e-05 1.66e-06 2.83e-05 1.61e-06 1.60e-06 1.62e-06 1.60e-06 2.86e-05 3.75e-03
13407 2.31700e+03 -5.74488e+00 2.14323e-07 1.07200e-07 1.03e-06 1.53e-08 1.90e-08 3.60e-09 1.06e-09 9.19e-09 3.06e-10 8.67e-09 1.07e-07 4.86e-05 1.59e-06 2.72e-05 1.54e-06 1.54e-06 1.55e-06 1.53e-06 2.74e-05 3.64e-03 4.86e-05 1.59e-06 2.72e-05 1.54e-06 1.54e-06 1.55e-06 1.53e-06 2.74e-05 3.64e-03
13449 2.32300e+03 -5.76518e+00 2.10873e-07 9.94593e-08 1.01e-06 1.70e-08 2.16e-08 2.22e-09 5.14e-10 5.63e-09 1.27e-10 7.42e-09 9.95e-08 4.66e-05 1.52e-06 2.61e-05 1.48e-06 1.47e-06 1.49e-06 1.47e-06 2.63e-05 3.54e-03 4.66e-05 1.52e-06 2.61e-05 1.48e-06 1.47e-06 1.49e-06 1.47e-06 2.63e-05 3.54e-03
13491 2.32900e+03 -5.78416e+00 2.46268e-07 1.98081e-07 1.17e-06 3.19e-08 1.84e-08 1.05e-08 9.12e-10 7.02e-09 1.51e-11 1.17e-08 1.98e-07 4.47e-05 1.46e-06 2.50e-05 1.42e-06 1.41e-06 1.43e-06 1.41e-06 2.52e-05 3.44e-03 4.47e-05 1.46e-06 2.50e-05 1.42e-06 1.41e-06 1.43e-06 1.41e-06 2.52e-05 3.44e-03
13533 2.33500e+03 -5.80498e+00 2.24894e-07 1.57405e-07 1.07e-06 2.49e-08 2.01e-08 4.88e-09 1.13e-09 3.54e-09 1.82e-11 1.35e-08 1.57e-07 4.29e-05 1.40e-06 2.40e-05 1.36e-06 1.35e-06 1.37e-06 1.35e-06 2.41e-05 3.35e-03 4.29e-05 1.40e-06 2.40e-05 1.36e-06 1.35e-06 1.37e-06 1.35e-06 2.41e-05 3.35e-03
13575 2.34100e+03 -5.82490e+00 2.27290e-07 6.18698e-07 1.09e-06 2.19e-08 2.02e-08 6.81e-09 1.53e-09 8.52e-09 9.82e-11 1.49e-08 6.19e-07 4.12e-05 1.34e-06 2.30e-05 1.30e-06 1.30e-06 1.31e-06 1.30e-06 2.32e-05 3.25e-03 4.12e-05 1.34e-06 2.30e-05 1.30e-06 1.30e-06 1.31e-06 1.30e-06 2.32e-05 3.25e-03
13617 2.34700e+03 -5.83655e+00 3.89395e-07 8.78549e-07 1.66e-06 1.90e-07 8.80e-08 1.24e-08 1.15e-09 5.08e-09 1.66e-10 3.03e-08 8.79e-07 3.95e-05 1.29e-06 2.20e-05 1.25e-06 1.25e-06 1.26e-06 1.24e-06 2.22e-05 3.15e-03 3.95e-05 1.29e-06 2.20e-05 1.25e-06 1.25e-06 1.26e-06 1.24e-06 2.22e-05 3.15e-03
13659 2.35300e+03 -5.86444e+00 1.94265e-07 1.74805e-07 9.05e-07 4.25e-08 1.88e-08 4.22e-09 1.32e-09 4.71e-09 5.48e-11 9.95e-09 1.75e-07 3.79e-05 1.24e-06 2.11e-05 1.20e-06 1.19e-06 1.21e-06 1.19e-06 2.13e-05 3.06e-03 3.79e-05 1.24e-06 2.11e-05 1.20e-06 1.19e-06 1.21e-06 1.19e-06 2.13e-05 3.06e-03
13701 2.35900e+03 -5.88477e+00 1.93603e-07 3.22623e-07 9.19e-07 1.36e-08 2.04e-08 1.16e-08 3.07e-09 1.77e-08 7.27e-10 3.33e-08 3.23e-07 3.64e-05 1.19e-06 2.03e-05 1.15e-06 1.15e-06 1.16e-06 1.14e-06 2.04e-05 2.97e-03 3.64e-05 1.19e-06 2.03e-05 1.15e-06 1.15e-06 1.16e-06 1.14e-06 2.04e-05 2.97e-03
13743 2.36500e+03 -5.90617e+00 1.86779e-07 2.58718e-08 9.04e-07 1.02e-08 1.42e-08 4.62e-09 4.59e-10 1.01e-08 1.12e-10 6.65e-09 2.59e-08 3.49e-05 1.14e-06 1.94e-05 1.10e-06 1.10e-06 1.11e-06 1.10e-06 1.96e-05 2.88e-03 3.49e-05 1.14e-06 1.94e-05 1.10e-06 1.10e-06 1.11e-06 1.10e-06 1.96e-05 2.88e-03
13785 2.37100e+03 -5.92576e+00 1.83289e-07 2.88737e-07 8.59e-07 2.55e-08 2.22e-08 7.93e-09 1.35e-09 4.11e-09 3.91e-11 1.78e-08 2.89e-07 3.35e-05 1.09e-06 1.86e-05 1.06e-06 1.05e-06 1.06e-06 1.05e-06 1.88e-05 2.80e-03 3.35e-05 1.09e-06 1.86e-05 1.06e-06 1.05e-06 1.06e-06 1.05e-06 1.88e-05 2.80e-03
13827 2.37700e+03 -5.94686e+00 1.79429e-07 1.83442e-06 8.53e-07 1.32e-08 2.42e-08 5.81e-09 9.61e-10 1.96e-09 9.58e-11 1.46e-08 1.83e-06 3.21e-05 1.05e-06 1.79e-05 1.01e-06 1.01e-06 1.02e-06 1.01e-06 1.80e-05 2.71e-03 3.21e-05 1.05e-06 1.79e-05 1.01e-06 1.01e-06 1.02e-06 1.01e-06 1.80e-05 2.71e-03
13869 2.38300e+03 -5.96525e+00 1.61722e-07 3.11221e-08 7.77e-07 1.36e-08 1.47e-08 2.52e-09 5.30e-10 3.37e-08 4.42e-10 6.44e-09 3.11e-08 3.08e-05 1.01e-06 1.72e-05 9.74e-07 9.69e-07 9.78e-07 9.67e-07 1.73e-05 2.63e-03 3.08e-05 1.01e-06 1.72e-05 9.74e-07 9.69e-07 9.78e-07 9.67e-07 1.73e-05 2.63e-03
13911 2.38900e+03 -5.98538e+00 1.75677e-07 2.04780e-08 8.12e-07 4.66e-08 1.62e-08 2.87e-09 6.42e-10 1.79e-09 1.17e-11 7.56e-09 2.05e-08 2.96e-05 9.64e-07 1.65e-05 9.34e-07 9.29e-07 9.38e-07 9.27e-07 1.66e-05 2.55e-03 2.96e-05 9.64e-07 1.65e-05 9.34e-07 9.29e-07 9.38e-07 9.27e-07 1.66e-05 2.55e-03
13953 2.39500e+03 -6.00752e+00 1.49607e-07 1.54365e-07 7.14e-07 9.68e-09 1.75e-08 6.33e-09 4.65e-10 5.94e-09 2.09e-11 8.05e-09 1.54e-07 2.84e-05 9.25e-07 1.58e-05 8.96e-07 8.91e-07 8.99e-07 8.89e-07 1.59e-05 2.47e-03 2.84e-05 9.25e-07 1.58e-05 8.96e-07 8.91e-07 8.99e-07 8.89e-07 1.59e-05 2.47e-03
13995 2.40100e+03 -6.02827e+00 1.38523e-07 2.08807e-08 6.66e-07 1.15e-08 1.20e-08 2.31e-09 4.49e-10 2.53e-09 2.67e-11 6.86e-09 2.09e-08 2.72e-05 8.87e-07 1.51e-05 8.59e-07 8.54e-07 8.62e-07 8.52e-07 1.52e-05 2.39e-03 2.72e-05 8.87e-07 1.51e-05 8.59e-07 8.54e-07 8.62e-07 8.52e-07 1.52e-05 2.39e-03
14037 2.40700e+03 -6.04810e+00 1.59338e-07 1.31599e-07 7.68e-07 1.55e-08 1.17e-08 1.36e-09 3.28e-10 3.51e-09 4.94e-11 4.80e-09 1.32e-07 2.61e-05 8.51e-07 1.45e-05 8.23e-07 8.19e-07 8.26e-07 8.17e-07 1.46e-05 2.31e-03 2.61e-05 8.51e-07 1.45e-05 8.23e-07 8.19e-07 8.26e-07 8.17e-07 1.46e-05 2.31e-03
14079 2.41300e+03 -6.06904e+00 1.41013e-07 1.02422e-07 6.84e-07 1.15e-08 8.28e-09 8.74e-10 2.17e-10 2.59e-09 2.41e-11 3.99e-09 1.02e-07 2.50e-05 8.16e-07 1.39e-05 7.90e-07 7.86e-07 7.92e-07 7.84e-07 1.40e-05 2.24e-03 2.50e-05 8.16e-07 1.39e-05 7.90e-07 7.86e-07 7.92e-07 7.84e-07 1.40e-05 2.24e-03
14121 2.41900e+03 -6.08661e+00 2.13174e-07 1.76974e-06 1.03e-06 2.32e-08 1.06e-08 9.98e-10 2.51e-10 1.40e-08 5.45e-12 5.48e-09 1.77e-06 2.40e-05 7.86e-07 1.33e-05 7.57e-07 7.53e-07 7.60e-07 7.51e-07 1.34e-05 2.17e-03 2.40e-05 7.86e-07 1.33e-05 7.57e-07 7.53e-07 7.60e-07 7.51e-07 1.34e-05 2.17e-03
14163 2.42500e+03 -6.10956e+00 1.40958e-07 2.68302e-07 6.85e-07 9.98e-09 8.79e-09 1.21e-09 1.65e-10 3.13e-09 1.67e-11 3.72e-09 2.68e-07 2.31e-05 7.54e-07 1.28e-05 7.26e-07 7.22e-07 7.28e-07 7.20e-07 1.29e-05 2.10e-03 2.31e-05 7.54e-07 1.28e-05 7.26e-07 7.22e-07 7.28e-07 7.20e-07 1.29e-05 2.10e-03
14205 2.43100e+03 -6.12948e+00 1.40045e-07 2.86619e-08 6.78e-07 1.20e-08 8.83e-09 1.46e-09 1.97e-10 7.75e-09 7.93e-13 3.75e-09 2.87e-08 2.21e-05 7.22e-07 1.23e-05 6.96e-07 6.93e-07 6.98e-07 6.91e-07 1.24e-05 2.03e-03 2.21e-05 7.22e-07 1.23e-05 6.96e-07 6.93e-07 6.98e-07 6.91e-07 1.24e-05 2.03e-03
14247 2.43700e+03 -6.14655e+00 2.26940e-07 2.22116e-07 1.08e-06 4.60e-08 1.08e-08 9.25e-10 1.57e-10 2.22e-09 5.56e-12 4.62e-09 2.22e-07 2.12e-05 6.93e-07 1.18e-05 6.67e-07 6.64e-07 6.70e-07 6.62e-07 1.19e-05 1.96e-03 2.12e-05 6.93e-07 1.18e-05 6.67e-07 6.64e-07 6.70e-07 6.62e-07 1.19e-05 1.96e-03
14289 2.44300e+03 -6.16870e+00 1.97153e-07 6.77713e-07 9.35e-07 2.45e-08 2.42e-08 1.83e-09 3.84e-10 2.97e-09 3.06e-11 6.38e-09 6.78e-07 2.04e-05 6.65e-07 1.13e-05 6.40e-07 6.37e-07 6.42e-07 6.35e-07 1.14e-05 1.89e-03 2.04e-05 6.65e-07 1.13e-05 6.40e-07 6.37e-07 6.42e-07 6.35e-07 1.14e-05 1.89e-03
14331 2.44900e+03 -6.18602e+00 3.60505e-07 2.57298e-08 1.73e-06 2.17e-08 4.74e-08 6.87e-09 1.17e-09 3.97e-09 4.94e-11 2.53e-08 2.57e-08 1.95e-05 6.38e-07 1.08e-05 6.13e-07 6.11e-07 6.15e-07 6.09e-07 1.09e-05 1.83e-03 1.95e-05 6.38e-07 1.08e-05 6.13e-07 6.11e-07 6.15e-07 6.09e-07 1.09e-05 1.83e-03
14373 2.45500e+03 -6.20859e+00 1.78911e-07 1.48016e-08 8.38e-07 1.59e-08 2.12e-08 1.76e-08 1.97e-09 1.48e-09 1.73e-11 1.86e-08 1.48e-08 1.88e-05 6.13e-07 1.04e-05 5.88e-07 5.85e-07 5.90e-07 5.84e-07 1.05e-05 1.77e-03 1.88e-05 6.13e-07 1.04e-05 5.88e-07 5.85e-07 5.90e-07 5.84e-07 1.05e-05 1.77e-03
14415 2.46100e+03 -6.22064e+00 1.97594e-07 2.72658e-07 8.44e-07 1.08e-07 2.15e-08 1.33e-08 5.14e-10 2.14e-09 6.52e-12 8.57e-09 2.73e-07 1.80e-05 5.88e-07 9.95e-06 5.64e-07 5.61e-07 5.66e-07 5.60e-07 1.00e-05 1.71e-03 1.80e-05 5.88e-07 9.95e-06 5.64e-07 5.61e-07 5.66e-07 5.60e-07 1.00e-05 1.71e-03
14457 2.46700e+03 -6.24412e+00 2.29959e-07 8.79996e-09 1.03e-06 7.26e-08 3.83e-08 4.80e-09 2.59e-10 2.18e-09 1.89e-11 9.68e-09 8.80e-09 1.73e-05 5.65e-07 9.54e-06 5.41e-07 5.38e-07 5.42e-07 5.37e-07 9.61e-06 1.65e-03 1.73e-05 5.65e-07 9.54e-06 5.41e-07 5.38e-07 5.42e-07 5.37e-07 9.61e-06 1.65e-03
14499 2.47300e+03 -6.26756e+00 1.82570e-07 8.08669e-07 8.34e-07 4.34e-08 2.84e-08 5.60e-09 1.09e-09 2.53e-09 1.22e-11 1.38e-08 8.09e-07 1.66e-05 5.43e-07 9.15e-06 5.19e-07 5.16e-07 5.20e-07 5.15e-07 9.22e-06 1.59e-03 1.66e-05 5.43e-07 9.15e-06 5.19e-07 5.16e-07 5.20e-07 5.15e-07 9.22e-06 1.59e-03
14541 2.47900e+03 -6.27358e+00 1.04438e-06 1.29801e-06 5.11e-06 3.16e-08 7.00e-08 8.34e-09 9.49e-10 1.73e-09 5.50e-11 1.83e-08 1.30e-06 1.59e-05 5.20e-07 8.77e-06 4.98e-07 4.95e-07 4.99e-07 4.94e-07 8.84e-06 1.54e-03 1.59e-05 5.20e-07 8.77e-06 4.98e-07 4.95e-07 4.99e-07 4.94e-07 8.84e-06 1.54e-03
14583 2.48500e+03 -6.31220e+00 1.51961e-07 5.42181e-07 7.29e-07 1.23e-08 1.56e-08 2.19e-09 4.39e-10 3.41e-09 1.23e-11 5.12e-09 5.42e-07 1.53e-05 5.00e-07 8.41e-06 4.77e-07 4.75e-07 4.78e-07 4.73e-07 8.48e-06 1.48e-03 1.53e-05 5.00e-07 8.41e-06 4.77e-07 4.75e-07 4.78e-07 4.73e-07 8.48e-06 1.48e-03
14625 2.49100e+03 -6.32843e+00 1.87119e-07 3.74530e-09 8.73e-07 4.67e-08 1.45e-08 1.33e-09 2.92e-10 1.07e-09 4.18e-12 4.47e-09 3.75e-09 1.47e-05 4.80e-07 8.07e-06 4.58e-07 4.55e-07 4.58e-07 4.54e-07 8.13e-06 1.43e-03 1.47e-05 4.80e-07 8.07e-06 4.58e-07 4.55e-07 4.58e-07 4.54e-07 8.13e-06 1.43e-03
14667 2.49700e+03 -6.35264e+00 1.46608e-07 2.90526e-08 6.98e-07 1.33e-08 1.75e-08 3.93e-09 5.25e-10 2.66e-09 5.38e-12 4.95e-09 2.91e-08 1.41e-05 4.61e-07 7.74e-06 4.39e-07 4.36e-07 4.39e-07 4.35e-07 7.79e-06 1.38e-03 1.41e-05 4.61e-07 7.74e-06 4.39e-07 4.36e-07 4.39e-07 4.35e-07 7.79e-06 1.38e-03
14709 2.50300e+03 -6.36485e+00 2.00959e-07 1.60342e-08 9.02e-07 7.12e-08 2.49e-08 4.97e-09 1.22e-09 5.57e-10 8.27e-12 1.02e-08 1.60e-08 1.35e-05 4.42e-07 7.42e-06 4.21e-07 4.18e-07 4.21e-07 4.17e-07 7.47e-06 1.33e-03 1.35e-05 4.42e-07 7.42e-06 4.21e-07 4.18e-07 4.21e-07 4.17e-07 7.47e-06 1.33e-03
14751 2.50900e+03 -6.39109e+00 1.70508e-07 4.16186e-08 7.70e-07 1.53e-08 5.63e-08 9.16e-09 1.47e-09 5.11e-09 5.44e-11 1.64e-08 4.16e-08 1.30e-05 4.25e-07 7.12e-06 4.04e-07 4.01e-07 4.04e-07 4.00e-07 7.17e-06 1.28e-03 1.30e-05 4.25e-07 7.12e-06 4.04e-07 4.01e-07 4.04e-07 4.00e-07 7.17e-06 1.28e-03
14793 2.51500e+03 -6.41190e+00 1.44042e-07 1.15106e-08 6.65e-07 2.60e-08 2.20e-08 6.18e-09 6.78e-10 7.75e-10 1.68e-11 5.70e-09 1.15e-08 1.25e-05 4.07e-07 6.82e-06 3.87e-07 3.85e-07 3.87e-07 3.84e-07 6.87e-06 1.24e-03 1.25e-05 4.07e-07 6.82e-06 3.87e-07 3.85e-07 3.87e-07 3.84e-07 6.87e-06 1.24e-03
14835 2.52100e+03 -6.43092e+00 1.36922e-07 1.51682e-07 6.13e-07 2.10e-08 3.16e-08 1.82e-08 1.02e-09 1.07e-09 2.23e-11 1.10e-08 1.52e-07 1.20e-05 3.91e-07 6.54e-06 3.72e-07 3.69e-07 3.71e-07 3.68e-07 6.59e-06 1.19e-03 1.20e-05 3.91e-07 6.54e-06 3.72e-07 3.69e-07 3.71e-07 3.68e-07 6.59e-06 1.19e-03
14865 2.52400e+03 -6.39806e+00 3.98603e-07 6.25853e-08 1.64e-06 3.05e-07 3.96e-08 6.36e-09 1.49e-09 2.99e-09 1.04e-10 1.32e-08 6.26e-08 1.17e-05 3.82e-07 6.38e-06 3.63e-07 3.60e-07 3.62e-07 3.59e-07 6.43e-06 1.17e-03 1.17e-05 3.82e-07 6.38e-06 3.63e-07 3.60e-07 3.62e-07 3.59e-07 6.43e-06 1.17e-03
14910 2.52900e+03 -6.46206e+00 1.83189e-07 6.82728e-08 8.37e-07 1.98e-08 5.10e-08 6.34e-09 1.60e-09 5.01e-09 4.33e-10 1.59e-08 6.83e-08 1.13e-05 3.71e-07 6.12e-06 3.49e-07 3.45e-07 3.47e-07 3.44e-07 6.17e-06 1.12e-03 1.13e-05 3.71e-07 6.12e-06 3.49e-07 3.45e-07 3.47e-07 3.44e-07 6.17e-06 1.12e-03
14955 2.53400e+03 -6.48152e+00 2.18788e-07 9.91550e-08 1.00e-06 2.76e-08 5.32e-08 9.19e-09 9.64e-10 1.76e-09 1.17e-09 1.72e-08 9.92e-08 1.08e-05 3.55e-07 5.86e-06 3.34e-07 3.30e-07 3.32e-07 3.29e-07 5.90e-06 1.08e-03 1.08e-05 3.55e-07 5.86e-06 3.34e-07 3.30e-07 3.32e-07 3.29e-07 5.90e-06 1.08e-03
15000 2.53900e+03 -6.49275e+00 2.49582e-07 2.00169e-08 1.09e-06 8.60e-08 5.78e-08 8.61e-09 1.96e-09 2.66e-09 8.60e-11 2.08e-08 2.00e-08 1.03e-05 3.40e-07 5.60e-06 3.20e-07 3.16e-07 3.18e-07 3.14e-07 5.64e-06 1.04e-03 1.03e-05 3.40e-07 5.60e-06 3.20e-07 3.16e-07 3.18e-07 3.14e-07 5.64e-06 1.04e-03
15045 2.54400e+03 -6.52826e+00 1.67699e-07 2.60270e-07 7.75e-07 1.26e-08 3.99e-08 9.05e-09 1.54e-09 1.88e-09 2.11e-10 8.94e-09 2.60e-07 9.89e-06 3.26e-07 5.36e-06 3.06e-07 3.02e-07 3.04e-07 3.01e-07 5.39e-06 9.97e-04 9.89e-06 3.26e-07 5.36e-06 3.06e-07 3.02e-07 3.04e-07 3.01e-07 5.39e-06 9.97e-04
15090 2.54900e+03 -6.54118e+00 3.41184e-07 9.95721e-08 1.60e-06 2.95e-08 6.61e-08 1.00e-08 2.39e-09 2.12e-09 2.14e-11 1.74e-08 9.96e-08 9.48e-06 3.12e-07 5.12e-06 2.93e-07 2.89e-07 2.90e-07 2.87e-07 5.15e-06 9.58e-04 9.48e-06 3.12e-07 5.12e-06 2.93e-07 2.89e-07 2.90e-07 2.87e-07 5.15e-06 9.58e-04
15135 2.55400e+03 -6.51394e+00 4.96796e-07 7.87909e-06 2.09e-06 2.39e-07 1.22e-07 2.40e-08 5.43e-09 6.35e-09 1.06e-10 4.41e-08 7.88e-06 9.14e-06 2.99e-07 4.90e-06 2.82e-07 2.76e-07 2.78e-07 2.75e-07 4.93e-06 9.20e-04 9.14e-06 2.99e-07 4.90e-06 2.82e-07 2.76e-07 2.78e-07 2.75e-07 4.93e-06 9.20e-04
15180 2.55900e+03 -6.58729e+00 3.64354e-07 2.16683e-08 1.75e-06 7.68e-09 5.52e-08 4.73e-09 1.18e-09 8.08e-10 3.76e-12 1.14e-08 2.17e-08 8.80e-06 2.87e-07 4.69e-06 2.70e-07 2.64e-07 2.65e-07 2.63e-07 4.71e-06 8.83e-04 8.80e-06 2.87e-07 4.69e-06 2.70e-07 2.64e-07 2.65e-07 2.63e-07 4.71e-06 8.83e-04
15225 2.56400e+03 -6.60330e+00 4.19789e-07 7.13840e-09 2.02e-06 1.51e-08 5.22e-08 7.08e-09 1.86e-09 6.18e-09 5.31e-12 1.63e-08 7.14e-09 8.48e-06 2.75e-07 4.48e-06 2.58e-07 2.53e-07 2.54e-07 2.51e-07 4.51e-06 8.47e-04 8.48e-06 2.75e-07 4.48e-06 2.58e-07 2.53e-07 2.54e-07 2.51e-07 4.51e-06 8.47e-04
15270 2.56900e+03 -6.62200e+00 4.19268e-07 2.70125e-07 1.99e-06 2.22e-08 6.78e-08 1.17e-08 3.01e-09 2.65e-09 2.80e-10 2.49e-08 2.70e-07 8.17e-06 2.63e-07 4.29e-06 2.47e-07 2.42e-07 2.43e-07 2.40e-07 4.31e-06 8.13e-04 8.17e-06 2.63e-07 4.29e-06 2.47e-07 2.42e-07 2.43e-07 2.40e-07 4.31e-06 8.13e-04
15315 2.57400e+03 -6.64090e+00 3.66834e-07 1.47095e-08 1.73e-06 3.88e-08 5.59e-08 9.88e-09 2.54e-09 5.41e-09 3.91e-11 2.19e-08 1.47e-08 7.87e-06 2.52e-07 4.10e-06 2.37e-07 2.31e-07 2.32e-07 2.29e-07 4.12e-06 7.80e-04 7.87e-06 2.52e-07 4.10e-06 2.37e-07 2.31e-07 2.32e-07 2.29e-07 4.12e-06 7.80e-04
15360 2.57900e+03 -6.66251e+00 3.68266e-07 2.49244e-07 1.72e-06 4.03e-08 7.43e-08 6.21e-09 8.08e-10 1.18e-09 1.70e-10 2.05e-08 2.49e-07 7.59e-06 2.42e-07 3.93e-06 2.28e-07 2.21e-07 2.22e-07 2.20e-07 3.95e-06 7.50e-04 7.59e-06 2.42e-07 3.93e-06 2.28e-07 2.21e-07 2.22e-07 2.20e-07 3.95e-06 7.50e-04
15405 2.58400e+03 -6.68590e+00 3.54168e-07 1.68611e-07 1.65e-06 7.04e-09 8.88e-08 2.16e-08 5.29e-09 6.56e-10 2.68e-12 3.97e-08 1.69e-07 7.33e-06 2.32e-07 3.76e-06 2.18e-07 2.12e-07 2.12e-07 2.10e-07 3.77e-06 7.19e-04 7.33e-06 2.32e-07 3.76e-06 2.18e-07 2.12e-07 2.12e-07 2.10e-07 3.77e-06 7.19e-04
15450 2.58900e+03 -6.70800e+00 4.28604e-07 2.61000e-07 2.05e-06 1.15e-08 7.30e-08 5.55e-09 1.29e-09 4.90e-10 1.14e-12 2.14e-08 2.61e-07 7.07e-06 2.23e-07 3.59e-06 2.09e-07 2.03e-07 2.03e-07 2.01e-07 3.61e-06 6.90e-04 7.07e-06 2.23e-07 3.59e-06 2.09e-07 2.03e-07 2.03e-07 2.01e-07 3.61e-06 6.90e-04
15495 2.59400e+03 -6.71767e+00 3.93965e-07 9.81586e-09 1.85e-06 4.91e-08 5.80e-08 1.09e-08 2.57e-09 5.14e-09 5.57e-11 2.01e-08 9.82e-09 6.83e-06 2.14e-07 3.44e-06 2.00e-07 1.94e-07 1.94e-07 1.92e-07 3.45e-06 6.61e-04 6.83e-06 2.14e-07 3.44e-06 2.00e-07 1.94e-07 1.94e-07 1.92e-07 3.45e-06 6.61e-04
15540 2.59900e+03 -6.73374e+00 6.31691e-07 1.10331e-07 3.03e-06 1.39e-08 9.15e-08 1.98e-08 5.13e-09 1.91e-09 5.43e-12 4.38e-08 1.10e-07 6.62e-06 2.06e-07 3.29e-06 1.91e-07 1.85e-07 1.86e-07 1.83e-07 3.30e-06 6.34e-04 6.62e-06 2.06e-07 3.29e-06 1.91e-07 1.85e-07 1.86e-07 1.83e-07 3.30e-06 6.34e-04
15585 2.60400e+03 -6.76636e+00 3.56623e-07 3.26681e-09 1.66e-06 8.63e-09 8.43e-08 2.44e-08 5.15e-09 4.62e-10 7.37e-12 4.19e-08 3.27e-09 6.39e-06 1.97e-07 3.15e-06 1.83e-07 1.77e-07 1.77e-07 1.75e-07 3.15e-06 6.08e-04 6.39e-06 1.97e-07 3.15e-06 1.83e-07 1.77e-07 1.77e-07 1.75e-07 3.15e-06 6.08e-04
15630 2.60900e+03 -6.79114e+00 3.28739e-07 1.86092e-08 1.56e-06 1.87e-08 5.13e-08 9.27e-09 2.40e-09 1.20e-09 4.45e-12 1.86e-08 1.86e-08 6.17e-06 1.88e-07 3.01e-06 1.76e-07 1.69e-07 1.70e-07 1.68e-07 3.02e-06 5.83e-04 6.17e-06 1.88e-07 3.01e-06 1.76e-07 1.69e-07 1.70e-07 1.68e-07 3.02e-06 5.83e-04
15675 2.61400e+03 -6.81627e+00 3.27439e-07 2.56316e-08 1.57e-06 1.11e-08 5.06e-08 4.33e-09 8.83e-10 1.78e-09 1.74e-11 9.43e-09 2.56e-08 5.94e-06 1.80e-07 2.88e-06 1.68e-07 1.62e-07 1.62e-07 1.60e-07 2.88e-06 5.59e-04 5.94e-06 1.80e-07 2.88e-06 1.68e-07 1.62e-07 1.62e-07 1.60e-07 2.88e-06 5.59e-04
15720 2.61900e+03 -6.78201e+00 7.47201e-07 3.81277e-07 3.52e-06 1.02e-07 9.74e-08 1.26e-08 1.16e-09 4.30e-09 1.07e-10 3.49e-08 3.81e-07 5.77e-06 1.74e-07 2.76e-06 1.63e-07 1.55e-07 1.55e-07 1.53e-07 2.76e-06 5.36e-04 5.77e-06 1.74e-07 2.76e-06 1.63e-07 1.55e-07 1.55e-07 1.53e-07 2.76e-06 5.36e-04
15765 2.62400e+03 -6.85332e+00 3.55545e-07 5.09332e-08 1.70e-06 6.80e-09 6.56e-08 7.50e-09 1.97e-09 1.41e-09 4.42e-11 1.72e-08 5.09e-08 5.59e-06 1.68e-07 2.64e-06 1.56e-07 1.49e-07 1.48e-07 1.47e-07 2.64e-06 5.14e-04 5.59e-06 1.68e-07 2.64e-06 1.56e-07 1.49e-07 1.48e-07 1.47e-07 2.64e-06 5.14e-04
15810 2.62900e+03 -6.86838e+00 3.41678e-07 4.23983e-07 1.61e-06 1.41e-08 6.85e-08 1.44e-08 3.75e-09 2.50e-09 1.36e-11 2.92e-08 4.24e-07 5.40e-06 1.61e-07 2.53e-06 1.50e-07 1.42e-07 1.42e-07 1.40e-07 2.53e-06 4.93e-04 5.40e-06 1.61e-07 2.53e-06 1.50e-07 1.42e-07 1.42e-07 1.40e-07 2.53e-06 4.93e-04
15855 2.63400e+03 -6.84822e+00 3.99868e-07 1.83810e-08 1.79e-06 1.23e-07 7.09e-08 1.43e-08 3.36e-09 1.33e-09 7.51e-11 3.12e-08 1.84e-08 5.22e-06 1.53e-07 2.42e-06 1.43e-07 1.36e-07 1.36e-07 1.34e-07 2.42e-06 4.72e-04 5.22e-06 1.53e-07 2.42e-06 1.43e-07 1.36e-07 1.36e-07 1.34e-07 2.42e-06 4.72e-04
15900 2.63900e+03 -6.91280e+00 3.22005e-07 1.82809e-08 1.53e-06 1.04e-08 5.66e-08 1.41e-08 3.10e-09 6.92e-10 8.67e-12 2.74e-08 1.83e-08 5.03e-06 1.47e-07 2.31e-06 1.37e-07 1.30e-07 1.30e-07 1.28e-07 2.31e-06 4.52e-04 5.03e-06 1.47e-07 2.31e-06 1.37e-07 1.30e-07 1.30e-07 1.28e-07 2.31e-06 4.52e-04
15945 2.64400e+03 -6.92315e+00 4.67035e-07 2.89103e-08 2.23e-06 2.85e-08 7.07e-08 3.63e-09 7.47e-10 3.23e-10 1.20e-11 2.05e-08 2.89e-08 4.87e-06 1.42e-07 2.21e-06 1.32e-07 1.24e-07 1.24e-07 1.22e-07 2.21e-06 4.33e-04 4.87e-06 1.42e-07 2.21e-06 1.32e-07 1.24e-07 1.24e-07 1.22e-07 2.21e-06 4.33e-04
15990 2.64900e+03 -6.95401e+00 4.25458e-07 1.14999e-08 2.06e-06 6.04e-09 5.51e-08 4.71e-09 9.96e-10 6.32e-10 1.55e-11 1.11e-08 1.15e-08 4.72e-06 1.36e-07 2.12e-06 1.26e-07 1.19e-07 1.18e-07 1.17e-07 2.11e-06 4.15e-04 4.72e-06 1.36e-07 2.12e-06 1.26e-07 1.19e-07 1.18e-07 1.17e-07 2.11e-06 4.15e-04
16035 2.65400e+03 -6.96170e+00 3.23518e-07 1.60039e-05 1.52e-06 4.56e-08 5.05e-08 5.17e-09 1.20e-09 7.67e-10 3.59e-12 1.07e-08 1.60e-05 4.56e-06 1.30e-07 2.02e-06 1.21e-07 1.14e-07 1.13e-07 1.12e-07 2.02e-06 3.98e-04 4.56e-06 1.30e-07 2.02e-06 1.21e-07 1.14e-07 1.13e-07 1.12e-07 2.02e-06 3.98e-04
16080 2.65900e+03 -7.00391e+00 3.06312e-07 3.74586e-09 1.48e-06 5.30e-09 4.46e-08 2.54e-09 5.65e-10 7.04e-10 2.29e-12 8.96e-09 3.75e-09 4.40e-06 1.25e-07 1.94e-06 1.16e-07 1.09e-07 1.08e-07 1.07e-07 1.93e-06 3.81e-04 4.40e-06 1.25e-07 1.94e-06 1.16e-07 1.09e-07 1.08e-07 1.07e-07 1.93e-06 3.81e-04
16125 2.66400e+03 -7.00007e+00 3.38414e-07 1.42157e-06 1.57e-06 1.40e-08 7.60e-08 2.87e-08 6.29e-09 7.02e-10 3.96e-12 6.66e-08 1.42e-06 4.25e-06 1.20e-07 1.85e-06 1.11e-07 1.04e-07 1.03e-07 1.02e-07 1.85e-06 3.65e-04 4.25e-06 1.20e-07 1.85e-06 1.11e-07 1.04e-07 1.03e-07 1.02e-07 1.85e-06 3.65e-04
16170 2.66900e+03 -7.04154e+00 3.12991e-07 3.13944e-08 1.50e-06 7.69e-09 5.05e-08 3.87e-09 8.62e-10 1.40e-09 1.45e-11 1.12e-08 3.14e-08 4.12e-06 1.15e-07 1.77e-06 1.07e-07 9.95e-08 9.89e-08 9.78e-08 1.77e-06 3.49e-04 4.12e-06 1.15e-07 1.77e-06 1.07e-07 9.95e-08 9.89e-08 9.78e-08 1.77e-06 3.49e-04
16215 2.67400e+03 -6.97879e+00 5.04310e-07 6.40373e-07 2.26e-06 1.26e-07 1.13e-07 1.75e-08 2.38e-09 3.31e-09 9.03e-12 4.47e-08 6.40e-07 3.98e-06 1.10e-07 1.70e-06 1.03e-07 9.53e-08 9.46e-08 9.35e-08 1.69e-06 3.35e-04 3.98e-06 1.10e-07 1.70e-06 1.03e-07 9.53e-08 9.46e-08 9.35e-08 1.69e-06 3.35e-04
16260 2.67900e+03 -7.06539e+00 3.59838e-07 1.15721e-07 1.71e-06 1.52e-08 5.98e-08 1.42e-08 3.65e-09 3.76e-10 1.98e-12 3.10e-08 1.16e-07 3.87e-06 1.08e-07 1.62e-06 9.90e-08 9.12e-08 9.04e-08 8.94e-08 1.62e-06 3.20e-04 3.87e-06 1.08e-07 1.62e-06 9.90e-08 9.12e-08 9.04e-08 8.94e-08 1.62e-06 3.20e-04
16305 2.68400e+03 -7.07243e+00 5.16861e-07 6.71777e-07 2.48e-06 2.82e-08 7.37e-08 4.56e-09 1.04e-09 1.96e-09 3.39e-12 2.50e-08 6.72e-07 3.76e-06 1.03e-07 1.55e-06 9.50e-08 8.73e-08 8.65e-08 8.54e-08 1.55e-06 3.07e-04 3.76e-06 1.03e-07 1.55e-06 9.50e-08 8.73e-08 8.65e-08 8.54e-08 1.55e-06 3.07e-04
16350 2.68900e+03 -7.10496e+00 3.59885e-07 4.78684e-08 1.72e-06 2.85e-08 5.12e-08 3.66e-09 9.08e-10 1.57e-09 3.33e-12 1.10e-08 4.79e-08 3.67e-06 9.95e-08 1.49e-06 9.10e-08 8.35e-08 8.27e-08 8.17e-08 1.48e-06 2.94e-04 3.67e-06 9.95e-08 1.49e-06 9.10e-08 8.35e-08 8.27e-08 8.17e-08 1.48e-06 2.94e-04
16395 2.69400e+03 -7.13947e+00 3.44534e-07 2.28474e-07 1.67e-06 5.13e-09 4.79e-08 3.65e-09 9.13e-10 9.72e-10 6.28e-12 1.25e-08 2.28e-07 3.55e-06 9.52e-08 1.42e-06 8.71e-08 7.98e-08 7.91e-08 7.81e-08 1.41e-06 2.81e-04 3.55e-06 9.52e-08 1.42e-06 8.71e-08 7.98e-08 7.91e-08 7.81e-08 1.41e-06 2.81e-04
16440 2.69900e+03 -7.12303e+00 3.79346e-07 1.94871e-07 1.76e-06 1.29e-08 7.64e-08 3.80e-08 5.86e-09 6.52e-10 1.56e-11 6.52e-08 1.95e-07 3.45e-06 9.22e-08 1.36e-06 8.36e-08 7.64e-08 7.56e-08 7.46e-08 1.35e-06 2.69e-04 3.45e-06 9.22e-08 1.36e-06 8.36e-08 7.64e-08 7.56e-08 7.46e-08 1.35e-06 2.69e-04
16485 2.70400e+03 -7.17289e+00 3.52615e-07 1.54607e-08 1.70e-06 1.36e-08 4.61e-08 4.31e-09 1.01e-09 4.63e-10 1.54e-11 1.24e-08 1.55e-08 3.34e-06 8.82e-08 1.30e-06 8.03e-08 7.30e-08 7.23e-08 7.14e-08 1.29e-06 2.58e-04 3.34e-06 8.82e-08 1.30e-06 8.03e-08 7.30e-08 7.23e-08 7.14e-08 1.29e-06 2.58e-04
16530 2.70900e+03 -7.14379e+00 6.83241e-07 1.07455e-07 3.22e-06 2.58e-08 1.50e-07 1.25e-08 3.26e-09 1.15e-09 1.34e-12 4.38e-08 1.07e-07 3.28e-06 8.55e-08 1.25e-06 7.68e-08 6.98e-08 6.91e-08 6.82e-08 1.24e-06 2.47e-04 3.28e-06 8.55e-08 1.25e-06 7.68e-08 6.98e-08 6.91e-08 6.82e-08 1.24e-06 2.47e-04
16575 2.71400e+03 -7.21379e+00 3.28341e-07 2.44306e-09 1.58e-06 1.28e-08 4.69e-08 4.41e-09 1.11e-09 2.72e-10 3.27e-12 1.10e-08 2.44e-09 3.20e-06 8.23e-08 1.19e-06 7.36e-08 6.68e-08 6.61e-08 6.52e-08 1.18e-06 2.36e-04 3.20e-06 8.23e-08 1.19e-06 7.36e-08 6.68e-08 6.61e-08 6.52e-08 1.18e-06 2.36e-04
16620 2.71900e+03 -7.19786e+00 3.79439e-07 6.57949e-07 1.77e-06 3.03e-08 7.13e-08 2.25e-08 3.90e-09 6.64e-10 6.02e-12 4.09e-08 6.58e-07 3.11e-06 7.91e-08 1.14e-06 7.05e-08 6.39e-08 6.32e-08 6.24e-08 1.13e-06 2.26e-04 3.11e-06 7.91e-08 1.14e-06 7.05e-08 6.39e-08 6.32e-08 6.24e-08 1.13e-06 2.26e-04
16665 2.72400e+03 -7.25757e+00 3.44898e-07 1.80624e-08 1.67e-06 4.14e-09 4.70e-08 3.59e-09 9.15e-10 1.19e-09 1.24e-12 1.20e-08 1.81e-08 3.02e-06 7.59e-08 1.09e-06 6.76e-08 6.11e-08 6.04e-08 5.96e-08 1.08e-06 2.16e-04 3.02e-06 7.59e-08 1.09e-06 6.76e-08 6.11e-08 6.04e-08 5.96e-08 1.08e-06 2.16e-04
16710 2.72900e+03 -7.26974e+00 3.29566e-07 2.23134e-07 1.57e-06 1.20e-08 5.58e-08 6.48e-09 1.32e-09 6.95e-10 2.22e-12 1.26e-08 2.23e-07 2.93e-06 7.33e-08 1.05e-06 6.49e-08 5.85e-08 5.78e-08 5.70e-08 1.04e-06 2.07e-04 2.93e-06 7.33e-08 1.05e-06 6.49e-08 5.85e-08 5.78e-08 5.70e-08 1.04e-06 2.07e-04
16755 2.73400e+03 -7.28744e+00 3.84340e-07 5.93629e-09 1.84e-06 6.94e-09 6.26e-08 6.48e-09 1.65e-09 2.19e-10 1.69e-12 1.71e-08 5.94e-09 2.85e-06 7.03e-08 1.00e-06 6.22e-08 5.59e-08 5.52e-08 5.45e-08 9.90e-07 1.98e-04 2.85e-06 7.03e-08 1.00e-06 6.22e-08 5.59e-08 5.52e-08 5.45e-08 9.90e-07 1.98e-04
16800 2.73900e+03 -7.29073e+00 4.34551e-07 4.04899e-09 2.09e-06 1.96e-08 5.06e-08 6.74e-09 1.66e-09 1.11e-09 1.54e-12 1.26e-08 4.05e-09 2.78e-06 6.80e-08 9.57e-07 5.95e-08 5.35e-08 5.28e-08 5.21e-08 9.46e-07 1.89e-04 2.78e-06 6.80e-08 9.57e-07 5.95e-08 5.35e-08 5.28e-08 5.21e-08 9.46e-07 1.89e-04
16845 2.74400e+03 -7.33147e+00 2.94988e-07 7.12668e-09 1.40e-06 1.46e-08 5.47e-08 3.70e-09 9.17e-10 9.30e-10 4.89e-12 9.37e-09 7.13e-09 2.71e-06 6.53e-08 9.16e-07 5.72e-08 5.12e-08 5.05e-08 4.98e-08 9.05e-07 1.81e-04 2.71e-06 6.53e-08 9.16e-07 5.72e-08 5.12e-08 5.05e-08 4.98e-08 9.05e-07 1.81e-04
16890 2.74900e+03 -7.32636e+00 3.90436e-07 4.47962e-09 1.86e-06 5.16e-09 6.36e-08 2.12e-08 3.81e-09 2.69e-10 2.90e-11 3.77e-08 4.48e-09 2.64e-06 6.30e-08 8.77e-07 5.50e-08 4.90e-08 4.82e-08 4.76e-08 8.66e-07 1.73e-04 2.64e-06 6.30e-08 8.77e-07 5.50e-08 4.90e-08 4.82e-08 4.76e-08 8.66e-07 1.73e-04
16935 2.75400e+03 -7.28497e+00 4.42309e-07 5.94383e-08 2.05e-06 8.91e-08 6.51e-08 5.55e-09 8.91e-10 1.73e-10 4.34e-12 1.35e-08 5.94e-08 2.58e-06 6.10e-08 8.40e-07 5.29e-08 4.69e-08 4.61e-08 4.55e-08 8.28e-07 1.66e-04 2.58e-06 6.10e-08 8.40e-07 5.29e-08 4.69e-08 4.61e-08 4.55e-08 8.28e-07 1.66e-04
16980 2.75900e+03 -7.38093e+00 3.35979e-07 6.59745e-08 1.59e-06 7.78e-09 7.60e-08 8.86e-09 1.80e-09 1.76e-10 4.94e-12 1.25e-08 6.60e-08 2.53e-06 6.01e-08 8.05e-07 5.10e-08 4.49e-08 4.41e-08 4.35e-08 7.93e-07 1.59e-04 2.53e-06 6.01e-08 8.05e-07 5.10e-08 4.49e-08 4.41e-08 4.35e-08 7.93e-07 1.59e-04
17025 2.76400e+03 -7.38251e+00 3.90123e-07 9.84311e-08 1.86e-06 1.47e-08 6.10e-08 1.11e-08 2.46e-09 8.33e-10 2.63e-12 2.35e-08 9.84e-08 2.49e-06 5.75e-08 7.71e-07 4.91e-08 4.30e-08 4.21e-08 4.16e-08 7.58e-07 1.52e-04 2.49e-06 5.75e-08 7.71e-07 4.91e-08 4.30e-08 4.21e-08 4.16e-08 7.58e-07 1.52e-04
17070 2.76900e+03 -7.42552e+00 3.47565e-07 4.70633e-08 1.67e-06 6.61e-09 6.12e-08 3.18e-09 7.68e-10 4.00e-10 8.61e-13 1.18e-08 4.71e-08 2.48e-06 5.57e-08 7.39e-07 4.71e-08 4.11e-08 4.03e-08 3.98e-08 7.25e-07 1.45e-04 2.48e-06 5.57e-08 7.39e-07 4.71e-08 4.11e-08 4.03e-08 3.98e-08 7.25e-07 1.45e-04
17115 2.77400e+03 -7.34057e+00 3.20433e-07 4.29947e-09 1.42e-06 7.98e-08 7.01e-08 2.25e-08 5.57e-09 5.72e-10 3.74e-12 3.71e-08 4.30e-09 2.42e-06 5.34e-08 7.08e-07 4.53e-08 3.94e-08 3.85e-08 3.80e-08 6.94e-07 1.39e-04 2.42e-06 5.34e-08 7.08e-07 4.53e-08 3.94e-08 3.85e-08 3.80e-08 6.94e-07 1.39e-04
17160 2.77900e+03 -7.46411e+00 3.27609e-07 2.55467e-07 1.57e-06 6.68e-09 5.33e-08 4.34e-09 1.03e-09 2.63e-10 3.03e-12 1.27e-08 2.55e-07 2.37e-06 5.19e-08 6.77e-07 4.34e-08 3.76e-08 3.68e-08 3.63e-08 6.64e-07 1.33e-04 2.37e-06 5.19e-08 6.77e-07 4.34e-08 3.76e-08 3.68e-08 3.63e-08 6.64e-07 1.33e-04
17205 2.78400e+03 -7.44380e+00 3.52812e-07 1.51673e-08 1.67e-06 5.66e-09 5.98e-08 2.31e-08 5.58e-09 3.29e-10 2.90e-11 7.51e-08 1.52e-08 2.31e-06 4.96e-08 6.48e-07 4.16e-08 3.60e-08 3.52e-08 3.48e-08 6.35e-07 1.27e-04 2.31e-06 4.96e-08 6.48e-07 4.16e-08 3.60e-08 3.52e-08 3.48e-08 6.35e-07 1.27e-04
17250 2.78900e+03 -7.48662e+00 4.28777e-07 1.54952e-08 2.08e-06 9.20e-09 5.24e-08 4.55e-09 9.16e-10 1.25e-10 2.62e-12 1.36e-08 1.55e-08 2.26e-06 4.79e-08 6.21e-07 4.00e-08 3.45e-08 3.36e-08 3.32e-08 6.07e-07 1.22e-04 2.26e-06 4.79e-08 6.21e-07 4.00e-08 3.45e-08 3.36e-08 3.32e-08 6.07e-07 1.22e-04
17295 2.79400e+03 -7.31552e+00 5.53781e-07 2.30480e-07 2.47e-06 6.14e-08 1.71e-07 5.70e-08 1.39e-08 6.28e-10 4.65e-12 9.30e-08 2.30e-07 2.25e-06 4.71e-08 5.96e-07 3.90e-08 3.31e-08 3.22e-08 3.18e-08 5.82e-07 1.16e-04 2.25e-06 4.71e-08 5.96e-07 3.90e-08 3.31e-08 3.22e-08 3.18e-08 5.82e-07 1.16e-04
17340 2.79900e+03 -7.48427e+00 3.70644e-07 7.45122e-08 1.72e-06 7.49e-09 9.86e-08 2.46e-08 4.99e-09 9.57e-10 1.02e-11 5.19e-08 7.45e-08 2.25e-06 4.58e-08 5.72e-07 3.77e-08 3.17e-08 3.07e-08 3.04e-08 5.57e-07 1.11e-04 2.25e-06 4.58e-08 5.72e-07 3.77e-08 3.17e-08 3.07e-08 3.04e-08 5.57e-07 1.11e-04
17385 2.80400e+03 -7.50613e+00 3.31505e-07 2.35700e-08 1.55e-06 4.33e-08 5.92e-08 4.69e-09 1.20e-09 2.29e-10 3.11e-12 1.26e-08 2.36e-08 2.20e-06 4.41e-08 5.48e-07 3.66e-08 3.04e-08 2.94e-08 2.90e-08 5.33e-07 1.06e-04 2.20e-06 4.41e-08 5.48e-07 3.66e-08 3.04e-08 2.94e-08 2.90e-08 5.33e-07 1.06e-04
17430 2.80900e+03 -7.56374e+00 2.86643e-07 5.01325e-09 1.36e-06 7.36e-09 5.73e-08 9.31e-09 2.26e-09 3.00e-10 1.21e-12 2.11e-08 5.01e-09 2.17e-06 4.32e-08 5.25e-07 3.51e-08 2.90e-08 2.81e-08 2.78e-08 5.10e-07 1.02e-04 2.17e-06 4.32e-08 5.25e-07 3.51e-08 2.90e-08 2.81e-08 2.78e-08 5.10e-07 1.02e-04
17475 2.81400e+03 -7.57359e+00 2.88075e-07 1.43005e-08 1.36e-06 8.40e-09 5.19e-08 1.24e-08 3.12e-09 4.03e-11 2.07e-12 3.05e-08 1.43e-08 2.13e-06 4.13e-08 5.03e-07 3.37e-08 2.78e-08 2.69e-08 2.65e-08 4.88e-07 9.74e-05 2.13e-06 4.13e-08 5.03e-07 3.37e-08 2.78e-08 2.69e-08 2.65e-08 4.88e-07 9.74e-05
17520 2.81900e+03 -7.59966e+00 3.96143e-07 1.38610e-08 1.92e-06 3.31e-09 4.81e-08 6.96e-09 9.44e-10 7.69e-11 1.68e-12 1.43e-08 1.39e-08 2.10e-06 3.98e-08 4.81e-07 3.23e-08 2.66e-08 2.57e-08 2.54e-08 4.67e-07 9.32e-05 2.10e-06 3.98e-08 4.81e-07 3.23e-08 2.66e-08 2.57e-08 2.54e-08 4.67e-07 9.32e-05
17565 2.82400e+03 -7.62840e+00 3.40186e-07 2.25900e-08 1.65e-06 6.93e-09 4.24e-08 2.89e-09 6.13e-10 5.18e-11 4.96e-13 1.06e-08 2.26e-08 2.07e-06 3.91e-08 4.61e-07 3.10e-08 2.54e-08 2.45e-08 2.43e-08 4.46e-07 8.91e-05 2.07e-06 3.91e-08 4.61e-07 3.10e-08 2.54e-08 2.45e-08 2.43e-08 4.46e-07 8.91e-05
17610 2.82900e+03 -7.60216e+00 2.94906e-07 5.76478e-08 1.36e-06 1.23e-08 7.48e-08 1.91e-08 3.63e-09 1.91e-10 2.28e-12 3.23e-08 5.76e-08 2.06e-06 3.74e-08 4.42e-07 2.97e-08 2.43e-08 2.35e-08 2.32e-08 4.27e-07 8.52e-05 2.06e-06 3.74e-08 4.42e-07 2.97e-08 2.43e-08 2.35e-08 2.32e-08 4.27e-07 8.52e-05
17655 2.83400e+03 -7.65227e+00 3.22375e-07 7.51036e-09 1.55e-06 8.44e-09 4.62e-08 7.72e-09 1.37e-09 1.03e-10 2.70e-12 1.69e-08 7.51e-09 2.03e-06 3.62e-08 4.24e-07 2.88e-08 2.33e-08 2.24e-08 2.22e-08 4.09e-07 8.15e-05 2.03e-06 3.62e-08 4.24e-07 2.88e-08 2.33e-08 2.24e-08 2.22e-08 4.09e-07 8.15e-05
17700 2.83900e+03 -7.40604e+00 4.25940e-07 3.44068e-07 1.86e-06 1.46e-07 1.02e-07 1.80e-08 3.98e-09 1.61e-10 2.40e-12 4.58e-08 3.44e-07 2.02e-06 3.58e-08 4.07e-07 2.84e-08 2.24e-08 2.14e-08 2.12e-08 3.92e-07 7.80e-05 2.02e-06 3.58e-08 4.07e-07 2.84e-08 2.24e-08 2.14e-08 2.12e-08 3.92e-07 7.80e-05
17745 2.84400e+03 -7.68855e+00 3.58131e-07 6.23541e-09 1.73e-06 5.57e-09 4.64e-08 4.14e-09 1.02e-09 5.24e-10 1.62e-11 1.27e-08 6.24e-09 2.02e-06 3.65e-08 3.91e-07 2.74e-08 2.14e-08 2.05e-08 2.03e-08 3.75e-07 7.46e-05 2.02e-06 3.65e-08 3.91e-07 2.74e-08 2.14e-08 2.05e-08 2.03e-08 3.75e-07 7.46e-05
17790 2.84900e+03 -7.70308e+00 3.60683e-07 7.85635e-08 1.74e-06 2.78e-09 4.73e-08 6.97e-09 1.60e-09 4.55e-11 6.21e-12 2.11e-08 7.86e-08 1.96e-06 3.50e-08 3.74e-07 2.62e-08 2.05e-08 1.96e-08 1.96e-08 3.58e-07 7.13e-05 1.96e-06 3.50e-08 3.74e-07 2.62e-08 2.05e-08 1.96e-08 1.96e-08 3.58e-07 7.13e-05
17835 2.85400e+03 -7.74484e+00 3.11247e-07 1.10432e-08 1.51e-06 3.49e-09 4.24e-08 1.55e-09 3.50e-10 2.58e-11 5.33e-12 9.23e-09 1.10e-08 1.88e-06 3.35e-08 3.58e-07 2.51e-08 1.96e-08 1.88e-08 1.88e-08 3.43e-07 6.82e-05 1.88e-06 3.35e-08 3.58e-07 2.51e-08 1.96e-08 1.88e-08 1.88e-08 3.43e-07 6.82e-05
17880 2.85900e+03 -7.74076e+00 3.69589e-07 1.14915e-08 1.79e-06 4.99e-09 4.47e-08 4.98e-09 1.06e-09 4.64e-11 4.99e-12 1.02e-08 1.15e-08 1.81e-06 3.22e-08 3.43e-07 2.42e-08 1.88e-08 1.81e-08 1.81e-08 3.28e-07 6.52e-05 1.81e-06 3.22e-08 3.43e-07 2.42e-08 1.88e-08 1.81e-08 1.81e-08 3.28e-07 6.52e-05
17925 2.86400e+03 -7.75196e+00 3.24310e-07 2.02340e-08 1.56e-06 3.92e-09 4.92e-08 8.76e-09 2.15e-09 7.60e-11 1.46e-12 2.06e-08 2.02e-08 1.75e-06 3.10e-08 3.29e-07 2.32e-08 1.80e-08 1.75e-08 1.75e-08 3.14e-07 6.24e-05 1.75e-06 3.10e-08 3.29e-07 2.32e-08 1.80e-08 1.75e-08 1.75e-08 3.14e-07 6.24e-05
17970 2.86900e+03 -7.72206e+00 3.15009e-07 7.27763e-08 1.46e-06 1.74e-08 7.48e-08 1.62e-08 1.88e-09 8.75e-11 1.72e-12 2.19e-08 7.28e-08 1.69e-06 3.08e-08 3.16e-07 2.27e-08 1.73e-08 1.69e-08 1.69e-08 3.01e-07 5.97e-05 1.69e-06 3.08e-08 3.16e-07 2.27e-08 1.73e-08 1.69e-08 1.69e-08 3.01e-07 5.97e-05
18015 2.87400e+03 -7.80058e+00 3.19213e-07 2.47607e-08 1.54e-06 7.12e-09 4.51e-08 1.91e-09 2.60e-10 2.55e-11 3.42e-13 9.25e-09 2.48e-08 1.63e-06 3.00e-08 3.04e-07 2.23e-08 1.66e-08 1.63e-08 1.63e-08 2.89e-07 5.71e-05 1.63e-06 3.00e-08 3.04e-07 2.23e-08 1.66e-08 1.63e-08 1.63e-08 2.89e-07 5.71e-05
18060 2.87900e+03 -7.78010e+00 3.22040e-07 3.92298e-08 1.53e-06 1.08e-08 6.17e-08 9.23e-09 1.76e-09 6.94e-11 4.20e-12 2.40e-08 3.92e-08 1.58e-06 2.90e-08 2.91e-07 2.16e-08 1.59e-08 1.58e-08 1.58e-08 2.76e-07 5.46e-05 1.58e-06 2.90e-08 2.91e-07 2.16e-08 1.59e-08 1.58e-08 1.58e-08 2.76e-07 5.46e-05
18105 2.88400e+03 -7.80576e+00 3.13673e-07 5.69448e-09 1.51e-06 2.17e-08 3.94e-08 1.73e-09 4.39e-10 5.47e-11 5.93e-12 9.61e-09 5.69e-09 1.52e-06 2.83e-08 2.80e-07 2.09e-08 1.52e-08 1.52e-08 1.52e-08 2.65e-07 5.22e-05 1.52e-06 2.83e-08 2.80e-07 2.09e-08 1.52e-08 1.52e-08 1.52e-08 2.65e-07 5.22e-05
18150 2.88900e+03 -7.73696e+00 3.78259e-07 4.24927e-08 1.75e-06 1.57e-08 9.57e-08 2.37e-08 3.15e-09 1.87e-11 1.72e-11 2.52e-08 4.25e-08 1.47e-06 2.74e-08 2.69e-07 2.03e-08 1.48e-08 1.47e-08 1.47e-08 2.54e-07 5.00e-05 1.47e-06 2.74e-08 2.69e-07 2.03e-08 1.48e-08 1.47e-08 1.47e-08 2.54e-07 5.00e-05
18195 2.89400e+03 -7.73858e+00 4.20151e-07 8.76457e-08 1.95e-06 1.73e-08 1.06e-07 1.90e-08 4.75e-09 7.16e-11 4.62e-12 3.31e-08 8.76e-08 1.43e-06 2.73e-08 2.59e-07 2.02e-08 1.43e-08 1.43e-08 1.43e-08 2.44e-07 4.78e-05 1.43e-06 2.73e-08 2.59e-07 2.02e-08 1.43e-08 1.43e-08 1.43e-08 2.44e-07 4.78e-05
18240 2.89900e+03 -7.80888e+00 3.53646e-07 7.43604e-09 1.68e-06 6.36e-09 6.17e-08 1.50e-08 3.86e-09 2.30e-11 9.50e-12 2.95e-08 7.44e-09 1.38e-06 2.66e-08 2.49e-07 1.96e-08 1.38e-08 1.38e-08 1.38e-08 2.34e-07 4.57e-05 1.38e-06 2.66e-08 2.49e-07 1.96e-08 1.38e-08 1.38e-08 1.38e-08 2.34e-07 4.57e-05
18285 2.90400e+03 -7.77968e+00 3.63555e-07 1.79866e-08 1.72e-06 4.57e-08 4.25e-08 5.76e-09 1.47e-09 2.95e-11 1.72e-11 1.53e-08 1.80e-08 1.34e-06 2.56e-08 2.39e-07 1.89e-08 1.34e-08 1.34e-08 1.34e-08 2.24e-07 4.37e-05 1.34e-06 2.56e-08 2.39e-07 1.89e-08 1.34e-08 1.34e-08 1.34e-08 2.24e-07 4.37e-05
18330 2.90900e+03 -7.89619e+00 3.53696e-07 1.28229e-08 1.72e-06 2.95e-09 4.37e-08 3.19e-09 7.86e-10 1.92e-11 4.49e-12 1.00e-08 1.28e-08 1.30e-06 2.57e-08 2.30e-07 1.84e-08 1.30e-08 1.30e-08 1.30e-08 2.14e-07 4.18e-05 1.30e-06 2.57e-08 2.30e-07 1.84e-08 1.30e-08 1.30e-08 1.30e-08 2.14e-07 4.18e-05
18375 2.91400e+03 -7.87301e+00 4.71018e-07 6.62416e-08 2.30e-06 8.20e-09 3.87e-08 3.61e-09 6.30e-10 5.33e-11 2.50e-12 1.29e-08 6.62e-08 1.26e-06 2.47e-08 2.21e-07 1.78e-08 1.26e-08 1.26e-08 1.26e-08 2.05e-07 4.00e-05 1.26e-06 2.47e-08 2.21e-07 1.78e-08 1.26e-08 1.26e-08 1.26e-08 2.05e-07 4.00e-05
18420 2.91900e+03 -7.93310e+00 2.68144e-07 2.31955e-08 1.29e-06 7.90e-09 4.33e-08 3.82e-09 4.60e-10 4.79e-11 1.14e-11 7.64e-09 2.32e-08 1.22e-06 2.40e-08 2.12e-07 1.73e-08 1.22e-08 1.22e-08 1.22e-08 1.96e-07 3.82e-05 1.22e-06 2.40e-08 2.12e-07 1.73e-08 1.22e-08 1.22e-08 1.22e-08 1.96e-07 3.82e-05
18465 2.92400e+03 -7.88254e+00 4.14585e-07 5.51692e-08 2.00e-06 9.50e-09 5.63e-08 8.20e-09 1.61e-09 4.35e-11 6.00e-12 1.86e-08 5.52e-08 1.18e-06 2.36e-08 2.04e-07 1.68e-08 1.18e-08 1.18e-08 1.18e-08 1.88e-07 3.66e-05 1.18e-06 2.36e-08 2.04e-07 1.68e-08 1.18e-08 1.18e-08 1.18e-08 1.88e-07 3.66e-05
18510 2.92900e+03 -7.83406e+00 3.51894e-07 5.83443e-08 1.65e-06 4.48e-08 5.69e-08 6.85e-09 1.16e-09 2.95e-11 6.23e-12 1.31e-08 5.83e-08 1.15e-06 2.33e-08 1.96e-07 1.63e-08 1.15e-08 1.15e-08 1.15e-08 1.80e-07 3.50e-05 1.15e-06 2.33e-08 1.96e-07 1.63e-08 1.15e-08 1.15e-08 1.15e-08 1.80e-07 3.50e-05
18555 2.93400e+03 -7.94021e+00 3.79377e-07 7.10617e-09 1.83e-06 9.19e-09 4.95e-08 3.00e-09 3.96e-10 2.41e-10 1.62e-11 1.19e-08 7.11e-09 1.12e-06 2.30e-08 1.89e-07 1.58e-08 1.12e-08 1.12e-08 1.12e-08 1.73e-07 3.34e-05 1.12e-06 2.30e-08 1.89e-07 1.58e-08 1.12e-08 1.12e-08 1.12e-08 1.73e-07 3.34e-05
18600 2.93900e+03 -7.95261e+00 3.78351e-07 1.55441e-08 1.84e-06 1.28e-08 3.82e-08 1.85e-09 4.63e-10 1.63e-11 2.53e-12 8.12e-09 1.55e-08 1.09e-06 2.29e-08 1.81e-07 1.53e-08 1.09e-08 1.09e-08 1.09e-08 1.65e-07 3.20e-05 1.09e-06 2.29e-08 1.81e-07 1.53e-08 1.09e-08 1.09e-08 1.09e-08 1.65e-07 3.20e-05
18645 2.94400e+03 -7.82804e+00 5.20437e-07 1.99666e-07 2.48e-06 1.33e-08 9.03e-08 1.81e-08 2.98e-09 2.51e-11 7.98e-12 3.90e-08 2.00e-07 1.06e-06 2.24e-08 1.75e-07 1.52e-08 1.06e-08 1.06e-08 1.06e-08 1.59e-07 3.06e-05 1.06e-06 2.24e-08 1.75e-07 1.52e-08 1.06e-08 1.06e-08 1.06e-08 1.59e-07 3.06e-05
18690 2.94900e+03 -7.94300e+00 3.30933e-07 5.27460e-09 1.58e-06 9.62e-09 4.64e-08 1.21e-08 1.76e-09 1.80e-11 1.14e-12 1.96e-08 5.27e-09 1.03e-06 2.18e-08 1.69e-07 1.53e-08 1.03e-08 1.03e-08 1.03e-08 1.53e-07 2.92e-05 1.03e-06 2.18e-08 1.69e-07 1.53e-08 1.03e-08 1.03e-08 1.03e-08 1.53e-07 2.92e-05
18735 2.95400e+03 -7.81120e+00 3.99204e-07 1.05370e-07 1.80e-06 1.06e-08 1.46e-07 3.14e-08 4.55e-09 2.40e-11 2.73e-12 3.68e-08 1.05e-07 1.01e-06 2.15e-08 1.64e-07 1.53e-08 1.01e-08 1.01e-08 1.01e-08 1.48e-07 2.80e-05 1.01e-06 2.15e-08 1.64e-07 1.53e-08 1.01e-08 1.01e-08 1.01e-08 1.48e-07 2.80e-05
18780 2.95900e+03 -7.99797e+00 3.63820e-07 4.39923e-07 1.76e-06 4.01e-09 4.81e-08 4.89e-09 8.36e-10 2.82e-11 2.49e-12 1.17e-08 4.40e-07 9.84e-07 2.10e-08 1.59e-07 1.55e-08 9.84e-09 9.84e-09 9.83e-09 1.43e-07 2.68e-05 9.84e-07 2.10e-08 1.59e-07 1.55e-08 9.84e-09 9.84e-09 9.84e-09 1.43e-07 2.68e-05
18825 2.96400e+03 -7.99448e+00 3.87214e-07 3.25948e-08 1.88e-06 1.05e-08 4.43e-08 2.77e-09 6.08e-10 1.20e-10 1.57e-12 1.32e-08 3.26e-08 9.59e-07 2.06e-08 1.54e-07 1.52e-08 9.59e-09 9.59e-09 9.59e-09 1.37e-07 2.56e-05 9.59e-07 2.06e-08 1.54e-07 1.52e-08 9.59e-09 9.59e-09 9.59e-09 1.37e-07 2.56e-05
18870 2.96900e+03 -7.99934e+00 3.44174e-07 6.81600e-08 1.66e-06 8.19e-09 4.59e-08 7.22e-09 1.66e-09 1.00e-10 2.92e-13 1.53e-08 6.82e-08 9.35e-07 2.05e-08 1.48e-07 1.49e-08 9.35e-09 9.35e-09 9.35e-09 1.31e-07 2.45e-05 9.35e-07 2.05e-08 1.48e-07 1.49e-08 9.35e-09 9.35e-09 9.35e-09 1.31e-07 2.45e-05
18915 2.97400e+03 -8.01220e+00 4.05378e-07 5.04955e-08 1.97e-06 4.86e-09 4.85e-08 5.04e-09 8.17e-10 2.85e-11 1.63e-12 1.58e-08 5.05e-08 9.15e-07 2.00e-08 1.43e-07 1.45e-08 9.16e-09 9.16e-09 9.15e-09 1.26e-07 2.34e-05 9.15e-07 2.00e-08 1.43e-07 1.45e-08 9.16e-09 9.16e-09 9.15e-09 1.26e-07 2.34e-05
18960 2.97900e+03 -8.05988e+00 3.02316e-07 6.05802e-08 1.46e-06 7.86e-09 4.14e-08 2.92e-09 6.57e-10 2.95e-11 7.49e-13 8.49e-09 6.06e-08 8.95e-07 1.97e-08 1.38e-07 1.43e-08 8.95e-09 8.95e-09 8.95e-09 1.21e-07 2.24e-05 8.95e-07 1.97e-08 1.38e-07 1.43e-08 8.95e-09 8.95e-09 8.95e-09 1.21e-07 2.24e-05
19005 2.98400e+03 -8.05510e+00 3.68412e-07 6.48668e-09 1.79e-06 4.99e-09 3.97e-08 3.12e-09 7.03e-10 9.00e-11 7.80e-13 1.19e-08 6.49e-09 8.73e-07 1.95e-08 1.33e-07 1.39e-08 8.73e-09 8.73e-09 8.73e-09 1.16e-07 2.14e-05 8.73e-07 1.95e-08 1.33e-07 1.39e-08 8.73e-09 8.73e-09 8.73e-09 1.16e-07 2.14e-05
19050 2.98900e+03 -8.08355e+00 2.87184e-07 1.16978e-08 1.38e-06 5.07e-09 4.04e-08 4.45e-09 1.10e-09 5.05e-11 4.51e-12 1.31e-08 1.17e-08 8.53e-07 1.89e-08 1.28e-07 1.36e-08 8.53e-09 8.53e-09 8.53e-09 1.11e-07 2.04e-05 8.53e-07 1.89e-08 1.28e-07 1.36e-08 8.53e-09 8.53e-09 8.53e-09 1.11e-07 2.04e-05
19095 2.99400e+03 -8.06022e+00 3.24522e-07 2.49151e-09 1.57e-06 1.64e-08 3.61e-08 3.32e-09 3.59e-10 1.65e-10 7.18e-13 9.88e-09 2.49e-09 8.33e-07 1.89e-08 1.23e-07 1.34e-08 8.33e-09 8.33e-09 8.32e-09 1.07e-07 1.95e-05 8.33e-07 1.89e-08 1.23e-07 1.34e-08 8.33e-09 8.33e-09 8.33e-09 1.07e-07 1.95e-05
19140 2.99900e+03 -8.11529e+00 2.95769e-07 1.97645e-07 1.43e-06 3.77e-09 3.95e-08 2.53e-09 4.58e-10 7.80e-11 1.43e-12 1.08e-08 1.98e-07 8.17e-07 1.89e-08 1.19e-07 1.32e-08 8.16e-09 8.16e-09 8.17e-09 1.03e-07 1.87e-05 8.17e-07 1.89e-08 1.19e-07 1.32e-08 8.17e-09 8.17e-09 8.17e-09 1.03e-07 1.87e-05
19185 3.00400e+03 -8.10815e+00 3.13426e-07 2.15649e-08 1.51e-06 8.56e-09 4.21e-08 2.17e-09 5.23e-10 3.45e-11 6.62e-13 8.72e-09 2.16e-08 7.98e-07 1.83e-08 1.15e-07 1.29e-08 7.98e-09 7.98e-09 7.98e-09 9.87e-08 1.79e-05 7.98e-07 1.83e-08 1.15e-07 1.29e-08 7.98e-09 7.98e-09 7.98e-09 9.87e-08 1.79e-05
19230 3.00900e+03 -8.09328e+00 4.22970e-07 3.53454e-08 2.07e-06 3.93e-09 4.10e-08 1.77e-09 3.92e-10 4.22e-11 1.59e-12 1.36e-08 3.53e-08 7.81e-07 1.79e-08 1.11e-07 1.26e-08 7.81e-09 7.81e-09 7.81e-09 9.47e-08 1.71e-05 7.81e-07 1.79e-08 1.11e-07 1.26e-08 7.81e-09 7.81e-09 7.81e-09 9.47e-08 1.71e-05
19275 3.01400e+03 -8.12267e+00 3.30423e-07 1.73408e-08 1.60e-06 8.67e-09 3.98e-08 1.93e-09 4.75e-10 3.82e-11 1.09e-11 1.01e-08 1.73e-08 7.66e-07 1.73e-08 1.07e-07 1.24e-08 7.66e-09 7.66e-09 7.66e-09 9.11e-08 1.63e-05 7.66e-07 1.73e-08 1.07e-07 1.24e-08 7.66e-09 7.66e-09 7.66e-09 9.11e-08 1.63e-05
19320 3.01900e+03 -8.06981e+00 3.12764e-07 9.11162e-08 1.49e-06 2.19e-08 4.55e-08 5.87e-09 1.10e-09 2.51e-11 4.55e-13 1.08e-08 9.11e-08 7.52e-07 1.72e-08 1.04e-07 1.22e-08 7.52e-09 7.52e-09 7.52e-09 8.79e-08 1.56e-05 7.52e-07 1.72e-08 1.04e-07 1.22e-08 7.52e-09 7.52e-09 7.52e-09 8.79e-08 1.56e-05
19365 3.02400e+03 -8.06933e+00 4.71086e-07 5.56925e-08 2.30e-06 1.17e-08 3.63e-08 3.45e-09 5.04e-10 1.10e-10 3.74e-13 1.16e-08 5.57e-08 7.39e-07 1.71e-08 1.00e-07 1.20e-08 7.38e-09 7.39e-09 7.39e-09 8.45e-08 1.49e-05 7.39e-07 1.71e-08 1.00e-07 1.20e-08 7.39e-09 7.39e-09 7.39e-09 8.45e-08 1.49e-05
19410 3.02900e+03 -8.00238e+00 3.26527e-07 8.89430e-09 1.54e-06 4.76e-08 3.94e-08 4.92e-09 1.18e-09 2.53e-11 3.65e-13 1.18e-08 8.89e-09 7.23e-07 1.65e-08 9.70e-08 1.17e-08 7.23e-09 7.23e-09 7.23e-09 8.11e-08 1.43e-05 7.23e-07 1.65e-08 9.70e-08 1.17e-08 7.23e-09 7.23e-09 7.23e-09 8.11e-08 1.43e-05
19455 3.03400e+03 -8.09578e+00 3.54785e-07 7.93711e-10 1.70e-06 1.45e-08 5.52e-08 5.64e-09 1.20e-09 1.21e-10 1.18e-12 1.14e-08 7.94e-10 7.10e-07 1.67e-08 9.39e-08 1.14e-08 7.10e-09 7.10e-09 7.10e-09 7.78e-08 1.36e-05 7.10e-07 1.67e-08 9.39e-08 1.14e-08 7.10e-09 7.10e-09 7.10e-09 7.78e-08 1.36e-05
19500 3.03900e+03 -8.15521e+00 3.77094e-07 1.01634e-08 1.84e-06 5.03e-09 4.04e-08 2.41e-09 5.41e-10 9.32e-11 1.93e-12 1.13e-08 1.02e-08 6.96e-07 1.62e-08 9.09e-08 1.11e-08 6.96e-09 6.96e-09 6.96e-09 7.46e-08 1.30e-05 6.96e-07 1.62e-08 9.09e-08 1.11e-08 6.96e-09 6.96e-09 6.96e-09 7.46e-08 1.30e-05
19545 3.04400e+03 -7.92700e+00 3.74342e-07 4.57591e-08 1.75e-06 3.11e-08 6.70e-08 2.01e-08 3.45e-09 3.20e-10 8.75e-12 3.84e-08 4.58e-08 6.89e-07 1.60e-08 8.89e-08 1.13e-08 6.86e-09 6.86e-09 6.86e-09 7.27e-08 1.25e-05 6.89e-07 1.60e-08 8.89e-08 1.13e-08 6.89e-09 6.89e-09 6.89e-09 7.27e-08 1.25e-05
19590 3.04900e+03 -8.06074e+00 4.04534e-07 1.06851e-09 1.94e-06 5.60e-09 6.37e-08 1.20e-08 2.80e-09 8.05e-11 4.82e-12 2.76e-08 1.07e-09 6.80e-07 1.65e-08 8.84e-08 1.17e-08 6.81e-09 6.80e-09 6.80e-09 7.11e-08 1.19e-05 6.80e-07 1.65e-08 8.84e-08 1.17e-08 6.81e-09 6.80e-09 6.80e-09 7.11e-08 1.19e-05
19635 3.05400e+03 -8.13202e+00 3.04970e-07 1.38713e-09 1.45e-06 1.81e-08 4.69e-08 5.23e-09 1.13e-09 1.85e-11 8.36e-12 1.39e-08 1.39e-09 6.69e-07 1.60e-08 8.61e-08 1.16e-08 6.68e-09 6.69e-09 6.68e-09 6.86e-08 1.14e-05 6.69e-07 1.60e-08 8.61e-08 1.16e-08 6.69e-09 6.69e-09 6.69e-09 6.86e-08 1.14e-05
19680 3.05900e+03 -8.18948e+00 3.11123e-07 1.89492e-09 1.51e-06 1.28e-08 3.27e-08 2.05e-09 4.99e-10 5.16e-11 2.62e-12 7.09e-09 1.89e-09 6.57e-07 1.56e-08 8.34e-08 1.13e-08 6.57e-09 6.57e-09 6.57e-09 6.59e-08 1.09e-05 6.57e-07 1.56e-08 8.34e-08 1.13e-08 6.57e-09 6.57e-09 6.57e-09 6.59e-08 1.09e-05
19725 3.06400e+03 -7.57944e+00 4.21689e-07 3.59432e-08 1.93e-06 1.48e-08 9.28e-08 5.86e-08 1.38e-08 3.61e-11 2.86e-12 1.61e-07 3.59e-08 6.46e-07 1.56e-08 8.08e-08 1.11e-08 6.45e-09 6.46e-09 6.46e-09 6.34e-08 1.04e-05 6.46e-07 1.56e-08 8.08e-08 1.11e-08 6.46e-09 6.46e-09 6.46e-09 6.34e-08 1.04e-05
19770 3.06900e+03 -8.05944e+00 4.42999e-07 3.61506e-09 2.13e-06 1.95e-08 5.27e-08 7.72e-09 1.72e-09 3.78e-10 3.65e-12 1.69e-08 3.62e-09 6.45e-07 1.55e-08 7.99e-08 1.12e-08 6.40e-09 6.40e-09 6.40e-09 6.15e-08 9.99e-06 6.45e-07 1.55e-08 7.99e-08 1.12e-08 6.45e-09 6.45e-09 6.45e-09 6.15e-08 9.99e-06
19815 3.07400e+03 -8.10104e+00 3.34744e-07 2.08567e-07 1.59e-06 1.75e-08 5.29e-08 8.86e-09 2.22e-09 3.58e-10 5.19e-12 2.32e-08 2.09e-07 6.40e-07 1.57e-08 7.85e-08 1.10e-08 6.37e-09 6.38e-09 6.36e-09 5.95e-08 9.55e-06 6.40e-07 1.57e-08 7.85e-08 1.10e-08 6.40e-09 6.40e-09 6.40e-09 5.95e-08 9.55e-06
19860 3.07900e+03 -8.04448e+00 4.43329e-07 3.38510e-08 2.14e-06 3.77e-08 3.21e-08 5.89e-09 4.36e-10 1.16e-10 1.81e-12 1.02e-08 3.39e-08 6.31e-07 1.53e-08 7.76e-08 1.12e-08 6.31e-09 6.31e-09 6.30e-09 5.81e-08 9.13e-06 6.31e-07 1.53e-08 7.76e-08 1.12e-08 6.31e-09 6.31e-09 6.31e-09 5.81e-08 9.13e-06
19905 3.08400e+03 -8.15133e+00 4.27466e-07 5.00569e-08 2.07e-06 8.39e-09 5.51e-08 3.36e-09 5.15e-10 2.40e-10 2.16e-13 1.37e-08 5.01e-08 6.25e-07 1.53e-08 7.72e-08 1.13e-08 6.25e-09 6.25e-09 6.25e-09 5.67e-08 8.73e-06 6.25e-07 1.53e-08 7.72e-08 1.13e-08 6.25e-09 6.25e-09 6.25e-09 5.67e-08 8.73e-06
19950 3.08900e+03 -7.98887e+00 3.40723e-07 1.50294e-07 1.58e-06 1.22e-08 8.41e-08 2.37e-08 5.84e-09 1.60e-10 1.85e-12 4.11e-08 1.50e-07 6.19e-07 1.50e-08 7.54e-08 1.12e-08 6.18e-09 6.19e-09 6.18e-09 5.48e-08 8.35e-06 6.19e-07 1.50e-08 7.54e-08 1.12e-08 6.19e-09 6.19e-09 6.19e-09 5.48e-08 8.35e-06
19995 3.09400e+03 -8.02441e+00 3.22340e-07 5.20699e-09 1.49e-06 4.83e-08 6.39e-08 9.70e-09 1.07e-09 2.06e-11 2.96e-13 1.42e-08 5.21e-09 6.10e-07 1.50e-08 7.41e-08 1.11e-08 6.10e-09 6.10e-09 6.10e-09 5.31e-08 7.98e-06 6.10e-07 1.50e-08 7.41e-08 1.11e-08 6.10e-09 6.10e-09 6.10e-09 5.31e-08 7.98e-06
20040 3.09900e+03 -8.20826e+00 3.75435e-07 6.65398e-08 1.83e-06 7.83e-09 3.69e-08 3.04e-09 5.60e-10 1.71e-10 1.74e-12 1.08e-08 6.65e-08 6.05e-07 1.50e-08 7.37e-08 1.11e-08 6.04e-09 6.04e-09 6.05e-09 5.15e-08 7.63e-06 6.05e-07 1.50e-08 7.37e-08 1.11e-08 6.05e-09 6.05e-09 6.05e-09 5.15e-08 7.63e-06
20077 3.10200e+03 -8.04799e+00 4.36663e-07 4.61365e-08 2.09e-06 3.22e-08 5.08e-08 6.95e-09 1.68e-09 9.95e-11 1.63e-12 1.95e-08 4.61e-08 6.00e-07 1.51e-08 7.27e-08 1.10e-08 6.00e-09 6.00e-09 6.00e-09 5.04e-08 7.42e-06 6.00e-07 1.51e-08 7.27e-08 1.10e-08 6.00e-09 6.00e-09 6.00e-09 5.04e-08 7.42e-06
20117 3.10600e+03 -8.13774e+00 4.70855e-07 2.01992e-07 2.29e-06 1.65e-08 4.07e-08 2.29e-09 2.38e-10 5.82e-10 1.72e-12 1.22e-08 2.02e-07 5.96e-07 1.52e-08 7.15e-08 1.09e-08 5.96e-09 5.96e-09 5.96e-09 4.93e-08 7.15e-06 5.96e-07 1.52e-08 7.15e-08 1.09e-08 5.96e-09 5.96e-09 5.96e-09 4.93e-08 7.15e-06
20157 3.11000e+03 -8.24095e+00 2.88564e-07 5.92764e-08 1.38e-06 4.86e-09 5.00e-08 5.15e-09 1.23e-09 1.06e-10 4.02e-12 1.45e-08 5.93e-08 5.93e-07 1.54e-08 7.03e-08 1.08e-08 5.93e-09 5.93e-09 5.93e-09 4.82e-08 6.87e-06 5.93e-07 1.54e-08 7.03e-08 1.08e-08 5.93e-09 5.93e-09 5.93e-09 4.82e-08 6.87e-06
20197 3.11400e+03 -8.21567e+00 3.80563e-07 7.72311e-10 1.85e-06 7.40e-09 3.95e-08 3.67e-09 7.65e-10 2.41e-10 3.68e-12 1.15e-08 7.72e-10 5.88e-07 1.50e-08 6.89e-08 1.08e-08 5.89e-09 5.88e-09 5.88e-09 4.70e-08 6.61e-06 5.88e-07 1.50e-08 6.89e-08 1.08e-08 5.89e-09 5.88e-09 5.88e-09 4.70e-08 6.61e-06
20237 3.11800e+03 -8.20375e+00 3.84187e-07 5.90840e-09 1.87e-06 1.00e-08 3.82e-08 4.26e-09 1.06e-09 2.25e-10 9.25e-13 1.24e-08 5.91e-09 5.82e-07 1.48e-08 6.72e-08 1.06e-08 5.82e-09 5.82e-09 5.82e-09 4.56e-08 6.35e-06 5.82e-07 1.48e-08 6.72e-08 1.06e-08 5.82e-09 5.82e-09 5.82e-09 4.56e-08 6.35e-06
20277 3.12200e+03 -7.92795e+00 5.14506e-07 6.95024e-08 2.47e-06 1.74e-08 6.18e-08 2.18e-08 5.51e-09 4.45e-10 2.63e-12 4.15e-08 6.95e-08 5.79e-07 1.46e-08 6.59e-08 1.05e-08 5.76e-09 5.77e-09 5.76e-09 4.44e-08 6.10e-06 5.79e-07 1.46e-08 6.59e-08 1.05e-08 5.79e-09 5.79e-09 5.79e-09 4.44e-08 6.10e-06
20317 3.12600e+03 -8.23377e+00 3.64616e-07 7.58600e-08 1.76e-06 4.54e-09 5.04e-08 3.99e-09 9.67e-10 2.73e-10 2.91e-12 1.10e-08 7.59e-08 5.76e-07 1.53e-08 6.55e-08 1.04e-08 5.76e-09 5.76e-09 5.75e-09 4.33e-08 5.86e-06 5.76e-07 1.53e-08 6.55e-08 1.04e-08 5.76e-09 5.76e-09 5.76e-09 4.33e-08 5.86e-06
20357 3.13000e+03 -8.29184e+00 2.93316e-07 1.01055e-08 1.42e-06 4.43e-09 3.87e-08 3.44e-09 8.20e-10 1.69e-10 1.37e-12 9.10e-09 1.01e-08 5.70e-07 1.50e-08 6.42e-08 1.03e-08 5.70e-09 5.70e-09 5.70e-09 4.20e-08 5.63e-06 5.70e-07 1.50e-08 6.42e-08 1.03e-08 5.70e-09 5.70e-09 5.70e-09 4.20e-08 5.63e-06
20397 3.13400e+03 -8.25506e+00 3.28002e-07 8.62012e-08 1.59e-06 5.40e-09 4.14e-08 5.26e-09 1.21e-09 6.59e-11 1.13e-12 1.40e-08 8.62e-08 5.65e-07 1.46e-08 6.28e-08 1.02e-08 5.65e-09 5.64e-09 5.64e-09 4.09e-08 5.42e-06 5.65e-07 1.46e-08 6.28e-08 1.02e-08 5.65e-09 5.65e-09 5.65e-09 4.09e-08 5.42e-06
20437 3.13800e+03 -8.14909e+00 4.65094e-07 2.38639e-07 2.26e-06 1.41e-08 4.40e-08 4.75e-09 9.70e-10 1.80e-10 1.74e-12 2.06e-08 2.39e-07 5.63e-07 1.43e-08 6.21e-08 1.02e-08 5.61e-09 5.63e-09 5.63e-09 4.04e-08 5.21e-06 5.63e-07 1.43e-08 6.21e-08 1.02e-08 5.63e-09 5.63e-09 5.63e-09 4.04e-08 5.21e-06
20477 3.14200e+03 -8.22289e+00 3.47931e-07 5.52524e-09 1.68e-06 1.49e-08 3.86e-08 4.90e-09 1.16e-09 1.42e-10 2.97e-12 1.30e-08 5.53e-09 5.58e-07 1.41e-08 6.10e-08 1.02e-08 5.57e-09 5.58e-09 5.58e-09 3.94e-08 5.01e-06 5.58e-07 1.41e-08 6.10e-08 1.02e-08 5.58e-09 5.58e-09 5.58e-09 3.94e-08 5.01e-06
20517 3.14600e+03 -8.15755e+00 4.19940e-07 7.86419e-10 2.03e-06 2.52e-08 4.44e-08 3.84e-09 8.18e-10 9.71e-11 1.84e-12 1.28e-08 7.86e-10 5.57e-07 1.45e-08 6.03e-08 1.01e-08 5.57e-09 5.55e-09 5.55e-09 3.85e-08 4.81e-06 5.57e-07 1.45e-08 6.03e-08 1.01e-08 5.57e-09 5.57e-09 5.57e-09 3.85e-08 4.81e-06
20557 3.15000e+03 -8.22694e+00 3.34533e-07 2.10053e-07 1.60e-06 1.00e-08 5.05e-08 6.56e-09 1.40e-09 1.87e-10 1.86e-12 1.54e-08 2.10e-07 5.57e-07 1.45e-08 5.95e-08 1.00e-08 5.55e-09 5.54e-09 5.55e-09 3.79e-08 4.63e-06 5.57e-07 1.45e-08 5.95e-08 1.00e-08 5.57e-09 5.57e-09 5.57e-09 3.79e-08 4.63e-06
20597 3.15400e+03 -8.17333e+00 4.53680e-07 1.56852e-07 2.21e-06 6.83e-09 4.53e-08 6.86e-09 1.62e-09 5.24e-10 7.37e-13 2.01e-08 1.57e-07 5.58e-07 1.43e-08 5.92e-08 1.00e-08 5.54e-09 5.54e-09 5.55e-09 3.71e-08 4.45e-06 5.58e-07 1.43e-08 5.92e-08 1.00e-08 5.58e-09 5.58e-09 5.58e-09 3.71e-08 4.45e-06
20637 3.15800e+03 -8.17020e+00 3.80471e-07 1.27469e-07 1.82e-06 1.27e-08 5.37e-08 9.87e-09 2.29e-09 1.93e-10 1.92e-12 1.59e-08 1.27e-07 5.59e-07 1.43e-08 5.91e-08 9.99e-09 5.54e-09 5.54e-09 5.55e-09 3.64e-08 4.28e-06 5.59e-07 1.43e-08 5.91e-08 9.99e-09 5.59e-09 5.59e-09 5.59e-09 3.64e-08 4.28e-06
20677 3.16200e+03 -8.16159e+00 4.37461e-07 8.77660e-09 2.11e-06 2.06e-08 5.49e-08 4.82e-09 7.95e-10 4.90e-10 1.34e-12 1.14e-08 8.78e-09 5.60e-07 1.43e-08 5.94e-08 9.96e-09 5.54e-09 5.54e-09 5.55e-09 3.58e-08 4.11e-06 5.60e-07 1.43e-08 5.94e-08 9.96e-09 5.60e-09 5.60e-09 5.60e-09 3.58e-08 4.11e-06
20717 3.16600e+03 -8.11741e+00 3.83090e-07 1.58207e-08 1.82e-06 1.39e-08 6.07e-08 1.53e-08 3.12e-09 1.32e-10 4.75e-12 2.28e-08 1.58e-08 5.60e-07 1.45e-08 5.96e-08 1.01e-08 5.54e-09 5.54e-09 5.55e-09 3.56e-08 3.96e-06 5.60e-07 1.45e-08 5.96e-08 1.01e-08 5.60e-09 5.60e-09 5.60e-09 3.56e-08 3.96e-06
20757 3.17000e+03 -8.22120e+00 3.30819e-07 3.07651e-08 1.59e-06 6.56e-09 4.81e-08 9.50e-09 2.39e-09 8.59e-11 8.95e-12 2.41e-08 3.08e-08 5.54e-07 1.42e-08 5.92e-08 1.01e-08 5.54e-09 5.54e-09 5.53e-09 3.50e-08 3.81e-06 5.54e-07 1.42e-08 5.92e-08 1.01e-08 5.54e-09 5.54e-09 5.54e-09 3.50e-08 3.81e-06
20797 3.17400e+03 -8.18636e+00 4.10327e-07 1.75733e-07 1.98e-06 1.34e-08 5.45e-08 6.08e-09 1.35e-09 6.08e-11 7.20e-12 1.98e-08 1.76e-07 5.50e-07 1.39e-08 5.82e-08 1.01e-08 5.49e-09 5.49e-09 5.48e-09 3.44e-08 3.67e-06 5.50e-07 1.39e-08 5.82e-08 1.01e-08 5.50e-09 5.50e-09 5.50e-09 3.44e-08 3.67e-06
20837 3.17800e+03 -8.30647e+00 3.36967e-07 1.67671e-08 1.64e-06 6.90e-09 3.58e-08 3.44e-09 6.60e-10 3.45e-10 4.96e-12 9.39e-09 1.68e-08 5.46e-07 1.39e-08 5.72e-08 9.93e-09 5.46e-09 5.45e-09 5.44e-09 3.37e-08 3.53e-06 5.46e-07 1.39e-08 5.72e-08 9.93e-09 5.46e-09 5.46e-09 5.46e-09 3.37e-08 3.53e-06
20877 3.18200e+03 -8.32218e+00 3.19352e-07 3.28710e-08 1.55e-06 6.15e-09 3.87e-08 3.59e-09 7.06e-10 8.92e-11 2.16e-12 9.13e-09 3.29e-08 5.42e-07 1.38e-08 5.60e-08 9.79e-09 5.42e-09 5.41e-09 5.42e-09 3.28e-08 3.39e-06 5.42e-07 1.38e-08 5.60e-08 9.79e-09 5.42e-09 5.42e-09 5.42e-09 3.28e-08 3.39e-06
20917 3.18600e+03 -8.13392e+00 4.40229e-07 8.78660e-08 2.09e-06 1.06e-08 8.57e-08 8.49e-09 2.17e-09 1.95e-10 2.71e-12 2.41e-08 8.79e-08 5.47e-07 1.38e-08 5.56e-08 9.67e-09 5.38e-09 5.37e-09 5.39e-09 3.20e-08 3.26e-06 5.47e-07 1.38e-08 5.56e-08 9.67e-09 5.47e-09 5.47e-09 5.47e-09 3.20e-08 3.26e-06
20957 3.19000e+03 -8.31716e+00 3.48239e-07 9.06549e-08 1.69e-06 4.51e-09 4.65e-08 2.46e-09 6.08e-10 8.81e-11 7.56e-12 1.06e-08 9.07e-08 5.46e-07 1.38e-08 5.56e-08 9.61e-09 5.38e-09 5.37e-09 5.39e-09 3.14e-08 3.14e-06 5.46e-07 1.38e-08 5.56e-08 9.61e-09 5.46e-09 5.46e-09 5.46e-09 3.14e-08 3.14e-06
20997 3.19400e+03 -8.29994e+00 3.66671e-07 1.93828e-08 1.78e-06 4.32e-09 4.28e-08 4.30e-09 1.02e-09 1.14e-10 9.72e-13 1.04e-08 1.94e-08 5.50e-07 1.40e-08 5.60e-08 9.65e-09 5.38e-09 5.37e-09 5.39e-09 3.12e-08 3.02e-06 5.50e-07 1.40e-08 5.60e-08 9.65e-09 5.50e-09 5.50e-09 5.50e-09 3.12e-08 3.02e-06
21037 3.19800e+03 -8.29176e+00 3.60021e-07 5.15866e-09 1.75e-06 3.39e-09 4.45e-08 5.45e-09 1.25e-09 1.30e-10 1.06e-11 1.46e-08 5.16e-09 5.46e-07 1.38e-08 5.58e-08 9.72e-09 5.38e-09 5.37e-09 5.39e-09 3.10e-08 2.92e-06 5.46e-07 1.38e-08 5.58e-08 9.72e-09 5.46e-09 5.46e-09 5.46e-09 3.10e-08 2.92e-06
21077 3.20200e+03 -8.31860e+00 3.49251e-07 5.75235e-08 1.69e-06 7.63e-09 4.12e-08 2.39e-09 5.42e-10 1.97e-10 1.35e-11 9.64e-09 5.75e-08 5.38e-07 1.36e-08 5.54e-08 9.72e-09 5.38e-09 5.37e-09 5.38e-09 3.07e-08 2.82e-06 5.38e-07 1.36e-08 5.54e-08 9.72e-09 5.38e-09 5.38e-09 5.38e-09 3.07e-08 2.82e-06
21117 3.20600e+03 -8.29218e+00 3.88371e-07 1.09199e-07 1.89e-06 3.68e-09 4.48e-08 4.54e-09 6.53e-10 5.34e-11 5.12e-12 1.46e-08 1.09e-07 5.36e-07 1.36e-08 5.46e-08 9.65e-09 5.35e-09 5.35e-09 5.35e-09 3.01e-08 2.71e-06 5.36e-07 1.36e-08 5.46e-08 9.65e-09 5.36e-09 5.36e-09 5.36e-09 3.01e-08 2.71e-06
21157 3.21000e+03 -8.22592e+00 4.35622e-07 6.06832e-08 2.12e-06 1.85e-08 3.88e-08 2.76e-09 6.73e-10 2.12e-10 3.39e-12 1.44e-08 6.07e-08 5.32e-07 1.32e-08 5.38e-08 9.60e-09 5.32e-09 5.32e-09 5.32e-09 2.96e-08 2.61e-06 5.32e-07 1.32e-08 5.38e-08 9.60e-09 5.32e-09 5.32e-09 5.32e-09 2.96e-08 2.61e-06
21197 3.21400e+03 -8.18721e+00 3.70069e-07 4.16217e-08 1.77e-06 3.58e-08 4.13e-08 4.14e-09 9.46e-10 3.36e-11 2.75e-12 1.26e-08 4.16e-08 5.29e-07 1.34e-08 5.27e-08 9.47e-09 5.29e-09 5.29e-09 5.29e-09 2.90e-08 2.52e-06 5.29e-07 1.34e-08 5.27e-08 9.47e-09 5.29e-09 5.29e-09 5.29e-09 2.90e-08 2.52e-06
21237 3.21800e+03 -8.34400e+00 3.51619e-07 3.78393e-09 1.71e-06 6.43e-09 3.52e-08 2.26e-09 5.60e-10 1.72e-10 3.09e-12 9.56e-09 3.78e-09 5.29e-07 1.36e-08 5.23e-08 9.38e-09 5.28e-09 5.29e-09 5.29e-09 2.85e-08 2.42e-06 5.29e-07 1.36e-08 5.23e-08 9.38e-09 5.29e-09 5.29e-09 5.29e-09 2.85e-08 2.42e-06
21277 3.22200e+03 -8.32243e+00 3.09820e-07 1.34371e-07 1.49e-06 8.83e-09 4.30e-08 5.07e-09 1.28e-09 2.42e-10 4.04e-12 1.10e-08 1.34e-07 5.27e-07 1.33e-08 5.17e-08 9.24e-09 5.25e-09 5.26e-09 5.26e-09 2.80e-08 2.33e-06 5.27e-07 1.33e-08 5.17e-08 9.24e-09 5.27e-09 5.27e-09 5.27e-09 2.80e-08 2.33e-06
21317 3.22600e+03 -7.99156e+00 4.45626e-07 4.38703e-08 2.13e-06 1.82e-08 5.20e-08 2.26e-08 5.42e-09 5.61e-11 9.61e-12 4.68e-08 4.39e-08 5.25e-07 1.31e-08 5.16e-08 9.23e-09 5.24e-09 5.23e-09 5.25e-09 2.77e-08 2.24e-06 5.25e-07 1.31e-08 5.16e-08 9.23e-09 5.25e-09 5.25e-09 5.25e-09 2.77e-08 2.24e-06
21357 3.23000e+03 -8.30449e+00 3.41863e-07 2.29473e-08 1.65e-06 7.65e-09 4.20e-08 7.12e-09 1.25e-09 1.28e-10 1.24e-11 1.34e-08 2.29e-08 5.22e-07 1.30e-08 5.13e-08 9.16e-09 5.20e-09 5.21e-09 5.22e-09 2.72e-08 2.15e-06 5.22e-07 1.30e-08 5.13e-08 9.16e-09 5.22e-09 5.22e-09 5.22e-09 2.72e-08 2.15e-06
21397 3.23400e+03 -8.31524e+00 3.09090e-07 7.83491e-08 1.48e-06 7.71e-09 4.73e-08 6.56e-09 1.39e-09 4.00e-11 1.91e-12 1.60e-08 7.83e-08 5.21e-07 1.29e-08 5.11e-08 9.16e-09 5.20e-09 5.18e-09 5.19e-09 2.70e-08 2.07e-06 5.21e-07 1.29e-08 5.11e-08 9.16e-09 5.21e-09 5.21e-09 5.21e-09 2.70e-08 2.07e-06
21437 3.23800e+03 -8.17672e+00 4.68870e-07 3.17410e-08 2.24e-06 7.60e-09 9.17e-08 6.69e-09 1.56e-09 5.80e-11 5.00e-12 2.13e-08 3.17e-08 5.21e-07 1.29e-08 5.16e-08 9.23e-09 5.20e-09 5.18e-09 5.19e-09 2.70e-08 2.00e-06 5.21e-07 1.29e-08 5.16e-08 9.23e-09 5.21e-09 5.21e-09 5.21e-09 2.70e-08 2.00e-06
21477 3.24200e+03 -8.32001e+00 3.23243e-07 5.47325e-08 1.56e-06 1.09e-08 4.04e-08 5.29e-09 1.30e-09 6.78e-11 4.67e-12 1.25e-08 5.47e-08 5.28e-07 1.30e-08 5.24e-08 9.23e-09 5.20e-09 5.18e-09 5.19e-09 2.68e-08 1.93e-06 5.28e-07 1.30e-08 5.24e-08 9.23e-09 5.28e-09 5.28e-09 5.28e-09 2.68e-08 1.93e-06
21517 3.24600e+03 -8.22908e+00 3.65270e-07 5.26196e-08 1.74e-06 1.45e-08 5.81e-08 8.47e-09 1.88e-09 8.64e-11 1.57e-12 1.93e-08 5.26e-08 5.30e-07 1.30e-08 5.26e-08 9.20e-09 5.20e-09 5.18e-09 5.19e-09 2.66e-08 1.85e-06 5.30e-07 1.30e-08 5.26e-08 9.20e-09 5.30e-09 5.30e-09 5.30e-09 2.66e-08 1.85e-06
21557 3.25000e+03 -8.32905e+00 2.75699e-07 1.48203e-08 1.32e-06 2.36e-08 3.39e-08 3.42e-09 7.13e-10 4.83e-11 1.62e-12 8.48e-09 1.48e-08 5.38e-07 1.32e-08 5.35e-08 9.19e-09 5.20e-09 5.18e-09 5.19e-09 2.64e-08 1.78e-06 5.38e-07 1.32e-08 5.35e-08 9.19e-09 5.38e-09 5.38e-09 5.38e-09 2.64e-08 1.78e-06
21597 3.25400e+03 -8.24791e+00 4.20489e-07 3.50785e-09 2.04e-06 2.15e-08 3.65e-08 5.16e-09 5.13e-10 1.54e-10 2.71e-12 1.12e-08 3.51e-09 5.44e-07 1.32e-08 5.38e-08 9.18e-09 5.20e-09 5.18e-09 5.19e-09 2.62e-08 1.72e-06 5.44e-07 1.32e-08 5.38e-08 9.18e-09 5.44e-09 5.44e-09 5.44e-09 2.62e-08 1.72e-06
21637 3.25800e+03 -8.27868e+00 3.82365e-07 2.01652e-07 1.84e-06 8.51e-09 5.50e-08 5.61e-09 1.39e-09 8.09e-11 1.68e-12 1.52e-08 2.02e-07 5.61e-07 1.34e-08 5.54e-08 9.25e-09 5.20e-09 5.18e-09 5.19e-09 2.61e-08 1.65e-06 5.61e-07 1.34e-08 5.54e-08 9.25e-09 5.61e-09 5.61e-09 5.61e-09 2.61e-08 1.65e-06
21677 3.26200e+03 -8.33252e+00 3.13767e-07 3.42991e-08 1.51e-06 5.56e-09 4.81e-08 6.39e-09 1.37e-09 4.24e-10 4.07e-12 1.50e-08 3.43e-08 5.56e-07 1.33e-08 5.50e-08 9.17e-09 5.20e-09 5.18e-09 5.19e-09 2.58e-08 1.59e-06 5.56e-07 1.33e-08 5.50e-08 9.17e-09 5.56e-09 5.56e-09 5.56e-09 2.58e-08 1.59e-06
21717 3.26600e+03 -8.33084e+00 3.18780e-07 3.84609e-08 1.52e-06 1.25e-08 5.33e-08 3.27e-09 7.30e-10 1.05e-10 3.18e-12 1.36e-08 3.85e-08 5.53e-07 1.31e-08 5.45e-08 9.12e-09 5.20e-09 5.18e-09 5.19e-09 2.55e-08 1.53e-06 5.53e-07 1.31e-08 5.45e-08 9.12e-09 5.53e-09 5.53e-09 5.53e-09 2.55e-08 1.53e-06
21757 3.27000e+03 -8.06688e+00 5.54538e-07 1.84235e-08 2.67e-06 2.63e-08 6.62e-08 1.26e-08 1.26e-09 2.24e-10 9.85e-12 2.11e-08 1.84e-08 5.54e-07 1.30e-08 5.49e-08 9.24e-09 5.20e-09 5.18e-09 5.19e-09 2.56e-08 1.47e-06 5.54e-07 1.30e-08 5.49e-08 9.24e-09 5.54e-09 5.54e-09 5.54e-09 2.56e-08 1.47e-06
21797 3.27400e+03 1.99003e-01 6.61805e-07 1.28352e-08 1.86e-06 1.86e-08 7.03e-07 5.85e-07 1.38e-07 5.11e-11 4.94e-12 1.41e-06 1.28e-08 5.57e-07 1.30e-08 5.56e-08 9.42e-09 5.20e-09 5.18e-09 5.19e-09 2.58e-08 1.42e-06 5.57e-07 1.30e-08 5.56e-08 9.42e-09 5.57e-09 5.57e-09 5.57e-09 2.58e-08 1.42e-06
21837 3.27800e+03 -8.30161e+00 3.20454e-07 5.10613e-08 1.54e-06 9.45e-09 4.03e-08 8.18e-09 2.05e-09 1.72e-10 4.78e-12 1.87e-08 5.11e-08 5.65e-07 1.34e-08 5.86e-08 9.85e-09 5.20e-09 5.18e-09 5.19e-09 2.66e-08 1.38e-06 5.65e-07 1.34e-08 5.86e-08 9.85e-09 5.65e-09 5.65e-09 5.65e-09 2.66e-08 1.38e-06
21877 3.28200e+03 -8.31943e+00 3.74207e-07 1.22603e-07 1.82e-06 5.54e-09 4.35e-08 5.04e-09 9.72e-10 8.34e-11 3.00e-12 1.77e-08 1.23e-07 5.59e-07 1.32e-08 5.79e-08 9.83e-09 5.20e-09 5.18e-09 5.19e-09 2.65e-08 1.32e-06 5.59e-07 1.32e-08 5.79e-08 9.83e-09 5.59e-09 5.59e-09 5.59e-09 2.65e-08 1.32e-06
21917 3.28600e+03 -8.38009e+00 2.93751e-07 2.24968e-08 1.41e-06 8.98e-09 4.52e-08 2.95e-09 7.29e-10 6.74e-11 1.02e-12 1.11e-08 2.25e-08 5.51e-07 1.29e-08 5.71e-08 9.77e-09 5.20e-09 5.18e-09 5.19e-09 2.63e-08 1.27e-06 5.51e-07 1.29e-08 5.71e-08 9.77e-09 5.51e-09 5.51e-09 5.51e-09 2.63e-08 1.27e-06
21957 3.29000e+03 -8.15706e+00 3.33545e-07 9.82898e-08 1.56e-06 5.44e-08 4.45e-08 3.35e-09 6.95e-10 4.00e-11 1.82e-12 1.49e-08 9.83e-08 5.45e-07 1.27e-08 5.62e-08 9.71e-09 5.20e-09 5.18e-09 5.19e-09 2.61e-08 1.22e-06 5.45e-07 1.27e-08 5.62e-08 9.71e-09 5.45e-09 5.45e-09 5.45e-09 2.61e-08 1.22e-06
21997 3.29400e+03 -8.34518e+00 3.79255e-07 2.96445e-08 1.84e-06 4.02e-09 4.51e-08 4.67e-09 1.18e-09 3.32e-11 2.37e-12 1.35e-08 2.96e-08 5.37e-07 1.28e-08 5.52e-08 9.63e-09 5.20e-09 5.18e-09 5.19e-09 2.59e-08 1.18e-06 5.37e-07 1.28e-08 5.52e-08 9.63e-09 5.37e-09 5.37e-09 5.37e-09 2.59e-08 1.18e-06
22037 3.29800e+03 -8.32934e+00 3.77722e-07 7.62303e-08 1.83e-06 1.44e-08 3.81e-08 3.25e-09 6.45e-10 6.18e-11 1.18e-12 1.03e-08 7.62e-08 5.30e-07 1.27e-08 5.42e-08 9.55e-09 5.20e-09 5.18e-09 5.19e-09 2.56e-08 1.13e-06 5.30e-07 1.27e-08 5.42e-08 9.55e-09 5.30e-09 5.30e-09 5.30e-09 2.56e-08 1.13e-06
22077 3.30200e+03 -8.33605e+00 3.20188e-07 1.16539e-08 1.54e-06 1.03e-08 4.24e-08 7.62e-09 1.79e-09 1.18e-10 1.68e-12 1.29e-08 1.17e-08 5.30e-07 1.29e-08 5.36e-08 9.49e-09 5.20e-09 5.18e-09 5.19e-09 2.54e-08 1.09e-06 5.30e-07 1.29e-08 5.36e-08 9.49e-09 5.30e-09 5.30e-09 5.30e-09 2.54e-08 1.09e-06
22117 3.30600e+03 -8.42754e+00 2.96773e-07 7.41789e-08 1.44e-06 3.86e-09 3.43e-08 3.41e-09 7.29e-10 1.30e-10 1.20e-12 9.07e-09 7.42e-08 5.23e-07 1.27e-08 5.28e-08 9.41e-09 5.20e-09 5.18e-09 5.19e-09 2.51e-08 1.04e-06 5.23e-07 1.27e-08 5.28e-08 9.41e-09 5.23e-09 5.23e-09 5.23e-09 2.51e-08 1.04e-06
22157 3.31000e+03 -8.25667e+00 3.93940e-07 1.94326e-08 1.90e-06 1.02e-08 4.93e-08 1.04e-08 2.07e-09 3.94e-11 2.10e-12 2.26e-08 1.94e-08 5.20e-07 1.24e-08 5.22e-08 9.33e-09 5.15e-09 5.15e-09 5.16e-09 2.49e-08 1.00e-06 5.20e-07 1.24e-08 5.22e-08 9.33e-09 5.20e-09 5.20e-09 5.20e-09 2.49e-08 1.00e-06
22197 3.31400e+03 -8.37293e+00 3.51803e-07 6.73775e-09 1.70e-06 4.84e-09 4.47e-08 5.19e-09 1.25e-09 7.12e-11 1.42e-12 1.18e-08 6.74e-09 5.20e-07 1.23e-08 5.19e-08 9.28e-09 5.15e-09 5.14e-09 5.15e-09 2.47e-08 9.67e-07 5.20e-07 1.23e-08 5.19e-08 9.28e-09 5.20e-09 5.20e-09 5.20e-09 2.47e-08 9.67e-07
22237 3.31800e+03 -8.38094e+00 3.82199e-07 8.75230e-08 1.87e-06 5.69e-09 3.65e-08 3.03e-09 5.40e-10 6.21e-11 2.94e-12 1.03e-08 8.75e-08 5.29e-07 1.25e-08 5.24e-08 9.27e-09 5.15e-09 5.14e-09 5.15e-09 2.47e-08 9.30e-07 5.29e-07 1.25e-08 5.24e-08 9.27e-09 5.29e-09 5.29e-09 5.29e-09 2.47e-08 9.30e-07
22277 3.32200e+03 -8.29880e+00 3.35289e-07 9.73568e-09 1.61e-06 1.22e-08 4.34e-08 1.03e-08 2.51e-09 6.20e-11 5.15e-12 1.73e-08 9.74e-09 5.27e-07 1.25e-08 5.22e-08 9.23e-09 5.15e-09 5.14e-09 5.15e-09 2.45e-08 8.95e-07 5.27e-07 1.25e-08 5.22e-08 9.23e-09 5.27e-09 5.27e-09 5.27e-09 2.45e-08 8.95e-07
22317 3.32600e+03 -8.26722e+00 3.76964e-07 7.09437e-09 1.81e-06 8.56e-09 5.07e-08 1.18e-08 2.61e-09 5.76e-11 1.90e-12 2.18e-08 7.09e-09 5.23e-07 1.25e-08 5.17e-08 9.16e-09 5.15e-09 5.14e-09 5.15e-09 2.43e-08 8.62e-07 5.23e-07 1.25e-08 5.17e-08 9.16e-09 5.23e-09 5.23e-09 5.23e-09 2.43e-08 8.62e-07
22357 3.33000e+03 -8.33344e+00 4.30891e-07 2.90503e-08 2.10e-06 6.49e-09 4.59e-08 4.06e-09 8.72e-10 5.27e-11 3.27e-12 1.51e-08 2.91e-08 5.24e-07 1.25e-08 5.16e-08 9.10e-09 5.15e-09 5.14e-09 5.15e-09 2.41e-08 8.30e-07 5.24e-07 1.25e-08 5.16e-08 9.10e-09 5.24e-09 5.24e-09 5.24e-09 2.41e-08 8.30e-07
22397 3.33400e+03 -8.03159e+00 3.46766e-07 1.05852e-07 1.60e-06 5.08e-08 6.83e-08 1.27e-08 2.39e-09 8.02e-10 4.19e-12 3.83e-08 1.06e-07 5.23e-07 1.25e-08 5.17e-08 9.08e-09 5.15e-09 5.14e-09 5.15e-09 2.40e-08 7.99e-07 5.23e-07 1.25e-08 5.17e-08 9.08e-09 5.23e-09 5.23e-09 5.23e-09 2.40e-08 7.99e-07
22437 3.33800e+03 -8.29684e+00 4.27319e-07 4.82122e-09 2.07e-06 7.53e-09 5.11e-08 8.29e-09 1.68e-09 1.72e-10 9.01e-12 1.47e-08 4.82e-09 5.26e-07 1.28e-08 5.21e-08 9.14e-09 5.15e-09 5.14e-09 5.15e-09 2.41e-08 7.70e-07 5.26e-07 1.28e-08 5.21e-08 9.14e-09 5.26e-09 5.26e-09 5.26e-09 2.41e-08 7.70e-07
22477 3.34200e+03 -8.11211e+00 7.27689e-07 6.83734e-08 3.56e-06 8.82e-09 6.07e-08 5.97e-09 1.47e-09 3.76e-10 5.97e-12 2.41e-08 6.84e-08 5.22e-07 1.26e-08 5.16e-08 9.10e-09 5.15e-09 5.14e-09 5.15e-09 2.39e-08 7.42e-07 5.22e-07 1.26e-08 5.16e-08 9.10e-09 5.22e-09 5.22e-09 5.22e-09 2.39e-08 7.42e-07
22517 3.34600e+03 -8.36419e+00 3.38584e-07 9.84282e-10 1.64e-06 2.05e-08 3.11e-08 3.54e-09 8.28e-10 6.55e-11 9.77e-13 9.74e-09 9.84e-10 5.23e-07 1.30e-08 5.13e-08 9.03e-09 5.15e-09 5.14e-09 5.15e-09 2.37e-08 7.14e-07 5.23e-07 1.30e-08 5.13e-08 9.03e-09 5.23e-09 5.23e-09 5.23e-09 2.37e-08 7.14e-07
22557 3.35000e+03 -7.73372e+00 1.07651e-06 2.71726e-08 5.24e-06 7.05e-09 1.16e-07 1.89e-08 4.54e-09 7.33e-11 2.43e-12 4.23e-08 2.72e-08 5.20e-07 1.29e-08 5.09e-08 8.98e-09 5.15e-09 5.14e-09 5.15e-09 2.35e-08 6.88e-07 5.20e-07 1.29e-08 5.09e-08 8.98e-09 5.20e-09 5.20e-09 5.20e-09 2.35e-08 6.88e-07
22597 3.35400e+03 -8.05832e+00 8.61209e-07 6.27925e-08 4.21e-06 1.27e-08 8.56e-08 2.14e-09 3.64e-10 4.41e-11 5.72e-12 1.82e-08 6.28e-08 5.22e-07 1.27e-08 5.12e-08 8.99e-09 5.15e-09 5.14e-09 5.15e-09 2.34e-08 6.63e-07 5.22e-07 1.27e-08 5.12e-08 8.99e-09 5.22e-09 5.22e-09 5.22e-09 2.34e-08 6.63e-07
22637 3.35800e+03 -8.33604e+00 3.33839e-07 3.14556e-07 1.59e-06 1.04e-08 6.59e-08 4.54e-09 1.04e-09 8.54e-11 2.30e-12 1.42e-08 3.15e-07 5.24e-07 1.26e-08 5.14e-08 8.92e-09 5.15e-09 5.14e-09 5.15e-09 2.32e-08 6.38e-07 5.24e-07 1.26e-08 5.14e-08 8.92e-09 5.24e-09 5.24e-09 5.24e-09 2.32e-08 6.38e-07
22677 3.36200e+03 -8.24221e+00 4.86451e-07 2.38013e-09 2.34e-06 9.42e-09 6.60e-08 1.06e-08 1.35e-09 3.73e-11 9.16e-13 1.70e-08 2.38e-09 5.24e-07 1.26e-08 5.15e-08 8.91e-09 5.15e-09 5.14e-09 5.15e-09 2.31e-08 6.15e-07 5.24e-07 1.26e-08 5.15e-08 8.91e-09 5.24e-09 5.24e-09 5.24e-09 2.31e-08 6.15e-07
22717 3.36600e+03 -8.32621e+00 4.62428e-07 3.15867e-08 2.25e-06 4.75e-09 4.39e-08 7.18e-09 1.37e-09 6.75e-11 1.47e-12 1.28e-08 3.16e-08 5.25e-07 1.25e-08 5.20e-08 8.93e-09 5.15e-09 5.14e-09 5.15e-09 2.31e-08 5.95e-07 5.25e-07 1.25e-08 5.20e-08 8.93e-09 5.25e-09 5.25e-09 5.25e-09 2.31e-08 5.95e-07
22757 3.37000e+03 -8.22129e+00 3.49354e-07 1.06585e-08 1.66e-06 1.95e-08 5.52e-08 1.21e-08 2.94e-09 8.24e-11 2.17e-12 3.21e-08 1.07e-08 5.22e-07 1.23e-08 5.17e-08 8.95e-09 5.15e-09 5.14e-09 5.15e-09 2.31e-08 5.73e-07 5.22e-07 1.23e-08 5.17e-08 8.95e-09 5.22e-09 5.22e-09 5.22e-09 2.31e-08 5.73e-07
22797 3.37400e+03 -8.31732e+00 3.77395e-07 4.86858e-09 1.80e-06 7.17e-09 6.66e-08 8.00e-09 2.02e-09 1.92e-10 1.66e-12 1.90e-08 4.87e-09 5.18e-07 1.24e-08 5.10e-08 8.88e-09 5.15e-09 5.14e-09 5.15e-09 2.30e-08 5.53e-07 5.18e-07 1.24e-08 5.10e-08 8.88e-09 5.18e-09 5.18e-09 5.18e-09 2.30e-08 5.53e-07
22837 3.37800e+03 -8.34462e+00 3.62640e-07 1.35795e-07 1.73e-06 7.14e-09 6.56e-08 5.25e-09 1.21e-09 4.07e-10 1.60e-12 1.63e-08 1.36e-07 5.18e-07 1.23e-08 5.04e-08 8.79e-09 5.15e-09 5.14e-09 5.15e-09 2.28e-08 5.33e-07 5.18e-07 1.23e-08 5.04e-08 8.79e-09 5.18e-09 5.18e-09 5.18e-09 2.28e-08 5.33e-07
22877 3.38200e+03 -8.33034e+00 4.52498e-07 1.73893e-08 2.20e-06 5.73e-09 4.88e-08 6.54e-09 1.48e-09 1.69e-10 2.24e-12 1.45e-08 1.74e-08 5.15e-07 1.22e-08 5.00e-08 8.71e-09 5.15e-09 5.14e-09 5.14e-09 2.26e-08 5.14e-07 5.15e-07 1.22e-08 5.00e-08 8.71e-09 5.15e-09 5.15e-09 5.15e-09 2.26e-08 5.14e-07
22917 3.38600e+03 -8.28219e+00 4.22392e-07 3.07081e-09 2.02e-06 1.10e-08 6.99e-08 6.89e-09 1.68e-09 1.11e-10 4.45e-12 2.25e-08 3.07e-09 5.17e-07 1.25e-08 5.08e-08 8.70e-09 5.12e-09 5.14e-09 5.12e-09 2.25e-08 4.97e-07 5.17e-07 1.25e-08 5.08e-08 8.70e-09 5.17e-09 5.17e-09 5.17e-09 2.25e-08 4.97e-07
22957 3.39000e+03 -8.14945e+00 3.22660e-07 1.93296e-08 1.49e-06 2.13e-08 7.53e-08 1.92e-08 4.92e-09 4.36e-11 2.80e-12 3.47e-08 1.93e-08 5.34e-07 1.31e-08 5.28e-08 8.93e-09 5.12e-09 5.14e-09 5.12e-09 2.30e-08 4.81e-07 5.34e-07 1.31e-08 5.28e-08 8.93e-09 5.34e-09 5.34e-09 5.34e-09 2.30e-08 4.81e-07
22997 3.39400e+03 -8.32377e+00 4.20807e-07 3.44019e-08 2.05e-06 9.50e-09 4.05e-08 6.93e-09 1.76e-09 1.28e-11 5.94e-12 1.97e-08 3.44e-08 5.43e-07 1.32e-08 5.38e-08 9.00e-09 5.12e-09 5.14e-09 5.12e-09 2.31e-08 4.66e-07 5.43e-07 1.32e-08 5.38e-08 9.00e-09 5.43e-09 5.43e-09 5.43e-09 2.31e-08 4.66e-07
23037 3.39800e+03 -8.23967e+00 3.74710e-07 1.17313e-08 1.80e-06 8.12e-09 4.77e-08 1.49e-08 3.69e-09 2.38e-11 1.07e-12 3.76e-08 1.17e-08 5.38e-07 1.29e-08 5.29e-08 8.91e-09 5.12e-09 5.14e-09 5.12e-09 2.28e-08 4.50e-07 5.38e-07 1.29e-08 5.29e-08 8.91e-09 5.38e-09 5.38e-09 5.38e-09 2.28e-08 4.50e-07
23077 3.40200e+03 -8.33984e+00 4.15630e-07 9.37351e-09 2.01e-06 6.24e-09 5.16e-08 7.16e-09 1.84e-09 2.74e-11 3.00e-12 1.79e-08 9.37e-09 5.34e-07 1.27e-08 5.19e-08 8.80e-09 5.12e-09 5.14e-09 5.12e-09 2.26e-08 4.33e-07 5.34e-07 1.27e-08 5.19e-08 8.80e-09 5.34e-09 5.34e-09 5.34e-09 2.26e-08 4.33e-07
23117 3.40600e+03 -8.38356e+00 4.41143e-07 1.71565e-09 2.16e-06 8.94e-09 3.39e-08 3.13e-09 6.54e-10 1.78e-10 3.54e-13 1.27e-08 1.72e-09 5.35e-07 1.26e-08 5.22e-08 8.85e-09 5.12e-09 5.14e-09 5.12e-09 2.26e-08 4.17e-07 5.35e-07 1.26e-08 5.22e-08 8.85e-09 5.35e-09 5.35e-09 5.35e-09 2.26e-08 4.17e-07
23157 3.41000e+03 -8.27233e+00 3.67810e-07 3.95346e-07 1.75e-06 6.59e-09 6.76e-08 9.03e-09 1.96e-09 2.06e-10 2.25e-12 2.29e-08 3.95e-07 5.32e-07 1.24e-08 5.18e-08 8.86e-09 5.12e-09 5.14e-09 5.12e-09 2.27e-08 4.02e-07 5.32e-07 1.24e-08 5.18e-08 8.86e-09 5.32e-09 5.32e-09 5.32e-09 2.27e-08 4.02e-07
23197 3.41400e+03 -8.18193e+00 5.63697e-07 4.98264e-08 2.74e-06 9.80e-09 5.25e-08 1.10e-08 2.69e-09 6.36e-11 8.54e-13 3.10e-08 4.98e-08 5.33e-07 1.25e-08 5.26e-08 9.00e-09 5.12e-09 5.14e-09 5.12e-09 2.29e-08 3.91e-07 5.33e-07 1.25e-08 5.26e-08 9.00e-09 5.33e-09 5.33e-09 5.33e-09 2.29e-08 3.91e-07
23237 3.41800e+03 -8.16227e+00 3.11899e-07 6.60322e-08 1.45e-06 6.78e-09 7.15e-08 2.90e-08 5.27e-09 3.85e-10 1.31e-12 3.37e-08 6.60e-08 5.34e-07 1.25e-08 5.28e-08 9.03e-09 5.12e-09 5.14e-09 5.12e-09 2.29e-08 3.77e-07 5.34e-07 1.25e-08 5.28e-08 9.03e-09 5.34e-09 5.34e-09 5.34e-09 2.29e-08 3.77e-07
23277 3.42200e+03 -8.38452e+00 2.80645e-07 1.61232e-07 1.34e-06 2.43e-08 3.80e-08 3.53e-09 5.72e-10 1.02e-10 3.10e-12 9.51e-09 1.61e-07 5.37e-07 1.26e-08 5.37e-08 9.16e-09 5.12e-09 5.14e-09 5.12e-09 2.32e-08 3.64e-07 5.37e-07 1.26e-08 5.37e-08 9.16e-09 5.37e-09 5.37e-09 5.37e-09 2.32e-08 3.64e-07
23317 3.42600e+03 -8.48583e+00 2.47833e-07 1.46628e-09 1.19e-06 1.22e-08 3.21e-08 3.41e-09 7.54e-10 2.45e-10 9.28e-13 8.92e-09 1.47e-09 5.30e-07 1.30e-08 5.32e-08 9.13e-09 5.12e-09 5.14e-09 5.12e-09 2.31e-08 3.51e-07 5.30e-07 1.30e-08 5.32e-08 9.13e-09 5.30e-09 5.30e-09 5.30e-09 2.31e-08 3.51e-07
23357 3.43000e+03 -8.45514e+00 2.78560e-07 4.93303e-09 1.34e-06 5.30e-09 4.34e-08 6.31e-09 1.47e-09 7.46e-11 6.32e-13 1.39e-08 4.93e-09 5.28e-07 1.27e-08 5.29e-08 9.15e-09 5.12e-09 5.14e-09 5.12e-09 2.31e-08 3.38e-07 5.28e-07 1.27e-08 5.29e-08 9.15e-09 5.28e-09 5.28e-09 5.28e-09 2.31e-08 3.38e-07
23397 3.43400e+03 -8.17026e+00 4.37672e-07 1.26475e-07 2.09e-06 3.14e-08 5.44e-08 1.12e-08 2.52e-09 3.39e-11 8.75e-13 2.23e-08 1.26e-07 5.23e-07 1.26e-08 5.22e-08 9.10e-09 5.12e-09 5.14e-09 5.12e-09 2.30e-08 3.26e-07 5.23e-07 1.26e-08 5.22e-08 9.10e-09 5.23e-09 5.23e-09 5.23e-09 2.30e-08 3.26e-07
23437 3.43800e+03 -8.40324e+00 3.98751e-07 2.14281e-09 1.94e-06 9.22e-09 4.24e-08 4.02e-09 8.45e-10 7.55e-11 1.59e-12 1.34e-08 2.14e-09 5.24e-07 1.25e-08 5.20e-08 9.04e-09 5.12e-09 5.14e-09 5.12e-09 2.29e-08 3.14e-07 5.24e-07 1.25e-08 5.20e-08 9.04e-09 5.24e-09 5.24e-09 5.24e-09 2.29e-08 3.14e-07
23477 3.44200e+03 -8.35083e+00 3.93923e-07 2.31755e-07 1.91e-06 1.44e-08 3.81e-08 3.83e-09 7.66e-10 1.73e-10 9.56e-13 1.25e-08 2.32e-07 5.22e-07 1.25e-08 5.13e-08 8.98e-09 5.12e-09 5.14e-09 5.12e-09 2.27e-08 3.04e-07 5.22e-07 1.25e-08 5.13e-08 8.98e-09 5.22e-09 5.22e-09 5.22e-09 2.27e-08 3.04e-07
23517 3.44600e+03 -8.40238e+00 3.12482e-07 8.00549e-09 1.50e-06 1.29e-08 4.43e-08 6.62e-09 1.65e-09 1.45e-11 4.14e-12 1.72e-08 8.01e-09 5.17e-07 1.25e-08 5.04e-08 8.88e-09 5.12e-09 5.14e-09 5.12e-09 2.24e-08 2.94e-07 5.17e-07 1.25e-08 5.04e-08 8.88e-09 5.17e-09 5.17e-09 5.17e-09 2.24e-08 2.94e-07
23557 3.45000e+03 -8.47112e+00 2.83557e-07 2.20745e-08 1.37e-06 5.14e-09 3.64e-08 7.38e-09 1.16e-09 1.56e-11 3.52e-12 1.22e-08 2.21e-08 5.20e-07 1.24e-08 5.06e-08 8.91e-09 5.12e-09 5.11e-09 5.12e-09 2.25e-08 2.84e-07 5.20e-07 1.24e-08 5.06e-08 8.91e-09 5.20e-09 5.20e-09 5.20e-09 2.25e-08 2.84e-07
23597 3.45400e+03 -8.13142e+00 7.17066e-07 3.42355e-08 3.50e-06 1.49e-08 6.18e-08 8.29e-09 1.58e-09 5.05e-10 2.75e-12 2.22e-08 3.42e-08 5.22e-07 1.25e-08 5.13e-08 8.96e-09 5.12e-09 5.11e-09 5.12e-09 2.26e-08 2.77e-07 5.22e-07 1.25e-08 5.13e-08 8.96e-09 5.22e-09 5.22e-09 5.22e-09 2.26e-08 2.77e-07
23637 3.45800e+03 -8.24463e+00 4.79590e-07 1.15578e-08 2.31e-06 3.09e-08 4.95e-08 6.06e-09 1.11e-09 6.61e-10 1.23e-11 1.42e-08 1.16e-08 5.26e-07 1.27e-08 5.17e-08 8.99e-09 5.12e-09 5.11e-09 5.12e-09 2.26e-08 2.67e-07 5.26e-07 1.27e-08 5.17e-08 8.99e-09 5.26e-09 5.26e-09 5.26e-09 2.26e-08 2.67e-07
23677 3.46200e+03 -8.44971e+00 3.86781e-07 4.82213e-08 1.89e-06 1.05e-08 3.67e-08 9.98e-10 2.42e-10 9.46e-11 9.31e-13 7.70e-09 4.82e-08 5.24e-07 1.28e-08 5.14e-08 8.96e-09 5.12e-09 5.11e-09 5.12e-09 2.25e-08 2.58e-07 5.24e-07 1.28e-08 5.14e-08 8.96e-09 5.24e-09 5.24e-09 5.24e-09 2.25e-08 2.58e-07
23717 3.46600e+03 -8.35443e+00 3.28060e-07 9.94530e-08 1.56e-06 1.19e-08 6.33e-08 8.02e-09 1.04e-09 2.20e-10 3.24e-12 2.09e-08 9.95e-08 5.17e-07 1.26e-08 5.07e-08 8.85e-09 5.12e-09 5.11e-09 5.12e-09 2.23e-08 2.49e-07 5.17e-07 1.26e-08 5.07e-08 8.85e-09 5.17e-09 5.17e-09 5.17e-09 2.23e-08 2.49e-07
23757 3.47000e+03 -8.39578e+00 3.35643e-07 5.02528e-09 1.61e-06 1.15e-08 4.37e-08 6.79e-09 1.72e-09 4.56e-11 9.54e-13 2.08e-08 5.03e-09 5.19e-07 1.28e-08 5.15e-08 8.87e-09 5.12e-09 5.11e-09 5.12e-09 2.23e-08 2.44e-07 5.19e-07 1.28e-08 5.15e-08 8.87e-09 5.19e-09 5.19e-09 5.19e-09 2.23e-08 2.44e-07
23797 3.47400e+03 -8.23185e+00 3.62953e-07 9.03022e-09 1.71e-06 1.28e-08 6.85e-08 2.02e-08 3.77e-09 6.01e-10 5.13e-13 2.43e-08 9.03e-09 5.17e-07 1.29e-08 5.14e-08 8.85e-09 5.12e-09 5.11e-09 5.12e-09 2.22e-08 2.41e-07 5.17e-07 1.29e-08 5.14e-08 8.85e-09 5.17e-09 5.17e-09 5.17e-09 2.22e-08 2.41e-07
23837 3.47800e+03 -8.31213e+00 5.14473e-07 4.61427e-08 2.52e-06 3.61e-09 4.03e-08 7.47e-09 1.72e-09 1.40e-10 3.97e-13 2.48e-08 4.61e-08 5.17e-07 1.30e-08 5.14e-08 8.89e-09 5.12e-09 5.11e-09 5.12e-09 2.21e-08 2.40e-07 5.17e-07 1.30e-08 5.14e-08 8.89e-09 5.17e-09 5.17e-09 5.17e-09 2.21e-08 2.40e-07
23877 3.48200e+03 -8.42427e+00 3.85886e-07 1.18198e-07 1.88e-06 6.05e-09 4.03e-08 3.32e-09 7.50e-10 3.33e-10 3.58e-12 1.07e-08 1.18e-07 5.16e-07 1.30e-08 5.12e-08 8.87e-09 5.12e-09 5.11e-09 5.12e-09 2.21e-08 2.35e-07 5.16e-07 1.30e-08 5.12e-08 8.87e-09 5.16e-09 5.16e-09 5.16e-09 2.21e-08 2.35e-07
23917 3.48600e+03 -8.48544e+00 3.13629e-07 6.73528e-10 1.52e-06 1.04e-08 3.78e-08 1.79e-09 4.24e-10 1.03e-10 1.44e-12 1.27e-08 6.74e-10 5.18e-07 1.31e-08 5.16e-08 8.90e-09 5.12e-09 5.11e-09 5.12e-09 2.21e-08 2.32e-07 5.18e-07 1.31e-08 5.16e-08 8.90e-09 5.18e-09 5.18e-09 5.18e-09 2.21e-08 2.32e-07
23957 3.49000e+03 -8.47066e+00 3.59751e-07 2.55592e-09 1.75e-06 5.98e-09 3.97e-08 3.96e-09 8.37e-10 1.36e-10 3.71e-12 8.81e-09 2.56e-09 5.16e-07 1.29e-08 5.18e-08 8.88e-09 5.12e-09 5.11e-09 5.12e-09 2.21e-08 2.26e-07 5.16e-07 1.29e-08 5.18e-08 8.88e-09 5.16e-09 5.16e-09 5.16e-09 2.21e-08 2.26e-07
23997 3.49400e+03 -8.50744e+00 2.93494e-07 5.54834e-09 1.42e-06 6.41e-09 3.98e-08 3.24e-09 6.64e-10 4.81e-11 2.28e-12 1.17e-08 5.55e-09 5.11e-07 1.27e-08 5.08e-08 8.76e-09 5.10e-09 5.11e-09 5.10e-09 2.18e-08 2.19e-07 5.11e-07 1.27e-08 5.08e-08 8.76e-09 5.11e-09 5.11e-09 5.11e-09 2.18e-08 2.19e-07
24037 3.49800e+03 -8.42908e+00 3.21881e-07 1.07488e-08 1.55e-06 1.55e-08 3.84e-08 4.84e-09 1.20e-09 2.54e-11 7.95e-13 1.60e-08 1.07e-08 5.09e-07 1.27e-08 5.03e-08 8.69e-09 5.08e-09 5.06e-09 5.08e-09 2.16e-08 2.13e-07 5.09e-07 1.27e-08 5.03e-08 8.69e-09 5.09e-09 5.09e-09 5.09e-09 2.16e-08 2.13e-07
24077 3.50200e+03 -8.36195e+00 3.51995e-07 1.79230e-07 1.69e-06 2.09e-08 4.36e-08 5.18e-09 4.27e-10 2.40e-10 1.94e-12 9.43e-09 1.79e-07 5.08e-07 1.27e-08 5.00e-08 8.59e-09 5.04e-09 5.06e-09 5.03e-09 2.14e-08 2.07e-07 5.08e-07 1.27e-08 5.00e-08 8.59e-09 5.08e-09 5.08e-09 5.08e-09 2.14e-08 2.07e-07
24117 3.50600e+03 -8.52554e+00 2.85338e-07 4.30546e-08 1.38e-06 6.29e-09 3.87e-08 2.33e-09 4.71e-10 7.73e-12 0.00e+00 8.85e-09 4.31e-08 5.08e-07 1.28e-08 5.00e-08 8.50e-09 5.04e-09 5.06e-09 5.03e-09 2.12e-08 2.02e-07 5.08e-07 1.28e-08 5.00e-08 8.50e-09 5.08e-09 5.08e-09 5.08e-09 2.12e-08 2.02e-07
24157 3.51000e+03 -8.26441e+00 3.83733e-07 8.55896e-08 1.82e-06 3.02e-08 6.09e-08 7.47e-09 1.79e-09 1.35e-11 8.26e-13 1.83e-08 8.56e-08 5.09e-07 1.27e-08 4.92e-08 8.40e-09 5.04e-09 5.02e-09 5.03e-09 2.10e-08 1.98e-07 5.09e-07 1.27e-08 4.92e-08 8.40e-09 5.09e-09 5.09e-09 5.09e-09 2.10e-08 1.98e-07
24197 3.51400e+03 -8.45669e+00 3.08348e-07 6.19470e-08 1.48e-06 1.69e-08 4.09e-08 2.84e-09 6.86e-10 7.29e-11 2.87e-12 9.09e-09 6.19e-08 5.08e-07 1.26e-08 4.86e-08 8.31e-09 5.04e-09 5.02e-09 5.03e-09 2.08e-08 1.93e-07 5.08e-07 1.26e-08 4.86e-08 8.31e-09 5.08e-09 5.08e-09 5.08e-09 2.08e-08 1.93e-07
24237 3.51800e+03 -8.41596e+00 2.71794e-07 3.40401e-09 1.29e-06 1.20e-08 4.45e-08 9.76e-09 2.17e-09 1.16e-10 1.79e-12 2.18e-08 3.40e-09 5.09e-07 1.29e-08 4.82e-08 8.25e-09 5.04e-09 5.02e-09 5.03e-09 2.07e-08 1.90e-07 5.09e-07 1.29e-08 4.82e-08 8.25e-09 5.09e-09 5.09e-09 5.09e-09 2.07e-08 1.90e-07
24277 3.52200e+03 -8.36475e+00 3.51174e-07 9.27516e-10 1.69e-06 5.49e-09 4.32e-08 1.28e-08 2.71e-09 5.60e-11 2.08e-12 2.72e-08 9.28e-10 5.10e-07 1.27e-08 4.85e-08 8.38e-09 5.04e-09 5.02e-09 5.03e-09 2.10e-08 1.84e-07 5.10e-07 1.27e-08 4.85e-08 8.38e-09 5.10e-09 5.10e-09 5.10e-09 2.10e-08 1.84e-07
24317 3.52600e+03 -8.30639e+00 3.31483e-07 2.85083e-08 1.56e-06 1.56e-08 6.32e-08 1.22e-08 3.05e-09 2.73e-10 4.42e-13 2.59e-08 2.85e-08 5.14e-07 1.24e-08 4.90e-08 8.49e-09 5.04e-09 5.02e-09 5.03e-09 2.12e-08 1.79e-07 5.14e-07 1.24e-08 4.90e-08 8.49e-09 5.14e-09 5.14e-09 5.14e-09 2.12e-08 1.79e-07
24357 3.53000e+03 -8.30552e+00 3.93924e-07 8.44433e-09 1.88e-06 3.27e-08 4.67e-08 5.89e-09 1.44e-09 1.79e-11 1.67e-12 1.84e-08 8.44e-09 5.27e-07 1.30e-08 5.03e-08 8.61e-09 5.04e-09 5.02e-09 5.03e-09 2.15e-08 1.75e-07 5.27e-07 1.30e-08 5.03e-08 8.61e-09 5.27e-09 5.27e-09 5.27e-09 2.15e-08 1.75e-07
24397 3.53400e+03 -8.42637e+00 3.58488e-07 8.60236e-10 1.73e-06 6.29e-09 4.94e-08 6.41e-09 1.60e-09 3.12e-11 1.47e-12 2.02e-08 8.60e-10 5.23e-07 1.29e-08 5.01e-08 8.61e-09 5.04e-09 5.02e-09 5.03e-09 2.16e-08 1.71e-07 5.23e-07 1.29e-08 5.01e-08 8.61e-09 5.23e-09 5.23e-09 5.23e-09 2.16e-08 1.71e-07
24437 3.53800e+03 -8.53863e+00 2.98239e-07 3.84171e-10 1.45e-06 1.06e-08 2.84e-08 1.90e-09 3.06e-10 1.32e-10 8.47e-13 7.60e-09 3.84e-10 5.15e-07 1.27e-08 4.93e-08 8.56e-09 5.04e-09 5.02e-09 5.03e-09 2.14e-08 1.66e-07 5.15e-07 1.27e-08 4.93e-08 8.56e-09 5.15e-09 5.15e-09 5.15e-09 2.14e-08 1.66e-07
24477 3.54200e+03 -8.34218e+00 4.59135e-07 6.66747e-08 2.23e-06 1.11e-08 4.76e-08 4.95e-09 9.69e-10 1.13e-09 1.08e-12 1.88e-08 6.67e-08 5.04e-07 1.24e-08 4.79e-08 8.39e-09 5.03e-09 5.02e-09 5.03e-09 2.11e-08 1.61e-07 5.04e-07 1.24e-08 4.79e-08 8.39e-09 5.04e-09 5.04e-09 5.04e-09 2.11e-08 1.61e-07
24517 3.54600e+03 -8.52728e+00 2.99199e-07 1.27774e-08 1.45e-06 1.01e-08 3.40e-08 2.91e-09 3.95e-10 4.24e-11 5.68e-13 8.68e-09 1.28e-08 5.03e-07 1.28e-08 4.75e-08 8.33e-09 4.99e-09 5.02e-09 4.98e-09 2.09e-08 1.58e-07 5.03e-07 1.28e-08 4.75e-08 8.33e-09 5.03e-09 5.03e-09 5.03e-09 2.09e-08 1.58e-07
24557 3.55000e+03 -8.44890e+00 3.69776e-07 1.76588e-08 1.79e-06 1.14e-08 4.09e-08 4.37e-09 9.18e-10 2.71e-10 4.43e-13 1.19e-08 1.77e-08 5.03e-07 1.28e-08 4.77e-08 8.31e-09 4.98e-09 5.02e-09 4.98e-09 2.08e-08 1.54e-07 5.03e-07 1.28e-08 4.77e-08 8.31e-09 5.03e-09 5.03e-09 5.03e-09 2.08e-08 1.54e-07
24597 3.55400e+03 -8.23267e+00 4.10876e-07 9.31723e-08 1.97e-06 7.25e-09 6.05e-08 1.62e-08 3.57e-09 3.13e-11 1.83e-12 3.40e-08 9.32e-08 5.02e-07 1.29e-08 4.77e-08 8.31e-09 4.98e-09 5.02e-09 4.98e-09 2.07e-08 1.54e-07 5.02e-07 1.29e-08 4.77e-08 8.31e-09 5.02e-09 5.02e-09 5.02e-09 2.07e-08 1.54e-07
24637 3.55800e+03 -7.74701e+00 8.70107e-07 1.72350e-07 4.16e-06 6.57e-08 1.20e-07 4.77e-09 4.90e-10 7.66e-11 2.88e-12 3.75e-08 1.72e-07 5.07e-07 1.31e-08 4.83e-08 8.31e-09 4.98e-09 5.02e-09 4.98e-09 2.07e-08 1.53e-07 5.07e-07 1.31e-08 4.83e-08 8.31e-09 5.07e-09 5.07e-09 5.07e-09 2.07e-08 1.53e-07
24677 3.56200e+03 -8.02810e+00 3.37761e-07 8.10575e-09 1.57e-06 7.58e-09 6.52e-08 3.36e-08 8.24e-09 7.64e-11 7.33e-13 7.33e-08 8.11e-09 5.15e-07 1.37e-08 4.95e-08 8.35e-09 4.98e-09 5.02e-09 4.98e-09 2.08e-08 1.53e-07 5.15e-07 1.37e-08 4.95e-08 8.35e-09 5.15e-09 5.15e-09 5.15e-09 2.08e-08 1.53e-07
24717 3.56600e+03 -3.85940e+00 2.67664e-06 1.38329e-07 1.23e-05 6.50e-07 3.39e-07 5.85e-08 1.08e-08 7.13e-11 2.43e-12 8.85e-08 1.38e-07 5.33e-07 1.44e-08 5.15e-08 8.49e-09 4.98e-09 5.02e-09 4.98e-09 2.12e-08 1.58e-07 5.33e-07 1.44e-08 5.15e-08 8.49e-09 5.33e-09 5.33e-09 5.33e-09 2.12e-08 1.58e-07
24757 3.57000e+03 -8.15352e+00 4.56413e-07 2.53258e-08 2.10e-06 2.14e-08 1.49e-07 1.21e-08 3.22e-09 8.81e-10 7.90e-13 2.74e-08 2.53e-08 6.04e-07 1.54e-08 6.00e-08 9.28e-09 4.98e-09 5.02e-09 4.98e-09 2.31e-08 1.63e-07 6.04e-07 1.54e-08 6.00e-08 9.28e-09 6.04e-09 6.04e-09 6.04e-09 2.31e-08 1.63e-07
24797 3.57400e+03 -7.80843e+00 3.68927e-07 4.24016e-08 1.68e-06 8.16e-09 9.51e-08 4.73e-08 1.19e-08 2.54e-10 5.86e-12 1.08e-07 4.24e-08 6.08e-07 1.54e-08 6.19e-08 9.35e-09 4.98e-09 5.02e-09 4.98e-09 2.32e-08 1.61e-07 6.08e-07 1.54e-08 6.19e-08 9.35e-09 6.08e-09 6.08e-09 6.08e-09 2.32e-08 1.61e-07
24837 3.57800e+03 -8.31541e+00 3.50488e-07 1.69555e-07 1.66e-06 1.15e-08 6.90e-08 8.36e-09 2.06e-09 4.51e-11 4.52e-12 1.85e-08 1.70e-07 6.05e-07 1.54e-08 6.23e-08 9.57e-09 4.98e-09 5.02e-09 4.98e-09 2.36e-08 1.60e-07 6.05e-07 1.54e-08 6.23e-08 9.57e-09 6.05e-09 6.05e-09 6.05e-09 2.36e-08 1.60e-07
24877 3.58200e+03 -8.35067e+00 3.53008e-07 2.28936e-08 1.67e-06 1.97e-08 6.21e-08 8.46e-09 1.89e-09 1.52e-10 1.38e-12 1.46e-08 2.29e-08 6.04e-07 1.54e-08 6.29e-08 9.77e-09 4.98e-09 5.02e-09 4.98e-09 2.40e-08 1.60e-07 6.04e-07 1.54e-08 6.29e-08 9.77e-09 6.04e-09 6.04e-09 6.04e-09 2.40e-08 1.60e-07
24897 3.58300e+03 -8.34976e+00 3.89865e-07 2.28499e-09 1.86e-06 8.64e-09 7.00e-08 9.82e-09 2.71e-09 1.76e-10 1.77e-12 1.84e-08 2.28e-09 6.03e-07 1.54e-08 6.30e-08 9.80e-09 4.98e-09 5.02e-09 4.98e-09 2.40e-08 1.59e-07 6.03e-07 1.54e-08 6.30e-08 9.80e-09 6.03e-09 6.03e-09 6.03e-09 2.40e-08 1.59e-07
24937 3.58700e+03 -8.04492e+00 3.49397e-07 1.18419e-07 1.64e-06 4.23e-09 7.01e-08 2.93e-08 7.17e-09 1.80e-10 1.43e-12 8.30e-08 1.18e-07 6.03e-07 1.54e-08 6.30e-08 9.84e-09 4.98e-09 5.02e-09 4.98e-09 2.41e-08 1.59e-07 6.03e-07 1.54e-08 6.30e-08 9.84e-09 6.03e-09 6.03e-09 6.03e-09 2.41e-08 1.59e-07
24977 3.59100e+03 -8.41975e+00 3.24498e-07 2.44194e-08 1.55e-06 4.05e-09 5.66e-08 7.88e-09 2.39e-09 1.54e-10 1.17e-12 1.53e-08 2.44e-08 6.03e-07 1.54e-08 6.31e-08 9.87e-09 4.98e-09 5.02e-09 4.98e-09 2.42e-08 1.59e-07 6.03e-07 1.54e-08 6.31e-08 9.87e-09 6.03e-09 6.03e-09 6.03e-09 2.42e-08 1.59e-07
25017 3.59500e+03 -8.30612e+00 3.52517e-07 2.50039e-08 1.67e-06 5.13e-09 6.66e-08 1.85e-08 2.78e-09 1.41e-10 3.08e-12 2.69e-08 2.50e-08 6.03e-07 1.54e-08 6.31e-08 9.91e-09 4.98e-09 5.02e-09 4.98e-09 2.43e-08 1.59e-07 6.03e-07 1.54e-08 6.31e-08 9.91e-09 6.03e-09 6.03e-09 6.03e-09 2.43e-08 1.59e-07
25057 3.59900e+03 -7.80703e+00 3.55096e-07 6.74471e-09 1.61e-06 4.29e-09 9.42e-08 5.08e-08 1.36e-08 1.84e-10 2.29e-12 1.18e-07 6.74e-09 6.03e-07 1.54e-08 6.32e-08 9.93e-09 4.98e-09 5.02e-09 4.98e-09 2.43e-08 1.59e-07 6.03e-07 1.54e-08 6.32e-08 9.93e-09 6.03e-09 6.03e-09 6.03e-09 2.43e-08 1.59e-07
25097 3.60300e+03 -8.40504e+00 3.23632e-07 3.37057e-08 1.54e-06 4.12e-09 6.23e-08 8.26e-09 2.52e-09 1.65e-10 8.80e-12 1.69e-08 3.37e-08 6.03e-07 1.54e-08 6.32e-08 9.95e-09 4.98e-09 5.02e-09 4.98e-09 2.44e-08 1.59e-07 6.03e-07 1.54e-08 6.32e-08 9.95e-09 6.03e-09 6.03e-09 6.03e-09 2.44e-08 1.59e-07
25137 3.60700e+03 -8.37762e+00 3.33919e-07 1.00070e-07 1.59e-06 3.87e-09 6.11e-08 8.58e-09 2.45e-09 1.51e-10 3.43e-12 1.70e-08 1.00e-07 6.02e-07 1.54e-08 6.32e-08 9.97e-09 4.98e-09 5.02e-09 4.98e-09 2.44e-08 1.58e-07 6.02e-07 1.54e-08 6.32e-08 9.97e-09 6.02e-09 6.02e-09 6.02e-09 2.44e-08 1.58e-07
25177 3.61100e+03 -8.34041e+00 3.39143e-07 5.06543e-09 1.61e-06 3.76e-09 6.49e-08 1.40e-08 3.85e-09 1.09e-10 1.25e-12 2.74e-08 5.07e-09 6.02e-07 1.54e-08 6.32e-08 9.98e-09 4.98e-09 5.02e-09 4.98e-09 2.44e-08 1.58e-07 6.02e-07 1.54e-08 6.32e-08 9.98e-09 6.02e-09 6.02e-09 6.02e-09 2.44e-08 1.58e-07
25217 3.61500e+03 -8.32675e+00 3.35274e-07 3.21803e-08 1.58e-06 4.26e-09 7.45e-08 1.50e-08 3.71e-09 1.28e-10 8.09e-12 2.39e-08 3.22e-08 6.02e-07 1.54e-08 6.34e-08 1.00e-08 4.98e-09 5.02e-09 4.98e-09 2.46e-08 1.58e-07 6.02e-07 1.54e-08 6.34e-08 1.00e-08 6.02e-09 6.02e-09 6.02e-09 2.46e-08 1.58e-07
25257 3.61900e+03 -8.42190e+00 3.25369e-07 3.91842e-09 1.55e-06 3.47e-09 5.96e-08 7.89e-09 2.38e-09 1.06e-10 1.31e-11 1.74e-08 3.92e-09 6.02e-07 1.54e-08 6.34e-08 1.01e-08 4.98e-09 5.02e-09 4.98e-09 2.46e-08 1.58e-07 6.02e-07 1.54e-08 6.34e-08 1.01e-08 6.02e-09 6.02e-09 6.02e-09 2.46e-08 1.58e-07
25297 3.62300e+03 -8.38262e+00 3.20760e-07 3.00380e-09 1.52e-06 3.30e-09 6.44e-08 1.15e-08 3.16e-09 1.17e-10 1.48e-11 2.26e-08 3.00e-09 6.01e-07 1.54e-08 6.34e-08 1.01e-08 4.98e-09 5.02e-09 4.98e-09 2.46e-08 1.58e-07 6.01e-07 1.54e-08 6.34e-08 1.01e-08 6.01e-09 6.01e-09 6.01e-09 2.46e-08 1.58e-07
25337 3.62700e+03 -8.41324e+00 3.26482e-07 7.33686e-09 1.55e-06 3.22e-09 6.46e-08 8.39e-09 2.43e-09 1.02e-10 1.45e-11 1.78e-08 7.34e-09 6.00e-07 1.54e-08 6.34e-08 1.01e-08 4.98e-09 5.02e-09 4.98e-09 2.46e-08 1.57e-07 6.00e-07 1.54e-08 6.34e-08 1.01e-08 6.00e-09 6.00e-09 6.00e-09 2.46e-08 1.57e-07
25377 3.63100e+03 -8.23399e+00 3.30984e-07 6.20998e-09 1.55e-06 3.12e-09 6.67e-08 2.51e-08 6.90e-09 8.89e-11 5.94e-12 3.78e-08 6.21e-09 5.99e-07 1.54e-08 6.34e-08 1.01e-08 4.98e-09 5.02e-09 4.98e-09 2.46e-08 1.57e-07 5.99e-07 1.54e-08 6.34e-08 1.01e-08 5.99e-09 5.99e-09 5.99e-09 2.46e-08 1.57e-07
25417 3.63500e+03 -8.40917e+00 3.09728e-07 3.29971e-08 1.47e-06 3.33e-09 6.31e-08 8.69e-09 2.64e-09 1.30e-10 8.39e-12 1.79e-08 3.30e-08 5.99e-07 1.54e-08 6.35e-08 1.01e-08 4.98e-09 5.02e-09 4.98e-09 2.46e-08 1.57e-07 5.99e-07 1.54e-08 6.35e-08 1.01e-08 5.99e-09 5.99e-09 5.99e-09 2.46e-08 1.57e-07
25457 3.63900e+03 -7.90850e+00 3.36878e-07 1.17455e-06 1.59e-06 3.43e-09 6.89e-08 1.70e-08 3.45e-09 9.31e-11 8.14e-12 3.00e-08 1.17e-06 5.99e-07 1.54e-08 6.35e-08 1.01e-08 4.98e-09 5.02e-09 4.98e-09 2.47e-08 1.57e-07 5.99e-07 1.54e-08 6.35e-08 1.01e-08 5.99e-09 5.99e-09 5.99e-09 2.47e-08 1.57e-07
25497 3.64300e+03 -8.36142e+00 2.96452e-07 8.73915e-08 1.40e-06 3.84e-09 6.57e-08 1.17e-08 3.19e-09 1.10e-10 9.84e-12 2.22e-08 8.74e-08 5.98e-07 1.54e-08 6.36e-08 1.02e-08 4.98e-09 5.02e-09 4.98e-09 2.48e-08 1.57e-07 5.98e-07 1.54e-08 6.36e-08 1.02e-08 5.98e-09 5.98e-09 5.98e-09 2.48e-08 1.57e-07
25537 3.64700e+03 -8.41321e+00 3.16547e-07 6.65662e-09 1.50e-06 2.96e-09 6.65e-08 8.69e-09 2.57e-09 1.25e-10 3.09e-12 1.85e-08 6.66e-09 5.97e-07 1.53e-08 6.36e-08 1.02e-08 4.98e-09 5.02e-09 4.98e-09 2.48e-08 1.57e-07 5.97e-07 1.53e-08 6.36e-08 1.02e-08 5.97e-09 5.97e-09 5.97e-09 2.48e-08 1.57e-07
25577 3.65100e+03 -7.84723e+00 3.42692e-07 4.78401e-09 1.55e-06 3.78e-09 8.95e-08 5.46e-08 1.58e-08 1.20e-10 1.10e-11 9.26e-08 4.78e-09 5.97e-07 1.53e-08 6.36e-08 1.02e-08 4.98e-09 5.02e-09 4.98e-09 2.48e-08 1.57e-07 5.97e-07 1.53e-08 6.36e-08 1.02e-08 5.97e-09 5.97e-09 5.97e-09 2.48e-08 1.57e-07
25617 3.65500e+03 -8.40899e+00 3.19212e-07 5.02277e-09 1.52e-06 4.22e-09 6.38e-08 8.69e-09 2.68e-09 1.32e-10 3.70e-12 1.86e-08 5.02e-09 5.96e-07 1.53e-08 6.37e-08 1.02e-08 4.98e-09 5.02e-09 4.98e-09 2.48e-08 1.57e-07 5.96e-07 1.53e-08 6.37e-08 1.02e-08 5.96e-09 5.96e-09 5.96e-09 2.48e-08 1.57e-07
25657 3.65900e+03 -8.15006e+00 3.44442e-07 1.93971e-07 1.61e-06 3.13e-09 7.30e-08 2.86e-08 5.69e-09 1.07e-10 2.02e-12 3.79e-08 1.94e-07 5.96e-07 1.53e-08 6.38e-08 1.02e-08 4.98e-09 5.02e-09 4.98e-09 2.49e-08 1.57e-07 5.96e-07 1.53e-08 6.38e-08 1.02e-08 5.96e-09 5.96e-09 5.96e-09 2.49e-08 1.57e-07
25697 3.66300e+03 -8.40783e+00 3.30810e-07 3.14664e-08 1.58e-06 3.08e-09 6.26e-08 7.74e-09 2.30e-09 1.26e-10 8.19e-12 1.86e-08 3.15e-08 5.96e-07 1.53e-08 6.38e-08 1.03e-08 4.98e-09 5.02e-09 4.98e-09 2.50e-08 1.57e-07 5.96e-07 1.53e-08 6.38e-08 1.03e-08 5.96e-09 5.96e-09 5.96e-09 2.50e-08 1.57e-07
25737 3.66700e+03 -8.36677e+00 3.19869e-07 6.10469e-09 1.51e-06 2.92e-09 6.71e-08 1.26e-08 3.30e-09 1.09e-10 7.29e-12 2.65e-08 6.10e-09 5.95e-07 1.53e-08 6.39e-08 1.03e-08 4.98e-09 5.02e-09 4.98e-09 2.50e-08 1.56e-07 5.95e-07 1.53e-08 6.39e-08 1.03e-08 5.95e-09 5.95e-09 5.95e-09 2.50e-08 1.56e-07
25777 3.67100e+03 -8.39088e+00 3.23005e-07 4.24380e-09 1.53e-06 3.59e-09 6.37e-08 1.03e-08 3.38e-09 7.28e-11 1.02e-11 2.06e-08 4.24e-09 5.95e-07 1.53e-08 6.40e-08 1.03e-08 4.98e-09 5.02e-09 4.98e-09 2.51e-08 1.56e-07 5.95e-07 1.53e-08 6.40e-08 1.03e-08 5.95e-09 5.95e-09 5.95e-09 2.51e-08 1.56e-07
25817 3.67500e+03 -8.35166e+00 3.05645e-07 1.03257e-08 1.44e-06 2.61e-09 7.06e-08 1.38e-08 3.67e-09 9.23e-11 1.77e-12 3.06e-08 1.03e-08 5.94e-07 1.53e-08 6.40e-08 1.03e-08 4.98e-09 5.02e-09 4.98e-09 2.51e-08 1.56e-07 5.94e-07 1.53e-08 6.40e-08 1.03e-08 5.94e-09 5.94e-09 5.94e-09 2.51e-08 1.56e-07
25857 3.67900e+03 -7.90737e+00 4.64035e-07 4.92302e-08 2.17e-06 3.98e-09 9.82e-08 3.93e-08 1.16e-08 1.17e-10 8.57e-12 8.61e-08 4.92e-08 5.95e-07 1.53e-08 6.41e-08 1.04e-08 4.98e-09 5.02e-09 4.98e-09 2.52e-08 1.56e-07 5.95e-07 1.53e-08 6.41e-08 1.04e-08 5.95e-09 5.95e-09 5.95e-09 2.52e-08 1.56e-07
25897 3.68300e+03 -8.38840e+00 3.31145e-07 1.05609e-08 1.57e-06 2.95e-09 7.02e-08 9.59e-09 2.93e-09 8.71e-11 6.72e-12 2.14e-08 1.06e-08 5.95e-07 1.53e-08 6.42e-08 1.04e-08 4.98e-09 5.02e-09 4.98e-09 2.52e-08 1.56e-07 5.95e-07 1.53e-08 6.42e-08 1.04e-08 5.95e-09 5.95e-09 5.95e-09 2.52e-08 1.56e-07
25937 3.68700e+03 -7.27197e+00 4.62823e-07 1.25889e-07 2.04e-06 3.79e-09 1.69e-07 8.14e-08 2.39e-08 1.20e-10 6.26e-12 1.86e-07 1.26e-07 5.94e-07 1.53e-08 6.43e-08 1.04e-08 4.98e-09 5.02e-09 4.98e-09 2.52e-08 1.56e-07 5.94e-07 1.53e-08 6.43e-08 1.04e-08 5.94e-09 5.94e-09 5.94e-09 2.52e-08 1.56e-07
25977 3.69100e+03 -8.34953e+00 3.19852e-07 7.15035e-09 1.51e-06 3.34e-09 7.14e-08 1.32e-08 3.47e-09 6.44e-11 7.84e-12 3.01e-08 7.15e-09 5.94e-07 1.53e-08 6.43e-08 1.04e-08 4.98e-09 5.02e-09 4.98e-09 2.53e-08 1.56e-07 5.94e-07 1.53e-08 6.43e-08 1.04e-08 5.94e-09 5.94e-09 5.94e-09 2.53e-08 1.56e-07
26017 3.69500e+03 -8.33310e+00 4.35989e-07 3.02751e-08 2.09e-06 3.17e-09 7.05e-08 1.00e-08 2.95e-09 1.10e-10 6.01e-12 1.94e-08 3.03e-08 5.94e-07 1.53e-08 6.44e-08 1.04e-08 4.98e-09 5.02e-09 4.98e-09 2.53e-08 1.56e-07 5.94e-07 1.53e-08 6.44e-08 1.04e-08 5.94e-09 5.94e-09 5.94e-09 2.53e-08 1.56e-07
26057 3.69900e+03 -7.68847e+00 4.45984e-07 2.15632e-07 2.06e-06 3.24e-09 9.84e-08 5.28e-08 1.45e-08 1.13e-10 1.74e-11 1.21e-07 2.16e-07 5.94e-07 1.53e-08 6.45e-08 1.05e-08 4.98e-09 5.02e-09 4.98e-09 2.54e-08 1.55e-07 5.94e-07 1.53e-08 6.45e-08 1.05e-08 5.94e-09 5.94e-09 5.94e-09 2.54e-08 1.55e-07
26097 3.70300e+03 -8.33189e+00 4.10401e-07 8.34567e-09 1.96e-06 4.84e-09 7.09e-08 1.11e-08 3.28e-09 1.48e-10 1.60e-11 2.21e-08 8.35e-09 5.95e-07 1.53e-08 6.46e-08 1.05e-08 4.98e-09 5.02e-09 4.98e-09 2.54e-08 1.55e-07 5.95e-07 1.53e-08 6.46e-08 1.05e-08 5.95e-09 5.95e-09 5.95e-09 2.54e-08 1.55e-07
26137 3.70700e+03 -8.09626e+00 9.05030e-07 6.82393e-09 4.42e-06 2.94e-09 9.11e-08 9.75e-09 2.80e-09 1.32e-10 7.62e-12 2.57e-08 6.82e-09 5.95e-07 1.53e-08 6.46e-08 1.05e-08 4.98e-09 5.02e-09 4.98e-09 2.54e-08 1.55e-07 5.95e-07 1.53e-08 6.46e-08 1.05e-08 5.95e-09 5.95e-09 5.95e-09 2.54e-08 1.55e-07
26177 3.71100e+03 -8.33281e+00 4.13482e-07 2.70690e-08 1.98e-06 3.98e-09 6.69e-08 1.15e-08 3.37e-09 7.70e-11 5.79e-12 1.97e-08 2.71e-08 5.99e-07 1.53e-08 6.48e-08 1.05e-08 4.98e-09 5.02e-09 4.98e-09 2.55e-08 1.55e-07 5.99e-07 1.53e-08 6.48e-08 1.05e-08 5.99e-09 5.99e-09 5.99e-09 2.55e-08 1.55e-07
26217 3.71500e+03 -8.36382e+00 3.54272e-07 3.31892e-08 1.69e-06 3.05e-09 6.60e-08 1.12e-08 3.21e-09 1.39e-10 7.74e-12 2.00e-08 3.32e-08 5.99e-07 1.53e-08 6.49e-08 1.05e-08 4.98e-09 5.02e-09 4.98e-09 2.55e-08 1.55e-07 5.99e-07 1.53e-08 6.49e-08 1.05e-08 5.99e-09 5.99e-09 5.99e-09 2.55e-08 1.55e-07
26257 3.71900e+03 -8.13216e+00 3.46299e-07 1.55299e-08 1.61e-06 5.59e-09 7.82e-08 3.06e-08 8.44e-09 1.22e-10 3.25e-12 5.45e-08 1.55e-08 5.99e-07 1.53e-08 6.49e-08 1.05e-08 4.98e-09 5.02e-09 4.98e-09 2.55e-08 1.55e-07 5.99e-07 1.53e-08 6.49e-08 1.05e-08 5.99e-09 5.99e-09 5.99e-09 2.55e-08 1.55e-07
26297 3.72300e+03 -8.38805e+00 3.44893e-07 2.11449e-09 1.64e-06 2.90e-09 6.49e-08 1.07e-08 2.99e-09 1.04e-10 4.35e-12 1.91e-08 2.11e-09 5.98e-07 1.53e-08 6.50e-08 1.05e-08 4.98e-09 5.02e-09 4.98e-09 2.56e-08 1.55e-07 5.98e-07 1.53e-08 6.50e-08 1.05e-08 5.98e-09 5.98e-09 5.98e-09 2.56e-08 1.55e-07
26337 3.72700e+03 -8.39794e+00 3.44391e-07 6.35099e-09 1.64e-06 3.12e-09 6.17e-08 9.85e-09 2.80e-09 1.00e-10 9.83e-12 1.76e-08 6.35e-09 5.97e-07 1.53e-08 6.50e-08 1.05e-08 4.98e-09 5.02e-09 4.98e-09 2.55e-08 1.54e-07 5.97e-07 1.53e-08 6.50e-08 1.05e-08 5.97e-09 5.97e-09 5.97e-09 2.55e-08 1.54e-07
26377 3.73100e+03 -8.16546e+00 3.53270e-07 1.17334e-08 1.65e-06 2.87e-09 7.43e-08 2.94e-08 7.98e-09 1.03e-10 8.18e-12 4.91e-08 1.17e-08 5.96e-07 1.53e-08 6.50e-08 1.05e-08 4.98e-09 5.02e-09 4.98e-09 2.55e-08 1.54e-07 5.96e-07 1.53e-08 6.50e-08 1.05e-08 5.96e-09 5.96e-09 5.96e-09 2.55e-08 1.54e-07
26417 3.73500e+03 -8.38088e+00 3.53964e-07 2.51389e-08 1.69e-06 4.51e-09 6.58e-08 9.40e-09 2.70e-09 1.04e-10 5.53e-12 1.81e-08 2.51e-08 5.96e-07 1.52e-08 6.51e-08 1.06e-08 4.98e-09 5.02e-09 4.98e-09 2.56e-08 1.54e-07 5.96e-07 1.52e-08 6.51e-08 1.06e-08 5.96e-09 5.96e-09 5.96e-09 2.56e-08 1.54e-07
26457 3.73900e+03 -8.35539e+00 3.46837e-07 4.13190e-09 1.65e-06 3.01e-09 6.76e-08 1.31e-08 3.82e-09 8.71e-11 4.12e-12 2.32e-08 4.13e-09 5.95e-07 1.52e-08 6.51e-08 1.06e-08 4.98e-09 5.02e-09 4.98e-09 2.56e-08 1.54e-07 5.95e-07 1.52e-08 6.51e-08 1.06e-08 5.95e-09 5.95e-09 5.95e-09 2.56e-08 1.54e-07
26497 3.74300e+03 -8.40391e+00 3.36231e-07 9.83468e-09 1.60e-06 2.93e-09 6.21e-08 9.51e-09 2.66e-09 9.87e-11 3.11e-12 1.78e-08 9.83e-09 5.94e-07 1.52e-08 6.51e-08 1.06e-08 4.98e-09 5.02e-09 4.98e-09 2.56e-08 1.54e-07 5.94e-07 1.52e-08 6.51e-08 1.06e-08 5.94e-09 5.94e-09 5.94e-09 2.56e-08 1.54e-07
26537 3.74700e+03 -8.28306e+00 3.47778e-07 9.99373e-08 1.65e-06 3.20e-09 6.72e-08 1.71e-08 4.27e-09 9.00e-11 6.46e-12 2.91e-08 9.99e-08 5.94e-07 1.52e-08 6.52e-08 1.06e-08 4.98e-09 5.02e-09 4.98e-09 2.56e-08 1.54e-07 5.94e-07 1.52e-08 6.52e-08 1.06e-08 5.94e-09 5.94e-09 5.94e-09 2.56e-08 1.54e-07
26577 3.75100e+03 -8.33913e+00 3.22956e-07 7.89302e-08 1.53e-06 3.33e-09 6.29e-08 1.34e-08 3.59e-09 7.56e-11 1.46e-11 2.49e-08 7.89e-08 5.94e-07 1.52e-08 6.52e-08 1.06e-08 4.98e-09 5.02e-09 4.98e-09 2.56e-08 1.53e-07 5.94e-07 1.52e-08 6.52e-08 1.06e-08 5.94e-09 5.94e-09 5.94e-09 2.56e-08 1.53e-07
26617 3.75500e+03 -8.39535e+00 3.10231e-07 3.44157e-08 1.48e-06 3.06e-09 5.89e-08 1.07e-08 3.12e-09 8.36e-11 2.11e-12 1.95e-08 3.44e-08 5.93e-07 1.52e-08 6.52e-08 1.06e-08 4.98e-09 5.02e-09 4.98e-09 2.56e-08 1.53e-07 5.93e-07 1.52e-08 6.52e-08 1.06e-08 5.93e-09 5.93e-09 5.93e-09 2.56e-08 1.53e-07
26657 3.75900e+03 -8.37074e+00 3.28727e-07 2.31365e-08 1.56e-06 2.61e-09 6.29e-08 1.25e-08 3.67e-09 4.28e-11 9.40e-12 2.19e-08 2.31e-08 5.92e-07 1.52e-08 6.52e-08 1.06e-08 4.98e-09 5.02e-09 4.98e-09 2.56e-08 1.53e-07 5.92e-07 1.52e-08 6.52e-08 1.06e-08 5.92e-09 5.92e-09 5.92e-09 2.56e-08 1.53e-07
26697 3.76300e+03 -8.37571e+00 3.30661e-07 9.47401e-09 1.57e-06 2.67e-09 6.74e-08 1.20e-08 3.37e-09 3.36e-11 3.85e-12 2.23e-08 9.47e-09 5.90e-07 1.52e-08 6.52e-08 1.06e-08 4.98e-09 5.02e-09 4.98e-09 2.56e-08 1.53e-07 5.90e-07 1.52e-08 6.52e-08 1.06e-08 5.90e-09 5.90e-09 5.90e-09 2.56e-08 1.53e-07
26737 3.76700e+03 -8.36930e+00 3.34301e-07 7.26593e-09 1.58e-06 2.69e-09 6.81e-08 1.27e-08 3.42e-09 3.13e-11 3.70e-12 2.27e-08 7.27e-09 5.89e-07 1.52e-08 6.52e-08 1.06e-08 4.98e-09 5.02e-09 4.98e-09 2.56e-08 1.53e-07 5.89e-07 1.52e-08 6.52e-08 1.06e-08 5.89e-09 5.89e-09 5.89e-09 2.56e-08 1.53e-07
26777 3.77100e+03 -8.37335e+00 3.21982e-07 1.46483e-08 1.52e-06 2.55e-09 6.70e-08 1.27e-08 3.54e-09 2.78e-11 3.70e-12 2.25e-08 1.46e-08 5.88e-07 1.52e-08 6.52e-08 1.06e-08 4.98e-09 5.02e-09 4.98e-09 2.56e-08 1.52e-07 5.88e-07 1.52e-08 6.52e-08 1.06e-08 5.88e-09 5.88e-09 5.88e-09 2.56e-08 1.52e-07
26817 3.77500e+03 -8.39499e+00 3.18732e-07 6.96259e-09 1.51e-06 2.60e-09 6.25e-08 1.13e-08 3.10e-09 3.73e-11 1.68e-11 2.13e-08 6.96e-09 5.87e-07 1.52e-08 6.51e-08 1.06e-08 4.98e-09 5.02e-09 4.98e-09 2.56e-08 1.52e-07 5.87e-07 1.52e-08 6.51e-08 1.06e-08 5.87e-09 5.87e-09 5.87e-09 2.56e-08 1.52e-07
26857 3.77900e+03 -8.36623e+00 2.98392e-07 2.79829e-08 1.40e-06 2.84e-09 6.72e-08 1.53e-08 3.30e-09 5.14e-11 8.88e-12 2.31e-08 2.80e-08 5.86e-07 1.52e-08 6.52e-08 1.07e-08 4.98e-09 5.02e-09 4.98e-09 2.56e-08 1.52e-07 5.86e-07 1.52e-08 6.52e-08 1.07e-08 5.86e-09 5.86e-09 5.86e-09 2.56e-08 1.52e-07
26897 3.78300e+03 -8.41771e+00 3.15869e-07 2.81533e-09 1.51e-06 4.11e-09 5.51e-08 9.38e-09 2.74e-09 1.02e-10 4.87e-12 1.81e-08 2.82e-09 5.86e-07 1.52e-08 6.53e-08 1.07e-08 4.98e-09 5.02e-09 4.98e-09 2.57e-08 1.52e-07 5.86e-07 1.52e-08 6.53e-08 1.07e-08 5.86e-09 5.86e-09 5.86e-09 2.57e-08 1.52e-07
26937 3.78700e+03 -8.39030e+00 3.24949e-07 1.35302e-08 1.55e-06 2.94e-09 6.14e-08 1.13e-08 3.29e-09 3.63e-11 3.51e-12 2.01e-08 1.35e-08 5.85e-07 1.52e-08 6.53e-08 1.07e-08 4.98e-09 5.02e-09 4.98e-09 2.57e-08 1.52e-07 5.85e-07 1.52e-08 6.53e-08 1.07e-08 5.85e-09 5.85e-09 5.85e-09 2.57e-08 1.52e-07
26977 3.79100e+03 -7.76943e+00 3.65052e-07 2.76732e-08 1.64e-06 4.45e-09 1.10e-07 5.41e-08 1.50e-08 2.03e-11 2.19e-12 1.25e-07 2.77e-08 5.84e-07 1.52e-08 6.53e-08 1.07e-08 4.98e-09 5.02e-09 4.98e-09 2.57e-08 1.51e-07 5.84e-07 1.52e-08 6.53e-08 1.07e-08 5.84e-09 5.84e-09 5.84e-09 2.57e-08 1.51e-07
27017 3.79500e+03 -8.37644e+00 2.99702e-07 3.32392e-08 1.41e-06 2.83e-09 6.52e-08 1.25e-08 3.27e-09 5.37e-11 2.25e-12 2.50e-08 3.32e-08 5.84e-07 1.51e-08 6.54e-08 1.08e-08 4.98e-09 5.02e-09 4.98e-09 2.58e-08 1.51e-07 5.84e-07 1.51e-08 6.54e-08 1.08e-08 5.84e-09 5.84e-09 5.84e-09 2.58e-08 1.51e-07
27057 3.79900e+03 -8.13149e+00 3.13811e-07 5.37155e-09 1.45e-06 2.73e-09 7.29e-08 3.46e-08 9.67e-09 4.87e-11 2.99e-12 5.80e-08 5.37e-09 5.83e-07 1.51e-08 6.54e-08 1.08e-08 4.98e-09 5.02e-09 4.98e-09 2.58e-08 1.51e-07 5.83e-07 1.51e-08 6.54e-08 1.08e-08 5.83e-09 5.83e-09 5.83e-09 2.58e-08 1.51e-07
27097 3.80300e+03 -8.32326e+00 3.27082e-07 5.99066e-08 1.54e-06 3.08e-09 7.46e-08 1.50e-08 3.82e-09 9.85e-11 5.67e-12 2.70e-08 5.99e-08 5.82e-07 1.51e-08 6.55e-08 1.08e-08 4.98e-09 5.02e-09 4.98e-09 2.59e-08 1.51e-07 5.82e-07 1.51e-08 6.55e-08 1.08e-08 5.82e-09 5.82e-09 5.82e-09 2.59e-08 1.51e-07
27137 3.80700e+03 -8.40061e+00 3.16859e-07 4.82035e-09 1.51e-06 2.74e-09 6.19e-08 1.10e-08 2.99e-09 1.94e-11 3.76e-12 2.12e-08 4.82e-09 5.81e-07 1.51e-08 6.54e-08 1.08e-08 4.98e-09 5.02e-09 4.98e-09 2.59e-08 1.51e-07 5.81e-07 1.51e-08 6.54e-08 1.08e-08 5.81e-09 5.81e-09 5.81e-09 2.59e-08 1.51e-07
27177 3.81100e+03 -7.44069e+00 3.27532e-07 6.83510e-08 1.41e-06 2.96e-09 1.24e-07 8.04e-08 2.33e-08 1.93e-11 6.29e-12 1.80e-07 6.84e-08 5.80e-07 1.51e-08 6.54e-08 1.08e-08 4.98e-09 5.02e-09 4.98e-09 2.59e-08 1.50e-07 5.80e-07 1.51e-08 6.54e-08 1.08e-08 5.80e-09 5.80e-09 5.80e-09 2.59e-08 1.50e-07
27217 3.81500e+03 -8.37047e+00 3.32238e-07 4.46653e-09 1.57e-06 2.74e-09 6.73e-08 1.29e-08 3.44e-09 2.18e-11 1.43e-12 2.37e-08 4.47e-09 5.80e-07 1.51e-08 6.55e-08 1.08e-08 4.98e-09 5.02e-09 4.98e-09 2.59e-08 1.50e-07 5.80e-07 1.51e-08 6.55e-08 1.08e-08 5.80e-09 5.80e-09 5.80e-09 2.59e-08 1.50e-07
27257 3.81900e+03 -8.36856e+00 3.15320e-07 1.09269e-08 1.49e-06 2.78e-09 6.96e-08 1.33e-08 3.80e-09 2.66e-11 5.00e-12 2.38e-08 1.09e-08 5.78e-07 1.51e-08 6.55e-08 1.09e-08 4.98e-09 5.02e-09 4.98e-09 2.59e-08 1.50e-07 5.78e-07 1.51e-08 6.55e-08 1.09e-08 5.78e-09 5.78e-09 5.78e-09 2.59e-08 1.50e-07
27297 3.82300e+03 -8.37854e+00 3.19006e-07 6.08001e-09 1.51e-06 2.39e-09 6.55e-08 1.29e-08 3.52e-09 1.54e-11 5.99e-12 2.38e-08 6.08e-09 5.77e-07 1.51e-08 6.55e-08 1.09e-08 4.98e-09 5.02e-09 4.98e-09 2.59e-08 1.50e-07 5.77e-07 1.51e-08 6.55e-08 1.09e-08 5.77e-09 5.77e-09 5.77e-09 2.59e-08 1.50e-07
27337 3.82700e+03 -8.35577e+00 3.06118e-07 2.91542e-08 1.44e-06 5.00e-09 6.60e-08 1.41e-08 3.39e-09 3.07e-11 2.19e-12 2.66e-08 2.92e-08 5.76e-07 1.51e-08 6.55e-08 1.09e-08 4.98e-09 5.02e-09 4.98e-09 2.59e-08 1.50e-07 5.76e-07 1.51e-08 6.55e-08 1.09e-08 5.76e-09 5.76e-09 5.76e-09 2.59e-08 1.50e-07
27377 3.83100e+03 -8.36016e+00 3.18192e-07 3.16591e-09 1.51e-06 4.10e-09 5.60e-08 1.68e-08 3.36e-09 3.07e-11 4.64e-12 2.51e-08 3.17e-09 5.76e-07 1.51e-08 6.56e-08 1.09e-08 4.98e-09 5.02e-09 4.98e-09 2.60e-08 1.50e-07 5.76e-07 1.51e-08 6.56e-08 1.09e-08 5.76e-09 5.76e-09 5.76e-09 2.60e-08 1.50e-07
27417 3.83500e+03 -8.39904e+00 3.11108e-07 3.97597e-08 1.48e-06 3.66e-09 5.81e-08 1.02e-08 2.84e-09 6.55e-11 4.28e-12 1.99e-08 3.98e-08 5.75e-07 1.51e-08 6.57e-08 1.09e-08 4.98e-09 5.02e-09 4.98e-09 2.61e-08 1.50e-07 5.75e-07 1.51e-08 6.57e-08 1.09e-08 5.75e-09 5.75e-09 5.75e-09 2.61e-08 1.50e-07
27457 3.83900e+03 -8.37941e+00 3.15190e-07 1.33781e-08 1.49e-06 2.34e-09 6.74e-08 1.27e-08 3.52e-09 2.02e-11 3.79e-12 2.31e-08 1.34e-08 5.74e-07 1.51e-08 6.57e-08 1.09e-08 4.98e-09 5.02e-09 4.98e-09 2.61e-08 1.49e-07 5.74e-07 1.51e-08 6.57e-08 1.09e-08 5.74e-09 5.74e-09 5.74e-09 2.61e-08 1.49e-07
27497 3.84300e+03 -8.39942e+00 3.09840e-07 6.99668e-09 1.47e-06 2.17e-09 6.07e-08 1.21e-08 3.40e-09 1.72e-11 6.13e-12 2.06e-08 7.00e-09 5.73e-07 1.50e-08 6.57e-08 1.09e-08 4.98e-09 5.02e-09 4.98e-09 2.60e-08 1.49e-07 5.73e-07 1.50e-08 6.57e-08 1.09e-08 5.73e-09 5.73e-09 5.73e-09 2.60e-08 1.49e-07
27537 3.84700e+03 -8.32496e+00 3.26956e-07 7.47067e-09 1.54e-06 5.27e-09 6.43e-08 1.65e-08 4.29e-09 8.06e-11 4.93e-12 3.05e-08 7.47e-09 5.72e-07 1.50e-08 6.57e-08 1.10e-08 4.98e-09 5.02e-09 4.98e-09 2.61e-08 1.49e-07 5.72e-07 1.50e-08 6.57e-08 1.10e-08 5.72e-09 5.72e-09 5.72e-09 2.61e-08 1.49e-07
27577 3.85100e+03 -8.02188e+00 3.57454e-07 5.81402e-09 1.65e-06 4.16e-09 8.12e-08 4.00e-08 1.12e-08 2.77e-11 3.62e-12 7.64e-08 5.81e-09 5.71e-07 1.50e-08 6.57e-08 1.10e-08 4.98e-09 5.02e-09 4.98e-09 2.61e-08 1.49e-07 5.71e-07 1.50e-08 6.57e-08 1.10e-08 5.71e-09 5.71e-09 5.71e-09 2.61e-08 1.49e-07
27617 3.85500e+03 -8.38834e+00 3.17540e-07 9.13066e-09 1.51e-06 2.93e-09 6.33e-08 1.21e-08 3.35e-09 2.30e-11 2.49e-12 2.21e-08 9.13e-09 5.70e-07 1.50e-08 6.57e-08 1.10e-08 4.98e-09 5.02e-09 4.98e-09 2.61e-08 1.48e-07 5.70e-07 1.50e-08 6.57e-08 1.10e-08 5.70e-09 5.70e-09 5.70e-09 2.61e-08 1.48e-07
27657 3.85900e+03 -8.33070e+00 2.85180e-07 1.42915e-08 1.34e-06 3.17e-09 6.09e-08 2.26e-08 3.68e-09 2.18e-11 7.03e-12 3.02e-08 1.43e-08 5.70e-07 1.50e-08 6.58e-08 1.10e-08 4.98e-09 5.02e-09 4.98e-09 2.62e-08 1.48e-07 5.70e-07 1.50e-08 6.58e-08 1.10e-08 5.70e-09 5.70e-09 5.70e-09 2.62e-08 1.48e-07
27697 3.86300e+03 -8.34368e+00 3.20608e-07 3.68797e-09 1.51e-06 2.54e-09 7.07e-08 1.52e-08 4.43e-09 2.53e-11 3.36e-12 2.93e-08 3.69e-09 5.70e-07 1.50e-08 6.59e-08 1.11e-08 4.98e-09 5.02e-09 4.98e-09 2.62e-08 1.48e-07 5.70e-07 1.50e-08 6.59e-08 1.11e-08 5.70e-09 5.70e-09 5.70e-09 2.62e-08 1.48e-07
27737 3.86700e+03 -8.39196e+00 3.08116e-07 9.57475e-09 1.46e-06 3.01e-09 5.84e-08 1.27e-08 3.81e-09 1.74e-11 4.99e-12 2.07e-08 9.57e-09 5.68e-07 1.50e-08 6.59e-08 1.11e-08 4.98e-09 5.02e-09 4.98e-09 2.62e-08 1.48e-07 5.68e-07 1.50e-08 6.59e-08 1.11e-08 5.68e-09 5.68e-09 5.68e-09 2.62e-08 1.48e-07
27777 3.87100e+03 -8.38328e+00 3.11989e-07 5.50849e-09 1.47e-06 2.00e-09 6.62e-08 1.32e-08 3.73e-09 1.85e-11 9.00e-12 2.30e-08 5.51e-09 5.67e-07 1.50e-08 6.58e-08 1.11e-08 4.98e-09 5.02e-09 4.98e-09 2.62e-08 1.47e-07 5.67e-07 1.50e-08 6.58e-08 1.11e-08 5.67e-09 5.67e-09 5.67e-09 2.62e-08 1.47e-07
27817 3.87500e+03 -8.39296e+00 3.23604e-07 1.60154e-08 1.54e-06 2.84e-09 6.06e-08 1.14e-08 3.15e-09 6.87e-11 2.91e-12 2.11e-08 1.60e-08 5.67e-07 1.50e-08 6.59e-08 1.11e-08 4.98e-09 5.02e-09 4.98e-09 2.63e-08 1.47e-07 5.67e-07 1.50e-08 6.59e-08 1.11e-08 5.67e-09 5.67e-09 5.67e-09 2.63e-08 1.47e-07
27857 3.87900e+03 -8.31037e+00 3.04332e-07 2.49294e-07 1.45e-06 2.29e-09 5.70e-08 1.24e-08 3.90e-09 1.61e-11 1.18e-11 1.96e-08 2.49e-07 5.66e-07 1.50e-08 6.59e-08 1.11e-08 4.98e-09 5.02e-09 4.98e-09 2.63e-08 1.47e-07 5.66e-07 1.50e-08 6.59e-08 1.11e-08 5.66e-09 5.66e-09 5.66e-09 2.63e-08 1.47e-07
27897 3.88300e+03 -8.41501e+00 3.08442e-07 2.13082e-08 1.47e-06 2.45e-09 5.86e-08 1.03e-08 2.87e-09 2.18e-11 1.92e-12 1.89e-08 2.13e-08 5.64e-07 1.49e-08 6.59e-08 1.11e-08 4.98e-09 5.02e-09 4.98e-09 2.63e-08 1.47e-07 5.64e-07 1.49e-08 6.59e-08 1.11e-08 5.64e-09 5.64e-09 5.64e-09 2.63e-08 1.47e-07
27937 3.88700e+03 -7.95839e+00 4.09975e-07 8.19775e-08 1.91e-06 2.62e-09 8.78e-08 4.19e-08 1.23e-08 2.03e-11 2.98e-12 7.31e-08 8.20e-08 5.64e-07 1.49e-08 6.60e-08 1.11e-08 4.98e-09 5.02e-09 4.98e-09 2.63e-08 1.47e-07 5.64e-07 1.49e-08 6.60e-08 1.11e-08 5.64e-09 5.64e-09 5.64e-09 2.63e-08 1.47e-07
27977 3.89100e+03 -8.36788e+00 3.20901e-07 6.15292e-09 1.52e-06 2.46e-09 6.58e-08 1.40e-08 3.86e-09 3.56e-11 2.39e-12 2.53e-08 6.15e-09 5.64e-07 1.49e-08 6.61e-08 1.12e-08 4.98e-09 5.02e-09 4.98e-09 2.64e-08 1.46e-07 5.64e-07 1.49e-08 6.61e-08 1.12e-08 5.64e-09 5.64e-09 5.64e-09 2.64e-08 1.46e-07
28017 3.89500e+03 -8.41093e+00 3.15719e-07 6.21053e-09 1.50e-06 2.43e-09 5.88e-08 1.07e-08 2.92e-09 1.75e-11 6.42e-12 2.07e-08 6.21e-09 5.62e-07 1.49e-08 6.60e-08 1.12e-08 4.98e-09 5.02e-09 4.98e-09 2.64e-08 1.46e-07 5.62e-07 1.49e-08 6.60e-08 1.12e-08 5.62e-09 5.62e-09 5.62e-09 2.64e-08 1.46e-07
28057 3.89900e+03 -8.25146e+00 3.73970e-07 2.16669e-07 1.78e-06 9.11e-09 6.73e-08 1.32e-08 2.99e-09 3.42e-11 1.81e-12 2.42e-08 2.17e-07 5.62e-07 1.49e-08 6.61e-08 1.12e-08 4.98e-09 5.02e-09 4.98e-09 2.64e-08 1.46e-07 5.62e-07 1.49e-08 6.61e-08 1.12e-08 5.62e-09 5.62e-09 5.62e-09 2.64e-08 1.46e-07
28097 3.90300e+03 -8.35718e+00 3.71854e-07 1.82821e-08 1.78e-06 8.79e-09 5.62e-08 1.14e-08 2.95e-09 5.81e-11 3.02e-12 1.89e-08 1.83e-08 5.62e-07 1.49e-08 6.61e-08 1.12e-08 4.98e-09 5.02e-09 4.98e-09 2.64e-08 1.46e-07 5.62e-07 1.49e-08 6.61e-08 1.12e-08 5.62e-09 5.62e-09 5.62e-09 2.64e-08 1.46e-07
28137 3.90700e+03 -8.29320e+00 3.25007e-07 4.91385e-09 1.53e-06 2.37e-09 7.10e-08 1.99e-08 5.52e-09 2.00e-11 4.46e-12 3.74e-08 4.91e-09 5.61e-07 1.49e-08 6.61e-08 1.12e-08 4.98e-09 5.02e-09 4.98e-09 2.65e-08 1.46e-07 5.61e-07 1.49e-08 6.61e-08 1.12e-08 5.61e-09 5.61e-09 5.61e-09 2.65e-08 1.46e-07
28177 3.91100e+03 -8.34166e+00 4.31576e-07 1.32053e-08 2.08e-06 2.32e-09 5.96e-08 1.21e-08 3.03e-09 3.54e-11 2.23e-12 2.13e-08 1.32e-08 5.60e-07 1.49e-08 6.62e-08 1.12e-08 4.98e-09 5.02e-09 4.98e-09 2.65e-08 1.46e-07 5.60e-07 1.49e-08 6.62e-08 1.12e-08 5.60e-09 5.60e-09 5.60e-09 2.65e-08 1.46e-07
28217 3.91500e+03 -8.39570e+00 3.23286e-07 4.74782e-08 1.54e-06 3.33e-09 5.82e-08 1.04e-08 2.92e-09 5.88e-11 3.12e-12 1.81e-08 4.75e-08 5.60e-07 1.48e-08 6.62e-08 1.13e-08 4.98e-09 5.02e-09 4.98e-09 2.65e-08 1.45e-07 5.60e-07 1.48e-08 6.62e-08 1.13e-08 5.60e-09 5.60e-09 5.60e-09 2.65e-08 1.45e-07
28257 3.91900e+03 -8.37627e+00 3.27897e-07 9.11525e-09 1.56e-06 2.67e-09 5.70e-08 1.44e-08 3.33e-09 2.99e-11 1.02e-11 2.38e-08 9.12e-09 5.60e-07 1.48e-08 6.62e-08 1.13e-08 4.98e-09 5.02e-09 4.98e-09 2.65e-08 1.45e-07 5.60e-07 1.48e-08 6.62e-08 1.13e-08 5.60e-09 5.60e-09 5.60e-09 2.65e-08 1.45e-07
28297 3.92300e+03 -8.34178e+00 3.11945e-07 4.37624e-09 1.47e-06 3.72e-09 6.45e-08 1.66e-08 4.76e-09 4.97e-11 1.84e-12 2.88e-08 4.38e-09 5.60e-07 1.48e-08 6.63e-08 1.13e-08 4.98e-09 5.02e-09 4.98e-09 2.66e-08 1.45e-07 5.60e-07 1.48e-08 6.63e-08 1.13e-08 5.60e-09 5.60e-09 5.60e-09 2.66e-08 1.45e-07
28337 3.92700e+03 -7.39217e+00 3.50828e-07 4.63702e-09 1.51e-06 3.38e-09 1.32e-07 8.89e-08 2.37e-08 7.39e-11 2.85e-12 1.95e-07 4.64e-09 5.59e-07 1.48e-08 6.63e-08 1.13e-08 4.98e-09 5.02e-09 4.98e-09 2.66e-08 1.45e-07 5.59e-07 1.48e-08 6.63e-08 1.13e-08 5.59e-09 5.59e-09 5.59e-09 2.66e-08 1.45e-07
28377 3.93100e+03 -8.31579e+00 3.09599e-07 1.01206e-08 1.45e-06 3.69e-09 7.00e-08 1.81e-08 4.97e-09 6.24e-11 7.68e-13 3.45e-08 1.01e-08 5.62e-07 1.48e-08 6.65e-08 1.14e-08 4.98e-09 5.02e-09 4.98e-09 2.67e-08 1.45e-07 5.62e-07 1.48e-08 6.65e-08 1.14e-08 5.62e-09 5.62e-09 5.62e-09 2.67e-08 1.45e-07
28417 3.93500e+03 -8.35142e+00 3.59244e-07 2.64635e-09 1.71e-06 2.32e-09 6.85e-08 1.35e-08 3.88e-09 1.99e-11 1.18e-12 2.59e-08 2.65e-09 5.61e-07 1.48e-08 6.65e-08 1.14e-08 4.98e-09 5.02e-09 4.98e-09 2.68e-08 1.45e-07 5.61e-07 1.48e-08 6.65e-08 1.14e-08 5.61e-09 5.61e-09 5.61e-09 2.68e-08 1.45e-07
28457 3.93900e+03 -8.37845e+00 3.08149e-07 1.12622e-08 1.46e-06 3.92e-09 5.94e-08 1.30e-08 3.76e-09 1.11e-10 3.71e-12 2.51e-08 1.13e-08 5.62e-07 1.48e-08 6.66e-08 1.14e-08 4.98e-09 5.02e-09 4.98e-09 2.68e-08 1.44e-07 5.62e-07 1.48e-08 6.66e-08 1.14e-08 5.62e-09 5.62e-09 5.62e-09 2.68e-08 1.44e-07
28497 3.94300e+03 -8.01956e+00 3.51296e-07 6.54799e-07 1.66e-06 3.22e-09 6.55e-08 2.41e-08 4.98e-09 9.35e-11 4.95e-12 3.64e-08 6.55e-07 5.63e-07 1.48e-08 6.67e-08 1.15e-08 4.98e-09 5.02e-09 4.98e-09 2.69e-08 1.44e-07 5.63e-07 1.48e-08 6.67e-08 1.15e-08 5.63e-09 5.63e-09 5.63e-09 2.69e-08 1.44e-07
28537 3.94700e+03 -8.41848e+00 3.14810e-07 2.50086e-09 1.50e-06 3.65e-09 5.71e-08 1.02e-08 2.82e-09 4.55e-11 1.70e-12 1.84e-08 2.50e-09 5.63e-07 1.47e-08 6.69e-08 1.15e-08 4.98e-09 5.02e-09 4.98e-09 2.69e-08 1.44e-07 5.63e-07 1.47e-08 6.69e-08 1.15e-08 5.63e-09 5.63e-09 5.63e-09 2.69e-08 1.44e-07
28577 3.95100e+03 -8.30535e+00 3.21060e-07 1.36971e-08 1.51e-06 2.82e-09 7.07e-08 1.90e-08 5.52e-09 2.57e-11 8.04e-13 3.35e-08 1.37e-08 5.62e-07 1.47e-08 6.68e-08 1.15e-08 4.98e-09 5.02e-09 4.98e-09 2.69e-08 1.44e-07 5.62e-07 1.47e-08 6.68e-08 1.15e-08 5.62e-09 5.62e-09 5.62e-09 2.69e-08 1.44e-07
28617 3.95500e+03 -8.19095e+00 3.39268e-07 2.13073e-08 1.59e-06 3.87e-09 6.94e-08 2.74e-08 7.61e-09 7.06e-11 5.50e-12 5.23e-08 2.13e-08 5.62e-07 1.47e-08 6.68e-08 1.15e-08 4.98e-09 5.02e-09 4.98e-09 2.70e-08 1.44e-07 5.62e-07 1.47e-08 6.68e-08 1.15e-08 5.62e-09 5.62e-09 5.62e-09 2.70e-08 1.44e-07
28657 3.95900e+03 -7.80578e+00 3.64823e-07 1.74505e-07 1.67e-06 4.88e-09 9.05e-08 4.79e-08 1.22e-08 6.33e-11 1.96e-12 1.26e-07 1.75e-07 5.61e-07 1.47e-08 6.68e-08 1.15e-08 4.98e-09 5.02e-09 4.98e-09 2.70e-08 1.43e-07 5.61e-07 1.47e-08 6.68e-08 1.15e-08 5.61e-09 5.61e-09 5.61e-09 2.70e-08 1.43e-07
28697 3.96300e+03 -8.33545e+00 4.39977e-07 6.51723e-09 2.12e-06 5.88e-09 6.02e-08 1.04e-08 3.12e-09 7.12e-11 5.25e-12 2.10e-08 6.52e-09 5.61e-07 1.47e-08 6.68e-08 1.15e-08 4.98e-09 5.02e-09 4.98e-09 2.70e-08 1.44e-07 5.61e-07 1.47e-08 6.68e-08 1.15e-08 5.61e-09 5.61e-09 5.61e-09 2.70e-08 1.44e-07
28737 3.96700e+03 -8.43835e+00 3.23322e-07 2.19867e-08 1.55e-06 2.43e-09 5.58e-08 7.46e-09 2.05e-09 1.97e-11 9.31e-13 1.59e-08 2.20e-08 5.61e-07 1.47e-08 6.68e-08 1.15e-08 4.98e-09 5.02e-09 4.98e-09 2.70e-08 1.43e-07 5.61e-07 1.47e-08 6.68e-08 1.15e-08 5.61e-09 5.61e-09 5.61e-09 2.70e-08 1.43e-07
28777 3.97100e+03 -8.36541e+00 3.22367e-07 2.00765e-08 1.53e-06 2.83e-09 6.34e-08 1.37e-08 3.62e-09 3.09e-11 1.42e-12 2.68e-08 2.01e-08 5.60e-07 1.46e-08 6.68e-08 1.15e-08 4.98e-09 5.02e-09 4.98e-09 2.70e-08 1.43e-07 5.60e-07 1.46e-08 6.68e-08 1.15e-08 5.60e-09 5.60e-09 5.60e-09 2.70e-08 1.43e-07
28817 3.97500e+03 -8.23103e+00 3.71807e-07 1.12162e-08 1.75e-06 6.59e-09 7.26e-08 2.15e-08 5.92e-09 2.23e-10 1.33e-12 4.21e-08 1.12e-08 5.60e-07 1.46e-08 6.68e-08 1.16e-08 4.98e-09 5.02e-09 4.98e-09 2.70e-08 1.43e-07 5.60e-07 1.46e-08 6.68e-08 1.16e-08 5.60e-09 5.60e-09 5.60e-09 2.70e-08 1.43e-07
28857 3.97900e+03 -8.43036e+00 2.97203e-07 9.12345e-09 1.41e-06 4.30e-09 5.56e-08 9.57e-09 2.39e-09 2.18e-11 2.46e-12 1.89e-08 9.12e-09 5.59e-07 1.46e-08 6.68e-08 1.16e-08 4.98e-09 5.02e-09 4.98e-09 2.71e-08 1.43e-07 5.59e-07 1.46e-08 6.68e-08 1.16e-08 5.59e-09 5.59e-09 5.59e-09 2.71e-08 1.43e-07
28897 3.98300e+03 -6.86305e+00 3.21264e-07 2.38449e-06 1.43e-06 4.95e-09 9.86e-08 5.76e-08 1.60e-08 1.01e-10 4.33e-12 1.37e-07 2.38e-06 5.59e-07 1.46e-08 6.68e-08 1.16e-08 4.98e-09 5.02e-09 4.98e-09 2.71e-08 1.43e-07 5.59e-07 1.46e-08 6.68e-08 1.16e-08 5.59e-09 5.59e-09 5.59e-09 2.71e-08 1.43e-07
28937 3.98700e+03 -8.44067e+00 2.99673e-07 1.92585e-08 1.43e-06 3.10e-09 5.44e-08 8.42e-09 2.00e-09 5.49e-11 3.28e-12 1.83e-08 1.93e-08 5.58e-07 1.46e-08 6.68e-08 1.16e-08 4.98e-09 5.02e-09 4.98e-09 2.71e-08 1.43e-07 5.58e-07 1.46e-08 6.68e-08 1.16e-08 5.58e-09 5.58e-09 5.58e-09 2.71e-08 1.43e-07
28977 3.99100e+03 -8.39319e+00 3.52614e-07 4.36478e-08 1.69e-06 3.41e-09 5.83e-08 9.23e-09 2.52e-09 9.63e-11 4.65e-12 1.75e-08 4.36e-08 5.58e-07 1.46e-08 6.68e-08 1.16e-08 4.98e-09 5.02e-09 4.98e-09 2.72e-08 1.43e-07 5.58e-07 1.46e-08 6.68e-08 1.16e-08 5.58e-09 5.58e-09 5.58e-09 2.72e-08 1.43e-07
29017 3.99500e+03 -8.29143e+00 4.11452e-07 4.97475e-09 1.96e-06 3.14e-09 7.04e-08 1.67e-08 4.47e-09 1.29e-10 1.91e-12 3.00e-08 4.97e-09 5.59e-07 1.45e-08 6.68e-08 1.16e-08 4.98e-09 5.02e-09 4.98e-09 2.72e-08 1.43e-07 5.59e-07 1.45e-08 6.68e-08 1.16e-08 5.59e-09 5.59e-09 5.59e-09 2.72e-08 1.43e-07
29057 3.99900e+03 -8.32745e+00 3.53652e-07 1.04364e-08 1.68e-06 3.27e-09 6.55e-08 1.58e-08 4.20e-09 1.20e-10 1.89e-12 3.02e-08 1.04e-08 5.59e-07 1.45e-08 6.68e-08 1.16e-08 4.98e-09 5.02e-09 4.98e-09 2.72e-08 1.43e-07 5.59e-07 1.45e-08 6.68e-08 1.16e-08 5.59e-09 5.59e-09 5.59e-09 2.72e-08 1.43e-07
29097 4.00300e+03 -8.35548e+00 3.72890e-07 1.72389e-09 1.78e-06 6.09e-09 6.41e-08 1.16e-08 3.33e-09 1.31e-10 9.15e-13 2.26e-08 1.72e-09 5.62e-07 1.45e-08 6.70e-08 1.16e-08 4.98e-09 5.02e-09 4.98e-09 2.72e-08 1.43e-07 5.62e-07 1.45e-08 6.70e-08 1.16e-08 5.62e-09 5.62e-09 5.62e-09 2.72e-08 1.43e-07
29137 4.00700e+03 -8.35152e+00 3.47599e-07 1.54695e-09 1.65e-06 4.52e-09 6.13e-08 1.47e-08 3.89e-09 4.84e-11 9.13e-13 2.52e-08 1.55e-09 5.64e-07 1.45e-08 6.71e-08 1.16e-08 4.98e-09 5.02e-09 4.98e-09 2.72e-08 1.43e-07 5.64e-07 1.45e-08 6.71e-08 1.16e-08 5.64e-09 5.64e-09 5.64e-09 2.72e-08 1.43e-07
29177 4.01100e+03 -8.38244e+00 2.96404e-07 5.10645e-08 1.40e-06 4.62e-09 6.13e-08 1.20e-08 3.20e-09 5.98e-11 6.04e-12 2.22e-08 5.11e-08 5.64e-07 1.45e-08 6.72e-08 1.17e-08 4.98e-09 5.02e-09 4.98e-09 2.72e-08 1.43e-07 5.64e-07 1.45e-08 6.72e-08 1.17e-08 5.64e-09 5.64e-09 5.64e-09 2.72e-08 1.43e-07
29217 4.01500e+03 -7.96219e+00 3.44797e-07 3.43358e-09 1.58e-06 4.74e-09 8.83e-08 4.04e-08 1.08e-08 6.38e-11 2.31e-12 1.15e-07 3.43e-09 5.63e-07 1.45e-08 6.72e-08 1.17e-08 4.98e-09 5.02e-09 4.98e-09 2.73e-08 1.43e-07 5.63e-07 1.45e-08 6.72e-08 1.17e-08 5.63e-09 5.63e-09 5.63e-09 2.73e-08 1.43e-07
29257 4.01900e+03 -8.44002e+00 2.99012e-07 2.08261e-09 1.43e-06 3.10e-09 5.33e-08 9.23e-09 2.42e-09 1.40e-10 3.26e-12 1.81e-08 2.08e-09 5.63e-07 1.44e-08 6.73e-08 1.17e-08 4.98e-09 5.02e-09 4.98e-09 2.73e-08 1.43e-07 5.63e-07 1.44e-08 6.73e-08 1.17e-08 5.63e-09 5.63e-09 5.63e-09 2.73e-08 1.43e-07
29297 4.02300e+03 -7.90893e+00 3.82237e-07 1.00929e-06 1.82e-06 7.78e-09 5.71e-08 1.93e-08 3.69e-09 3.59e-10 6.89e-13 2.68e-08 1.01e-06 5.63e-07 1.44e-08 6.74e-08 1.17e-08 4.98e-09 5.02e-09 4.98e-09 2.74e-08 1.43e-07 5.63e-07 1.44e-08 6.74e-08 1.17e-08 5.63e-09 5.63e-09 5.63e-09 2.74e-08 1.43e-07
29337 4.02700e+03 -8.29439e+00 3.48498e-07 2.87097e-07 1.67e-06 5.99e-09 6.08e-08 8.38e-09 1.98e-09 6.69e-11 1.10e-12 1.97e-08 2.87e-07 5.63e-07 1.44e-08 6.75e-08 1.18e-08 4.98e-09 5.02e-09 4.98e-09 2.74e-08 1.43e-07 5.63e-07 1.44e-08 6.75e-08 1.18e-08 5.63e-09 5.63e-09 5.63e-09 2.74e-08 1.43e-07
29377 4.03100e+03 -8.40071e+00 3.83907e-07 3.14156e-08 1.85e-06 3.17e-09 5.49e-08 7.30e-09 2.13e-09 1.03e-10 5.36e-13 1.64e-08 3.14e-08 5.63e-07 1.44e-08 6.76e-08 1.18e-08 4.98e-09 5.02e-09 4.98e-09 2.75e-08 1.43e-07 5.63e-07 1.44e-08 6.76e-08 1.18e-08 5.63e-09 5.63e-09 5.63e-09 2.75e-08 1.43e-07
29417 4.03500e+03 -8.40551e+00 4.05167e-07 2.10623e-08 1.96e-06 3.84e-09 5.71e-08 5.78e-09 1.54e-09 3.83e-11 5.78e-13 1.54e-08 2.11e-08 5.63e-07 1.44e-08 6.75e-08 1.18e-08 4.98e-09 5.02e-09 4.98e-09 2.75e-08 1.43e-07 5.63e-07 1.44e-08 6.75e-08 1.18e-08 5.63e-09 5.63e-09 5.63e-09 2.75e-08 1.43e-07
29457 4.03900e+03 -8.38942e+00 3.53467e-07 2.29418e-08 1.69e-06 4.66e-09 6.34e-08 8.24e-09 2.26e-09 2.91e-11 6.25e-12 2.28e-08 2.29e-08 5.63e-07 1.44e-08 6.75e-08 1.18e-08 4.98e-09 5.02e-09 4.98e-09 2.75e-08 1.43e-07 5.63e-07 1.44e-08 6.75e-08 1.18e-08 5.63e-09 5.63e-09 5.63e-09 2.75e-08 1.43e-07
29497 4.04300e+03 -8.12871e+00 3.34918e-07 6.88007e-09 1.56e-06 3.54e-09 6.41e-08 3.45e-08 9.38e-09 3.96e-11 7.13e-13 6.69e-08 6.88e-09 5.62e-07 1.43e-08 6.74e-08 1.18e-08 4.98e-09 5.02e-09 4.98e-09 2.75e-08 1.43e-07 5.62e-07 1.43e-08 6.74e-08 1.18e-08 5.62e-09 5.62e-09 5.62e-09 2.75e-08 1.43e-07
29537 4.04700e+03 -8.45346e+00 3.21501e-07 1.59997e-09 1.54e-06 2.92e-09 5.15e-08 6.45e-09 1.71e-09 2.14e-11 1.43e-12 1.76e-08 1.60e-09 5.61e-07 1.43e-08 6.73e-08 1.18e-08 4.98e-09 5.02e-09 4.98e-09 2.75e-08 1.43e-07 5.61e-07 1.43e-08 6.73e-08 1.18e-08 5.61e-09 5.61e-09 5.61e-09 2.75e-08 1.43e-07
29577 4.05100e+03 -8.38569e+00 3.10944e-07 1.69871e-09 1.48e-06 2.92e-09 5.76e-08 1.30e-08 3.43e-09 2.02e-11 1.16e-12 2.82e-08 1.70e-09 5.60e-07 1.43e-08 6.71e-08 1.18e-08 4.98e-09 5.02e-09 4.98e-09 2.74e-08 1.43e-07 5.60e-07 1.43e-08 6.71e-08 1.18e-08 5.60e-09 5.60e-09 5.60e-09 2.74e-08 1.43e-07
29617 4.05500e+03 -8.41918e+00 3.11331e-07 1.69227e-09 1.48e-06 2.89e-09 5.62e-08 1.05e-08 2.84e-09 1.52e-11 2.39e-12 2.08e-08 1.69e-09 5.59e-07 1.43e-08 6.70e-08 1.18e-08 4.98e-09 5.02e-09 4.98e-09 2.74e-08 1.43e-07 5.59e-07 1.43e-08 6.70e-08 1.18e-08 5.59e-09 5.59e-09 5.59e-09 2.74e-08 1.43e-07
29657 4.05900e+03 -8.46801e+00 2.94791e-07 2.33376e-09 1.41e-06 2.45e-09 4.87e-08 7.13e-09 1.81e-09 1.81e-11 1.44e-12 1.71e-08 2.33e-09 5.58e-07 1.42e-08 6.68e-08 1.18e-08 4.98e-09 5.02e-09 4.98e-09 2.74e-08 1.43e-07 5.58e-07 1.42e-08 6.68e-08 1.18e-08 5.58e-09 5.58e-09 5.58e-09 2.74e-08 1.43e-07
29697 4.06300e+03 -8.32615e+00 3.29424e-07 4.48548e-08 1.56e-06 2.78e-09 6.36e-08 1.59e-08 4.19e-09 3.54e-11 2.91e-12 3.29e-08 4.49e-08 5.56e-07 1.42e-08 6.67e-08 1.18e-08 4.98e-09 5.02e-09 4.98e-09 2.74e-08 1.43e-07 5.56e-07 1.42e-08 6.67e-08 1.18e-08 5.56e-09 5.56e-09 5.56e-09 2.74e-08 1.43e-07
29717 4.06400e+03 -8.35390e+00 3.04520e-07 1.23648e-08 1.44e-06 5.55e-09 6.28e-08 1.47e-08 4.07e-09 1.95e-10 3.37e-12 2.92e-08 1.24e-08 5.56e-07 1.42e-08 6.67e-08 1.18e-08 4.98e-09 5.02e-09 4.98e-09 2.74e-08 1.43e-07 5.56e-07 1.42e-08 6.67e-08 1.18e-08 5.56e-09 5.56e-09 5.56e-09 2.74e-08 1.43e-07
29757 4.06800e+03 -8.30163e+00 4.22437e-07 1.51516e-07 2.03e-06 4.09e-09 6.03e-08 1.03e-08 2.61e-09 9.82e-11 3.14e-12 2.04e-08 1.52e-07 5.55e-07 1.42e-08 6.65e-08 1.18e-08 4.98e-09 5.02e-09 4.98e-09 2.74e-08 1.42e-07 5.55e-07 1.42e-08 6.65e-08 1.18e-08 5.55e-09 5.55e-09 5.55e-09 2.74e-08 1.42e-07
29797 4.07200e+03 -7.85449e+00 1.21111e-06 5.54355e-09 5.91e-06 1.18e-08 1.19e-07 9.88e-09 2.08e-09 4.80e-10 2.43e-12 4.09e-08 5.54e-09 5.56e-07 1.42e-08 6.67e-08 1.18e-08 4.98e-09 5.02e-09 4.98e-09 2.75e-08 1.43e-07 5.56e-07 1.42e-08 6.67e-08 1.18e-08 5.56e-09 5.56e-09 5.56e-09 2.75e-08 1.43e-07
29837 4.07600e+03 -8.33415e+00 3.09555e-07 2.37587e-07 1.47e-06 9.14e-09 5.61e-08 7.30e-09 2.04e-09 1.22e-10 1.46e-13 1.71e-08 2.38e-07 5.57e-07 1.42e-08 6.67e-08 1.18e-08 4.98e-09 5.02e-09 4.98e-09 2.75e-08 1.43e-07 5.57e-07 1.42e-08 6.67e-08 1.18e-08 5.57e-09 5.57e-09 5.57e-09 2.75e-08 1.43e-07
29877 4.08000e+03 -8.33733e+00 3.86787e-07 4.90222e-08 1.86e-06 6.34e-09 5.66e-08 1.18e-08 3.36e-09 8.61e-11 3.81e-13 2.15e-08 4.90e-08 5.57e-07 1.41e-08 6.67e-08 1.18e-08 4.98e-09 5.02e-09 4.98e-09 2.75e-08 1.43e-07 5.57e-07 1.41e-08 6.67e-08 1.18e-08 5.57e-09 5.57e-09 5.57e-09 2.75e-08 1.43e-07
29917 4.08400e+03 -8.46929e+00 3.02603e-07 9.59201e-09 1.45e-06 4.17e-09 4.72e-08 5.65e-09 1.56e-09 1.39e-10 1.18e-12 1.46e-08 9.59e-09 5.57e-07 1.41e-08 6.66e-08 1.18e-08 4.98e-09 5.02e-09 4.98e-09 2.75e-08 1.43e-07 5.57e-07 1.41e-08 6.66e-08 1.18e-08 5.57e-09 5.57e-09 5.57e-09 2.75e-08 1.43e-07
29957 4.08800e+03 -8.46129e+00 2.75571e-07 8.49862e-08 1.32e-06 2.52e-09 4.47e-08 5.89e-09 1.56e-09 1.83e-11 2.07e-12 1.50e-08 8.50e-08 5.56e-07 1.41e-08 6.63e-08 1.18e-08 4.98e-09 5.02e-09 4.98e-09 2.75e-08 1.43e-07 5.56e-07 1.41e-08 6.63e-08 1.18e-08 5.56e-09 5.56e-09 5.56e-09 2.75e-08 1.43e-07
29997 4.09200e+03 -8.38666e+00 4.58279e-07 5.19895e-09 2.22e-06 2.83e-09 5.81e-08 6.53e-09 1.63e-09 2.16e-11 2.53e-12 1.48e-08 5.20e-09 5.54e-07 1.41e-08 6.62e-08 1.18e-08 4.98e-09 5.02e-09 4.98e-09 2.75e-08 1.42e-07 5.54e-07 1.41e-08 6.62e-08 1.18e-08 5.54e-09 5.54e-09 5.54e-09 2.75e-08 1.42e-07
30037 4.09600e+03 -8.43157e+00 3.07807e-07 3.47315e-09 1.47e-06 3.12e-09 5.20e-08 9.48e-09 2.61e-09 5.98e-11 1.13e-12 2.04e-08 3.47e-09 5.53e-07 1.40e-08 6.60e-08 1.18e-08 4.98e-09 5.02e-09 4.98e-09 2.75e-08 1.42e-07 5.53e-07 1.40e-08 6.60e-08 1.18e-08 5.53e-09 5.53e-09 5.53e-09 2.75e-08 1.42e-07
30077 4.10000e+03 -8.49152e+00 2.92683e-07 2.73691e-09 1.41e-06 2.14e-09 4.12e-08 6.23e-09 1.71e-09 2.49e-11 5.27e-12 1.26e-08 2.74e-09 5.52e-07 1.40e-08 6.58e-08 1.18e-08 4.98e-09 5.02e-09 4.98e-09 2.75e-08 1.42e-07 5.52e-07 1.40e-08 6.58e-08 1.18e-08 5.52e-09 5.52e-09 5.52e-09 2.75e-08 1.42e-07
30117 4.10400e+03 -8.48596e+00 2.90373e-07 3.50162e-09 1.40e-06 2.20e-09 4.25e-08 6.69e-09 1.71e-09 1.90e-11 2.29e-12 1.45e-08 3.50e-09 5.50e-07 1.40e-08 6.55e-08 1.18e-08 4.98e-09 5.02e-09 4.98e-09 2.74e-08 1.42e-07 5.50e-07 1.40e-08 6.55e-08 1.18e-08 5.50e-09 5.50e-09 5.50e-09 2.74e-08 1.42e-07
30157 4.10800e+03 -8.47107e+00 2.86666e-07 5.84179e-09 1.38e-06 2.30e-09 4.52e-08 8.09e-09 2.07e-09 3.15e-11 2.33e-12 1.63e-08 5.84e-09 5.48e-07 1.39e-08 6.52e-08 1.18e-08 4.98e-09 5.02e-09 4.98e-09 2.74e-08 1.42e-07 5.48e-07 1.39e-08 6.52e-08 1.18e-08 5.48e-09 5.48e-09 5.48e-09 2.74e-08 1.42e-07
30197 4.11200e+03 -8.46468e+00 3.03901e-07 1.88806e-09 1.46e-06 2.29e-09 4.96e-08 7.41e-09 1.89e-09 1.75e-11 3.32e-12 1.70e-08 1.89e-09 5.47e-07 1.39e-08 6.50e-08 1.18e-08 4.98e-09 5.02e-09 4.98e-09 2.73e-08 1.42e-07 5.47e-07 1.39e-08 6.50e-08 1.18e-08 5.47e-09 5.47e-09 5.47e-09 2.73e-08 1.42e-07
30237 4.11600e+03 -8.43221e+00 3.19248e-07 3.38061e-09 1.53e-06 2.32e-09 5.61e-08 9.24e-09 2.37e-09 2.25e-11 3.27e-12 2.00e-08 3.38e-09 5.45e-07 1.39e-08 6.48e-08 1.17e-08 4.98e-09 5.02e-09 4.98e-09 2.73e-08 1.42e-07 5.45e-07 1.39e-08 6.48e-08 1.17e-08 5.45e-09 5.45e-09 5.45e-09 2.73e-08 1.42e-07
30277 4.12000e+03 -8.50190e+00 2.80641e-07 3.16080e-09 1.35e-06 2.12e-09 4.07e-08 6.02e-09 1.15e-09 3.45e-11 1.59e-12 1.50e-08 3.16e-09 5.44e-07 1.39e-08 6.47e-08 1.17e-08 4.98e-09 5.02e-09 4.98e-09 2.73e-08 1.42e-07 5.44e-07 1.39e-08 6.47e-08 1.17e-08 5.44e-09 5.44e-09 5.44e-09 2.73e-08 1.42e-07
30317 4.12400e+03 -8.48671e+00 3.10660e-07 8.53136e-10 1.50e-06 2.10e-09 4.53e-08 5.28e-09 9.65e-10 7.16e-11 1.05e-12 1.63e-08 8.53e-10 5.43e-07 1.38e-08 6.46e-08 1.18e-08 4.98e-09 5.02e-09 4.98e-09 2.73e-08 1.41e-07 5.43e-07 1.38e-08 6.46e-08 1.18e-08 5.43e-09 5.43e-09 5.43e-09 2.73e-08 1.41e-07
30357 4.12800e+03 -8.33645e+00 4.21313e-07 1.74308e-07 2.03e-06 4.60e-09 7.02e-08 4.62e-09 1.02e-09 3.91e-11 1.33e-12 1.62e-08 1.74e-07 5.42e-07 1.38e-08 6.45e-08 1.18e-08 4.98e-09 5.02e-09 4.98e-09 2.73e-08 1.41e-07 5.42e-07 1.38e-08 6.45e-08 1.18e-08 5.42e-09 5.42e-09 5.42e-09 2.73e-08 1.41e-07
30397 4.13200e+03 -8.47442e+00 2.97007e-07 5.00813e-09 1.43e-06 2.48e-09 4.49e-08 7.58e-09 1.88e-09 5.66e-11 2.42e-12 1.49e-08 5.01e-09 5.41e-07 1.38e-08 6.43e-08 1.18e-08 4.98e-09 5.02e-09 4.98e-09 2.73e-08 1.41e-07 5.41e-07 1.38e-08 6.43e-08 1.18e-08 5.41e-09 5.41e-09 5.41e-09 2.73e-08 1.41e-07
30437 4.13600e+03 -8.42100e+00 3.07896e-07 5.42317e-09 1.46e-06 2.28e-09 5.93e-08 1.09e-08 2.84e-09 2.49e-11 1.99e-12 2.13e-08 5.42e-09 5.39e-07 1.37e-08 6.41e-08 1.18e-08 4.98e-09 5.02e-09 4.98e-09 2.73e-08 1.41e-07 5.39e-07 1.37e-08 6.41e-08 1.18e-08 5.39e-09 5.39e-09 5.39e-09 2.73e-08 1.41e-07
30477 4.14000e+03 -8.46902e+00 3.22665e-07 5.70279e-09 1.55e-06 2.30e-09 5.50e-08 5.62e-09 1.52e-09 2.63e-11 4.25e-12 1.42e-08 5.70e-09 5.38e-07 1.37e-08 6.40e-08 1.18e-08 4.98e-09 5.02e-09 4.98e-09 2.73e-08 1.41e-07 5.38e-07 1.37e-08 6.40e-08 1.18e-08 5.38e-09 5.38e-09 5.38e-09 2.73e-08 1.41e-07
30517 4.14400e+03 -8.41385e+00 3.28516e-07 2.98961e-09 1.57e-06 2.44e-09 5.39e-08 1.10e-08 2.84e-09 2.72e-11 1.10e-12 2.18e-08 2.99e-09 5.37e-07 1.37e-08 6.38e-08 1.17e-08 4.98e-09 5.02e-09 4.98e-09 2.73e-08 1.41e-07 5.37e-07 1.37e-08 6.38e-08 1.17e-08 5.37e-09 5.37e-09 5.37e-09 2.73e-08 1.41e-07
30557 4.14800e+03 -8.45654e+00 3.25385e-07 1.75806e-09 1.56e-06 2.46e-09 5.16e-08 7.37e-09 1.88e-09 3.32e-11 5.35e-12 1.59e-08 1.76e-09 5.35e-07 1.36e-08 6.37e-08 1.17e-08 4.98e-09 5.02e-09 4.98e-09 2.72e-08 1.41e-07 5.35e-07 1.36e-08 6.37e-08 1.17e-08 5.35e-09 5.35e-09 5.35e-09 2.72e-08 1.41e-07
30597 4.15200e+03 -8.45899e+00 3.35126e-07 5.75927e-09 1.61e-06 2.67e-09 5.44e-08 5.91e-09 1.55e-09 6.81e-11 1.88e-12 1.50e-08 5.76e-09 5.34e-07 1.36e-08 6.35e-08 1.17e-08 4.98e-09 5.02e-09 4.98e-09 2.72e-08 1.41e-07 5.34e-07 1.36e-08 6.35e-08 1.17e-08 5.34e-09 5.34e-09 5.34e-09 2.72e-08 1.41e-07
30637 4.15600e+03 -8.47947e+00 2.80422e-07 1.23300e-08 1.35e-06 2.01e-09 4.33e-08 7.59e-09 1.92e-09 3.91e-11 9.15e-13 1.78e-08 1.23e-08 5.32e-07 1.36e-08 6.33e-08 1.17e-08 4.98e-09 5.02e-09 4.98e-09 2.72e-08 1.40e-07 5.32e-07 1.36e-08 6.33e-08 1.17e-08 5.32e-09 5.32e-09 5.32e-09 2.72e-08 1.40e-07
30677 4.16000e+03 -8.49560e+00 2.99277e-07 5.00066e-09 1.44e-06 2.31e-09 4.87e-08 4.98e-09 9.85e-10 4.26e-11 1.01e-12 1.48e-08 5.00e-09 5.30e-07 1.35e-08 6.31e-08 1.17e-08 4.98e-09 5.02e-09 4.98e-09 2.72e-08 1.40e-07 5.30e-07 1.35e-08 6.31e-08 1.17e-08 5.30e-09 5.30e-09 5.30e-09 2.72e-08 1.40e-07
30717 4.16400e+03 -8.43286e+00 3.22022e-07 8.60384e-10 1.54e-06 4.10e-09 5.02e-08 9.67e-09 2.26e-09 5.29e-11 2.79e-12 1.92e-08 8.60e-10 5.30e-07 1.35e-08 6.31e-08 1.17e-08 4.98e-09 5.02e-09 4.98e-09 2.72e-08 1.40e-07 5.30e-07 1.35e-08 6.31e-08 1.17e-08 5.30e-09 5.30e-09 5.30e-09 2.72e-08 1.40e-07
30757 4.16800e+03 -8.42731e+00 3.41907e-07 2.96043e-08 1.64e-06 2.34e-09 5.37e-08 9.17e-09 1.15e-09 3.44e-11 5.55e-13 2.03e-08 2.96e-08 5.30e-07 1.35e-08 6.31e-08 1.17e-08 4.98e-09 5.02e-09 4.98e-09 2.73e-08 1.40e-07 5.30e-07 1.35e-08 6.31e-08 1.17e-08 5.30e-09 5.30e-09 5.30e-09 2.73e-08 1.40e-07
30797 4.17200e+03 -8.50078e+00 3.11297e-07 4.50335e-09 1.50e-06 2.85e-09 4.85e-08 3.51e-09 9.00e-10 5.40e-11 9.61e-13 1.21e-08 4.50e-09 5.29e-07 1.34e-08 6.31e-08 1.18e-08 4.98e-09 5.02e-09 4.98e-09 2.73e-08 1.40e-07 5.29e-07 1.34e-08 6.31e-08 1.18e-08 5.29e-09 5.29e-09 5.29e-09 2.73e-08 1.40e-07
30837 4.17600e+03 -7.41079e+00 3.75326e-07 6.02516e-07 1.68e-06 3.17e-09 1.14e-07 6.42e-08 1.68e-08 3.97e-11 2.75e-12 1.70e-07 6.03e-07 5.29e-07 1.34e-08 6.30e-08 1.18e-08 4.98e-09 5.02e-09 4.98e-09 2.73e-08 1.40e-07 5.29e-07 1.34e-08 6.30e-08 1.18e-08 5.29e-09 5.29e-09 5.29e-09 2.73e-08 1.40e-07
30877 4.18000e+03 -8.39260e+00 3.81734e-07 6.13457e-09 1.83e-06 2.99e-09 6.16e-08 9.42e-09 2.47e-09 7.48e-11 4.28e-12 2.01e-08 6.13e-09 5.29e-07 1.34e-08 6.30e-08 1.18e-08 4.98e-09 5.02e-09 4.98e-09 2.73e-08 1.40e-07 5.29e-07 1.34e-08 6.30e-08 1.18e-08 5.29e-09 5.29e-09 5.29e-09 2.73e-08 1.40e-07
30917 4.18400e+03 -8.51168e+00 3.28708e-07 8.16175e-10 1.59e-06 2.40e-09 4.36e-08 2.37e-09 5.81e-10 5.13e-11 3.74e-12 1.03e-08 8.16e-10 5.29e-07 1.33e-08 6.28e-08 1.18e-08 4.98e-09 5.02e-09 4.98e-09 2.73e-08 1.39e-07 5.29e-07 1.33e-08 6.28e-08 1.18e-08 5.29e-09 5.29e-09 5.29e-09 2.73e-08 1.39e-07
30957 4.18800e+03 -8.50763e+00 3.01567e-07 1.83883e-08 1.46e-06 2.82e-09 4.49e-08 3.08e-09 7.39e-10 3.99e-11 1.17e-11 1.23e-08 1.84e-08 5.28e-07 1.33e-08 6.27e-08 1.17e-08 4.98e-09 5.02e-09 4.98e-09 2.72e-08 1.39e-07 5.28e-07 1.33e-08 6.27e-08 1.17e-08 5.28e-09 5.28e-09 5.28e-09 2.72e-08 1.39e-07
30997 4.19200e+03 -8.53101e+00 2.76119e-07 7.05940e-10 1.33e-06 2.23e-09 4.49e-08 2.84e-09 6.46e-10 3.32e-11 3.22e-12 1.34e-08 7.06e-10 5.27e-07 1.33e-08 6.26e-08 1.17e-08 4.98e-09 5.02e-09 4.98e-09 2.72e-08 1.39e-07 5.27e-07 1.33e-08 6.26e-08 1.17e-08 5.27e-09 5.27e-09 5.27e-09 2.72e-08 1.39e-07
31037 4.19600e+03 -8.48624e+00 3.17633e-07 7.28814e-08 1.54e-06 3.07e-09 3.80e-08 2.98e-09 7.19e-10 2.59e-11 5.37e-12 1.09e-08 7.29e-08 5.25e-07 1.32e-08 6.24e-08 1.17e-08 4.98e-09 5.02e-09 4.98e-09 2.72e-08 1.39e-07 5.25e-07 1.32e-08 6.24e-08 1.17e-08 5.25e-09 5.25e-09 5.25e-09 2.72e-08 1.39e-07
31077 4.20000e+03 -8.49814e+00 3.00657e-07 2.12806e-09 1.45e-06 3.54e-09 4.81e-08 4.67e-09 7.93e-10 1.18e-10 2.60e-12 1.40e-08 2.13e-09 5.24e-07 1.32e-08 6.23e-08 1.17e-08 4.98e-09 5.02e-09 4.98e-09 2.72e-08 1.39e-07 5.24e-07 1.32e-08 6.23e-08 1.17e-08 5.24e-09 5.24e-09 5.24e-09 2.72e-08 1.39e-07
31117 4.20400e+03 -7.96088e+00 3.11706e-07 4.07482e-10 1.42e-06 2.81e-09 8.06e-08 4.70e-08 1.28e-08 8.28e-11 3.38e-12 1.06e-07 4.07e-10 5.24e-07 1.31e-08 6.23e-08 1.17e-08 4.98e-09 5.02e-09 4.98e-09 2.72e-08 1.39e-07 5.24e-07 1.31e-08 6.23e-08 1.17e-08 5.24e-09 5.24e-09 5.24e-09 2.72e-08 1.39e-07
31157 4.20800e+03 -8.49298e+00 2.86336e-07 1.49219e-08 1.37e-06 7.21e-09 4.92e-08 3.36e-09 4.52e-10 3.60e-10 1.57e-12 1.35e-08 1.49e-08 5.23e-07 1.31e-08 6.22e-08 1.17e-08 4.98e-09 5.02e-09 4.98e-09 2.72e-08 1.39e-07 5.23e-07 1.31e-08 6.22e-08 1.17e-08 5.23e-09 5.23e-09 5.23e-09 2.72e-08 1.39e-07
31197 4.21200e+03 -8.54951e+00 2.71691e-07 1.10653e-08 1.32e-06 3.15e-09 3.66e-08 1.58e-09 3.18e-10 4.74e-11 2.63e-12 9.89e-09 1.11e-08 5.22e-07 1.31e-08 6.22e-08 1.17e-08 4.98e-09 5.02e-09 4.98e-09 2.72e-08 1.39e-07 5.22e-07 1.31e-08 6.22e-08 1.17e-08 5.22e-09 5.22e-09 5.22e-09 2.72e-08 1.39e-07
31237 4.21600e+03 -8.52236e+00 2.89273e-07 3.72384e-08 1.40e-06 2.82e-09 3.70e-08 2.68e-09 6.95e-10 4.13e-11 4.23e-12 9.84e-09 3.72e-08 5.21e-07 1.31e-08 6.20e-08 1.17e-08 4.98e-09 5.02e-09 4.98e-09 2.72e-08 1.39e-07 5.21e-07 1.31e-08 6.20e-08 1.17e-08 5.21e-09 5.21e-09 5.21e-09 2.72e-08 1.39e-07
31277 4.22000e+03 -8.50399e+00 3.22875e-07 4.68805e-09 1.57e-06 2.02e-09 4.20e-08 4.15e-09 1.03e-09 3.57e-11 2.49e-12 1.13e-08 4.69e-09 5.19e-07 1.30e-08 6.18e-08 1.17e-08 4.98e-09 5.02e-09 4.98e-09 2.72e-08 1.39e-07 5.19e-07 1.30e-08 6.18e-08 1.17e-08 5.19e-09 5.19e-09 5.19e-09 2.72e-08 1.39e-07
31317 4.22400e+03 -8.04911e+00 3.28168e-07 2.44818e-08 1.50e-06 2.60e-09 8.45e-08 4.20e-08 1.15e-08 5.47e-11 6.77e-12 7.08e-08 2.45e-08 5.19e-07 1.30e-08 6.17e-08 1.17e-08 4.98e-09 5.02e-09 4.98e-09 2.72e-08 1.39e-07 5.19e-07 1.30e-08 6.17e-08 1.17e-08 5.19e-09 5.19e-09 5.19e-09 2.72e-08 1.39e-07
31357 4.22800e+03 -8.51119e+00 3.10393e-07 5.39700e-09 1.49e-06 2.68e-09 5.39e-08 2.23e-09 5.93e-10 5.51e-11 4.90e-12 1.16e-08 5.40e-09 5.18e-07 1.29e-08 6.18e-08 1.17e-08 4.98e-09 5.02e-09 4.98e-09 2.72e-08 1.39e-07 5.18e-07 1.29e-08 6.18e-08 1.17e-08 5.18e-09 5.18e-09 5.18e-09 2.72e-08 1.39e-07
31397 4.23200e+03 -8.54868e+00 2.72575e-07 9.82501e-09 1.32e-06 2.19e-09 3.98e-08 2.13e-09 5.36e-10 1.94e-11 3.08e-12 9.71e-09 9.83e-09 5.17e-07 1.29e-08 6.16e-08 1.17e-08 4.98e-09 5.02e-09 4.98e-09 2.72e-08 1.39e-07 5.17e-07 1.29e-08 6.16e-08 1.17e-08 5.17e-09 5.17e-09 5.17e-09 2.72e-08 1.39e-07
31437 4.23600e+03 -8.57491e+00 2.75698e-07 4.63196e-09 1.35e-06 2.11e-09 3.05e-08 1.42e-10 0.00e+00 2.00e-11 4.08e-12 8.43e-09 4.63e-09 5.16e-07 1.29e-08 6.15e-08 1.17e-08 4.98e-09 5.02e-09 4.98e-09 2.71e-08 1.39e-07 5.16e-07 1.29e-08 6.15e-08 1.17e-08 5.16e-09 5.16e-09 5.16e-09 2.71e-08 1.39e-07
31477 4.24000e+03 -8.55101e+00 2.69778e-07 5.85918e-09 1.30e-06 2.41e-09 4.04e-08 2.12e-09 4.98e-10 3.54e-11 4.03e-12 1.01e-08 5.86e-09 5.14e-07 1.28e-08 6.13e-08 1.17e-08 4.98e-09 5.02e-09 4.98e-09 2.71e-08 1.38e-07 5.14e-07 1.28e-08 6.13e-08 1.17e-08 5.14e-09 5.14e-09 5.14e-09 2.71e-08 1.38e-07
31517 4.24400e+03 -8.47928e+00 2.80930e-07 4.99422e-09 1.34e-06 4.14e-09 5.40e-08 6.66e-09 1.70e-09 2.74e-10 6.75e-12 1.57e-08 4.99e-09 5.14e-07 1.28e-08 6.12e-08 1.17e-08 4.98e-09 5.02e-09 4.98e-09 2.71e-08 1.38e-07 5.14e-07 1.28e-08 6.12e-08 1.17e-08 5.14e-09 5.14e-09 5.14e-09 2.71e-08 1.38e-07
31557 4.24800e+03 -8.50212e+00 2.79158e-07 2.20750e-09 1.34e-06 5.42e-09 3.80e-08 6.17e-09 1.44e-09 1.10e-10 2.94e-13 1.25e-08 2.21e-09 5.13e-07 1.28e-08 6.12e-08 1.17e-08 4.98e-09 5.02e-09 4.98e-09 2.72e-08 1.38e-07 5.13e-07 1.28e-08 6.12e-08 1.17e-08 5.13e-09 5.13e-09 5.13e-09 2.72e-08 1.38e-07
31597 4.25200e+03 -8.50300e+00 2.94255e-07 1.43655e-09 1.42e-06 2.72e-09 3.96e-08 5.85e-09 1.46e-09 6.59e-11 1.02e-12 1.42e-08 1.44e-09 5.13e-07 1.27e-08 6.12e-08 1.17e-08 4.98e-09 5.02e-09 4.98e-09 2.72e-08 1.38e-07 5.13e-07 1.27e-08 6.12e-08 1.17e-08 5.13e-09 5.13e-09 5.13e-09 2.72e-08 1.38e-07
31637 4.25600e+03 -7.82953e+00 3.55431e-07 5.35903e-07 1.65e-06 2.35e-09 8.03e-08 3.36e-08 8.42e-09 4.46e-11 3.77e-12 1.08e-07 5.36e-07 5.13e-07 1.27e-08 6.11e-08 1.17e-08 4.98e-09 5.02e-09 4.98e-09 2.72e-08 1.38e-07 5.13e-07 1.27e-08 6.11e-08 1.17e-08 5.13e-09 5.13e-09 5.13e-09 2.72e-08 1.38e-07
31677 4.26000e+03 -7.92119e+00 4.52503e-07 3.91521e-09 2.13e-06 3.33e-09 7.38e-08 4.43e-08 1.21e-08 1.20e-10 1.39e-12 9.86e-08 3.92e-09 5.13e-07 1.26e-08 6.11e-08 1.17e-08 4.98e-09 5.02e-09 4.98e-09 2.72e-08 1.38e-07 5.13e-07 1.26e-08 6.11e-08 1.17e-08 5.13e-09 5.13e-09 5.13e-09 2.72e-08 1.38e-07
31717 4.26400e+03 -8.42974e+00 4.26498e-07 5.26403e-08 2.08e-06 6.54e-09 4.63e-08 7.21e-10 0.00e+00 2.90e-10 6.25e-12 1.24e-08 5.26e-08 5.15e-07 1.26e-08 6.12e-08 1.17e-08 4.98e-09 5.02e-09 4.98e-09 2.73e-08 1.38e-07 5.15e-07 1.26e-08 6.12e-08 1.17e-08 5.15e-09 5.15e-09 5.15e-09 2.73e-08 1.38e-07
31757 4.26800e+03 -8.48819e+00 3.90778e-07 5.81491e-09 1.91e-06 5.14e-09 4.05e-08 6.33e-10 1.46e-10 4.06e-11 2.60e-12 8.49e-09 5.81e-09 5.15e-07 1.26e-08 6.11e-08 1.17e-08 4.98e-09 5.02e-09 4.98e-09 2.73e-08 1.38e-07 5.15e-07 1.26e-08 6.11e-08 1.17e-08 5.15e-09 5.15e-09 5.15e-09 2.73e-08 1.38e-07
31797 4.27200e+03 -8.55364e+00 3.11960e-07 2.28466e-09 1.52e-06 2.03e-09 3.59e-08 3.99e-10 9.26e-11 4.02e-11 2.30e-12 7.33e-09 2.28e-09 5.15e-07 1.25e-08 6.09e-08 1.17e-08 4.98e-09 5.02e-09 4.98e-09 2.72e-08 1.38e-07 5.15e-07 1.25e-08 6.09e-08 1.17e-08 5.15e-09 5.15e-09 5.15e-09 2.72e-08 1.38e-07
31837 4.27600e+03 -8.56000e+00 2.95577e-07 5.47491e-10 1.44e-06 2.11e-09 3.60e-08 7.06e-10 1.63e-10 3.84e-11 1.64e-12 7.90e-09 5.47e-10 5.13e-07 1.25e-08 6.07e-08 1.17e-08 4.98e-09 5.02e-09 4.98e-09 2.72e-08 1.38e-07 5.13e-07 1.25e-08 6.07e-08 1.17e-08 5.13e-09 5.13e-09 5.13e-09 2.72e-08 1.38e-07
31877 4.28000e+03 -8.47693e+00 4.37301e-07 2.15074e-09 2.15e-06 3.11e-09 3.67e-08 2.56e-10 0.00e+00 9.17e-11 2.96e-12 1.01e-08 2.15e-09 5.12e-07 1.25e-08 6.06e-08 1.17e-08 4.98e-09 5.02e-09 4.98e-09 2.72e-08 1.38e-07 5.12e-07 1.25e-08 6.06e-08 1.17e-08 5.12e-09 5.12e-09 5.12e-09 2.72e-08 1.38e-07
31917 4.28400e+03 -8.25411e+00 3.01424e-07 2.50997e-09 1.42e-06 5.09e-09 5.32e-08 2.23e-08 5.78e-09 1.49e-10 5.80e-12 6.35e-08 2.51e-09 5.12e-07 1.24e-08 6.05e-08 1.17e-08 4.98e-09 5.02e-09 4.98e-09 2.72e-08 1.38e-07 5.12e-07 1.24e-08 6.05e-08 1.17e-08 5.12e-09 5.12e-09 5.12e-09 2.72e-08 1.38e-07
31957 4.28800e+03 -8.55093e+00 3.01064e-07 1.72563e-09 1.46e-06 2.26e-09 3.78e-08 1.34e-09 3.37e-10 3.59e-11 1.78e-12 7.73e-09 1.73e-09 5.11e-07 1.24e-08 6.04e-08 1.17e-08 4.98e-09 5.02e-09 4.98e-09 2.72e-08 1.38e-07 5.11e-07 1.24e-08 6.04e-08 1.17e-08 5.11e-09 5.11e-09 5.11e-09 2.72e-08 1.38e-07
31997 4.29200e+03 -8.56364e+00 3.08894e-07 3.78084e-10 1.51e-06 2.40e-09 3.02e-08 3.67e-11 5.43e-12 3.02e-11 4.70e-12 7.42e-09 3.78e-10 5.10e-07 1.23e-08 6.02e-08 1.16e-08 4.98e-09 5.02e-09 4.98e-09 2.71e-08 1.38e-07 5.10e-07 1.23e-08 6.02e-08 1.16e-08 5.10e-09 5.10e-09 5.10e-09 2.71e-08 1.38e-07
32037 4.29600e+03 -8.58580e+00 2.59972e-07 2.05644e-08 1.27e-06 2.13e-09 2.72e-08 3.00e-10 7.11e-11 1.35e-11 2.68e-12 6.86e-09 2.06e-08 5.08e-07 1.23e-08 6.00e-08 1.16e-08 4.98e-09 5.02e-09 4.98e-09 2.71e-08 1.38e-07 5.08e-07 1.23e-08 6.00e-08 1.16e-08 5.08e-09 5.08e-09 5.08e-09 2.71e-08 1.38e-07
32077 4.30000e+03 -8.52048e+00 3.27217e-07 4.77655e-08 1.60e-06 2.61e-09 3.59e-08 1.14e-09 2.88e-10 5.03e-11 6.97e-12 7.93e-09 4.78e-08 5.07e-07 1.23e-08 5.98e-08 1.16e-08 4.98e-09 5.02e-09 4.98e-09 2.71e-08 1.38e-07 5.07e-07 1.23e-08 5.98e-08 1.16e-08 5.07e-09 5.07e-09 5.07e-09 2.71e-08 1.38e-07
32117 4.30400e+03 -8.54740e+00 3.21348e-07 8.20775e-09 1.57e-06 2.18e-09 3.35e-08 6.72e-10 0.00e+00 4.07e-11 3.19e-13 8.87e-09 8.21e-09 5.07e-07 1.22e-08 5.97e-08 1.16e-08 4.98e-09 5.02e-09 4.98e-09 2.71e-08 1.38e-07 5.07e-07 1.22e-08 5.97e-08 1.16e-08 5.07e-09 5.07e-09 5.07e-09 2.71e-08 1.38e-07
32157 4.30800e+03 -8.52756e+00 3.17091e-07 1.85388e-09 1.53e-06 2.07e-09 4.59e-08 2.27e-09 5.92e-10 3.50e-11 2.36e-12 9.65e-09 1.85e-09 5.06e-07 1.22e-08 5.96e-08 1.16e-08 4.98e-09 5.02e-09 4.98e-09 2.70e-08 1.38e-07 5.06e-07 1.22e-08 5.96e-08 1.16e-08 5.06e-09 5.06e-09 5.06e-09 2.70e-08 1.38e-07
32197 4.31200e+03 -7.90710e+00 3.40297e-07 5.77461e-07 1.58e-06 2.57e-09 7.54e-08 3.13e-08 8.56e-09 1.03e-10 8.11e-12 7.10e-08 5.77e-07 5.05e-07 1.21e-08 5.95e-08 1.16e-08 4.98e-09 5.02e-09 4.98e-09 2.71e-08 1.38e-07 5.05e-07 1.21e-08 5.95e-08 1.16e-08 5.05e-09 5.05e-09 5.05e-09 2.71e-08 1.38e-07
32237 4.31600e+03 -8.38935e+00 2.90941e-07 1.36683e-09 1.38e-06 3.98e-09 4.96e-08 1.50e-08 3.91e-09 1.42e-10 2.19e-12 3.13e-08 1.37e-09 5.06e-07 1.21e-08 5.96e-08 1.16e-08 4.98e-09 5.02e-09 4.98e-09 2.71e-08 1.38e-07 5.06e-07 1.21e-08 5.96e-08 1.16e-08 5.06e-09 5.06e-09 5.06e-09 2.71e-08 1.38e-07
32277 4.32000e+03 -8.21163e+00 2.87578e-07 1.33300e-09 1.34e-06 2.31e-09 5.77e-08 2.78e-08 7.24e-09 3.53e-11 3.33e-12 7.31e-08 1.33e-09 5.05e-07 1.20e-08 5.94e-08 1.16e-08 4.98e-09 5.02e-09 4.98e-09 2.71e-08 1.38e-07 5.05e-07 1.20e-08 5.94e-08 1.16e-08 5.05e-09 5.05e-09 5.05e-09 2.71e-08 1.38e-07
32317 4.32400e+03 -8.45386e+00 4.13403e-07 2.16400e-08 2.02e-06 4.74e-09 4.12e-08 2.92e-09 7.31e-10 4.53e-11 8.15e-13 9.78e-09 2.16e-08 5.06e-07 1.20e-08 5.94e-08 1.16e-08 4.98e-09 5.02e-09 4.98e-09 2.72e-08 1.38e-07 5.06e-07 1.20e-08 5.94e-08 1.16e-08 5.06e-09 5.06e-09 5.06e-09 2.72e-08 1.38e-07
32357 4.32800e+03 -8.49295e+00 3.52842e-07 4.30724e-09 1.71e-06 5.86e-09 4.41e-08 1.99e-09 4.51e-10 2.14e-10 6.88e-12 9.29e-09 4.31e-09 5.07e-07 1.20e-08 5.94e-08 1.16e-08 4.98e-09 5.02e-09 4.98e-09 2.72e-08 1.38e-07 5.07e-07 1.20e-08 5.94e-08 1.16e-08 5.07e-09 5.07e-09 5.07e-09 2.72e-08 1.38e-07
32397 4.33200e+03 -8.51835e+00 3.35136e-07 5.69853e-09 1.63e-06 3.59e-09 3.87e-08 2.11e-09 5.02e-10 6.85e-11 2.96e-12 8.94e-09 5.70e-09 5.07e-07 1.19e-08 5.93e-08 1.16e-08 4.98e-09 5.02e-09 4.98e-09 2.72e-08 1.38e-07 5.07e-07 1.19e-08 5.93e-08 1.16e-08 5.07e-09 5.07e-09 5.07e-09 2.72e-08 1.38e-07
32437 4.33600e+03 -8.53380e+00 3.21058e-07 1.76129e-08 1.56e-06 2.26e-09 3.77e-08 1.37e-09 3.39e-10 3.65e-11 2.17e-12 9.12e-09 1.76e-08 5.06e-07 1.19e-08 5.91e-08 1.16e-08 4.98e-09 5.02e-09 4.98e-09 2.72e-08 1.38e-07 5.06e-07 1.19e-08 5.91e-08 1.16e-08 5.06e-09 5.06e-09 5.06e-09 2.72e-08 1.38e-07
32477 4.34000e+03 -8.24762e+00 2.80919e-07 2.01042e-08 1.31e-06 2.43e-09 5.60e-08 2.53e-08 6.74e-09 6.68e-11 3.71e-12 6.26e-08 2.01e-08 5.05e-07 1.19e-08 5.90e-08 1.16e-08 4.98e-09 5.02e-09 4.98e-09 2.71e-08 1.38e-07 5.05e-07 1.19e-08 5.90e-08 1.16e-08 5.05e-09 5.05e-09 5.05e-09 2.71e-08 1.38e-07
32517 4.34400e+03 -8.38146e+00 3.15687e-07 8.83874e-09 1.46e-06 1.31e-08 9.77e-08 4.78e-09 2.67e-10 5.79e-10 1.03e-12 2.80e-08 8.84e-09 5.06e-07 1.18e-08 5.90e-08 1.16e-08 4.98e-09 5.02e-09 4.98e-09 2.72e-08 1.38e-07 5.06e-07 1.18e-08 5.90e-08 1.16e-08 5.06e-09 5.06e-09 5.06e-09 2.72e-08 1.38e-07
32557 4.34800e+03 -8.53214e+00 3.18115e-07 4.81222e-09 1.55e-06 2.31e-09 3.54e-08 2.98e-09 6.67e-10 5.26e-11 3.30e-12 8.69e-09 4.81e-09 5.05e-07 1.18e-08 5.90e-08 1.16e-08 4.98e-09 5.02e-09 4.98e-09 2.72e-08 1.38e-07 5.05e-07 1.18e-08 5.90e-08 1.16e-08 5.05e-09 5.05e-09 5.05e-09 2.72e-08 1.38e-07
32597 4.35200e+03 -8.51177e+00 2.84673e-07 1.07936e-08 1.37e-06 4.03e-09 4.76e-08 4.31e-09 1.09e-09 1.70e-10 4.43e-12 1.19e-08 1.08e-08 5.04e-07 1.18e-08 5.89e-08 1.16e-08 4.98e-09 5.02e-09 4.98e-09 2.72e-08 1.38e-07 5.04e-07 1.18e-08 5.89e-08 1.16e-08 5.04e-09 5.04e-09 5.04e-09 2.72e-08 1.38e-07
32637 4.35600e+03 -8.56843e+00 2.72336e-07 1.00079e-08 1.32e-06 2.05e-09 3.28e-08 1.62e-09 4.04e-10 4.56e-11 1.52e-12 8.92e-09 1.00e-08 5.03e-07 1.17e-08 5.87e-08 1.16e-08 4.98e-09 5.02e-09 4.98e-09 2.72e-08 1.38e-07 5.03e-07 1.17e-08 5.87e-08 1.16e-08 5.03e-09 5.03e-09 5.03e-09 2.72e-08 1.38e-07
32677 4.36000e+03 -8.55961e+00 2.75042e-07 7.27863e-09 1.34e-06 2.26e-09 3.27e-08 2.29e-09 5.44e-10 2.50e-11 1.57e-12 1.07e-08 7.28e-09 5.01e-07 1.17e-08 5.85e-08 1.16e-08 4.98e-09 5.01e-09 4.98e-09 2.71e-08 1.38e-07 5.01e-07 1.17e-08 5.85e-08 1.16e-08 5.01e-09 5.01e-09 5.01e-09 2.71e-08 1.38e-07
32717 4.36400e+03 -8.52585e+00 2.85911e-07 2.11020e-09 1.38e-06 2.72e-09 3.69e-08 4.72e-09 1.19e-09 3.73e-11 2.54e-12 1.36e-08 2.11e-09 5.00e-07 1.16e-08 5.84e-08 1.16e-08 4.98e-09 5.00e-09 4.98e-09 2.71e-08 1.38e-07 5.00e-07 1.16e-08 5.84e-08 1.16e-08 5.00e-09 5.00e-09 5.00e-09 2.71e-08 1.38e-07
32757 4.36800e+03 -8.53067e+00 3.33964e-07 7.84194e-10 1.62e-06 2.11e-09 4.18e-08 1.68e-09 4.16e-10 3.04e-11 1.15e-12 9.27e-09 7.84e-10 4.99e-07 1.16e-08 5.82e-08 1.15e-08 4.98e-09 4.98e-09 4.98e-09 2.71e-08 1.38e-07 4.99e-07 1.16e-08 5.82e-08 1.15e-08 4.99e-09 4.99e-09 4.99e-09 2.71e-08 1.38e-07
32797 4.37200e+03 -8.55966e+00 2.65421e-07 5.73081e-09 1.29e-06 2.09e-09 3.04e-08 3.37e-09 8.51e-10 3.51e-11 5.92e-13 1.16e-08 5.73e-09 4.97e-07 1.15e-08 5.80e-08 1.15e-08 4.97e-09 4.97e-09 4.96e-09 2.70e-08 1.38e-07 4.97e-07 1.15e-08 5.80e-08 1.15e-08 4.97e-09 4.97e-09 4.97e-09 2.70e-08 1.38e-07
32837 4.37600e+03 -8.54777e+00 2.71700e-07 1.26578e-09 1.32e-06 2.33e-09 3.03e-08 4.22e-09 1.05e-09 3.28e-11 3.05e-12 1.32e-08 1.27e-09 4.96e-07 1.15e-08 5.78e-08 1.15e-08 4.96e-09 4.96e-09 4.95e-09 2.70e-08 1.38e-07 4.96e-07 1.15e-08 5.78e-08 1.15e-08 4.96e-09 4.96e-09 4.96e-09 2.70e-08 1.38e-07
32877 4.38000e+03 -8.55952e+00 2.98178e-07 7.94034e-09 1.45e-06 2.60e-09 3.47e-08 1.12e-09 2.81e-10 4.40e-11 2.68e-12 8.01e-09 7.94e-09 4.95e-07 1.14e-08 5.76e-08 1.15e-08 4.94e-09 4.95e-09 4.94e-09 2.70e-08 1.38e-07 4.95e-07 1.14e-08 5.76e-08 1.15e-08 4.95e-09 4.95e-09 4.95e-09 2.70e-08 1.38e-07
32917 4.38400e+03 -8.54894e+00 3.04126e-07 2.86414e-09 1.48e-06 2.08e-09 3.65e-08 2.03e-09 5.00e-10 3.43e-11 7.32e-13 1.01e-08 2.86e-09 4.93e-07 1.14e-08 5.74e-08 1.15e-08 4.93e-09 4.93e-09 4.93e-09 2.69e-08 1.38e-07 4.93e-07 1.14e-08 5.74e-08 1.15e-08 4.93e-09 4.93e-09 4.93e-09 2.69e-08 1.38e-07
32957 4.38800e+03 -8.54507e+00 2.93360e-07 8.32391e-09 1.42e-06 2.06e-09 3.79e-08 2.80e-09 6.97e-10 4.13e-11 8.79e-13 1.06e-08 8.32e-09 4.92e-07 1.14e-08 5.72e-08 1.14e-08 4.92e-09 4.92e-09 4.92e-09 2.69e-08 1.38e-07 4.92e-07 1.14e-08 5.72e-08 1.14e-08 4.92e-09 4.92e-09 4.92e-09 2.69e-08 1.38e-07
32997 4.39200e+03 -8.59108e+00 2.66955e-07 3.19041e-10 1.31e-06 2.60e-09 2.46e-08 1.19e-09 2.98e-10 5.28e-11 8.10e-13 7.51e-09 3.19e-10 4.91e-07 1.13e-08 5.70e-08 1.14e-08 4.91e-09 4.91e-09 4.91e-09 2.68e-08 1.38e-07 4.91e-07 1.13e-08 5.70e-08 1.14e-08 4.91e-09 4.91e-09 4.91e-09 2.68e-08 1.38e-07
33037 4.39600e+03 -8.56745e+00 2.81716e-07 1.21768e-08 1.37e-06 2.08e-09 3.51e-08 1.68e-09 3.67e-10 3.69e-11 1.90e-12 8.30e-09 1.22e-08 4.89e-07 1.13e-08 5.68e-08 1.14e-08 4.89e-09 4.89e-09 4.89e-09 2.68e-08 1.38e-07 4.89e-07 1.13e-08 5.68e-08 1.14e-08 4.89e-09 4.89e-09 4.89e-09 2.68e-08 1.38e-07
33077 4.40000e+03 -8.55539e+00 2.88255e-07 8.43302e-09 1.40e-06 2.28e-09 4.01e-08 2.03e-09 4.86e-10 3.90e-11 4.19e-12 9.32e-09 8.43e-09 4.88e-07 1.12e-08 5.66e-08 1.14e-08 4.88e-09 4.88e-09 4.88e-09 2.67e-08 1.38e-07 4.88e-07 1.12e-08 5.66e-08 1.14e-08 4.88e-09 4.88e-09 4.88e-09 2.67e-08 1.38e-07
33117 4.40400e+03 -8.57691e+00 2.82444e-07 5.09281e-09 1.37e-06 1.84e-09 3.40e-08 1.15e-09 2.80e-10 3.04e-11 1.04e-12 8.25e-09 5.09e-09 4.87e-07 1.12e-08 5.64e-08 1.13e-08 4.87e-09 4.87e-09 4.87e-09 2.67e-08 1.38e-07 4.87e-07 1.12e-08 5.64e-08 1.13e-08 4.87e-09 4.87e-09 4.87e-09 2.67e-08 1.38e-07
33157 4.40800e+03 -8.39325e+00 2.82370e-07 1.02255e-08 1.35e-06 2.24e-09 4.53e-08 1.53e-08 3.98e-09 3.42e-11 9.53e-13 3.74e-08 1.02e-08 4.86e-07 1.11e-08 5.62e-08 1.13e-08 4.86e-09 4.86e-09 4.86e-09 2.67e-08 1.38e-07 4.86e-07 1.11e-08 5.62e-08 1.13e-08 4.86e-09 4.86e-09 4.86e-09 2.67e-08 1.38e-07
33197 4.41200e+03 -8.55589e+00 2.89569e-07 1.96666e-08 1.41e-06 2.09e-09 3.49e-08 2.09e-09 4.64e-10 7.14e-11 2.07e-12 9.61e-09 1.97e-08 4.85e-07 1.11e-08 5.61e-08 1.13e-08 4.84e-09 4.85e-09 4.85e-09 2.67e-08 1.38e-07 4.85e-07 1.11e-08 5.61e-08 1.13e-08 4.85e-09 4.85e-09 4.85e-09 2.67e-08 1.38e-07
33237 4.41600e+03 -8.54272e+00 3.04511e-07 9.59321e-09 1.48e-06 2.42e-09 3.83e-08 2.37e-09 5.96e-10 8.12e-11 5.35e-13 1.04e-08 9.59e-09 4.84e-07 1.11e-08 5.59e-08 1.13e-08 4.84e-09 4.84e-09 4.84e-09 2.66e-08 1.38e-07 4.84e-07 1.11e-08 5.59e-08 1.13e-08 4.84e-09 4.84e-09 4.84e-09 2.66e-08 1.38e-07
33277 4.42000e+03 -8.56374e+00 2.81805e-07 1.96248e-08 1.37e-06 2.46e-09 3.76e-08 1.44e-09 3.34e-10 3.47e-11 4.66e-12 8.91e-09 1.96e-08 4.83e-07 1.10e-08 5.57e-08 1.13e-08 4.83e-09 4.83e-09 4.83e-09 2.66e-08 1.38e-07 4.83e-07 1.10e-08 5.57e-08 1.13e-08 4.83e-09 4.83e-09 4.83e-09 2.66e-08 1.38e-07
33317 4.42400e+03 -8.60096e+00 2.47965e-07 2.73229e-09 1.21e-06 2.31e-09 2.84e-08 1.53e-09 3.74e-10 4.81e-11 1.28e-12 7.76e-09 2.73e-09 4.82e-07 1.10e-08 5.55e-08 1.12e-08 4.82e-09 4.82e-09 4.82e-09 2.65e-08 1.38e-07 4.82e-07 1.10e-08 5.55e-08 1.12e-08 4.82e-09 4.82e-09 4.82e-09 2.65e-08 1.38e-07
33357 4.42800e+03 -8.49853e+00 3.13586e-07 4.84946e-08 1.52e-06 2.17e-09 4.09e-08 4.59e-09 1.14e-09 3.48e-11 9.53e-13 1.39e-08 4.85e-08 4.80e-07 1.09e-08 5.53e-08 1.12e-08 4.80e-09 4.80e-09 4.80e-09 2.65e-08 1.38e-07 4.80e-07 1.09e-08 5.53e-08 1.12e-08 4.80e-09 4.80e-09 4.80e-09 2.65e-08 1.38e-07
33397 4.43200e+03 -8.56978e+00 2.82913e-07 6.94527e-10 1.37e-06 2.46e-09 3.55e-08 1.83e-09 4.50e-10 3.87e-11 1.56e-12 9.55e-09 6.95e-10 4.79e-07 1.09e-08 5.51e-08 1.12e-08 4.79e-09 4.79e-09 4.79e-09 2.64e-08 1.37e-07 4.79e-07 1.09e-08 5.51e-08 1.12e-08 4.79e-09 4.79e-09 4.79e-09 2.64e-08 1.37e-07
33437 4.43600e+03 -8.58452e+00 2.59114e-07 6.06071e-09 1.26e-06 3.59e-09 2.97e-08 1.86e-09 4.35e-10 3.25e-11 5.89e-13 8.18e-09 6.06e-09 4.78e-07 1.08e-08 5.49e-08 1.12e-08 4.78e-09 4.78e-09 4.78e-09 2.64e-08 1.37e-07 4.78e-07 1.08e-08 5.49e-08 1.12e-08 4.78e-09 4.78e-09 4.78e-09 2.64e-08 1.37e-07
33477 4.44000e+03 -8.59714e+00 2.51394e-07 1.54530e-09 1.22e-06 2.25e-09 3.03e-08 2.00e-09 4.49e-10 8.99e-11 2.88e-12 7.55e-09 1.55e-09 4.77e-07 1.08e-08 5.47e-08 1.12e-08 4.77e-09 4.77e-09 4.77e-09 2.64e-08 1.37e-07 4.77e-07 1.08e-08 5.47e-08 1.12e-08 4.77e-09 4.77e-09 4.77e-09 2.64e-08 1.37e-07
33517 4.44400e+03 -8.58694e+00 2.60827e-07 1.09494e-08 1.27e-06 2.37e-09 3.08e-08 1.60e-09 2.65e-10 4.08e-11 3.96e-12 9.97e-09 1.09e-08 4.76e-07 1.08e-08 5.45e-08 1.11e-08 4.76e-09 4.76e-09 4.76e-09 2.64e-08 1.37e-07 4.76e-07 1.08e-08 5.45e-08 1.11e-08 4.76e-09 4.76e-09 4.76e-09 2.64e-08 1.37e-07
33557 4.44800e+03 -8.59249e+00 2.46495e-07 2.21284e-09 1.20e-06 2.05e-09 3.22e-08 2.40e-09 5.73e-10 3.01e-11 2.10e-12 9.98e-09 2.21e-09 4.75e-07 1.07e-08 5.43e-08 1.11e-08 4.75e-09 4.75e-09 4.75e-09 2.63e-08 1.37e-07 4.75e-07 1.07e-08 5.43e-08 1.11e-08 4.75e-09 4.75e-09 4.75e-09 2.63e-08 1.37e-07
33597 4.45200e+03 -8.59309e+00 2.65629e-07 1.73092e-08 1.30e-06 1.94e-09 2.95e-08 9.60e-10 2.14e-10 1.24e-10 4.80e-13 8.01e-09 1.73e-08 4.74e-07 1.07e-08 5.41e-08 1.11e-08 4.74e-09 4.74e-09 4.74e-09 2.63e-08 1.37e-07 4.74e-07 1.07e-08 5.41e-08 1.11e-08 4.74e-09 4.74e-09 4.74e-09 2.63e-08 1.37e-07
33637 4.45600e+03 -8.59605e+00 2.74901e-07 2.68658e-09 1.34e-06 1.99e-09 2.80e-08 9.97e-10 2.38e-10 7.10e-11 1.53e-12 7.71e-09 2.69e-09 4.73e-07 1.06e-08 5.39e-08 1.11e-08 4.73e-09 4.73e-09 4.73e-09 2.62e-08 1.37e-07 4.73e-07 1.06e-08 5.39e-08 1.11e-08 4.73e-09 4.73e-09 4.73e-09 2.62e-08 1.37e-07
33677 4.46000e+03 -8.57916e+00 2.66541e-07 1.33929e-08 1.30e-06 2.39e-09 2.98e-08 2.34e-09 5.89e-10 4.00e-11 1.28e-12 9.63e-09 1.34e-08 4.72e-07 1.06e-08 5.37e-08 1.11e-08 4.72e-09 4.72e-09 4.72e-09 2.62e-08 1.37e-07 4.72e-07 1.06e-08 5.37e-08 1.11e-08 4.72e-09 4.72e-09 4.72e-09 2.62e-08 1.37e-07
33717 4.46400e+03 -8.59570e+00 2.67597e-07 1.86983e-10 1.30e-06 2.52e-09 2.88e-08 1.42e-09 3.61e-10 4.22e-11 3.31e-12 7.84e-09 1.87e-10 4.70e-07 1.06e-08 5.34e-08 1.10e-08 4.70e-09 4.70e-09 4.70e-09 2.61e-08 1.37e-07 4.70e-07 1.06e-08 5.34e-08 1.10e-08 4.70e-09 4.70e-09 4.70e-09 2.61e-08 1.37e-07
33757 4.46800e+03 -8.58985e+00 2.54374e-07 1.04275e-08 1.24e-06 2.13e-09 3.12e-08 2.41e-09 6.10e-10 5.25e-11 6.13e-13 8.85e-09 1.04e-08 4.69e-07 1.05e-08 5.32e-08 1.10e-08 4.69e-09 4.69e-09 4.69e-09 2.61e-08 1.37e-07 4.69e-07 1.05e-08 5.32e-08 1.10e-08 4.69e-09 4.69e-09 4.69e-09 2.61e-08 1.37e-07
33797 4.47200e+03 -8.53303e+00 3.67328e-07 2.39958e-09 1.80e-06 2.36e-09 3.28e-08 1.61e-09 4.08e-10 5.30e-11 1.32e-12 7.59e-09 2.40e-09 4.69e-07 1.05e-08 5.30e-08 1.10e-08 4.68e-09 4.69e-09 4.69e-09 2.60e-08 1.37e-07 4.69e-07 1.05e-08 5.30e-08 1.10e-08 4.69e-09 4.69e-09 4.69e-09 2.60e-08 1.37e-07
33837 4.47600e+03 -8.40880e+00 3.34645e-07 9.68060e-09 1.61e-06 3.63e-09 4.26e-08 1.24e-08 3.15e-09 2.85e-11 5.25e-13 2.61e-08 9.68e-09 4.68e-07 1.04e-08 5.28e-08 1.09e-08 4.68e-09 4.68e-09 4.68e-09 2.60e-08 1.37e-07 4.68e-07 1.04e-08 5.28e-08 1.09e-08 4.68e-09 4.68e-09 4.68e-09 2.60e-08 1.37e-07
33877 4.48000e+03 -8.40924e+00 3.43566e-07 1.49209e-08 1.65e-06 5.37e-09 4.69e-08 1.09e-08 2.78e-09 6.77e-11 9.25e-13 2.19e-08 1.49e-08 4.69e-07 1.04e-08 5.27e-08 1.09e-08 4.68e-09 4.68e-09 4.68e-09 2.59e-08 1.37e-07 4.69e-07 1.04e-08 5.27e-08 1.09e-08 4.69e-09 4.69e-09 4.69e-09 2.59e-08 1.37e-07
33917 4.48400e+03 -8.54869e+00 3.22217e-07 1.55844e-08 1.57e-06 2.45e-09 3.38e-08 2.08e-09 5.17e-10 1.74e-11 1.62e-12 8.64e-09 1.56e-08 4.69e-07 1.04e-08 5.26e-08 1.09e-08 4.68e-09 4.68e-09 4.68e-09 2.59e-08 1.37e-07 4.69e-07 1.04e-08 5.26e-08 1.09e-08 4.69e-09 4.69e-09 4.69e-09 2.59e-08 1.37e-07
33957 4.48800e+03 -8.59316e+00 2.87605e-07 4.99176e-09 1.40e-06 2.46e-09 3.01e-08 4.28e-10 9.74e-11 3.53e-11 1.97e-12 7.35e-09 4.99e-09 4.68e-07 1.03e-08 5.25e-08 1.09e-08 4.68e-09 4.68e-09 4.68e-09 2.58e-08 1.37e-07 4.68e-07 1.03e-08 5.25e-08 1.09e-08 4.68e-09 4.68e-09 4.68e-09 2.58e-08 1.37e-07
33997 4.49200e+03 -8.57582e+00 2.89733e-07 1.28805e-08 1.41e-06 2.09e-09 3.42e-08 1.53e-09 3.68e-10 2.77e-11 1.81e-12 8.75e-09 1.29e-08 4.67e-07 1.03e-08 5.23e-08 1.08e-08 4.67e-09 4.67e-09 4.67e-09 2.58e-08 1.37e-07 4.67e-07 1.03e-08 5.23e-08 1.08e-08 4.67e-09 4.67e-09 4.67e-09 2.58e-08 1.37e-07
34037 4.49600e+03 -8.59025e+00 2.70881e-07 9.70949e-09 1.32e-06 2.04e-09 3.53e-08 1.53e-09 3.92e-10 2.80e-11 1.05e-12 7.68e-09 9.71e-09 4.66e-07 1.03e-08 5.21e-08 1.08e-08 4.66e-09 4.66e-09 4.66e-09 2.57e-08 1.37e-07 4.66e-07 1.03e-08 5.21e-08 1.08e-08 4.66e-09 4.66e-09 4.66e-09 2.57e-08 1.37e-07
34077 4.50000e+03 -8.25871e+00 2.91463e-07 2.05780e-09 1.36e-06 1.97e-09 6.30e-08 2.24e-08 5.82e-09 3.32e-11 2.39e-12 6.67e-08 2.06e-09 4.65e-07 1.02e-08 5.19e-08 1.08e-08 4.65e-09 4.65e-09 4.65e-09 2.56e-08 1.37e-07 4.65e-07 1.02e-08 5.19e-08 1.08e-08 4.65e-09 4.65e-09 4.65e-09 2.56e-08 1.37e-07
34117 4.50400e+03 -8.48785e+00 2.96000e-07 4.76118e-09 1.43e-06 2.55e-09 3.96e-08 8.49e-09 2.08e-09 4.42e-11 1.28e-12 2.06e-08 4.76e-09 4.66e-07 1.02e-08 5.19e-08 1.08e-08 4.65e-09 4.65e-09 4.65e-09 2.57e-08 1.37e-07 4.66e-07 1.02e-08 5.19e-08 1.08e-08 4.66e-09 4.66e-09 4.66e-09 2.57e-08 1.37e-07
34157 4.50800e+03 -8.52787e+00 2.93893e-07 5.94851e-09 1.42e-06 2.77e-09 4.11e-08 4.85e-09 1.22e-09 1.58e-11 6.70e-12 1.47e-08 5.95e-09 4.65e-07 1.01e-08 5.18e-08 1.08e-08 4.65e-09 4.65e-09 4.65e-09 2.57e-08 1.36e-07 4.65e-07 1.01e-08 5.18e-08 1.08e-08 4.65e-09 4.65e-09 4.65e-09 2.57e-08 1.36e-07
34197 4.51200e+03 -8.61070e+00 2.66989e-07 2.71645e-10 1.30e-06 2.03e-09 2.99e-08 7.72e-10 1.92e-10 2.80e-11 2.46e-12 6.96e-09 2.72e-10 4.64e-07 1.01e-08 5.17e-08 1.08e-08 4.64e-09 4.64e-09 4.64e-09 2.57e-08 1.36e-07 4.64e-07 1.01e-08 5.17e-08 1.08e-08 4.64e-09 4.64e-09 4.64e-09 2.57e-08 1.36e-07
34237 4.51600e+03 -8.54117e+00 3.15346e-07 3.31780e-08 1.53e-06 2.47e-09 3.88e-08 2.20e-09 4.97e-10 4.15e-11 1.10e-12 9.69e-09 3.32e-08 4.63e-07 1.01e-08 5.15e-08 1.07e-08 4.63e-09 4.63e-09 4.63e-09 2.56e-08 1.36e-07 4.63e-07 1.01e-08 5.15e-08 1.07e-08 4.63e-09 4.63e-09 4.63e-09 2.56e-08 1.36e-07
34277 4.52000e+03 -8.54961e+00 3.03005e-07 2.25842e-09 1.47e-06 2.14e-09 3.71e-08 3.81e-09 9.55e-10 3.11e-11 2.99e-12 1.06e-08 2.26e-09 4.63e-07 1.00e-08 5.13e-08 1.07e-08 4.63e-09 4.63e-09 4.63e-09 2.55e-08 1.36e-07 4.63e-07 1.00e-08 5.13e-08 1.07e-08 4.63e-09 4.63e-09 4.63e-09 2.55e-08 1.36e-07
34317 4.52400e+03 -8.55870e+00 3.11929e-07 3.06283e-09 1.52e-06 2.18e-09 3.77e-08 2.08e-09 5.11e-10 1.33e-10 7.80e-13 9.56e-09 3.06e-09 4.62e-07 9.98e-09 5.12e-08 1.07e-08 4.62e-09 4.62e-09 4.62e-09 2.55e-08 1.36e-07 4.62e-07 9.98e-09 5.12e-08 1.07e-08 4.62e-09 4.62e-09 4.62e-09 2.55e-08 1.36e-07
34357 4.52800e+03 -8.55747e+00 3.14370e-07 4.97633e-09 1.53e-06 3.01e-09 3.56e-08 2.07e-09 5.02e-10 6.30e-11 2.16e-12 8.59e-09 4.98e-09 4.62e-07 9.94e-09 5.10e-08 1.06e-08 4.61e-09 4.61e-09 4.61e-09 2.54e-08 1.36e-07 4.62e-07 9.94e-09 5.10e-08 1.06e-08 4.62e-09 4.62e-09 4.62e-09 2.54e-08 1.36e-07
34397 4.53200e+03 -8.18274e+00 3.60552e-07 4.58161e-09 1.69e-06 2.88e-09 7.68e-08 2.39e-08 6.21e-09 6.04e-10 3.76e-12 6.47e-08 4.58e-09 4.62e-07 9.91e-09 5.10e-08 1.06e-08 4.61e-09 4.61e-09 4.61e-09 2.55e-08 1.36e-07 4.62e-07 9.91e-09 5.10e-08 1.06e-08 4.62e-09 4.62e-09 4.62e-09 2.55e-08 1.36e-07
34437 4.53600e+03 -8.56114e+00 3.29769e-07 8.80623e-09 1.61e-06 2.53e-09 3.22e-08 1.20e-09 2.98e-10 1.13e-10 1.89e-12 7.62e-09 8.81e-09 4.62e-07 9.88e-09 5.10e-08 1.06e-08 4.61e-09 4.61e-09 4.61e-09 2.55e-08 1.36e-07 4.62e-07 9.88e-09 5.10e-08 1.06e-08 4.62e-09 4.62e-09 4.62e-09 2.55e-08 1.36e-07
34477 4.54000e+03 -8.57691e+00 2.86969e-07 1.47576e-09 1.39e-06 2.15e-09 3.60e-08 2.36e-09 5.82e-10 2.84e-11 3.49e-12 9.29e-09 1.48e-09 4.61e-07 9.84e-09 5.08e-08 1.06e-08 4.61e-09 4.61e-09 4.61e-09 2.54e-08 1.36e-07 4.61e-07 9.84e-09 5.08e-08 1.06e-08 4.61e-09 4.61e-09 4.61e-09 2.54e-08 1.36e-07
34517 4.54400e+03 -8.57350e+00 3.05215e-07 8.52715e-10 1.48e-06 1.88e-09 3.82e-08 1.39e-09 3.27e-10 1.93e-11 6.13e-13 9.63e-09 8.53e-10 4.60e-07 9.80e-09 5.07e-08 1.06e-08 4.60e-09 4.60e-09 4.60e-09 2.54e-08 1.36e-07 4.60e-07 9.80e-09 5.07e-08 1.06e-08 4.60e-09 4.60e-09 4.60e-09 2.54e-08 1.36e-07
34537 4.54500e+03 -8.58127e+00 2.88969e-07 2.43411e-09 1.41e-06 2.56e-09 3.34e-08 1.97e-09 4.96e-10 1.05e-10 2.77e-12 8.00e-09 2.43e-09 4.60e-07 9.79e-09 5.06e-08 1.06e-08 4.60e-09 4.60e-09 4.60e-09 2.54e-08 1.36e-07 4.60e-07 9.79e-09 5.06e-08 1.06e-08 4.60e-09 4.60e-09 4.60e-09 2.54e-08 1.36e-07
34577 4.54900e+03 -8.56376e+00 3.15342e-07 1.49612e-08 1.54e-06 2.56e-09 3.48e-08 1.42e-09 3.55e-10 8.96e-11 3.85e-12 8.10e-09 1.50e-08 4.59e-07 9.75e-09 5.05e-08 1.05e-08 4.59e-09 4.59e-09 4.59e-09 2.53e-08 1.36e-07 4.59e-07 9.75e-09 5.05e-08 1.05e-08 4.59e-09 4.59e-09 4.59e-09 2.53e-08 1.36e-07
34617 4.55300e+03 -8.56669e+00 2.96696e-07 1.66286e-08 1.44e-06 2.46e-09 4.02e-08 1.86e-09 4.73e-10 4.03e-11 3.34e-12 8.26e-09 1.66e-08 4.59e-07 9.72e-09 5.03e-08 1.05e-08 4.59e-09 4.58e-09 4.58e-09 2.52e-08 1.36e-07 4.59e-07 9.72e-09 5.03e-08 1.05e-08 4.59e-09 4.59e-09 4.59e-09 2.52e-08 1.36e-07
34657 4.55700e+03 -8.52245e+00 2.84406e-07 1.50421e-07 1.38e-06 2.19e-09 3.19e-08 2.83e-09 7.27e-10 5.54e-11 2.72e-12 7.75e-09 1.50e-07 4.58e-07 9.68e-09 5.02e-08 1.05e-08 4.58e-09 4.58e-09 4.58e-09 2.52e-08 1.36e-07 4.58e-07 9.68e-09 5.02e-08 1.05e-08 4.58e-09 4.58e-09 4.58e-09 2.52e-08 1.36e-07
34697 4.56100e+03 -8.57482e+00 2.95100e-07 7.65917e-09 1.44e-06 2.46e-09 2.99e-08 2.66e-09 6.58e-10 9.99e-11 3.82e-12 8.54e-09 7.66e-09 4.57e-07 9.64e-09 5.00e-08 1.05e-08 4.57e-09 4.57e-09 4.57e-09 2.51e-08 1.36e-07 4.57e-07 9.64e-09 5.00e-08 1.05e-08 4.57e-09 4.57e-09 4.57e-09 2.51e-08 1.36e-07
34737 4.56500e+03 -8.57693e+00 3.07740e-07 1.98693e-09 1.50e-06 2.33e-09 3.41e-08 1.55e-09 3.88e-10 5.41e-11 2.44e-12 8.17e-09 1.99e-09 4.56e-07 9.61e-09 4.98e-08 1.04e-08 4.56e-09 4.56e-09 4.56e-09 2.51e-08 1.35e-07 4.56e-07 9.61e-09 4.98e-08 1.04e-08 4.56e-09 4.56e-09 4.56e-09 2.51e-08 1.35e-07
34777 4.56900e+03 -8.42909e+00 4.01207e-07 7.04334e-10 1.94e-06 2.66e-09 4.99e-08 6.99e-09 1.69e-09 4.16e-11 6.68e-13 2.18e-08 7.04e-10 4.57e-07 9.57e-09 4.97e-08 1.04e-08 4.56e-09 4.56e-09 4.56e-09 2.50e-08 1.35e-07 4.57e-07 9.57e-09 4.97e-08 1.04e-08 4.57e-09 4.57e-09 4.57e-09 2.50e-08 1.35e-07
34817 4.57300e+03 -8.55342e+00 2.89503e-07 1.92501e-09 1.40e-06 2.97e-09 3.46e-08 4.29e-09 1.08e-09 4.36e-11 1.02e-12 1.21e-08 1.93e-09 4.57e-07 9.54e-09 4.96e-08 1.04e-08 4.56e-09 4.56e-09 4.56e-09 2.50e-08 1.35e-07 4.57e-07 9.54e-09 4.96e-08 1.04e-08 4.57e-09 4.57e-09 4.57e-09 2.50e-08 1.35e-07
34857 4.57700e+03 -8.58407e+00 2.83664e-07 1.00423e-08 1.38e-06 2.10e-09 3.08e-08 2.81e-09 6.83e-10 5.43e-11 9.77e-13 8.16e-09 1.00e-08 4.56e-07 9.50e-09 4.94e-08 1.04e-08 4.56e-09 4.56e-09 4.56e-09 2.49e-08 1.35e-07 4.56e-07 9.50e-09 4.94e-08 1.04e-08 4.56e-09 4.56e-09 4.56e-09 2.49e-08 1.35e-07
34897 4.58100e+03 -8.56791e+00 2.97096e-07 3.77304e-09 1.44e-06 3.24e-09 3.51e-08 2.76e-09 7.43e-10 4.17e-11 3.63e-12 8.11e-09 3.77e-09 4.55e-07 9.46e-09 4.93e-08 1.03e-08 4.55e-09 4.55e-09 4.55e-09 2.49e-08 1.35e-07 4.55e-07 9.46e-09 4.93e-08 1.03e-08 4.55e-09 4.55e-09 4.55e-09 2.49e-08 1.35e-07
34937 4.58500e+03 -8.59581e+00 2.66353e-07 2.87663e-08 1.30e-06 2.45e-09 2.53e-08 2.33e-09 5.96e-10 5.15e-11 4.48e-13 7.87e-09 2.88e-08 4.55e-07 9.43e-09 4.91e-08 1.03e-08 4.55e-09 4.55e-09 4.55e-09 2.48e-08 1.35e-07 4.55e-07 9.43e-09 4.91e-08 1.03e-08 4.55e-09 4.55e-09 4.55e-09 2.48e-08 1.35e-07
34977 4.58900e+03 -8.61768e+00 2.72700e-07 1.39634e-09 1.33e-06 2.19e-09 2.57e-08 1.11e-09 2.78e-10 4.47e-11 1.05e-12 6.85e-09 1.40e-09 4.54e-07 9.39e-09 4.88e-08 1.03e-08 4.54e-09 4.54e-09 4.54e-09 2.47e-08 1.35e-07 4.54e-07 9.39e-09 4.88e-08 1.03e-08 4.54e-09 4.54e-09 4.54e-09 2.47e-08 1.35e-07
35017 4.59300e+03 -8.59832e+00 2.87721e-07 2.39885e-08 1.41e-06 2.21e-09 2.70e-08 9.27e-10 2.32e-10 7.99e-11 1.44e-12 7.39e-09 2.40e-08 4.53e-07 9.35e-09 4.86e-08 1.02e-08 4.53e-09 4.53e-09 4.53e-09 2.47e-08 1.35e-07 4.53e-07 9.35e-09 4.86e-08 1.02e-08 4.53e-09 4.53e-09 4.53e-09 2.47e-08 1.35e-07
35057 4.59700e+03 -8.57023e+00 3.23925e-07 1.56835e-08 1.58e-06 2.42e-09 3.38e-08 1.06e-09 2.66e-10 2.30e-11 1.13e-12 7.98e-09 1.57e-08 4.52e-07 9.31e-09 4.84e-08 1.02e-08 4.52e-09 4.52e-09 4.52e-09 2.46e-08 1.35e-07 4.52e-07 9.31e-09 4.84e-08 1.02e-08 4.52e-09 4.52e-09 4.52e-09 2.46e-08 1.35e-07
35097 4.60100e+03 -8.51288e+00 3.61688e-07 1.03710e-08 1.75e-06 2.77e-09 4.86e-08 2.80e-09 4.93e-10 3.61e-11 1.24e-12 1.12e-08 1.04e-08 4.52e-07 9.28e-09 4.82e-08 1.02e-08 4.52e-09 4.52e-09 4.52e-09 2.45e-08 1.35e-07 4.52e-07 9.28e-09 4.82e-08 1.02e-08 4.52e-09 4.52e-09 4.52e-09 2.45e-08 1.35e-07
35137 4.60500e+03 -8.27653e+00 2.91794e-07 1.66298e-09 1.37e-06 3.64e-09 5.28e-08 2.37e-08 6.12e-09 2.32e-10 1.09e-12 5.13e-08 1.66e-09 4.52e-07 9.24e-09 4.82e-08 1.01e-08 4.51e-09 4.51e-09 4.51e-09 2.45e-08 1.34e-07 4.52e-07 9.24e-09 4.82e-08 1.01e-08 4.52e-09 4.52e-09 4.52e-09 2.45e-08 1.34e-07
35177 4.60900e+03 -8.56762e+00 3.16578e-07 1.71485e-08 1.54e-06 2.40e-09 3.50e-08 1.75e-09 4.13e-10 3.19e-11 1.83e-12 8.46e-09 1.71e-08 4.51e-07 9.21e-09 4.80e-08 1.01e-08 4.51e-09 4.51e-09 4.51e-09 2.45e-08 1.34e-07 4.51e-07 9.21e-09 4.80e-08 1.01e-08 4.51e-09 4.51e-09 4.51e-09 2.45e-08 1.34e-07
35217 4.61300e+03 -8.45862e+00 3.18603e-07 8.49222e-08 1.54e-06 2.09e-09 4.15e-08 7.90e-09 2.02e-09 3.94e-11 1.40e-12 1.84e-08 8.49e-08 4.50e-07 9.18e-09 4.78e-08 1.01e-08 4.50e-09 4.50e-09 4.50e-09 2.44e-08 1.34e-07 4.50e-07 9.18e-09 4.78e-08 1.01e-08 4.50e-09 4.50e-09 4.50e-09 2.44e-08 1.34e-07
35257 4.61700e+03 -8.46344e+00 2.91717e-07 1.11875e-08 1.40e-06 2.19e-09 3.90e-08 1.13e-08 2.88e-09 1.29e-10 1.45e-12 2.48e-08 1.12e-08 4.50e-07 9.14e-09 4.77e-08 1.01e-08 4.50e-09 4.50e-09 4.50e-09 2.43e-08 1.34e-07 4.50e-07 9.14e-09 4.77e-08 1.01e-08 4.50e-09 4.50e-09 4.50e-09 2.43e-08 1.34e-07
35297 4.62100e+03 -8.49550e+00 3.76989e-07 1.79143e-08 1.83e-06 2.56e-09 4.60e-08 3.74e-09 9.14e-10 8.02e-11 3.30e-12 1.10e-08 1.79e-08 4.49e-07 9.10e-09 4.75e-08 1.00e-08 4.49e-09 4.49e-09 4.49e-09 2.43e-08 1.34e-07 4.49e-07 9.10e-09 4.75e-08 1.00e-08 4.49e-09 4.49e-09 4.49e-09 2.43e-08 1.34e-07
35337 4.62500e+03 -8.53379e+00 3.43617e-07 1.19253e-08 1.67e-06 2.61e-09 4.01e-08 2.59e-09 6.42e-10 4.35e-11 3.12e-13 1.16e-08 1.19e-08 4.49e-07 9.07e-09 4.74e-08 1.00e-08 4.49e-09 4.49e-09 4.49e-09 2.42e-08 1.34e-07 4.49e-07 9.07e-09 4.74e-08 1.00e-08 4.49e-09 4.49e-09 4.49e-09 2.42e-08 1.34e-07
35377 4.62900e+03 -8.55620e+00 3.47785e-07 2.64877e-09 1.70e-06 3.95e-09 3.74e-08 3.07e-10 7.42e-11 2.21e-10 7.74e-13 7.74e-09 2.65e-09 4.48e-07 9.04e-09 4.72e-08 9.99e-09 4.48e-09 4.48e-09 4.48e-09 2.42e-08 1.34e-07 4.48e-07 9.04e-09 4.72e-08 9.99e-09 4.48e-09 4.48e-09 4.48e-09 2.42e-08 1.34e-07
35417 4.63300e+03 -8.52842e+00 3.58826e-07 6.67832e-08 1.76e-06 2.51e-09 3.30e-08 1.60e-09 3.57e-10 6.60e-11 2.29e-12 7.53e-09 6.68e-08 4.48e-07 9.00e-09 4.71e-08 9.96e-09 4.48e-09 4.48e-09 4.48e-09 2.41e-08 1.34e-07 4.48e-07 9.00e-09 4.71e-08 9.96e-09 4.48e-09 4.48e-09 4.48e-09 2.41e-08 1.34e-07
35457 4.63700e+03 -8.57941e+00 3.01746e-07 7.90958e-09 1.47e-06 2.52e-09 3.60e-08 2.08e-09 5.24e-10 5.93e-11 2.44e-12 8.20e-09 7.91e-09 4.47e-07 8.97e-09 4.69e-08 9.92e-09 4.47e-09 4.47e-09 4.47e-09 2.41e-08 1.34e-07 4.47e-07 8.97e-09 4.69e-08 9.92e-09 4.47e-09 4.47e-09 4.47e-09 2.41e-08 1.34e-07
35497 4.64100e+03 -8.26165e+00 5.79747e-07 2.16767e-07 2.83e-06 5.05e-09 5.58e-08 3.14e-09 7.39e-10 9.04e-11 2.40e-12 1.45e-08 2.17e-07 4.51e-07 8.95e-09 4.70e-08 9.90e-09 4.47e-09 4.47e-09 4.47e-09 2.40e-08 1.34e-07 4.51e-07 8.95e-09 4.70e-08 9.90e-09 4.51e-09 4.51e-09 4.51e-09 2.40e-08 1.34e-07
35537 4.64500e+03 -8.45285e+00 3.83221e-07 1.31429e-07 1.86e-06 3.82e-09 4.45e-08 2.53e-09 6.46e-10 1.31e-10 1.72e-12 9.75e-09 1.31e-07 4.52e-07 8.93e-09 4.70e-08 9.87e-09 4.47e-09 4.47e-09 4.47e-09 2.40e-08 1.34e-07 4.52e-07 8.93e-09 4.70e-08 9.87e-09 4.52e-09 4.52e-09 4.52e-09 2.40e-08 1.34e-07
35577 4.64900e+03 -8.52226e+00 3.60189e-07 2.65909e-09 1.76e-06 4.27e-09 3.42e-08 3.27e-09 8.11e-10 1.78e-10 9.73e-13 9.79e-09 2.66e-09 4.53e-07 8.90e-09 4.69e-08 9.84e-09 4.47e-09 4.47e-09 4.47e-09 2.39e-08 1.34e-07 4.53e-07 8.90e-09 4.69e-08 9.84e-09 4.53e-09 4.53e-09 4.53e-09 2.39e-08 1.34e-07
35617 4.65300e+03 -8.59149e+00 2.75023e-07 1.77643e-08 1.34e-06 1.93e-09 3.21e-08 3.17e-09 7.72e-10 2.90e-11 2.43e-12 8.29e-09 1.78e-08 4.53e-07 8.87e-09 4.68e-08 9.81e-09 4.47e-09 4.47e-09 4.47e-09 2.38e-08 1.34e-07 4.53e-07 8.87e-09 4.68e-08 9.81e-09 4.53e-09 4.53e-09 4.53e-09 2.38e-08 1.34e-07
35657 4.65700e+03 -8.53332e+00 3.49732e-07 4.71779e-09 1.70e-06 3.71e-09 3.84e-08 2.75e-09 6.91e-10 1.05e-10 4.12e-13 9.52e-09 4.72e-09 4.54e-07 8.84e-09 4.67e-08 9.79e-09 4.47e-09 4.47e-09 4.47e-09 2.38e-08 1.33e-07 4.54e-07 8.84e-09 4.67e-08 9.79e-09 4.54e-09 4.54e-09 4.54e-09 2.38e-08 1.33e-07
35697 4.66100e+03 -8.58997e+00 2.80008e-07 2.75926e-09 1.36e-06 1.86e-09 3.17e-08 3.67e-09 9.12e-10 3.61e-11 1.05e-11 9.08e-09 2.76e-09 4.53e-07 8.80e-09 4.66e-08 9.76e-09 4.47e-09 4.47e-09 4.47e-09 2.37e-08 1.33e-07 4.53e-07 8.80e-09 4.66e-08 9.76e-09 4.53e-09 4.53e-09 4.53e-09 2.37e-08 1.33e-07
35737 4.66500e+03 -7.65791e+00 4.35615e-07 1.40437e-06 2.08e-06 3.63e-09 7.44e-08 1.67e-08 4.34e-09 1.57e-10 9.02e-13 4.33e-08 1.40e-06 4.53e-07 8.77e-09 4.65e-08 9.74e-09 4.47e-09 4.47e-09 4.47e-09 2.37e-08 1.33e-07 4.53e-07 8.77e-09 4.65e-08 9.74e-09 4.53e-09 4.53e-09 4.53e-09 2.37e-08 1.33e-07
35777 4.66900e+03 -8.45574e+00 3.68955e-07 3.99865e-08 1.79e-06 3.49e-09 4.36e-08 6.35e-09 1.62e-09 3.03e-11 9.06e-13 1.69e-08 4.00e-08 4.54e-07 8.75e-09 4.66e-08 9.72e-09 4.47e-09 4.47e-09 4.47e-09 2.37e-08 1.33e-07 4.54e-07 8.75e-09 4.66e-08 9.72e-09 4.54e-09 4.54e-09 4.54e-09 2.37e-08 1.33e-07
35817 4.67300e+03 -8.63521e+00 2.63736e-07 5.06072e-09 1.29e-06 2.02e-09 2.40e-08 1.08e-09 2.70e-10 8.20e-11 9.52e-13 6.40e-09 5.06e-09 4.54e-07 8.72e-09 4.65e-08 9.70e-09 4.47e-09 4.47e-09 4.47e-09 2.36e-08 1.33e-07 4.54e-07 8.72e-09 4.65e-08 9.70e-09 4.54e-09 4.54e-09 4.54e-09 2.36e-08 1.33e-07
35857 4.67700e+03 -8.59947e+00 3.10177e-07 9.13982e-09 1.52e-06 2.19e-09 3.15e-08 5.22e-10 1.25e-10 4.92e-11 1.63e-12 7.38e-09 9.14e-09 4.53e-07 8.68e-09 4.64e-08 9.66e-09 4.47e-09 4.47e-09 4.47e-09 2.35e-08 1.33e-07 4.53e-07 8.68e-09 4.64e-08 9.66e-09 4.53e-09 4.53e-09 4.53e-09 2.35e-08 1.33e-07
35897 4.68100e+03 -8.55253e+00 3.29091e-07 3.47294e-10 1.60e-06 2.04e-09 3.72e-08 3.65e-09 8.79e-10 3.69e-11 8.27e-13 1.07e-08 3.47e-10 4.53e-07 8.65e-09 4.62e-08 9.63e-09 4.47e-09 4.47e-09 4.47e-09 2.35e-08 1.33e-07 4.53e-07 8.65e-09 4.62e-08 9.63e-09 4.53e-09 4.53e-09 4.53e-09 2.35e-08 1.33e-07
35937 4.68500e+03 -8.52958e+00 3.46134e-07 2.44601e-09 1.68e-06 3.16e-09 4.50e-08 2.97e-09 7.14e-10 8.69e-11 5.92e-13 1.14e-08 2.45e-09 4.53e-07 8.61e-09 4.62e-08 9.60e-09 4.47e-09 4.47e-09 4.47e-09 2.34e-08 1.33e-07 4.53e-07 8.61e-09 4.62e-08 9.60e-09 4.53e-09 4.53e-09 4.53e-09 2.34e-08 1.33e-07
35977 4.68900e+03 -8.46163e+00 3.31086e-07 1.69994e-08 1.60e-06 2.44e-09 4.07e-08 9.21e-09 2.32e-09 5.86e-11 1.25e-12 2.24e-08 1.70e-08 4.53e-07 8.58e-09 4.61e-08 9.59e-09 4.47e-09 4.47e-09 4.47e-09 2.34e-08 1.33e-07 4.53e-07 8.58e-09 4.61e-08 9.59e-09 4.53e-09 4.53e-09 4.53e-09 2.34e-08 1.33e-07
36017 4.69300e+03 -8.55345e+00 3.16149e-07 3.57328e-08 1.53e-06 4.00e-09 4.03e-08 1.32e-09 3.24e-10 4.89e-11 3.38e-12 9.43e-09 3.57e-08 4.53e-07 8.55e-09 4.61e-08 9.58e-09 4.47e-09 4.47e-09 4.47e-09 2.34e-08 1.33e-07 4.53e-07 8.55e-09 4.61e-08 9.58e-09 4.53e-09 4.53e-09 4.53e-09 2.34e-08 1.33e-07
36057 4.69700e+03 -8.59058e+00 2.82376e-07 4.24047e-09 1.38e-06 2.58e-09 2.71e-08 3.41e-09 8.65e-10 1.08e-10 2.23e-12 1.00e-08 4.24e-09 4.52e-07 8.52e-09 4.60e-08 9.55e-09 4.47e-09 4.47e-09 4.47e-09 2.33e-08 1.32e-07 4.52e-07 8.52e-09 4.60e-08 9.55e-09 4.52e-09 4.52e-09 4.52e-09 2.33e-08 1.32e-07
36097 4.70100e+03 -8.58951e+00 2.77742e-07 1.15320e-09 1.35e-06 2.84e-09 2.99e-08 3.36e-09 8.48e-10 6.68e-11 1.04e-12 1.09e-08 1.15e-09 4.52e-07 8.48e-09 4.58e-08 9.52e-09 4.47e-09 4.47e-09 4.47e-09 2.33e-08 1.32e-07 4.52e-07 8.48e-09 4.58e-08 9.52e-09 4.52e-09 4.52e-09 4.52e-09 2.33e-08 1.32e-07
36137 4.70500e+03 -8.62548e+00 2.69255e-07 1.84727e-09 1.31e-06 2.51e-09 2.72e-08 1.58e-09 3.75e-10 4.92e-11 3.93e-12 7.00e-09 1.85e-09 4.51e-07 8.45e-09 4.57e-08 9.50e-09 4.47e-09 4.47e-09 4.47e-09 2.32e-08 1.32e-07 4.51e-07 8.45e-09 4.57e-08 9.50e-09 4.51e-09 4.51e-09 4.51e-09 2.32e-08 1.32e-07
36177 4.70900e+03 -8.39129e+00 5.33521e-07 3.89638e-09 2.61e-06 3.79e-09 5.02e-08 4.37e-09 1.10e-09 3.08e-11 2.76e-12 1.23e-08 3.90e-09 4.50e-07 8.41e-09 4.56e-08 9.47e-09 4.47e-09 4.47e-09 4.47e-09 2.31e-08 1.32e-07 4.50e-07 8.41e-09 4.56e-08 9.47e-09 4.50e-09 4.50e-09 4.50e-09 2.31e-08 1.32e-07
36217 4.71300e+03 -8.33720e+00 4.62773e-07 8.99232e-08 2.22e-06 9.19e-09 8.39e-08 2.60e-09 5.47e-10 1.05e-10 1.98e-12 1.48e-08 8.99e-08 4.51e-07 8.39e-09 4.55e-08 9.44e-09 4.47e-09 4.47e-09 4.47e-09 2.31e-08 1.32e-07 4.51e-07 8.39e-09 4.55e-08 9.44e-09 4.51e-09 4.51e-09 4.51e-09 2.31e-08 1.32e-07
36257 4.71700e+03 -8.47165e+00 4.27029e-07 6.05915e-09 2.08e-06 3.55e-09 4.92e-08 3.24e-09 7.34e-10 1.87e-11 6.13e-13 1.19e-08 6.06e-09 4.52e-07 8.37e-09 4.57e-08 9.42e-09 4.47e-09 4.47e-09 4.47e-09 2.31e-08 1.32e-07 4.52e-07 8.37e-09 4.57e-08 9.42e-09 4.52e-09 4.52e-09 4.52e-09 2.31e-08 1.32e-07
36297 4.72100e+03 -8.48345e+00 3.91446e-07 5.57718e-08 1.90e-06 2.48e-09 4.83e-08 2.81e-09 6.78e-10 2.31e-11 1.44e-12 1.21e-08 5.58e-08 4.53e-07 8.35e-09 4.56e-08 9.39e-09 4.47e-09 4.47e-09 4.47e-09 2.30e-08 1.32e-07 4.53e-07 8.35e-09 4.56e-08 9.39e-09 4.53e-09 4.53e-09 4.53e-09 2.30e-08 1.32e-07
36337 4.72500e+03 -8.58031e+00 3.13717e-07 2.38517e-09 1.53e-06 2.37e-09 3.28e-08 2.77e-09 6.32e-10 2.68e-11 8.68e-13 8.72e-09 2.39e-09 4.53e-07 8.32e-09 4.56e-08 9.38e-09 4.47e-09 4.47e-09 4.47e-09 2.30e-08 1.32e-07 4.53e-07 8.32e-09 4.56e-08 9.38e-09 4.53e-09 4.53e-09 4.53e-09 2.30e-08 1.32e-07
36377 4.72900e+03 -8.60065e+00 3.02749e-07 1.65482e-08 1.48e-06 2.51e-09 2.70e-08 1.44e-09 3.53e-10 5.16e-11 3.16e-12 7.52e-09 1.65e-08 4.53e-07 8.28e-09 4.55e-08 9.36e-09 4.47e-09 4.47e-09 4.47e-09 2.29e-08 1.32e-07 4.53e-07 8.28e-09 4.55e-08 9.36e-09 4.53e-09 4.53e-09 4.53e-09 2.29e-08 1.32e-07
36417 4.73300e+03 -8.62041e+00 2.81468e-07 2.63858e-09 1.38e-06 2.26e-09 2.65e-08 1.59e-09 4.05e-10 1.69e-10 9.43e-13 7.17e-09 2.64e-09 4.52e-07 8.25e-09 4.53e-08 9.33e-09 4.47e-09 4.47e-09 4.47e-09 2.29e-08 1.32e-07 4.52e-07 8.25e-09 4.53e-08 9.33e-09 4.52e-09 4.52e-09 4.52e-09 2.29e-08 1.32e-07
36457 4.73700e+03 -8.58593e+00 3.16184e-07 1.84606e-08 1.54e-06 2.60e-09 3.18e-08 1.36e-09 3.18e-10 7.03e-11 6.26e-13 8.18e-09 1.85e-08 4.52e-07 8.22e-09 4.52e-08 9.30e-09 4.47e-09 4.47e-09 4.47e-09 2.28e-08 1.32e-07 4.52e-07 8.22e-09 4.52e-08 9.30e-09 4.52e-09 4.52e-09 4.52e-09 2.28e-08 1.32e-07
36497 4.74100e+03 -8.55694e+00 3.19319e-07 2.81455e-09 1.55e-06 3.49e-09 3.86e-08 3.28e-09 7.18e-10 5.67e-11 1.41e-12 1.01e-08 2.81e-09 4.52e-07 8.19e-09 4.51e-08 9.27e-09 4.47e-09 4.47e-09 4.47e-09 2.27e-08 1.31e-07 4.52e-07 8.19e-09 4.51e-08 9.27e-09 4.52e-09 4.52e-09 4.52e-09 2.27e-08 1.31e-07
36537 4.74500e+03 -8.48727e+00 3.64673e-07 6.96924e-09 1.77e-06 5.39e-09 4.49e-08 4.43e-09 1.12e-09 7.37e-11 1.75e-12 1.37e-08 6.97e-09 4.52e-07 8.16e-09 4.50e-08 9.23e-09 4.47e-09 4.47e-09 4.47e-09 2.27e-08 1.31e-07 4.52e-07 8.16e-09 4.50e-08 9.23e-09 4.52e-09 4.52e-09 4.52e-09 2.27e-08 1.31e-07
36577 4.74900e+03 -8.54957e+00 3.69935e-07 4.29646e-09 1.81e-06 3.95e-09 3.34e-08 1.57e-09 3.91e-10 4.78e-11 2.08e-12 7.27e-09 4.30e-09 4.53e-07 8.13e-09 4.51e-08 9.23e-09 4.47e-09 4.47e-09 4.47e-09 2.27e-08 1.31e-07 4.53e-07 8.13e-09 4.51e-08 9.23e-09 4.53e-09 4.53e-09 4.53e-09 2.27e-08 1.31e-07
36617 4.75300e+03 -8.55027e+00 2.88219e-07 7.35842e-09 1.39e-06 2.56e-09 4.21e-08 6.02e-09 1.49e-09 2.47e-11 1.16e-12 1.09e-08 7.36e-09 4.53e-07 8.10e-09 4.50e-08 9.21e-09 4.47e-09 4.47e-09 4.47e-09 2.26e-08 1.31e-07 4.53e-07 8.10e-09 4.50e-08 9.21e-09 4.53e-09 4.53e-09 4.53e-09 2.26e-08 1.31e-07
36657 4.75700e+03 -8.54191e+00 3.69321e-07 1.92254e-08 1.81e-06 4.30e-09 3.02e-08 1.46e-09 3.62e-10 2.34e-10 1.11e-12 8.20e-09 1.92e-08 4.53e-07 8.06e-09 4.50e-08 9.19e-09 4.47e-09 4.47e-09 4.47e-09 2.26e-08 1.31e-07 4.53e-07 8.06e-09 4.50e-08 9.19e-09 4.53e-09 4.53e-09 4.53e-09 2.26e-08 1.31e-07
36697 4.76100e+03 -8.37884e+00 3.02388e-07 4.27403e-09 1.45e-06 2.32e-09 4.31e-08 1.58e-08 4.12e-09 5.24e-11 8.52e-13 4.12e-08 4.27e-09 4.53e-07 8.04e-09 4.49e-08 9.17e-09 4.47e-09 4.47e-09 4.47e-09 2.25e-08 1.31e-07 4.53e-07 8.04e-09 4.49e-08 9.17e-09 4.53e-09 4.53e-09 4.53e-09 2.25e-08 1.31e-07
36737 4.76500e+03 -8.57464e+00 3.25508e-07 8.44942e-08 1.60e-06 2.21e-09 2.95e-08 4.10e-11 0.00e+00 6.28e-11 1.10e-12 6.89e-09 8.45e-08 4.53e-07 8.00e-09 4.49e-08 9.18e-09 4.47e-09 4.47e-09 4.47e-09 2.26e-08 1.31e-07 4.53e-07 8.00e-09 4.49e-08 9.18e-09 4.53e-09 4.53e-09 4.53e-09 2.26e-08 1.31e-07
36777 4.76900e+03 -8.55577e+00 3.21629e-07 3.79167e-08 1.56e-06 2.40e-09 4.46e-08 2.13e-09 4.88e-10 3.61e-11 1.25e-12 9.10e-09 3.79e-08 4.52e-07 7.97e-09 4.47e-08 9.15e-09 4.47e-09 4.47e-09 4.47e-09 2.25e-08 1.31e-07 4.52e-07 7.97e-09 4.47e-08 9.15e-09 4.52e-09 4.52e-09 4.52e-09 2.25e-08 1.31e-07
36817 4.77300e+03 -8.58581e+00 3.32705e-07 2.70204e-09 1.63e-06 3.13e-09 3.40e-08 7.23e-10 1.47e-10 1.73e-10 7.47e-13 7.55e-09 2.70e-09 4.53e-07 7.94e-09 4.47e-08 9.13e-09 4.47e-09 4.47e-09 4.47e-09 2.25e-08 1.30e-07 4.53e-07 7.94e-09 4.47e-08 9.13e-09 4.53e-09 4.53e-09 4.53e-09 2.25e-08 1.30e-07
36857 4.77700e+03 -8.47158e+00 3.82196e-07 3.22262e-08 1.86e-06 2.99e-09 3.86e-08 5.86e-09 1.45e-09 1.65e-10 1.75e-12 1.60e-08 3.22e-08 4.53e-07 7.91e-09 4.46e-08 9.10e-09 4.47e-09 4.47e-09 4.47e-09 2.24e-08 1.30e-07 4.53e-07 7.91e-09 4.46e-08 9.10e-09 4.53e-09 4.53e-09 4.53e-09 2.24e-08 1.30e-07
36897 4.78100e+03 -8.60787e+00 3.10094e-07 5.03700e-09 1.52e-06 2.62e-09 2.69e-08 1.43e-09 3.60e-10 3.52e-11 1.22e-12 6.76e-09 5.04e-09 4.52e-07 7.88e-09 4.46e-08 9.08e-09 4.47e-09 4.47e-09 4.47e-09 2.24e-08 1.30e-07 4.52e-07 7.88e-09 4.46e-08 9.08e-09 4.52e-09 4.52e-09 4.52e-09 2.24e-08 1.30e-07
36937 4.78500e+03 -8.59386e+00 2.76614e-07 4.26359e-08 1.35e-06 3.21e-09 3.20e-08 2.02e-09 4.65e-10 2.19e-10 7.59e-13 7.54e-09 4.26e-08 4.53e-07 7.85e-09 4.45e-08 9.06e-09 4.47e-09 4.47e-09 4.47e-09 2.24e-08 1.30e-07 4.53e-07 7.85e-09 4.45e-08 9.06e-09 4.53e-09 4.53e-09 4.53e-09 2.24e-08 1.30e-07
36977 4.78900e+03 -8.57052e+00 2.80339e-07 2.83699e-08 1.36e-06 2.20e-09 3.85e-08 4.46e-09 1.11e-09 2.16e-11 8.81e-13 1.04e-08 2.84e-08 4.53e-07 7.82e-09 4.45e-08 9.05e-09 4.47e-09 4.47e-09 4.47e-09 2.23e-08 1.30e-07 4.53e-07 7.82e-09 4.45e-08 9.05e-09 4.53e-09 4.53e-09 4.53e-09 2.23e-08 1.30e-07
37017 4.79300e+03 -8.53264e+00 3.61008e-07 6.64107e-08 1.76e-06 2.81e-09 3.88e-08 1.39e-09 3.24e-10 5.30e-11 7.33e-13 8.52e-09 6.64e-08 4.54e-07 7.79e-09 4.45e-08 9.04e-09 4.47e-09 4.47e-09 4.47e-09 2.23e-08 1.30e-07 4.54e-07 7.79e-09 4.45e-08 9.04e-09 4.54e-09 4.54e-09 4.54e-09 2.23e-08 1.30e-07
37057 4.79700e+03 -8.57974e+00 3.12247e-07 3.94607e-08 1.53e-06 2.41e-09 2.97e-08 2.27e-09 5.66e-10 4.20e-11 1.88e-12 8.40e-09 3.95e-08 4.53e-07 7.76e-09 4.44e-08 9.01e-09 4.47e-09 4.47e-09 4.47e-09 2.22e-08 1.30e-07 4.53e-07 7.76e-09 4.44e-08 9.01e-09 4.53e-09 4.53e-09 4.53e-09 2.22e-08 1.30e-07
37097 4.80100e+03 -8.61352e+00 2.94213e-07 1.04256e-09 1.44e-06 2.38e-09 2.72e-08 2.02e-09 5.08e-10 6.71e-11 8.10e-13 8.03e-09 1.04e-09 4.53e-07 7.73e-09 4.43e-08 8.99e-09 4.47e-09 4.47e-09 4.47e-09 2.22e-08 1.30e-07 4.53e-07 7.73e-09 4.43e-08 8.99e-09 4.53e-09 4.53e-09 4.53e-09 2.22e-08 1.30e-07
37137 4.80500e+03 -8.62372e+00 2.91756e-07 1.14260e-08 1.43e-06 2.15e-09 2.97e-08 9.53e-10 1.97e-10 3.92e-11 9.66e-13 6.79e-09 1.14e-08 4.53e-07 7.70e-09 4.42e-08 8.96e-09 4.47e-09 4.47e-09 4.47e-09 2.21e-08 1.29e-07 4.53e-07 7.70e-09 4.42e-08 8.96e-09 4.53e-09 4.53e-09 4.53e-09 2.21e-08 1.29e-07
37177 4.80900e+03 -8.61115e+00 2.94092e-07 1.52270e-08 1.44e-06 2.62e-09 3.05e-08 1.40e-09 3.11e-10 5.51e-11 1.94e-12 7.31e-09 1.52e-08 4.52e-07 7.67e-09 4.41e-08 8.95e-09 4.47e-09 4.47e-09 4.47e-09 2.21e-08 1.29e-07 4.52e-07 7.67e-09 4.41e-08 8.95e-09 4.52e-09 4.52e-09 4.52e-09 2.21e-08 1.29e-07
37217 4.81300e+03 -8.59259e+00 3.23726e-07 1.87512e-09 1.59e-06 3.23e-09 2.72e-08 1.79e-09 4.50e-10 1.18e-10 1.12e-12 7.56e-09 1.88e-09 4.53e-07 7.66e-09 4.41e-08 8.93e-09 4.47e-09 4.47e-09 4.47e-09 2.21e-08 1.30e-07 4.53e-07 7.66e-09 4.41e-08 8.93e-09 4.53e-09 4.53e-09 4.53e-09 2.21e-08 1.30e-07
37257 4.81700e+03 -8.49535e+00 3.68597e-07 2.44713e-08 1.79e-06 3.44e-09 4.06e-08 4.77e-09 1.17e-09 3.76e-11 1.38e-12 1.46e-08 2.45e-08 4.53e-07 7.63e-09 4.41e-08 8.92e-09 4.47e-09 4.47e-09 4.47e-09 2.21e-08 1.30e-07 4.53e-07 7.63e-09 4.41e-08 8.92e-09 4.53e-09 4.53e-09 4.53e-09 2.21e-08 1.30e-07
37297 4.82100e+03 -8.58343e+00 3.17131e-07 3.10078e-08 1.55e-06 2.41e-09 3.43e-08 1.68e-09 4.01e-10 9.14e-11 4.15e-12 7.79e-09 3.10e-08 4.54e-07 7.60e-09 4.40e-08 8.91e-09 4.47e-09 4.47e-09 4.47e-09 2.20e-08 1.29e-07 4.54e-07 7.60e-09 4.40e-08 8.91e-09 4.54e-09 4.54e-09 4.54e-09 2.20e-08 1.29e-07
37337 4.82500e+03 -8.47722e+00 3.51732e-07 1.59229e-07 1.71e-06 2.29e-09 4.39e-08 3.18e-09 7.62e-10 4.54e-11 2.53e-12 1.07e-08 1.59e-07 4.53e-07 7.57e-09 4.40e-08 8.88e-09 4.47e-09 4.47e-09 4.47e-09 2.20e-08 1.29e-07 4.53e-07 7.57e-09 4.40e-08 8.88e-09 4.53e-09 4.53e-09 4.53e-09 2.20e-08 1.29e-07
37377 4.82900e+03 -8.56258e+00 3.26755e-07 3.27534e-08 1.59e-06 3.37e-09 3.42e-08 1.82e-09 4.05e-10 1.58e-10 2.05e-12 1.04e-08 3.28e-08 4.53e-07 7.54e-09 4.39e-08 8.86e-09 4.47e-09 4.47e-09 4.47e-09 2.19e-08 1.29e-07 4.53e-07 7.54e-09 4.39e-08 8.86e-09 4.53e-09 4.53e-09 4.53e-09 2.19e-08 1.29e-07
37417 4.83300e+03 -8.60867e+00 2.89661e-07 9.15028e-09 1.41e-06 3.27e-09 2.99e-08 1.53e-09 3.78e-10 4.96e-11 7.77e-13 8.86e-09 9.15e-09 4.53e-07 7.51e-09 4.39e-08 8.84e-09 4.47e-09 4.47e-09 4.47e-09 2.19e-08 1.29e-07 4.53e-07 7.51e-09 4.39e-08 8.84e-09 4.53e-09 4.53e-09 4.53e-09 2.19e-08 1.29e-07
37457 4.83700e+03 -8.58503e+00 3.25271e-07 1.48038e-09 1.59e-06 2.99e-09 3.39e-08 1.95e-09 4.62e-10 1.43e-10 1.64e-12 8.16e-09 1.48e-09 4.53e-07 7.49e-09 4.38e-08 8.81e-09 4.47e-09 4.47e-09 4.47e-09 2.19e-08 1.29e-07 4.53e-07 7.49e-09 4.38e-08 8.81e-09 4.53e-09 4.53e-09 4.53e-09 2.19e-08 1.29e-07
37497 4.84100e+03 -8.55330e+00 3.61063e-07 1.05147e-08 1.76e-06 2.57e-09 4.24e-08 1.58e-09 3.63e-10 6.93e-11 2.80e-12 9.72e-09 1.05e-08 4.52e-07 7.46e-09 4.38e-08 8.79e-09 4.47e-09 4.47e-09 4.47e-09 2.18e-08 1.29e-07 4.52e-07 7.46e-09 4.38e-08 8.79e-09 4.52e-09 4.52e-09 4.52e-09 2.18e-08 1.29e-07
37537 4.84500e+03 -8.57138e+00 3.92045e-07 4.51239e-09 1.93e-06 2.55e-09 2.59e-08 7.37e-10 1.82e-10 5.86e-11 1.01e-12 6.82e-09 4.51e-09 4.52e-07 7.43e-09 4.38e-08 8.76e-09 4.47e-09 4.47e-09 4.47e-09 2.17e-08 1.29e-07 4.52e-07 7.43e-09 4.38e-08 8.76e-09 4.52e-09 4.52e-09 4.52e-09 2.17e-08 1.29e-07
37577 4.84900e+03 -8.54735e+00 2.65750e-07 8.32624e-10 1.28e-06 2.72e-09 3.71e-08 7.62e-09 1.94e-09 5.25e-11 4.77e-13 1.67e-08 8.33e-10 4.53e-07 7.40e-09 4.37e-08 8.74e-09 4.47e-09 4.47e-09 4.47e-09 2.17e-08 1.29e-07 4.53e-07 7.40e-09 4.37e-08 8.74e-09 4.53e-09 4.53e-09 4.53e-09 2.17e-08 1.29e-07
37617 4.85300e+03 -8.37913e+00 3.71191e-07 7.81671e-09 1.79e-06 2.57e-09 4.71e-08 1.35e-08 3.34e-09 5.62e-11 1.22e-12 3.10e-08 7.82e-09 4.53e-07 7.37e-09 4.36e-08 8.72e-09 4.47e-09 4.47e-09 4.47e-09 2.17e-08 1.29e-07 4.53e-07 7.37e-09 4.36e-08 8.72e-09 4.53e-09 4.53e-09 4.53e-09 2.17e-08 1.29e-07
37657 4.85700e+03 -8.55605e+00 3.22387e-07 1.04501e-07 1.58e-06 2.26e-09 3.19e-08 1.54e-09 3.82e-10 7.82e-11 1.11e-12 8.02e-09 1.05e-07 4.55e-07 7.35e-09 4.38e-08 8.73e-09 4.47e-09 4.47e-09 4.47e-09 2.17e-08 1.29e-07 4.55e-07 7.35e-09 4.38e-08 8.73e-09 4.55e-09 4.55e-09 4.55e-09 2.17e-08 1.29e-07
37697 4.86100e+03 -8.55149e+00 3.20374e-07 1.14315e-09 1.55e-06 3.31e-09 4.08e-08 4.00e-09 9.84e-10 1.20e-10 2.77e-12 1.17e-08 1.14e-09 4.56e-07 7.32e-09 4.38e-08 8.71e-09 4.47e-09 4.47e-09 4.47e-09 2.17e-08 1.29e-07 4.56e-07 7.32e-09 4.38e-08 8.71e-09 4.56e-09 4.56e-09 4.56e-09 2.17e-08 1.29e-07
37737 4.86500e+03 -8.52005e+00 2.96330e-07 2.61831e-08 1.43e-06 3.41e-09 3.79e-08 6.64e-09 1.67e-09 5.95e-11 2.55e-12 1.71e-08 2.62e-08 4.56e-07 7.30e-09 4.38e-08 8.70e-09 4.47e-09 4.47e-09 4.47e-09 2.16e-08 1.29e-07 4.56e-07 7.30e-09 4.38e-08 8.70e-09 4.56e-09 4.56e-09 4.56e-09 2.16e-08 1.29e-07
37777 4.86900e+03 -8.48319e+00 3.78205e-07 9.09593e-09 1.84e-06 2.35e-09 4.07e-08 6.52e-09 1.65e-09 3.60e-11 5.25e-13 1.74e-08 9.10e-09 4.56e-07 7.27e-09 4.37e-08 8.68e-09 4.47e-09 4.47e-09 4.47e-09 2.16e-08 1.29e-07 4.56e-07 7.27e-09 4.37e-08 8.68e-09 4.56e-09 4.56e-09 4.56e-09 2.16e-08 1.29e-07
37817 4.87300e+03 -8.42515e+00 4.20339e-07 3.30015e-09 2.03e-06 2.51e-09 6.00e-08 7.00e-09 1.78e-09 3.94e-11 7.46e-13 2.02e-08 3.30e-09 4.56e-07 7.24e-09 4.38e-08 8.67e-09 4.47e-09 4.47e-09 4.47e-09 2.16e-08 1.28e-07 4.56e-07 7.24e-09 4.38e-08 8.67e-09 4.56e-09 4.56e-09 4.56e-09 2.16e-08 1.28e-07
37857 4.87700e+03 -8.53703e+00 2.99177e-07 4.68694e-09 1.44e-06 2.18e-09 4.97e-08 6.36e-09 1.40e-09 2.94e-11 2.99e-12 1.41e-08 4.69e-09 4.57e-07 7.22e-09 4.38e-08 8.68e-09 4.47e-09 4.47e-09 4.47e-09 2.16e-08 1.28e-07 4.57e-07 7.22e-09 4.38e-08 8.68e-09 4.57e-09 4.57e-09 4.57e-09 2.16e-08 1.28e-07
37897 4.88100e+03 -8.54662e+00 3.69396e-07 1.28979e-09 1.80e-06 2.71e-09 4.12e-08 2.71e-09 7.00e-10 6.08e-11 1.65e-12 8.75e-09 1.29e-09 4.56e-07 7.19e-09 4.38e-08 8.67e-09 4.47e-09 4.47e-09 4.47e-09 2.16e-08 1.28e-07 4.56e-07 7.19e-09 4.38e-08 8.67e-09 4.56e-09 4.56e-09 4.56e-09 2.16e-08 1.28e-07
37937 4.88500e+03 -8.59738e+00 2.76172e-07 2.26942e-08 1.34e-06 2.77e-09 3.53e-08 2.71e-09 6.60e-10 5.70e-11 1.40e-12 1.03e-08 2.27e-08 4.56e-07 7.16e-09 4.38e-08 8.65e-09 4.47e-09 4.47e-09 4.47e-09 2.15e-08 1.28e-07 4.56e-07 7.16e-09 4.38e-08 8.65e-09 4.56e-09 4.56e-09 4.56e-09 2.15e-08 1.28e-07
37977 4.88900e+03 -8.63251e+00 2.23289e-07 1.87282e-09 1.08e-06 2.07e-09 3.14e-08 4.54e-09 1.15e-09 2.11e-11 4.55e-12 1.00e-08 1.87e-09 4.54e-07 7.13e-09 4.36e-08 8.63e-09 4.47e-09 4.47e-09 4.47e-09 2.15e-08 1.28e-07 4.54e-07 7.13e-09 4.36e-08 8.63e-09 4.54e-09 4.54e-09 4.54e-09 2.15e-08 1.28e-07
38017 4.89300e+03 -8.65229e+00 2.23944e-07 1.91547e-08 1.08e-06 2.14e-09 3.14e-08 2.02e-09 4.79e-10 2.35e-11 1.66e-12 8.74e-09 1.92e-08 4.53e-07 7.10e-09 4.35e-08 8.61e-09 4.47e-09 4.47e-09 4.47e-09 2.14e-08 1.28e-07 4.53e-07 7.10e-09 4.35e-08 8.61e-09 4.53e-09 4.53e-09 4.53e-09 2.14e-08 1.28e-07
38057 4.89700e+03 -8.61492e+00 2.61950e-07 4.07974e-09 1.27e-06 2.50e-09 3.39e-08 2.78e-09 6.48e-10 8.78e-11 2.10e-12 1.17e-08 4.08e-09 4.52e-07 7.07e-09 4.35e-08 8.60e-09 4.47e-09 4.47e-09 4.47e-09 2.14e-08 1.28e-07 4.52e-07 7.07e-09 4.35e-08 8.60e-09 4.52e-09 4.52e-09 4.52e-09 2.14e-08 1.28e-07
38097 4.90100e+03 -8.44207e+00 4.65291e-07 2.12227e-10 2.26e-06 2.92e-09 5.63e-08 4.43e-09 1.03e-09 4.27e-11 1.27e-12 1.41e-08 2.12e-10 4.53e-07 7.04e-09 4.35e-08 8.58e-09 4.47e-09 4.47e-09 4.47e-09 2.14e-08 1.28e-07 4.53e-07 7.04e-09 4.35e-08 8.58e-09 4.53e-09 4.53e-09 4.53e-09 2.14e-08 1.28e-07
38137 4.90500e+03 -8.67274e+00 2.29733e-07 5.37997e-10 1.12e-06 2.05e-09 2.74e-08 1.47e-09 3.65e-10 2.15e-11 9.34e-13 6.93e-09 5.38e-10 4.52e-07 7.02e-09 4.35e-08 8.57e-09 4.47e-09 4.47e-09 4.47e-09 2.13e-08 1.28e-07 4.52e-07 7.02e-09 4.35e-08 8.57e-09 4.52e-09 4.52e-09 4.52e-09 2.13e-08 1.28e-07
38177 4.90900e+03 -8.41738e+00 3.98286e-07 1.89129e-07 1.93e-06 3.91e-09 5.00e-08 3.24e-09 8.19e-10 5.24e-11 4.15e-12 1.15e-08 1.89e-07 4.52e-07 6.99e-09 4.35e-08 8.59e-09 4.47e-09 4.47e-09 4.47e-09 2.14e-08 1.28e-07 4.52e-07 6.99e-09 4.35e-08 8.59e-09 4.52e-09 4.52e-09 4.52e-09 2.14e-08 1.28e-07
38217 4.91300e+03 -8.33924e+00 3.28791e-07 2.00689e-08 1.57e-06 2.20e-09 5.41e-08 1.58e-08 4.09e-09 1.07e-10 6.69e-12 4.34e-08 2.01e-08 4.52e-07 6.96e-09 4.35e-08 8.57e-09 4.47e-09 4.47e-09 4.47e-09 2.14e-08 1.28e-07 4.52e-07 6.96e-09 4.35e-08 8.57e-09 4.52e-09 4.52e-09 4.52e-09 2.14e-08 1.28e-07
38257 4.91700e+03 -8.58134e+00 3.18196e-07 2.56364e-08 1.55e-06 2.73e-09 3.64e-08 2.15e-09 5.57e-10 4.16e-11 1.97e-12 8.48e-09 2.56e-08 4.52e-07 6.94e-09 4.35e-08 8.57e-09 4.47e-09 4.47e-09 4.47e-09 2.14e-08 1.27e-07 4.52e-07 6.94e-09 4.35e-08 8.57e-09 4.52e-09 4.52e-09 4.52e-09 2.14e-08 1.27e-07
38297 4.92100e+03 -8.52559e+00 3.63092e-07 9.12599e-09 1.77e-06 2.27e-09 4.22e-08 4.66e-09 1.18e-09 3.41e-11 3.63e-12 1.20e-08 9.13e-09 4.52e-07 6.91e-09 4.34e-08 8.54e-09 4.47e-09 4.47e-09 4.47e-09 2.13e-08 1.27e-07 4.52e-07 6.91e-09 4.34e-08 8.54e-09 4.52e-09 4.52e-09 4.52e-09 2.13e-08 1.27e-07
38337 4.92500e+03 -8.56849e+00 3.40589e-07 5.40309e-09 1.65e-06 1.85e-09 4.63e-08 2.06e-09 5.12e-10 3.10e-11 3.02e-12 1.05e-08 5.40e-09 4.52e-07 6.88e-09 4.33e-08 8.53e-09 4.47e-09 4.47e-09 4.47e-09 2.13e-08 1.27e-07 4.52e-07 6.88e-09 4.33e-08 8.53e-09 4.52e-09 4.52e-09 4.52e-09 2.13e-08 1.27e-07
38377 4.92900e+03 -8.52442e+00 3.43646e-07 2.11842e-09 1.68e-06 3.14e-09 3.18e-08 6.13e-09 1.55e-09 7.17e-11 1.19e-12 1.48e-08 2.12e-09 4.51e-07 6.85e-09 4.33e-08 8.51e-09 4.47e-09 4.47e-09 4.47e-09 2.12e-08 1.27e-07 4.51e-07 6.85e-09 4.33e-08 8.51e-09 4.51e-09 4.51e-09 4.51e-09 2.12e-08 1.27e-07
38417 4.93300e+03 -8.52973e+00 3.07873e-07 9.78426e-09 1.49e-06 3.15e-09 3.54e-08 6.65e-09 1.67e-09 4.87e-11 1.84e-12 1.67e-08 9.78e-09 4.51e-07 6.82e-09 4.32e-08 8.49e-09 4.47e-09 4.47e-09 4.47e-09 2.12e-08 1.27e-07 4.51e-07 6.82e-09 4.32e-08 8.49e-09 4.51e-09 4.51e-09 4.51e-09 2.12e-08 1.27e-07
38457 4.93700e+03 -8.58692e+00 3.06657e-07 5.58690e-08 1.50e-06 2.43e-09 3.17e-08 2.13e-09 4.77e-10 2.75e-11 2.77e-12 8.13e-09 5.59e-08 4.52e-07 6.80e-09 4.32e-08 8.47e-09 4.47e-09 4.47e-09 4.47e-09 2.12e-08 1.27e-07 4.52e-07 6.80e-09 4.32e-08 8.47e-09 4.52e-09 4.52e-09 4.52e-09 2.12e-08 1.27e-07
38497 4.94100e+03 -8.61522e+00 3.10504e-07 1.12107e-08 1.52e-06 2.44e-09 3.11e-08 1.16e-09 2.81e-10 3.02e-11 3.00e-12 7.61e-09 1.12e-08 4.51e-07 6.78e-09 4.31e-08 8.45e-09 4.47e-09 4.47e-09 4.47e-09 2.11e-08 1.27e-07 4.51e-07 6.78e-09 4.31e-08 8.45e-09 4.51e-09 4.51e-09 4.51e-09 2.11e-08 1.27e-07
38537 4.94500e+03 -8.60104e+00 2.98112e-07 1.49392e-08 1.45e-06 2.27e-09 3.57e-08 2.67e-09 6.78e-10 3.43e-11 9.92e-13 8.40e-09 1.49e-08 4.51e-07 6.75e-09 4.30e-08 8.42e-09 4.47e-09 4.47e-09 4.47e-09 2.11e-08 1.27e-07 4.51e-07 6.75e-09 4.30e-08 8.42e-09 4.51e-09 4.51e-09 4.51e-09 2.11e-08 1.27e-07
38577 4.94900e+03 -8.57040e+00 3.18140e-07 3.56790e-09 1.55e-06 2.10e-09 3.08e-08 4.93e-09 1.24e-09 2.43e-11 6.10e-13 1.20e-08 3.57e-09 4.51e-07 6.72e-09 4.29e-08 8.41e-09 4.47e-09 4.47e-09 4.47e-09 2.10e-08 1.26e-07 4.51e-07 6.72e-09 4.29e-08 8.41e-09 4.51e-09 4.51e-09 4.51e-09 2.10e-08 1.26e-07
38617 4.95300e+03 -8.56971e+00 3.44282e-07 2.56271e-09 1.67e-06 3.05e-09 4.45e-08 1.17e-09 2.81e-10 4.83e-10 1.34e-12 8.95e-09 2.56e-09 4.51e-07 6.70e-09 4.28e-08 8.39e-09 4.47e-09 4.47e-09 4.47e-09 2.10e-08 1.26e-07 4.51e-07 6.70e-09 4.28e-08 8.39e-09 4.51e-09 4.51e-09 4.51e-09 2.10e-08 1.26e-07
38657 4.95700e+03 -8.61970e+00 2.75403e-07 2.02178e-08 1.34e-06 2.89e-09 3.37e-08 1.75e-09 4.32e-10 1.00e-10 7.28e-13 8.20e-09 2.02e-08 4.51e-07 6.67e-09 4.28e-08 8.37e-09 4.47e-09 4.47e-09 4.47e-09 2.09e-08 1.26e-07 4.51e-07 6.67e-09 4.28e-08 8.37e-09 4.51e-09 4.51e-09 4.51e-09 2.09e-08 1.26e-07
38697 4.96100e+03 -8.58992e+00 2.82502e-07 5.12943e-08 1.37e-06 2.66e-09 3.59e-08 2.78e-09 6.97e-10 6.06e-11 1.27e-12 8.99e-09 5.13e-08 4.50e-07 6.65e-09 4.27e-08 8.34e-09 4.47e-09 4.47e-09 4.47e-09 2.09e-08 1.26e-07 4.50e-07 6.65e-09 4.27e-08 8.34e-09 4.50e-09 4.50e-09 4.50e-09 2.09e-08 1.26e-07
38737 4.96500e+03 -8.55265e+00 3.46427e-07 2.11172e-08 1.69e-06 3.25e-09 3.35e-08 3.27e-09 8.26e-10 7.48e-11 1.70e-12 1.06e-08 2.11e-08 4.51e-07 6.63e-09 4.28e-08 8.32e-09 4.47e-09 4.47e-09 4.47e-09 2.08e-08 1.26e-07 4.51e-07 6.63e-09 4.28e-08 8.32e-09 4.51e-09 4.51e-09 4.51e-09 2.08e-08 1.26e-07
38777 4.96900e+03 -8.56132e+00 2.45544e-07 1.04429e-07 1.19e-06 2.24e-09 3.24e-08 5.36e-09 1.36e-09 7.56e-11 7.29e-13 1.29e-08 1.04e-07 4.52e-07 6.60e-09 4.28e-08 8.31e-09 4.47e-09 4.47e-09 4.47e-09 2.08e-08 1.26e-07 4.52e-07 6.60e-09 4.28e-08 8.31e-09 4.52e-09 4.52e-09 4.52e-09 2.08e-08 1.26e-07
38817 4.97300e+03 -8.60226e+00 3.06812e-07 1.74097e-08 1.49e-06 2.12e-09 3.46e-08 2.31e-09 5.75e-10 7.73e-11 1.63e-12 8.51e-09 1.74e-08 4.51e-07 6.58e-09 4.27e-08 8.30e-09 4.47e-09 4.47e-09 4.47e-09 2.08e-08 1.26e-07 4.51e-07 6.58e-09 4.27e-08 8.30e-09 4.51e-09 4.51e-09 4.51e-09 2.08e-08 1.26e-07
38857 4.97700e+03 -8.64322e+00 2.96509e-07 1.23209e-08 1.45e-06 2.26e-09 2.67e-08 3.26e-10 7.50e-11 6.09e-11 1.57e-12 6.88e-09 1.23e-08 4.51e-07 6.55e-09 4.26e-08 8.27e-09 4.47e-09 4.47e-09 4.47e-09 2.07e-08 1.25e-07 4.51e-07 6.55e-09 4.26e-08 8.27e-09 4.51e-09 4.51e-09 4.51e-09 2.07e-08 1.25e-07
38897 4.98100e+03 -8.59319e+00 3.69917e-07 5.86872e-09 1.82e-06 3.13e-09 2.78e-08 7.99e-11 1.70e-11 6.63e-11 5.74e-13 7.58e-09 5.87e-09 4.50e-07 6.52e-09 4.25e-08 8.24e-09 4.47e-09 4.47e-09 4.47e-09 2.07e-08 1.25e-07 4.50e-07 6.52e-09 4.25e-08 8.24e-09 4.50e-09 4.50e-09 4.50e-09 2.07e-08 1.25e-07
38937 4.98500e+03 -8.26827e+00 7.17541e-07 4.11943e-08 3.51e-06 4.91e-09 6.84e-08 1.44e-09 2.12e-10 9.85e-11 3.13e-12 1.53e-08 4.12e-08 4.51e-07 6.50e-09 4.25e-08 8.22e-09 4.47e-09 4.47e-09 4.47e-09 2.06e-08 1.25e-07 4.51e-07 6.50e-09 4.25e-08 8.22e-09 4.51e-09 4.51e-09 4.51e-09 2.06e-08 1.25e-07
38977 4.98900e+03 -8.58818e+00 3.07145e-07 5.99620e-09 1.50e-06 2.60e-09 3.30e-08 3.63e-09 9.16e-10 1.63e-10 2.64e-12 1.01e-08 6.00e-09 4.52e-07 6.48e-09 4.25e-08 8.21e-09 4.47e-09 4.47e-09 4.47e-09 2.06e-08 1.25e-07 4.52e-07 6.48e-09 4.25e-08 8.21e-09 4.52e-09 4.52e-09 4.52e-09 2.06e-08 1.25e-07
39017 4.99300e+03 -8.22352e+00 7.55030e-07 7.52497e-09 3.68e-06 2.90e-09 8.36e-08 3.76e-09 8.90e-10 1.15e-10 1.25e-12 2.01e-08 7.52e-09 4.53e-07 6.46e-09 4.25e-08 8.19e-09 4.47e-09 4.47e-09 4.47e-09 2.06e-08 1.25e-07 4.53e-07 6.46e-09 4.25e-08 8.19e-09 4.53e-09 4.53e-09 4.53e-09 2.06e-08 1.25e-07
39057 4.99700e+03 -8.58949e+00 2.54633e-07 1.45348e-08 1.23e-06 2.20e-09 3.57e-08 5.68e-09 1.44e-09 2.97e-11 2.58e-12 1.36e-08 1.45e-08 4.52e-07 6.43e-09 4.25e-08 8.17e-09 4.47e-09 4.47e-09 4.47e-09 2.05e-08 1.25e-07 4.52e-07 6.43e-09 4.25e-08 8.17e-09 4.52e-09 4.52e-09 4.52e-09 2.05e-08 1.25e-07
39097 5.00100e+03 -8.60491e+00 2.56425e-07 6.98520e-09 1.24e-06 2.35e-09 3.49e-08 5.15e-09 1.32e-09 3.90e-11 2.80e-12 1.05e-08 6.99e-09 4.52e-07 6.41e-09 4.25e-08 8.16e-09 4.47e-09 4.47e-09 4.47e-09 2.05e-08 1.25e-07 4.52e-07 6.41e-09 4.25e-08 8.16e-09 4.52e-09 4.52e-09 4.52e-09 2.05e-08 1.25e-07
39137 5.00500e+03 -8.49712e+00 3.10652e-07 1.76020e-09 1.49e-06 2.21e-09 4.87e-08 9.41e-09 2.42e-09 7.12e-11 1.18e-12 1.78e-08 1.76e-09 4.52e-07 6.38e-09 4.24e-08 8.14e-09 4.47e-09 4.47e-09 4.47e-09 2.05e-08 1.24e-07 4.52e-07 6.38e-09 4.24e-08 8.14e-09 4.52e-09 4.52e-09 4.52e-09 2.05e-08 1.24e-07
39177 5.00900e+03 -8.54730e+00 3.28701e-07 1.33448e-08 1.60e-06 5.79e-09 3.85e-08 2.74e-09 6.65e-10 1.69e-10 1.84e-12 1.04e-08 1.33e-08 4.52e-07 6.36e-09 4.24e-08 8.13e-09 4.47e-09 4.47e-09 4.47e-09 2.04e-08 1.24e-07 4.52e-07 6.36e-09 4.24e-08 8.13e-09 4.52e-09 4.52e-09 4.52e-09 2.04e-08 1.24e-07
39217 5.01300e+03 -8.61659e+00 2.67494e-07 3.43383e-08 1.30e-06 2.51e-09 3.64e-08 2.32e-09 5.76e-10 6.80e-11 6.76e-13 8.63e-09 3.43e-08 4.52e-07 6.33e-09 4.24e-08 8.11e-09 4.47e-09 4.47e-09 4.47e-09 2.04e-08 1.24e-07 4.52e-07 6.33e-09 4.24e-08 8.11e-09 4.52e-09 4.52e-09 4.52e-09 2.04e-08 1.24e-07
39257 5.01700e+03 -8.58733e+00 2.67155e-07 1.33312e-07 1.30e-06 1.94e-09 3.33e-08 2.01e-09 4.42e-10 3.49e-11 1.43e-12 8.02e-09 1.33e-07 4.51e-07 6.31e-09 4.23e-08 8.09e-09 4.47e-09 4.47e-09 4.47e-09 2.03e-08 1.24e-07 4.51e-07 6.31e-09 4.23e-08 8.09e-09 4.51e-09 4.51e-09 4.51e-09 2.03e-08 1.24e-07
39297 5.02100e+03 -8.56561e+00 3.71958e-07 1.14134e-08 1.81e-06 2.06e-09 4.25e-08 1.57e-09 3.88e-10 6.20e-11 1.53e-12 9.32e-09 1.14e-08 4.51e-07 6.28e-09 4.23e-08 8.07e-09 4.47e-09 4.47e-09 4.47e-09 2.03e-08 1.24e-07 4.51e-07 6.28e-09 4.23e-08 8.07e-09 4.51e-09 4.51e-09 4.51e-09 2.03e-08 1.24e-07
39337 5.02500e+03 -8.59901e+00 3.15278e-07 2.53818e-09 1.54e-06 3.74e-09 3.51e-08 1.91e-09 4.58e-10 7.37e-11 1.75e-12 8.02e-09 2.54e-09 4.52e-07 6.26e-09 4.24e-08 8.07e-09 4.47e-09 4.47e-09 4.47e-09 2.03e-08 1.23e-07 4.52e-07 6.26e-09 4.24e-08 8.07e-09 4.52e-09 4.52e-09 4.52e-09 2.03e-08 1.23e-07
39357 5.02600e+03 -8.37376e+00 6.16993e-07 2.02911e-09 3.02e-06 3.65e-09 5.54e-08 1.92e-09 4.00e-10 1.06e-10 8.58e-13 1.42e-08 2.03e-09 4.52e-07 6.25e-09 4.24e-08 8.08e-09 4.47e-09 4.47e-09 4.47e-09 2.03e-08 1.23e-07 4.52e-07 6.25e-09 4.24e-08 8.08e-09 4.52e-09 4.52e-09 4.52e-09 2.03e-08 1.23e-07
39397 5.03000e+03 -8.62605e+00 2.56205e-07 6.73040e-08 1.24e-06 2.08e-09 3.29e-08 1.84e-09 4.63e-10 6.40e-11 1.51e-12 7.30e-09 6.73e-08 4.52e-07 6.23e-09 4.24e-08 8.07e-09 4.47e-09 4.47e-09 4.47e-09 2.03e-08 1.23e-07 4.52e-07 6.23e-09 4.24e-08 8.07e-09 4.52e-09 4.52e-09 4.52e-09 2.03e-08 1.23e-07
39437 5.03400e+03 -8.54943e+00 3.24727e-07 1.48261e-08 1.57e-06 3.23e-09 5.09e-08 2.84e-09 7.04e-10 8.99e-11 7.73e-13 1.35e-08 1.48e-08 4.51e-07 6.21e-09 4.23e-08 8.06e-09 4.47e-09 4.47e-09 4.47e-09 2.03e-08 1.23e-07 4.51e-07 6.21e-09 4.23e-08 8.06e-09 4.51e-09 4.51e-09 4.51e-09 2.03e-08 1.23e-07
39477 5.03800e+03 -8.63378e+00 2.46873e-07 6.10546e-09 1.20e-06 2.60e-09 3.18e-08 3.80e-09 9.19e-10 4.99e-11 1.59e-12 8.93e-09 6.11e-09 4.51e-07 6.18e-09 4.23e-08 8.05e-09 4.47e-09 4.47e-09 4.47e-09 2.03e-08 1.23e-07 4.51e-07 6.18e-09 4.23e-08 8.05e-09 4.51e-09 4.51e-09 4.51e-09 2.03e-08 1.23e-07
39517 5.04200e+03 -8.64876e+00 2.44630e-07 1.06157e-08 1.19e-06 2.33e-09 3.04e-08 2.92e-09 7.33e-10 8.46e-11 2.21e-12 7.68e-09 1.06e-08 4.50e-07 6.16e-09 4.22e-08 8.04e-09 4.47e-09 4.47e-09 4.47e-09 2.02e-08 1.23e-07 4.50e-07 6.16e-09 4.22e-08 8.04e-09 4.50e-09 4.50e-09 4.50e-09 2.02e-08 1.23e-07
39557 5.04600e+03 -8.52660e+00 4.15047e-07 5.27154e-09 2.02e-06 3.52e-09 4.57e-08 1.72e-09 3.05e-10 5.05e-11 1.74e-12 9.36e-09 5.27e-09 4.50e-07 6.13e-09 4.22e-08 8.03e-09 4.47e-09 4.47e-09 4.47e-09 2.02e-08 1.23e-07 4.50e-07 6.13e-09 4.22e-08 8.03e-09 4.50e-09 4.50e-09 4.50e-09 2.02e-08 1.23e-07
39597 5.05000e+03 -8.59263e+00 3.39377e-07 4.84657e-09 1.66e-06 2.90e-09 3.27e-08 2.30e-09 5.62e-10 5.32e-11 3.04e-12 7.51e-09 4.85e-09 4.51e-07 6.11e-09 4.23e-08 8.03e-09 4.47e-09 4.47e-09 4.47e-09 2.02e-08 1.22e-07 4.51e-07 6.11e-09 4.23e-08 8.03e-09 4.51e-09 4.51e-09 4.51e-09 2.02e-08 1.22e-07
39637 5.05400e+03 -8.57709e+00 2.43489e-07 1.23529e-08 1.17e-06 2.13e-09 3.65e-08 7.68e-09 1.87e-09 9.33e-11 7.25e-13 1.51e-08 1.24e-08 4.51e-07 6.09e-09 4.23e-08 8.03e-09 4.47e-09 4.47e-09 4.47e-09 2.02e-08 1.22e-07 4.51e-07 6.09e-09 4.23e-08 8.03e-09 4.51e-09 4.51e-09 4.51e-09 2.02e-08 1.22e-07
39677 5.05800e+03 -8.58289e+00 2.28725e-07 7.96765e-10 1.09e-06 1.77e-09 3.84e-08 8.27e-09 2.11e-09 4.00e-11 1.04e-12 1.64e-08 7.97e-10 4.50e-07 6.06e-09 4.23e-08 8.03e-09 4.47e-09 4.47e-09 4.47e-09 2.02e-08 1.22e-07 4.50e-07 6.06e-09 4.23e-08 8.03e-09 4.50e-09 4.50e-09 4.50e-09 2.02e-08 1.22e-07
39717 5.06200e+03 -8.54965e+00 3.77802e-07 1.10344e-08 1.84e-06 2.06e-09 4.67e-08 2.36e-09 5.81e-10 5.14e-11 7.32e-13 1.02e-08 1.10e-08 4.49e-07 6.04e-09 4.22e-08 8.02e-09 4.47e-09 4.47e-09 4.47e-09 2.02e-08 1.22e-07 4.49e-07 6.04e-09 4.22e-08 8.02e-09 4.49e-09 4.49e-09 4.49e-09 2.02e-08 1.22e-07
39757 5.06600e+03 -8.62279e+00 2.34947e-07 1.36729e-09 1.14e-06 2.37e-09 2.80e-08 5.13e-09 1.30e-09 1.69e-10 2.07e-12 1.40e-08 1.37e-09 4.48e-07 6.01e-09 4.21e-08 8.01e-09 4.47e-09 4.47e-09 4.47e-09 2.02e-08 1.22e-07 4.48e-07 6.01e-09 4.21e-08 8.01e-09 4.48e-09 4.48e-09 4.48e-09 2.02e-08 1.22e-07
39797 5.07000e+03 -8.54988e+00 3.52226e-07 1.57343e-08 1.71e-06 3.62e-09 3.90e-08 3.10e-09 4.49e-10 1.63e-10 1.27e-12 1.17e-08 1.57e-08 4.48e-07 5.99e-09 4.21e-08 8.02e-09 4.47e-09 4.47e-09 4.47e-09 2.02e-08 1.22e-07 4.48e-07 5.99e-09 4.21e-08 8.02e-09 4.48e-09 4.48e-09 4.48e-09 2.02e-08 1.22e-07
39837 5.07400e+03 -8.58968e+00 3.03794e-07 1.57479e-08 1.47e-06 2.29e-09 4.60e-08 2.66e-09 6.63e-10 1.45e-10 1.22e-12 9.69e-09 1.57e-08 4.49e-07 5.98e-09 4.22e-08 8.02e-09 4.47e-09 4.47e-09 4.47e-09 2.02e-08 1.22e-07 4.49e-07 5.98e-09 4.22e-08 8.02e-09 4.49e-09 4.49e-09 4.49e-09 2.02e-08 1.22e-07
39877 5.07800e+03 -8.54353e+00 4.01923e-07 5.77165e-09 1.96e-06 3.12e-09 4.37e-08 1.23e-09 2.99e-10 9.60e-11 6.12e-13 9.78e-09 5.77e-09 4.49e-07 5.96e-09 4.22e-08 8.01e-09 4.47e-09 4.47e-09 4.47e-09 2.02e-08 1.22e-07 4.49e-07 5.96e-09 4.22e-08 8.01e-09 4.49e-09 4.49e-09 4.49e-09 2.02e-08 1.22e-07
39917 5.08200e+03 -8.58744e+00 3.52917e-07 4.92216e-09 1.73e-06 2.35e-09 3.09e-08 2.88e-09 7.09e-10 5.77e-11 2.21e-12 7.44e-09 4.92e-09 4.48e-07 5.93e-09 4.22e-08 8.00e-09 4.47e-09 4.47e-09 4.47e-09 2.02e-08 1.21e-07 4.48e-07 5.93e-09 4.22e-08 8.00e-09 4.48e-09 4.48e-09 4.48e-09 2.02e-08 1.21e-07
39957 5.08600e+03 -8.54228e+00 4.29641e-07 8.17622e-09 2.11e-06 2.27e-09 3.85e-08 1.04e-09 2.56e-10 4.42e-10 1.49e-12 7.96e-09 8.18e-09 4.48e-07 5.91e-09 4.21e-08 7.99e-09 4.47e-09 4.47e-09 4.47e-09 2.02e-08 1.21e-07 4.48e-07 5.91e-09 4.21e-08 7.99e-09 4.48e-09 4.48e-09 4.48e-09 2.02e-08 1.21e-07
39997 5.09000e+03 -8.48825e+00 3.75481e-07 1.14034e-08 1.82e-06 2.20e-09 4.77e-08 6.79e-09 1.71e-09 4.10e-11 1.19e-12 1.66e-08 1.14e-08 4.48e-07 5.89e-09 4.21e-08 7.99e-09 4.47e-09 4.47e-09 4.47e-09 2.01e-08 1.21e-07 4.48e-07 5.89e-09 4.21e-08 7.99e-09 4.48e-09 4.48e-09 4.48e-09 2.01e-08 1.21e-07
40037 5.09400e+03 -8.60869e+00 2.81323e-07 5.73059e-08 1.36e-06 2.13e-09 3.75e-08 1.89e-09 4.39e-10 1.88e-11 2.84e-12 9.11e-09 5.73e-08 4.49e-07 5.87e-09 4.21e-08 7.98e-09 4.47e-09 4.47e-09 4.47e-09 2.01e-08 1.21e-07 4.49e-07 5.87e-09 4.21e-08 7.98e-09 4.49e-09 4.49e-09 4.49e-09 2.01e-08 1.21e-07
40077 5.09800e+03 -8.62285e+00 2.78272e-07 3.98445e-09 1.35e-06 2.43e-09 3.22e-08 3.78e-09 9.43e-10 4.80e-11 1.27e-12 7.82e-09 3.98e-09 4.49e-07 5.84e-09 4.21e-08 7.97e-09 4.47e-09 4.47e-09 4.47e-09 2.01e-08 1.21e-07 4.49e-07 5.84e-09 4.21e-08 7.97e-09 4.49e-09 4.49e-09 4.49e-09 2.01e-08 1.21e-07
40117 5.10200e+03 -8.43730e+00 3.99424e-07 2.87570e-09 1.93e-06 2.42e-09 5.03e-08 9.28e-09 2.33e-09 5.23e-11 9.54e-13 2.05e-08 2.88e-09 4.49e-07 5.82e-09 4.21e-08 7.97e-09 4.47e-09 4.47e-09 4.47e-09 2.01e-08 1.21e-07 4.49e-07 5.82e-09 4.21e-08 7.97e-09 4.49e-09 4.49e-09 4.49e-09 2.01e-08 1.21e-07
40157 5.10600e+03 -8.45748e+00 3.72418e-07 2.70869e-07 1.82e-06 2.31e-09 3.90e-08 1.34e-09 3.26e-10 2.31e-11 5.79e-13 8.66e-09 2.71e-07 4.50e-07 5.80e-09 4.21e-08 7.96e-09 4.47e-09 4.47e-09 4.47e-09 2.01e-08 1.21e-07 4.50e-07 5.80e-09 4.21e-08 7.96e-09 4.50e-09 4.50e-09 4.50e-09 2.01e-08 1.21e-07
40197 5.11000e+03 -8.59752e+00 3.30975e-07 3.38016e-08 1.62e-06 2.07e-09 3.57e-08 1.36e-09 3.14e-10 3.00e-11 4.40e-13 9.01e-09 3.38e-08 4.50e-07 5.78e-09 4.21e-08 7.95e-09 4.47e-09 4.47e-09 4.47e-09 2.01e-08 1.20e-07 4.50e-07 5.78e-09 4.21e-08 7.95e-09 4.50e-09 4.50e-09 4.50e-09 2.01e-08 1.20e-07
40237 5.11400e+03 -8.61077e+00 3.25843e-07 1.41003e-08 1.59e-06 3.72e-09 3.20e-08 7.94e-10 1.91e-10 2.90e-11 1.02e-12 6.70e-09 1.41e-08 4.49e-07 5.76e-09 4.20e-08 7.94e-09 4.47e-09 4.47e-09 4.47e-09 2.01e-08 1.20e-07 4.49e-07 5.76e-09 4.20e-08 7.94e-09 4.49e-09 4.49e-09 4.49e-09 2.01e-08 1.20e-07
40277 5.11800e+03 -8.58100e+00 3.49745e-07 3.62999e-09 1.71e-06 2.70e-09 3.59e-08 2.67e-09 6.61e-10 1.32e-10 1.51e-12 8.56e-09 3.63e-09 4.50e-07 5.74e-09 4.20e-08 7.93e-09 4.47e-09 4.47e-09 4.47e-09 2.00e-08 1.20e-07 4.50e-07 5.74e-09 4.20e-08 7.93e-09 4.50e-09 4.50e-09 4.50e-09 2.00e-08 1.20e-07
40317 5.12200e+03 -8.55731e+00 4.31379e-07 3.80319e-09 2.12e-06 2.71e-09 3.30e-08 7.37e-10 1.58e-10 4.23e-11 8.88e-13 7.66e-09 3.80e-09 4.50e-07 5.71e-09 4.20e-08 7.91e-09 4.47e-09 4.47e-09 4.47e-09 2.00e-08 1.20e-07 4.50e-07 5.71e-09 4.20e-08 7.91e-09 4.50e-09 4.50e-09 4.50e-09 2.00e-08 1.20e-07
40357 5.12600e+03 -8.51549e+00 3.73838e-07 1.30223e-08 1.83e-06 6.17e-09 3.19e-08 3.58e-09 8.36e-10 1.66e-10 7.89e-13 1.19e-08 1.30e-08 4.50e-07 5.70e-09 4.19e-08 7.90e-09 4.47e-09 4.47e-09 4.47e-09 2.00e-08 1.20e-07 4.50e-07 5.70e-09 4.19e-08 7.90e-09 4.50e-09 4.50e-09 4.50e-09 2.00e-08 1.20e-07
40397 5.13000e+03 -8.63720e+00 2.96778e-07 1.49592e-08 1.45e-06 2.58e-09 2.87e-08 1.28e-09 3.22e-10 2.85e-11 9.37e-13 7.34e-09 1.50e-08 4.51e-07 5.69e-09 4.19e-08 7.89e-09 4.47e-09 4.47e-09 4.47e-09 2.00e-08 1.20e-07 4.51e-07 5.69e-09 4.19e-08 7.89e-09 4.51e-09 4.51e-09 4.51e-09 2.00e-08 1.20e-07
40437 5.13400e+03 -8.59554e+00 3.49992e-07 2.75155e-09 1.71e-06 2.88e-09 3.81e-08 1.31e-09 1.96e-10 7.61e-11 5.16e-13 7.83e-09 2.75e-09 4.51e-07 5.67e-09 4.18e-08 7.87e-09 4.47e-09 4.47e-09 4.47e-09 1.99e-08 1.20e-07 4.51e-07 5.67e-09 4.18e-08 7.87e-09 4.51e-09 4.51e-09 4.51e-09 1.99e-08 1.20e-07
40477 5.13800e+03 -8.52138e+00 3.29859e-07 4.56227e-10 1.60e-06 2.53e-09 4.12e-08 7.19e-09 1.80e-09 2.09e-10 1.77e-12 1.69e-08 4.56e-10 4.51e-07 5.65e-09 4.18e-08 7.86e-09 4.47e-09 4.47e-09 4.47e-09 1.99e-08 1.20e-07 4.51e-07 5.65e-09 4.18e-08 7.86e-09 4.51e-09 4.51e-09 4.51e-09 1.99e-08 1.20e-07
40517 5.14200e+03 -8.62320e+00 2.83496e-07 1.78227e-08 1.38e-06 1.97e-09 3.05e-08 3.42e-09 7.57e-10 4.49e-11 1.32e-12 9.02e-09 1.78e-08 4.52e-07 5.63e-09 4.19e-08 7.87e-09 4.47e-09 4.47e-09 4.47e-09 1.99e-08 1.20e-07 4.52e-07 5.63e-09 4.19e-08 7.87e-09 4.52e-09 4.52e-09 4.52e-09 1.99e-08 1.20e-07
40557 5.14600e+03 -8.61917e+00 2.70453e-07 2.40261e-08 1.31e-06 2.60e-09 3.43e-08 2.72e-09 6.81e-10 9.98e-11 5.60e-12 1.04e-08 2.40e-08 4.51e-07 5.61e-09 4.19e-08 7.86e-09 4.47e-09 4.47e-09 4.47e-09 1.99e-08 1.20e-07 4.51e-07 5.61e-09 4.19e-08 7.86e-09 4.51e-09 4.51e-09 4.51e-09 1.99e-08 1.20e-07
40597 5.15000e+03 -8.64466e+00 2.66696e-07 1.05364e-08 1.29e-06 1.71e-09 3.64e-08 2.07e-09 5.02e-10 3.47e-11 2.65e-12 9.38e-09 1.05e-08 4.51e-07 5.59e-09 4.18e-08 7.85e-09 4.47e-09 4.47e-09 4.47e-09 1.99e-08 1.20e-07 4.51e-07 5.59e-09 4.18e-08 7.85e-09 4.51e-09 4.51e-09 4.51e-09 1.99e-08 1.20e-07
40637 5.15400e+03 -8.52022e+00 3.98023e-07 2.31070e-08 1.94e-06 3.06e-09 3.90e-08 3.63e-09 8.87e-10 1.48e-10 1.29e-12 1.10e-08 2.31e-08 4.51e-07 5.56e-09 4.18e-08 7.85e-09 4.47e-09 4.47e-09 4.47e-09 1.99e-08 1.20e-07 4.51e-07 5.56e-09 4.18e-08 7.85e-09 4.51e-09 4.51e-09 4.51e-09 1.99e-08 1.20e-07
40677 5.15800e+03 -8.59383e+00 3.41423e-07 6.17095e-10 1.66e-06 2.34e-09 3.88e-08 2.18e-09 5.53e-10 1.02e-10 9.26e-13 8.87e-09 6.17e-10 4.51e-07 5.55e-09 4.18e-08 7.84e-09 4.47e-09 4.47e-09 4.47e-09 1.99e-08 1.20e-07 4.51e-07 5.55e-09 4.18e-08 7.84e-09 4.51e-09 4.51e-09 4.51e-09 1.99e-08 1.20e-07
40717 5.16200e+03 -8.64170e+00 3.07605e-07 1.41460e-09 1.50e-06 2.32e-09 3.17e-08 9.24e-10 2.28e-10 3.66e-11 9.14e-13 7.11e-09 1.41e-09 4.51e-07 5.52e-09 4.18e-08 7.83e-09 4.47e-09 4.47e-09 4.47e-09 1.99e-08 1.19e-07 4.51e-07 5.52e-09 4.18e-08 7.83e-09 4.51e-09 4.51e-09 4.51e-09 1.99e-08 1.19e-07
40757 5.16600e+03 -8.61292e+00 3.29657e-07 1.16955e-08 1.61e-06 3.10e-09 3.41e-08 7.88e-10 1.72e-10 3.89e-11 7.41e-13 7.75e-09 1.17e-08 4.51e-07 5.50e-09 4.18e-08 7.81e-09 4.47e-09 4.47e-09 4.47e-09 1.98e-08 1.19e-07 4.51e-07 5.50e-09 4.18e-08 7.81e-09 4.51e-09 4.51e-09 4.51e-09 1.98e-08 1.19e-07
40797 5.17000e+03 -8.27461e+00 3.29806e-07 1.10564e-08 1.57e-06 2.94e-09 5.18e-08 2.26e-08 5.66e-09 1.03e-10 7.99e-13 4.30e-08 1.11e-08 4.51e-07 5.48e-09 4.18e-08 7.81e-09 4.47e-09 4.47e-09 4.47e-09 1.98e-08 1.19e-07 4.51e-07 5.48e-09 4.18e-08 7.81e-09 4.51e-09 4.51e-09 4.51e-09 1.98e-08 1.19e-07
40837 5.17400e+03 -8.62196e+00 2.78471e-07 4.44737e-09 1.35e-06 2.33e-09 3.10e-08 3.40e-09 8.32e-10 3.97e-11 1.60e-12 1.18e-08 4.45e-09 4.51e-07 5.46e-09 4.18e-08 7.81e-09 4.47e-09 4.47e-09 4.47e-09 1.98e-08 1.19e-07 4.51e-07 5.46e-09 4.18e-08 7.81e-09 4.51e-09 4.51e-09 4.51e-09 1.98e-08 1.19e-07
40877 5.17800e+03 -8.58311e+00 3.65125e-07 1.04187e-08 1.78e-06 2.06e-09 3.76e-08 1.94e-09 4.92e-10 7.51e-11 1.31e-12 8.75e-09 1.04e-08 4.51e-07 5.44e-09 4.17e-08 7.80e-09 4.47e-09 4.47e-09 4.47e-09 1.98e-08 1.19e-07 4.51e-07 5.44e-09 4.17e-08 7.80e-09 4.51e-09 4.51e-09 4.51e-09 1.98e-08 1.19e-07
40917 5.18200e+03 -8.54957e+00 3.42331e-07 4.39271e-09 1.65e-06 2.12e-09 4.96e-08 4.38e-09 1.08e-09 1.16e-10 5.89e-13 1.27e-08 4.39e-09 4.51e-07 5.42e-09 4.17e-08 7.79e-09 4.47e-09 4.47e-09 4.47e-09 1.98e-08 1.19e-07 4.51e-07 5.42e-09 4.17e-08 7.79e-09 4.51e-09 4.51e-09 4.51e-09 1.98e-08 1.19e-07
40957 5.18600e+03 -8.39359e+00 3.40755e-07 2.48374e-09 1.63e-06 2.14e-09 5.38e-08 1.43e-08 3.59e-09 5.14e-11 1.34e-12 3.16e-08 2.48e-09 4.51e-07 5.40e-09 4.17e-08 7.78e-09 4.47e-09 4.47e-09 4.47e-09 1.98e-08 1.19e-07 4.51e-07 5.40e-09 4.17e-08 7.78e-09 4.51e-09 4.51e-09 4.51e-09 1.98e-08 1.19e-07
40997 5.19000e+03 -8.63298e+00 2.93755e-07 1.06950e-08 1.43e-06 1.91e-09 3.67e-08 1.95e-09 3.81e-10 2.86e-11 2.51e-12 8.47e-09 1.07e-08 4.51e-07 5.38e-09 4.17e-08 7.77e-09 4.47e-09 4.47e-09 4.47e-09 1.98e-08 1.18e-07 4.51e-07 5.38e-09 4.17e-08 7.77e-09 4.51e-09 4.51e-09 4.51e-09 1.98e-08 1.18e-07
41037 5.19400e+03 -8.52597e+00 3.90301e-07 6.52919e-08 1.90e-06 3.11e-09 4.58e-08 1.39e-09 3.26e-10 9.22e-11 2.61e-12 9.45e-09 6.53e-08 4.51e-07 5.36e-09 4.17e-08 7.76e-09 4.47e-09 4.47e-09 4.47e-09 1.97e-08 1.18e-07 4.51e-07 5.36e-09 4.17e-08 7.76e-09 4.51e-09 4.51e-09 4.51e-09 1.97e-08 1.18e-07
41077 5.19800e+03 -8.57914e+00 3.65119e-07 4.01127e-08 1.78e-06 2.06e-09 4.04e-08 1.10e-09 2.75e-10 2.58e-11 1.91e-12 7.80e-09 4.01e-08 4.51e-07 5.34e-09 4.17e-08 7.75e-09 4.47e-09 4.47e-09 4.47e-09 1.97e-08 1.18e-07 4.51e-07 5.34e-09 4.17e-08 7.75e-09 4.51e-09 4.51e-09 4.51e-09 1.97e-08 1.18e-07
41117 5.20200e+03 -8.48898e+00 4.04457e-07 5.96429e-09 1.96e-06 2.46e-09 5.55e-08 4.82e-09 1.22e-09 3.27e-11 2.10e-12 1.55e-08 5.96e-09 4.52e-07 5.32e-09 4.17e-08 7.74e-09 4.47e-09 4.47e-09 4.47e-09 1.97e-08 1.18e-07 4.52e-07 5.32e-09 4.17e-08 7.74e-09 4.52e-09 4.52e-09 4.52e-09 1.97e-08 1.18e-07
41157 5.20600e+03 -8.64995e+00 2.72717e-07 1.45974e-08 1.33e-06 2.11e-09 2.80e-08 2.63e-09 5.70e-10 1.39e-11 1.60e-12 7.27e-09 1.46e-08 4.52e-07 5.31e-09 4.17e-08 7.74e-09 4.47e-09 4.47e-09 4.47e-09 1.97e-08 1.18e-07 4.52e-07 5.31e-09 4.17e-08 7.74e-09 4.52e-09 4.52e-09 4.52e-09 1.97e-08 1.18e-07
41197 5.21000e+03 -8.46985e+00 3.32033e-07 4.68419e-09 1.59e-06 3.12e-09 5.18e-08 9.38e-09 2.37e-09 4.47e-11 1.32e-12 2.12e-08 4.68e-09 4.52e-07 5.29e-09 4.18e-08 7.73e-09 4.47e-09 4.47e-09 4.47e-09 1.97e-08 1.18e-07 4.52e-07 5.29e-09 4.18e-08 7.73e-09 4.52e-09 4.52e-09 4.52e-09 1.97e-08 1.18e-07
41237 5.21400e+03 -8.43948e+00 3.53677e-07 3.64133e-07 1.73e-06 2.32e-09 3.51e-08 8.67e-10 2.16e-10 5.37e-11 3.45e-12 7.82e-09 3.64e-07 4.53e-07 5.27e-09 4.17e-08 7.72e-09 4.47e-09 4.47e-09 4.47e-09 1.97e-08 1.18e-07 4.53e-07 5.27e-09 4.17e-08 7.72e-09 4.53e-09 4.53e-09 4.53e-09 1.97e-08 1.18e-07
41277 5.21800e+03 -8.61261e+00 3.45015e-07 9.40549e-10 1.68e-06 2.32e-09 3.96e-08 7.00e-10 1.72e-10 4.63e-11 1.34e-12 8.06e-09 9.41e-10 4.53e-07 5.25e-09 4.17e-08 7.71e-09 4.47e-09 4.47e-09 4.47e-09 1.96e-08 1.17e-07 4.53e-07 5.25e-09 4.17e-08 7.71e-09 4.53e-09 4.53e-09 4.53e-09 1.96e-08 1.17e-07
41317 5.22200e+03 -8.29220e+00 3.56402e-07 6.35415e-09 1.70e-06 2.28e-09 5.56e-08 2.03e-08 5.02e-09 2.61e-11 3.50e-12 4.15e-08 6.35e-09 4.53e-07 5.23e-09 4.17e-08 7.69e-09 4.47e-09 4.47e-09 4.47e-09 1.96e-08 1.17e-07 4.53e-07 5.23e-09 4.17e-08 7.69e-09 4.53e-09 4.53e-09 4.53e-09 1.96e-08 1.17e-07
41357 5.22600e+03 -8.14411e+00 5.07166e-07 2.78365e-08 2.45e-06 2.08e-09 6.04e-08 2.08e-08 5.35e-09 3.58e-11 6.38e-12 5.34e-08 2.78e-08 4.53e-07 5.21e-09 4.17e-08 7.69e-09 4.47e-09 4.47e-09 4.47e-09 1.96e-08 1.17e-07 4.53e-07 5.21e-09 4.17e-08 7.69e-09 4.53e-09 4.53e-09 4.53e-09 1.96e-08 1.17e-07
41397 5.23000e+03 -8.25951e+00 2.87962e-07 8.32037e-07 1.41e-06 2.22e-09 2.66e-08 1.86e-09 2.75e-10 2.16e-11 1.09e-12 8.47e-09 8.32e-07 4.53e-07 5.19e-09 4.17e-08 7.69e-09 4.47e-09 4.47e-09 4.47e-09 1.96e-08 1.17e-07 4.53e-07 5.19e-09 4.17e-08 7.69e-09 4.53e-09 4.53e-09 4.53e-09 1.96e-08 1.17e-07
41437 5.23400e+03 -8.56277e+00 3.85960e-07 1.05965e-08 1.88e-06 3.02e-09 4.42e-08 9.60e-10 2.10e-10 8.01e-11 4.92e-12 9.88e-09 1.06e-08 4.53e-07 5.17e-09 4.16e-08 7.68e-09 4.47e-09 4.47e-09 4.47e-09 1.96e-08 1.17e-07 4.53e-07 5.17e-09 4.16e-08 7.68e-09 4.53e-09 4.53e-09 4.53e-09 1.96e-08 1.17e-07
41477 5.23800e+03 -8.65562e+00 2.61424e-07 7.71758e-10 1.27e-06 2.65e-09 3.06e-08 2.37e-09 5.85e-10 8.74e-11 2.99e-12 7.84e-09 7.72e-10 4.52e-07 5.15e-09 4.16e-08 7.68e-09 4.47e-09 4.47e-09 4.47e-09 1.96e-08 1.17e-07 4.52e-07 5.15e-09 4.16e-08 7.68e-09 4.52e-09 4.52e-09 4.52e-09 1.96e-08 1.17e-07
41517 5.24200e+03 -8.62354e+00 2.90928e-07 5.61104e-09 1.41e-06 1.73e-09 4.34e-08 2.47e-09 6.23e-10 3.91e-11 1.64e-12 9.80e-09 5.61e-09 4.51e-07 5.13e-09 4.16e-08 7.69e-09 4.47e-09 4.47e-09 4.47e-09 1.96e-08 1.17e-07 4.51e-07 5.13e-09 4.16e-08 7.69e-09 4.51e-09 4.51e-09 4.51e-09 1.96e-08 1.17e-07
41557 5.24600e+03 -8.37626e+00 4.13300e-07 9.14805e-10 1.98e-06 2.43e-09 7.13e-08 1.14e-08 2.92e-09 5.38e-11 1.95e-12 2.43e-08 9.15e-10 4.50e-07 5.11e-09 4.15e-08 7.68e-09 4.47e-09 4.47e-09 4.47e-09 1.96e-08 1.16e-07 4.50e-07 5.11e-09 4.15e-08 7.68e-09 4.50e-09 4.50e-09 4.50e-09 1.96e-08 1.16e-07
41597 5.25000e+03 -8.53131e+00 4.22752e-07 3.40182e-08 2.07e-06 2.50e-09 3.92e-08 2.04e-09 4.21e-10 1.78e-10 9.58e-13 9.31e-09 3.40e-08 4.50e-07 5.09e-09 4.15e-08 7.67e-09 4.47e-09 4.47e-09 4.47e-09 1.96e-08 1.16e-07 4.50e-07 5.09e-09 4.15e-08 7.67e-09 4.50e-09 4.50e-09 4.50e-09 1.96e-08 1.16e-07
41637 5.25400e+03 -8.29837e+00 3.30340e-07 2.45012e-08 1.58e-06 2.74e-09 4.42e-08 2.03e-08 5.28e-09 1.17e-10 1.33e-12 4.35e-08 2.45e-08 4.50e-07 5.07e-09 4.15e-08 7.67e-09 4.47e-09 4.47e-09 4.47e-09 1.96e-08 1.16e-07 4.50e-07 5.07e-09 4.15e-08 7.67e-09 4.50e-09 4.50e-09 4.50e-09 1.96e-08 1.16e-07
41677 5.25800e+03 -8.55107e+00 3.81192e-07 4.94327e-09 1.86e-06 3.08e-09 4.27e-08 2.60e-09 6.03e-10 1.05e-10 1.02e-12 1.08e-08 4.94e-09 4.52e-07 5.06e-09 4.15e-08 7.68e-09 4.47e-09 4.47e-09 4.47e-09 1.96e-08 1.16e-07 4.52e-07 5.06e-09 4.15e-08 7.68e-09 4.52e-09 4.52e-09 4.52e-09 1.96e-08 1.16e-07
41717 5.26200e+03 -8.61513e+00 2.73549e-07 1.87303e-08 1.33e-06 2.56e-09 3.32e-08 4.02e-09 8.60e-10 3.71e-11 1.09e-12 1.10e-08 1.87e-08 4.52e-07 5.04e-09 4.15e-08 7.68e-09 4.47e-09 4.47e-09 4.47e-09 1.96e-08 1.16e-07 4.52e-07 5.04e-09 4.15e-08 7.68e-09 4.52e-09 4.52e-09 4.52e-09 1.96e-08 1.16e-07
41757 5.26600e+03 -8.60242e+00 2.49381e-07 1.19395e-09 1.20e-06 1.90e-09 3.20e-08 6.60e-09 1.65e-09 1.70e-11 3.19e-12 1.71e-08 1.19e-09 4.52e-07 5.02e-09 4.15e-08 7.67e-09 4.47e-09 4.47e-09 4.47e-09 1.96e-08 1.16e-07 4.52e-07 5.02e-09 4.15e-08 7.67e-09 4.52e-09 4.52e-09 4.52e-09 1.96e-08 1.16e-07
41797 5.27000e+03 -8.68556e+00 2.40047e-07 1.14005e-08 1.17e-06 1.74e-09 2.35e-08 2.53e-09 6.33e-10 5.42e-11 1.50e-12 6.98e-09 1.14e-08 4.50e-07 4.99e-09 4.13e-08 7.66e-09 4.47e-09 4.47e-09 4.47e-09 1.96e-08 1.15e-07 4.50e-07 4.99e-09 4.13e-08 7.66e-09 4.50e-09 4.50e-09 4.50e-09 1.96e-08 1.15e-07
41837 5.27400e+03 -8.40868e+00 3.73101e-07 3.42753e-07 1.82e-06 2.48e-09 3.77e-08 2.56e-09 6.34e-10 1.97e-10 1.89e-12 9.65e-09 3.43e-07 4.50e-07 4.97e-09 4.13e-08 7.66e-09 4.47e-09 4.47e-09 4.47e-09 1.96e-08 1.15e-07 4.50e-07 4.97e-09 4.13e-08 7.66e-09 4.50e-09 4.50e-09 4.50e-09 1.96e-08 1.15e-07
41877 5.27800e+03 -8.40286e+00 4.91550e-07 2.13271e-09 2.39e-06 2.19e-09 5.82e-08 7.54e-09 1.87e-09 6.95e-11 4.26e-12 1.89e-08 2.13e-09 4.50e-07 4.95e-09 4.13e-08 7.66e-09 4.47e-09 4.47e-09 4.47e-09 1.96e-08 1.15e-07 4.50e-07 4.95e-09 4.13e-08 7.66e-09 4.50e-09 4.50e-09 4.50e-09 1.96e-08 1.15e-07
41917 5.28200e+03 -8.50814e+00 3.51785e-07 1.97306e-07 1.72e-06 2.58e-09 3.21e-08 2.08e-09 4.93e-10 2.03e-11 6.80e-13 8.65e-09 1.97e-07 4.50e-07 4.94e-09 4.13e-08 7.66e-09 4.47e-09 4.47e-09 4.47e-09 1.96e-08 1.15e-07 4.50e-07 4.94e-09 4.13e-08 7.66e-09 4.50e-09 4.50e-09 4.50e-09 1.96e-08 1.15e-07
41957 5.28600e+03 -8.49895e+00 4.23120e-07 5.53391e-09 2.06e-06 2.13e-09 5.21e-08 4.17e-09 1.01e-09 6.30e-11 9.63e-13 1.46e-08 5.53e-09 4.50e-07 4.92e-09 4.12e-08 7.64e-09 4.47e-09 4.47e-09 4.47e-09 1.95e-08 1.15e-07 4.50e-07 4.92e-09 4.12e-08 7.64e-09 4.50e-09 4.50e-09 4.50e-09 1.95e-08 1.15e-07
41997 5.29000e+03 -8.54682e+00 3.65775e-07 3.36245e-09 1.78e-06 2.17e-09 4.25e-08 4.30e-09 1.08e-09 1.83e-11 9.59e-13 1.42e-08 3.36e-09 4.50e-07 4.90e-09 4.12e-08 7.63e-09 4.47e-09 4.47e-09 4.47e-09 1.95e-08 1.14e-07 4.50e-07 4.90e-09 4.12e-08 7.63e-09 4.50e-09 4.50e-09 4.50e-09 1.95e-08 1.14e-07
42037 5.29400e+03 -8.65155e+00 3.06361e-07 3.69793e-08 1.51e-06 2.58e-09 2.34e-08 3.63e-11 0.00e+00 1.72e-11 7.25e-13 6.64e-09 3.70e-08 4.50e-07 4.88e-09 4.12e-08 7.63e-09 4.47e-09 4.47e-09 4.47e-09 1.95e-08 1.14e-07 4.50e-07 4.88e-09 4.12e-08 7.63e-09 4.50e-09 4.50e-09 4.50e-09 1.95e-08 1.14e-07
42077 5.29800e+03 -8.67098e+00 2.98821e-07 1.11377e-08 1.47e-06 2.02e-09 2.69e-08 1.73e-11 0.00e+00 2.76e-11 4.88e-13 6.67e-09 1.11e-08 4.50e-07 4.87e-09 4.12e-08 7.61e-09 4.47e-09 4.47e-09 4.47e-09 1.95e-08 1.14e-07 4.50e-07 4.87e-09 4.12e-08 7.61e-09 4.50e-09 4.50e-09 4.50e-09 1.95e-08 1.14e-07
42117 5.30200e+03 -8.37677e+00 3.76646e-07 3.65624e-07 1.84e-06 2.65e-09 3.95e-08 4.46e-09 6.27e-10 7.69e-11 1.09e-12 1.05e-08 3.66e-07 4.50e-07 4.85e-09 4.12e-08 7.61e-09 4.47e-09 4.47e-09 4.47e-09 1.95e-08 1.14e-07 4.50e-07 4.85e-09 4.12e-08 7.61e-09 4.50e-09 4.50e-09 4.50e-09 1.95e-08 1.14e-07
42157 5.30600e+03 -8.54606e+00 2.59950e-07 3.11248e-07 1.27e-06 2.24e-09 2.43e-08 5.01e-10 9.64e-11 4.18e-11 6.11e-13 6.27e-09 3.11e-07 4.50e-07 4.83e-09 4.11e-08 7.60e-09 4.47e-09 4.47e-09 4.47e-09 1.94e-08 1.14e-07 4.50e-07 4.83e-09 4.11e-08 7.60e-09 4.50e-09 4.50e-09 4.50e-09 1.94e-08 1.14e-07
42197 5.31000e+03 -8.62015e+00 3.14662e-07 1.62544e-08 1.53e-06 2.37e-09 3.86e-08 1.66e-09 4.09e-10 4.93e-11 2.10e-12 8.07e-09 1.63e-08 4.49e-07 4.81e-09 4.11e-08 7.59e-09 4.47e-09 4.47e-09 4.47e-09 1.94e-08 1.14e-07 4.49e-07 4.81e-09 4.11e-08 7.59e-09 4.49e-09 4.49e-09 4.49e-09 1.94e-08 1.14e-07
42237 5.31400e+03 -8.69070e+00 2.67334e-07 2.86721e-10 1.31e-06 2.30e-09 2.30e-08 7.68e-10 1.73e-10 4.74e-11 6.29e-13 6.76e-09 2.87e-10 4.50e-07 4.80e-09 4.11e-08 7.57e-09 4.47e-09 4.47e-09 4.47e-09 1.94e-08 1.13e-07 4.50e-07 4.80e-09 4.11e-08 7.57e-09 4.50e-09 4.50e-09 4.50e-09 1.94e-08 1.13e-07
42277 5.31800e+03 -8.67737e+00 2.54443e-07 3.12882e-08 1.24e-06 1.92e-09 2.78e-08 1.28e-09 2.45e-10 1.36e-11 6.60e-13 7.05e-09 3.13e-08 4.49e-07 4.78e-09 4.10e-08 7.56e-09 4.47e-09 4.47e-09 4.47e-09 1.94e-08 1.13e-07 4.49e-07 4.78e-09 4.10e-08 7.56e-09 4.49e-09 4.49e-09 4.49e-09 1.94e-08 1.13e-07
42317 5.32200e+03 -8.65135e+00 2.33379e-07 7.49194e-08 1.13e-06 1.81e-09 2.90e-08 2.65e-09 5.80e-10 3.60e-11 1.35e-12 8.28e-09 7.49e-08 4.48e-07 4.76e-09 4.09e-08 7.55e-09 4.47e-09 4.47e-09 4.47e-09 1.94e-08 1.13e-07 4.48e-07 4.76e-09 4.09e-08 7.55e-09 4.48e-09 4.48e-09 4.48e-09 1.94e-08 1.13e-07
42357 5.32600e+03 -8.71252e+00 2.30413e-07 3.39688e-10 1.12e-06 1.81e-09 2.54e-08 1.44e-09 3.64e-10 6.48e-11 1.42e-12 6.00e-09 3.40e-10 4.47e-07 4.74e-09 4.08e-08 7.54e-09 4.47e-09 4.47e-09 4.47e-09 1.93e-08 1.13e-07 4.47e-07 4.74e-09 4.08e-08 7.54e-09 4.47e-09 4.47e-09 4.47e-09 1.93e-08 1.13e-07
42397 5.33000e+03 -8.64039e+00 2.34248e-07 8.48549e-08 1.14e-06 1.89e-09 2.64e-08 3.42e-09 8.54e-10 6.83e-11 1.47e-12 8.11e-09 8.49e-08 4.45e-07 4.72e-09 4.07e-08 7.53e-09 4.45e-09 4.46e-09 4.45e-09 1.93e-08 1.13e-07 4.45e-07 4.72e-09 4.07e-08 7.53e-09 4.45e-09 4.46e-09 4.45e-09 1.93e-08 1.13e-07
42437 5.33400e+03 -8.72176e+00 2.30295e-07 9.83599e-10 1.13e-06 1.83e-09 2.23e-08 1.26e-09 3.20e-10 6.19e-11 1.12e-12 5.16e-09 9.84e-10 4.44e-07 4.70e-09 4.06e-08 7.52e-09 4.44e-09 4.44e-09 4.44e-09 1.93e-08 1.12e-07 4.44e-07 4.70e-09 4.06e-08 7.52e-09 4.44e-09 4.44e-09 4.44e-09 1.93e-08 1.12e-07
42477 5.33800e+03 -8.36703e+00 2.43259e-07 1.32268e-09 1.15e-06 2.03e-09 3.88e-08 1.97e-08 5.03e-09 5.35e-11 8.81e-13 5.06e-08 1.32e-09 4.43e-07 4.68e-09 4.04e-08 7.50e-09 4.43e-09 4.43e-09 4.43e-09 1.92e-08 1.12e-07 4.43e-07 4.68e-09 4.04e-08 7.50e-09 4.43e-09 4.43e-09 4.43e-09 1.92e-08 1.12e-07
42517 5.34200e+03 -8.35669e+00 5.49508e-07 1.01204e-08 2.68e-06 2.62e-09 5.05e-08 7.85e-09 2.01e-09 4.44e-11 1.03e-12 2.17e-08 1.01e-08 4.42e-07 4.66e-09 4.04e-08 7.49e-09 4.42e-09 4.42e-09 4.42e-09 1.92e-08 1.12e-07 4.42e-07 4.66e-09 4.04e-08 7.49e-09 4.42e-09 4.42e-09 4.42e-09 1.92e-08 1.12e-07
42557 5.34600e+03 -8.51236e+00 4.36713e-07 7.55253e-09 2.14e-06 2.38e-09 3.84e-08 3.99e-09 8.48e-10 1.31e-10 2.39e-12 1.35e-08 7.55e-09 4.44e-07 4.64e-09 4.04e-08 7.49e-09 4.42e-09 4.42e-09 4.42e-09 1.92e-08 1.12e-07 4.44e-07 4.64e-09 4.04e-08 7.49e-09 4.44e-09 4.44e-09 4.44e-09 1.92e-08 1.12e-07
42597 5.35000e+03 -8.66887e+00 2.44478e-07 1.87182e-08 1.19e-06 2.01e-09 3.15e-08 2.47e-09 6.17e-10 3.14e-11 6.63e-13 8.78e-09 1.87e-08 4.45e-07 4.63e-09 4.05e-08 7.49e-09 4.42e-09 4.42e-09 4.42e-09 1.92e-08 1.11e-07 4.45e-07 4.63e-09 4.05e-08 7.49e-09 4.45e-09 4.45e-09 4.45e-09 1.92e-08 1.11e-07
42637 5.35400e+03 -8.37794e+00 2.36590e-07 1.24309e-09 1.11e-06 1.92e-09 4.46e-08 2.09e-08 5.40e-09 6.21e-11 1.69e-12 4.18e-08 1.24e-09 4.44e-07 4.61e-09 4.04e-08 7.48e-09 4.42e-09 4.42e-09 4.42e-09 1.92e-08 1.11e-07 4.44e-07 4.61e-09 4.04e-08 7.48e-09 4.44e-09 4.44e-09 4.44e-09 1.92e-08 1.11e-07
42677 5.35800e+03 -8.63536e+00 2.91108e-07 2.89821e-08 1.42e-06 2.35e-09 2.96e-08 2.36e-09 5.84e-10 4.14e-11 7.17e-12 8.52e-09 2.90e-08 4.44e-07 4.59e-09 4.04e-08 7.47e-09 4.42e-09 4.42e-09 4.42e-09 1.92e-08 1.11e-07 4.44e-07 4.59e-09 4.04e-08 7.47e-09 4.44e-09 4.44e-09 4.44e-09 1.92e-08 1.11e-07
42717 5.36200e+03 -8.59910e+00 3.09583e-07 7.36088e-10 1.50e-06 1.99e-09 4.26e-08 4.37e-09 1.11e-09 7.60e-11 9.47e-13 1.05e-08 7.36e-10 4.43e-07 4.58e-09 4.03e-08 7.46e-09 4.42e-09 4.42e-09 4.42e-09 1.91e-08 1.11e-07 4.43e-07 4.58e-09 4.03e-08 7.46e-09 4.43e-09 4.43e-09 4.43e-09 1.91e-08 1.11e-07
42757 5.36600e+03 -8.68224e+00 2.38717e-07 1.83712e-09 1.16e-06 2.04e-09 2.74e-08 3.00e-09 6.99e-10 8.90e-11 3.42e-13 8.61e-09 1.84e-09 4.42e-07 4.56e-09 4.03e-08 7.45e-09 4.42e-09 4.42e-09 4.42e-09 1.91e-08 1.11e-07 4.42e-07 4.56e-09 4.03e-08 7.45e-09 4.42e-09 4.42e-09 4.42e-09 1.91e-08 1.11e-07
42797 5.37000e+03 -8.64471e+00 2.61146e-07 1.05428e-08 1.26e-06 1.90e-09 3.43e-08 4.00e-09 1.00e-09 3.26e-11 2.24e-12 9.35e-09 1.05e-08 4.41e-07 4.54e-09 4.02e-08 7.44e-09 4.41e-09 4.41e-09 4.41e-09 1.91e-08 1.10e-07 4.41e-07 4.54e-09 4.02e-08 7.44e-09 4.41e-09 4.41e-09 4.41e-09 1.91e-08 1.10e-07
42837 5.37400e+03 -8.71871e+00 2.31739e-07 4.03324e-09 1.13e-06 1.87e-09 2.38e-08 1.30e-09 3.25e-10 8.09e-11 1.12e-12 5.78e-09 4.03e-09 4.40e-07 4.52e-09 4.01e-08 7.43e-09 4.40e-09 4.40e-09 4.40e-09 1.91e-08 1.10e-07 4.40e-07 4.52e-09 4.01e-08 7.43e-09 4.40e-09 4.40e-09 4.40e-09 1.91e-08 1.10e-07
42877 5.37800e+03 -8.69422e+00 2.41364e-07 1.05776e-08 1.18e-06 2.50e-09 2.61e-08 1.68e-09 4.13e-10 4.08e-11 1.77e-12 6.34e-09 1.06e-08 4.39e-07 4.50e-09 4.00e-08 7.41e-09 4.39e-09 4.39e-09 4.39e-09 1.90e-08 1.10e-07 4.39e-07 4.50e-09 4.00e-08 7.41e-09 4.39e-09 4.39e-09 4.39e-09 1.90e-08 1.10e-07
42917 5.38200e+03 -8.66562e+00 2.80733e-07 4.34719e-09 1.36e-06 1.90e-09 3.68e-08 1.28e-09 3.20e-10 8.63e-11 1.76e-12 7.93e-09 4.35e-09 4.38e-07 4.48e-09 3.99e-08 7.40e-09 4.38e-09 4.38e-09 4.38e-09 1.90e-08 1.10e-07 4.38e-07 4.48e-09 3.99e-08 7.40e-09 4.38e-09 4.38e-09 4.38e-09 1.90e-08 1.10e-07
42957 5.38600e+03 -8.58379e+00 3.24476e-07 2.78415e-09 1.57e-06 2.14e-09 4.91e-08 3.66e-09 9.19e-10 2.37e-11 1.44e-12 1.22e-08 2.78e-09 4.37e-07 4.46e-09 3.99e-08 7.38e-09 4.37e-09 4.37e-09 4.37e-09 1.90e-08 1.10e-07 4.37e-07 4.46e-09 3.99e-08 7.38e-09 4.37e-09 4.37e-09 4.37e-09 1.90e-08 1.10e-07
42997 5.39000e+03 -8.54535e+00 4.39903e-07 1.41446e-08 2.16e-06 2.73e-09 3.51e-08 1.91e-09 4.71e-10 7.15e-11 2.37e-12 8.13e-09 1.41e-08 4.38e-07 4.45e-09 3.99e-08 7.37e-09 4.37e-09 4.37e-09 4.37e-09 1.89e-08 1.10e-07 4.38e-07 4.45e-09 3.99e-08 7.37e-09 4.38e-09 4.38e-09 4.38e-09 1.89e-08 1.10e-07
43037 5.39400e+03 -8.57700e+00 3.39581e-07 1.37153e-08 1.66e-06 2.66e-09 3.38e-08 4.06e-09 1.01e-09 5.42e-11 1.41e-12 1.25e-08 1.37e-08 4.38e-07 4.44e-09 3.98e-08 7.35e-09 4.37e-09 4.37e-09 4.37e-09 1.89e-08 1.09e-07 4.38e-07 4.44e-09 3.98e-08 7.35e-09 4.38e-09 4.38e-09 4.38e-09 1.89e-08 1.09e-07
43077 5.39800e+03 -8.59380e+00 2.64065e-07 3.25989e-10 1.28e-06 2.21e-09 3.05e-08 7.20e-09 1.79e-09 7.19e-11 6.99e-13 1.74e-08 3.26e-10 4.38e-07 4.42e-09 3.97e-08 7.34e-09 4.37e-09 4.37e-09 4.37e-09 1.89e-08 1.09e-07 4.38e-07 4.42e-09 3.97e-08 7.34e-09 4.38e-09 4.38e-09 4.38e-09 1.89e-08 1.09e-07
43117 5.40200e+03 -8.55244e+00 3.01157e-07 6.45241e-09 1.45e-06 2.44e-09 4.76e-08 6.95e-09 1.74e-09 3.07e-11 4.41e-13 1.50e-08 6.45e-09 4.38e-07 4.40e-09 3.98e-08 7.36e-09 4.37e-09 4.37e-09 4.37e-09 1.89e-08 1.09e-07 4.38e-07 4.40e-09 3.98e-08 7.36e-09 4.38e-09 4.38e-09 4.38e-09 1.89e-08 1.09e-07
43157 5.40600e+03 -8.66885e+00 2.35626e-07 2.53605e-10 1.14e-06 1.84e-09 3.06e-08 3.98e-09 1.01e-09 1.88e-11 1.54e-12 1.13e-08 2.54e-10 4.37e-07 4.39e-09 3.98e-08 7.36e-09 4.37e-09 4.37e-09 4.37e-09 1.89e-08 1.09e-07 4.37e-07 4.39e-09 3.98e-08 7.36e-09 4.37e-09 4.37e-09 4.37e-09 1.89e-08 1.09e-07
43197 5.41000e+03 -8.68568e+00 2.25079e-07 2.63796e-09 1.09e-06 1.75e-09 3.00e-08 3.76e-09 9.25e-10 2.74e-11 1.31e-12 9.14e-09 2.64e-09 4.37e-07 4.37e-09 3.97e-08 7.35e-09 4.36e-09 4.36e-09 4.36e-09 1.89e-08 1.09e-07 4.37e-07 4.37e-09 3.97e-08 7.35e-09 4.37e-09 4.37e-09 4.37e-09 1.89e-08 1.09e-07
43237 5.41400e+03 -8.69986e+00 2.51997e-07 5.90697e-09 1.23e-06 1.84e-09 2.85e-08 1.36e-09 3.40e-10 6.45e-11 7.13e-13 6.70e-09 5.91e-09 4.36e-07 4.36e-09 3.96e-08 7.34e-09 4.35e-09 4.36e-09 4.36e-09 1.89e-08 1.09e-07 4.36e-07 4.36e-09 3.96e-08 7.34e-09 4.36e-09 4.36e-09 4.36e-09 1.89e-08 1.09e-07
43277 5.41800e+03 -8.69392e+00 2.32626e-07 1.45919e-08 1.13e-06 2.13e-09 2.51e-08 2.58e-09 6.34e-10 8.19e-11 1.32e-12 7.42e-09 1.46e-08 4.35e-07 4.35e-09 3.96e-08 7.33e-09 4.35e-09 4.35e-09 4.35e-09 1.89e-08 1.08e-07 4.35e-07 4.35e-09 3.96e-08 7.33e-09 4.35e-09 4.35e-09 4.35e-09 1.89e-08 1.08e-07
43317 5.42200e+03 -8.63736e+00 2.34791e-07 1.75803e-08 1.13e-06 2.11e-09 3.06e-08 5.23e-09 1.31e-09 1.01e-10 2.12e-12 1.38e-08 1.76e-08 4.34e-07 4.34e-09 3.95e-08 7.31e-09 4.34e-09 4.34e-09 4.34e-09 1.88e-08 1.08e-07 4.34e-07 4.34e-09 3.95e-08 7.31e-09 4.34e-09 4.34e-09 4.34e-09 1.88e-08 1.08e-07
43357 5.42600e+03 -8.69893e+00 2.38052e-07 4.54203e-08 1.16e-06 1.94e-09 2.45e-08 1.27e-09 3.07e-10 4.24e-11 2.06e-12 5.49e-09 4.54e-08 4.33e-07 4.33e-09 3.94e-08 7.31e-09 4.33e-09 4.33e-09 4.33e-09 1.88e-08 1.08e-07 4.33e-07 4.33e-09 3.94e-08 7.31e-09 4.33e-09 4.33e-09 4.33e-09 1.88e-08 1.08e-07
43397 5.43000e+03 -8.50619e+00 4.25133e-07 3.73768e-08 2.08e-06 3.10e-09 4.15e-08 3.48e-09 7.57e-10 1.45e-10 2.93e-12 1.10e-08 3.74e-08 4.34e-07 4.32e-09 3.95e-08 7.36e-09 4.32e-09 4.32e-09 4.32e-09 1.89e-08 1.08e-07 4.34e-07 4.34e-09 3.95e-08 7.36e-09 4.34e-09 4.34e-09 4.34e-09 1.89e-08 1.08e-07
43437 5.43400e+03 -8.61084e+00 3.46916e-07 5.26690e-10 1.70e-06 2.27e-09 3.25e-08 2.60e-09 6.56e-10 1.66e-10 2.57e-12 8.96e-09 5.27e-10 4.34e-07 4.32e-09 3.96e-08 7.35e-09 4.32e-09 4.32e-09 4.32e-09 1.89e-08 1.08e-07 4.34e-07 4.34e-09 3.96e-08 7.35e-09 4.34e-09 4.34e-09 4.34e-09 1.89e-08 1.08e-07
43477 5.43800e+03 -8.58796e+00 3.94120e-07 1.26114e-08 1.93e-06 3.07e-09 3.21e-08 1.03e-09 0.00e+00 1.10e-10 1.37e-13 8.14e-09 1.26e-08 4.34e-07 4.32e-09 3.96e-08 7.35e-09 4.32e-09 4.32e-09 4.32e-09 1.89e-08 1.08e-07 4.34e-07 4.34e-09 3.96e-08 7.35e-09 4.34e-09 4.34e-09 4.34e-09 1.89e-08 1.08e-07
43517 5.44200e+03 -8.50343e+00 3.87948e-07 2.09344e-08 1.89e-06 3.14e-09 4.04e-08 5.76e-09 1.41e-09 2.08e-10 1.96e-12 1.44e-08 2.09e-08 4.35e-07 4.32e-09 3.96e-08 7.35e-09 4.32e-09 4.32e-09 4.32e-09 1.89e-08 1.08e-07 4.35e-07 4.35e-09 3.96e-08 7.35e-09 4.35e-09 4.35e-09 4.35e-09 1.89e-08 1.08e-07
43557 5.44600e+03 -7.94982e+00 2.86547e-07 1.37779e-06 1.40e-06 4.43e-09 2.23e-08 1.18e-09 1.88e-10 1.29e-10 1.03e-12 6.13e-09 1.38e-06 4.35e-07 4.32e-09 3.96e-08 7.35e-09 4.32e-09 4.32e-09 4.32e-09 1.89e-08 1.08e-07 4.35e-07 4.35e-09 3.96e-08 7.35e-09 4.35e-09 4.35e-09 4.35e-09 1.89e-08 1.08e-07
43597 5.45000e+03 -8.62361e+00 3.63124e-07 2.23628e-08 1.79e-06 2.46e-09 2.40e-08 9.59e-10 2.27e-10 1.20e-10 9.19e-13 6.35e-09 2.24e-08 4.35e-07 4.32e-09 3.96e-08 7.33e-09 4.32e-09 4.32e-09 4.32e-09 1.89e-08 1.08e-07 4.35e-07 4.35e-09 3.96e-08 7.33e-09 4.35e-09 4.35e-09 4.35e-09 1.89e-08 1.08e-07
43637 5.45400e+03 -8.64279e+00 3.28694e-07 3.07314e-09 1.61e-06 2.34e-09 3.42e-08 1.01e-09 2.28e-10 1.84e-11 6.23e-13 7.04e-09 3.07e-09 4.37e-07 4.32e-09 3.97e-08 7.32e-09 4.32e-09 4.32e-09 4.32e-09 1.89e-08 1.08e-07 4.37e-07 4.37e-09 3.97e-08 7.32e-09 4.37e-09 4.37e-09 4.37e-09 1.89e-08 1.08e-07
43677 5.45800e+03 -8.43935e+00 2.43620e-07 5.49210e-07 1.19e-06 2.35e-09 2.14e-08 5.87e-10 1.06e-10 1.21e-10 3.80e-13 5.60e-09 5.49e-07 4.37e-07 4.32e-09 3.97e-08 7.31e-09 4.32e-09 4.32e-09 4.32e-09 1.89e-08 1.08e-07 4.37e-07 4.37e-09 3.97e-08 7.31e-09 4.37e-09 4.37e-09 4.37e-09 1.89e-08 1.08e-07
43717 5.46200e+03 -8.71338e+00 2.47775e-07 2.18756e-10 1.21e-06 1.90e-09 2.51e-08 1.03e-09 2.51e-10 3.00e-11 9.32e-13 6.96e-09 2.19e-10 4.36e-07 4.32e-09 3.96e-08 7.29e-09 4.32e-09 4.32e-09 4.32e-09 1.88e-08 1.08e-07 4.36e-07 4.36e-09 3.96e-08 7.29e-09 4.36e-09 4.36e-09 4.36e-09 1.88e-08 1.08e-07
43757 5.46600e+03 -8.68430e+00 2.49469e-07 3.52341e-10 1.21e-06 1.90e-09 2.99e-08 2.85e-09 6.94e-10 1.95e-11 9.48e-13 8.00e-09 3.52e-10 4.34e-07 4.32e-09 3.96e-08 7.29e-09 4.32e-09 4.32e-09 4.32e-09 1.88e-08 1.07e-07 4.34e-07 4.34e-09 3.96e-08 7.29e-09 4.34e-09 4.34e-09 4.34e-09 1.88e-08 1.07e-07
43797 5.47000e+03 -8.67946e+00 2.69297e-07 4.66008e-09 1.31e-06 2.00e-09 3.16e-08 1.73e-09 4.18e-10 4.14e-11 9.68e-13 7.49e-09 4.66e-09 4.33e-07 4.32e-09 3.95e-08 7.28e-09 4.32e-09 4.32e-09 4.32e-09 1.88e-08 1.07e-07 4.33e-07 4.33e-09 3.95e-08 7.28e-09 4.33e-09 4.33e-09 4.33e-09 1.88e-08 1.07e-07
43837 5.47400e+03 -8.73406e+00 2.19465e-07 4.38477e-09 1.07e-06 1.84e-09 2.27e-08 1.16e-09 2.84e-10 3.26e-11 1.62e-12 6.62e-09 4.38e-09 4.32e-07 4.32e-09 3.94e-08 7.27e-09 4.32e-09 4.32e-09 4.32e-09 1.88e-08 1.07e-07 4.32e-07 4.32e-09 3.94e-08 7.27e-09 4.32e-09 4.32e-09 4.32e-09 1.88e-08 1.07e-07
43877 5.47800e+03 -8.70702e+00 2.32439e-07 8.07943e-09 1.13e-06 2.00e-09 2.81e-08 1.74e-09 4.42e-10 5.49e-11 1.31e-12 7.20e-09 8.08e-09 4.31e-07 4.31e-09 3.93e-08 7.26e-09 4.31e-09 4.31e-09 4.31e-09 1.88e-08 1.07e-07 4.31e-07 4.31e-09 3.93e-08 7.26e-09 4.31e-09 4.31e-09 4.31e-09 1.88e-08 1.07e-07
43917 5.48200e+03 -8.70336e+00 2.52477e-07 5.31493e-09 1.23e-06 2.06e-09 3.00e-08 1.11e-09 2.03e-10 4.18e-11 2.11e-12 6.29e-09 5.31e-09 4.30e-07 4.30e-09 3.92e-08 7.25e-09 4.30e-09 4.30e-09 4.30e-09 1.87e-08 1.07e-07 4.30e-07 4.30e-09 3.92e-08 7.25e-09 4.30e-09 4.30e-09 4.30e-09 1.87e-08 1.07e-07
43957 5.48600e+03 -8.52127e+00 2.79645e-07 3.56436e-10 1.34e-06 2.96e-09 3.87e-08 9.86e-09 2.54e-09 1.33e-10 8.56e-13 2.22e-08 3.56e-10 4.30e-07 4.29e-09 3.92e-08 7.24e-09 4.30e-09 4.29e-09 4.29e-09 1.87e-08 1.07e-07 4.30e-07 4.30e-09 3.92e-08 7.24e-09 4.30e-09 4.30e-09 4.30e-09 1.87e-08 1.07e-07
43997 5.49000e+03 3.78812e-02 2.48123e-07 1.67544e-05 1.20e-06 2.31e-09 3.24e-08 3.65e-09 7.60e-10 3.40e-11 1.09e-12 9.88e-09 1.68e-05 4.29e-07 4.29e-09 3.92e-08 7.24e-09 4.29e-09 4.29e-09 4.29e-09 1.87e-08 1.07e-07 4.29e-07 4.29e-09 3.92e-08 7.24e-09 4.29e-09 4.29e-09 4.29e-09 1.87e-08 1.07e-07
44037 5.49400e+03 -8.64355e+00 2.45236e-07 1.38114e-08 1.18e-06 2.27e-09 4.28e-08 3.91e-09 9.63e-10 1.87e-11 1.42e-12 9.82e-09 1.38e-08 4.29e-07 4.29e-09 3.92e-08 7.24e-09 4.29e-09 4.29e-09 4.29e-09 1.87e-08 1.07e-07 4.29e-07 4.29e-09 3.92e-08 7.24e-09 4.29e-09 4.29e-09 4.29e-09 1.87e-08 1.07e-07
44077 5.49800e+03 -8.73371e+00 2.30412e-07 1.58944e-09 1.12e-06 1.95e-09 2.44e-08 8.87e-10 2.17e-10 2.58e-11 1.19e-12 5.15e-09 1.59e-09 4.28e-07 4.28e-09 3.92e-08 7.23e-09 4.28e-09 4.28e-09 4.28e-09 1.87e-08 1.07e-07 4.28e-07 4.28e-09 3.92e-08 7.23e-09 4.28e-09 4.28e-09 4.28e-09 1.87e-08 1.07e-07
44117 5.50200e+03 -8.56158e+00 3.99265e-07 5.32522e-09 1.95e-06 2.61e-09 3.95e-08 2.43e-09 6.14e-10 5.42e-11 2.56e-12 1.05e-08 5.33e-09 4.28e-07 4.28e-09 3.91e-08 7.22e-09 4.27e-09 4.28e-09 4.28e-09 1.87e-08 1.07e-07 4.28e-07 4.28e-09 3.91e-08 7.22e-09 4.28e-09 4.28e-09 4.28e-09 1.87e-08 1.07e-07
44157 5.50600e+03 -8.64737e+00 2.60442e-07 6.78179e-08 1.27e-06 2.09e-09 3.06e-08 2.27e-09 5.61e-10 2.33e-11 2.09e-12 7.89e-09 6.78e-08 4.28e-07 4.28e-09 3.91e-08 7.21e-09 4.27e-09 4.28e-09 4.28e-09 1.87e-08 1.07e-07 4.28e-07 4.28e-09 3.91e-08 7.21e-09 4.28e-09 4.28e-09 4.28e-09 1.87e-08 1.07e-07
44177 5.50700e+03 -8.53873e+00 2.76473e-07 2.10866e-07 1.34e-06 1.91e-09 3.38e-08 3.11e-09 7.60e-10 1.86e-11 1.51e-12 1.24e-08 2.11e-07 4.28e-07 4.28e-09 3.91e-08 7.21e-09 4.27e-09 4.28e-09 4.28e-09 1.87e-08 1.07e-07 4.28e-07 4.28e-09 3.91e-08 7.21e-09 4.28e-09 4.28e-09 4.28e-09 1.87e-08 1.07e-07
44217 5.51100e+03 -8.64403e+00 3.14488e-07 1.68287e-09 1.53e-06 2.23e-09 3.48e-08 1.12e-09 2.76e-10 1.30e-10 1.01e-12 1.01e-08 1.68e-09 4.27e-07 4.27e-09 3.91e-08 7.21e-09 4.27e-09 4.27e-09 4.27e-09 1.87e-08 1.07e-07 4.27e-07 4.27e-09 3.91e-08 7.21e-09 4.27e-09 4.27e-09 4.27e-09 1.87e-08 1.07e-07
44257 5.51500e+03 -8.40937e+00 3.85118e-07 1.24134e-09 1.85e-06 2.24e-09 6.20e-08 1.17e-08 2.97e-09 4.33e-11 3.89e-13 2.36e-08 1.24e-09 4.29e-07 4.27e-09 3.91e-08 7.20e-09 4.27e-09 4.27e-09 4.27e-09 1.87e-08 1.07e-07 4.29e-07 4.29e-09 3.91e-08 7.20e-09 4.29e-09 4.29e-09 4.29e-09 1.87e-08 1.07e-07
44297 5.51900e+03 -8.62669e+00 2.56598e-07 1.05572e-08 1.23e-06 2.50e-09 4.48e-08 3.98e-09 9.45e-10 5.58e-11 2.26e-12 1.17e-08 1.06e-08 4.29e-07 4.27e-09 3.92e-08 7.20e-09 4.27e-09 4.27e-09 4.27e-09 1.87e-08 1.07e-07 4.29e-07 4.29e-09 3.92e-08 7.20e-09 4.29e-09 4.29e-09 4.29e-09 1.87e-08 1.07e-07
44337 5.52300e+03 -8.62349e+00 3.04678e-07 8.84163e-10 1.47e-06 2.28e-09 4.56e-08 2.14e-09 5.33e-10 2.35e-11 1.95e-12 1.12e-08 8.84e-10 4.28e-07 4.27e-09 3.92e-08 7.18e-09 4.27e-09 4.27e-09 4.27e-09 1.86e-08 1.07e-07 4.28e-07 4.28e-09 3.92e-08 7.18e-09 4.28e-09 4.28e-09 4.28e-09 1.86e-08 1.07e-07
44377 5.52700e+03 -8.63055e+00 2.85497e-07 5.42232e-08 1.39e-06 2.46e-09 3.18e-08 2.24e-09 5.28e-10 1.50e-10 1.10e-12 8.22e-09 5.42e-08 4.27e-07 4.27e-09 3.91e-08 7.17e-09 4.27e-09 4.27e-09 4.27e-09 1.86e-08 1.07e-07 4.27e-07 4.27e-09 3.91e-08 7.17e-09 4.27e-09 4.27e-09 4.27e-09 1.86e-08 1.07e-07
44417 5.53100e+03 -8.28919e+00 2.46585e-07 1.54764e-09 1.16e-06 1.90e-09 4.36e-08 2.43e-08 6.08e-09 2.60e-11 2.68e-12 5.78e-08 1.55e-09 4.26e-07 4.26e-09 3.91e-08 7.16e-09 4.26e-09 4.26e-09 4.26e-09 1.86e-08 1.07e-07 4.26e-07 4.26e-09 3.91e-08 7.16e-09 4.26e-09 4.26e-09 4.26e-09 1.86e-08 1.07e-07
44457 5.53500e+03 -8.69184e+00 2.32391e-07 2.98782e-08 1.13e-06 2.24e-09 3.18e-08 1.76e-09 4.11e-10 5.75e-11 2.50e-12 6.50e-09 2.99e-08 4.26e-07 4.26e-09 3.91e-08 7.19e-09 4.28e-09 4.26e-09 4.26e-09 1.87e-08 1.07e-07 4.26e-07 4.26e-09 3.91e-08 7.19e-09 4.28e-09 4.26e-09 4.26e-09 1.87e-08 1.07e-07
44497 5.53900e+03 -8.66080e+00 2.87833e-07 5.70393e-09 1.40e-06 2.03e-09 3.70e-08 1.49e-09 3.79e-10 9.33e-11 1.02e-12 8.48e-09 5.70e-09 4.26e-07 4.26e-09 3.91e-08 7.17e-09 4.25e-09 4.26e-09 4.26e-09 1.86e-08 1.07e-07 4.26e-07 4.26e-09 3.91e-08 7.17e-09 4.26e-09 4.26e-09 4.26e-09 1.86e-08 1.07e-07
44537 5.54300e+03 -8.66779e+00 2.92151e-07 7.39439e-09 1.43e-06 2.04e-09 2.74e-08 2.01e-09 4.89e-10 4.72e-11 7.65e-13 7.46e-09 7.39e-09 4.25e-07 4.25e-09 3.91e-08 7.16e-09 4.25e-09 4.25e-09 4.25e-09 1.86e-08 1.07e-07 4.25e-07 4.25e-09 3.91e-08 7.16e-09 4.25e-09 4.25e-09 4.25e-09 1.86e-08 1.07e-07
44577 5.54700e+03 -8.64158e+00 2.36496e-07 4.47193e-10 1.14e-06 2.31e-09 3.03e-08 5.91e-09 1.47e-09 2.04e-11 1.76e-12 1.32e-08 4.47e-10 4.25e-07 4.25e-09 3.91e-08 7.15e-09 4.25e-09 4.25e-09 4.25e-09 1.86e-08 1.07e-07 4.25e-07 4.25e-09 3.91e-08 7.15e-09 4.25e-09 4.25e-09 4.25e-09 1.86e-08 1.07e-07
44617 5.55100e+03 -8.66610e+00 2.49533e-07 1.07957e-10 1.21e-06 2.93e-09 3.16e-08 2.91e-09 7.17e-10 3.88e-11 1.49e-12 9.82e-09 1.08e-10 4.24e-07 4.24e-09 3.90e-08 7.14e-09 4.24e-09 4.24e-09 4.24e-09 1.86e-08 1.07e-07 4.24e-07 4.24e-09 3.90e-08 7.14e-09 4.24e-09 4.24e-09 4.24e-09 1.86e-08 1.07e-07
44657 5.55500e+03 -8.56368e+00 4.21069e-07 3.21047e-10 2.06e-06 2.52e-09 3.82e-08 1.56e-09 3.93e-10 1.31e-10 1.30e-12 9.88e-09 3.21e-10 4.24e-07 4.23e-09 3.90e-08 7.13e-09 4.23e-09 4.23e-09 4.23e-09 1.85e-08 1.07e-07 4.24e-07 4.24e-09 3.90e-08 7.13e-09 4.24e-09 4.24e-09 4.24e-09 1.85e-08 1.07e-07
44697 5.55900e+03 -8.61622e+00 3.73188e-07 1.10100e-08 1.83e-06 2.40e-09 2.94e-08 8.27e-10 1.98e-10 1.83e-10 1.97e-12 7.81e-09 1.10e-08 4.23e-07 4.23e-09 3.90e-08 7.12e-09 4.23e-09 4.23e-09 4.23e-09 1.85e-08 1.06e-07 4.23e-07 4.23e-09 3.90e-08 7.12e-09 4.23e-09 4.23e-09 4.23e-09 1.85e-08 1.06e-07
44737 5.56300e+03 -8.65318e+00 3.29613e-07 2.14588e-08 1.62e-06 2.33e-09 2.66e-08 1.21e-10 0.00e+00 5.15e-11 1.88e-14 8.06e-09 2.15e-08 4.23e-07 4.23e-09 3.89e-08 7.11e-09 4.23e-09 4.23e-09 4.23e-09 1.85e-08 1.06e-07 4.23e-07 4.23e-09 3.89e-08 7.11e-09 4.23e-09 4.23e-09 4.23e-09 1.85e-08 1.06e-07
44777 5.56700e+03 -8.64837e+00 3.25076e-07 5.46298e-09 1.58e-06 2.04e-09 3.84e-08 4.71e-10 9.71e-11 5.72e-11 2.01e-12 8.32e-09 5.46e-09 4.23e-07 4.23e-09 3.89e-08 7.09e-09 4.23e-09 4.23e-09 4.23e-09 1.85e-08 1.06e-07 4.23e-07 4.23e-09 3.89e-08 7.09e-09 4.23e-09 4.23e-09 4.23e-09 1.85e-08 1.06e-07
44817 5.57100e+03 -8.66770e+00 2.76049e-07 1.38062e-08 1.35e-06 2.52e-09 2.98e-08 1.44e-09 3.44e-10 3.40e-11 1.45e-12 9.48e-09 1.38e-08 4.22e-07 4.22e-09 3.88e-08 7.07e-09 4.22e-09 4.22e-09 4.22e-09 1.84e-08 1.06e-07 4.22e-07 4.22e-09 3.88e-08 7.07e-09 4.22e-09 4.22e-09 4.22e-09 1.84e-08 1.06e-07
44857 5.57500e+03 -8.61527e+00 2.43141e-07 1.90825e-07 1.19e-06 1.98e-09 2.71e-08 1.30e-09 3.07e-10 4.36e-11 1.29e-12 7.32e-09 1.91e-07 4.22e-07 4.22e-09 3.88e-08 7.06e-09 4.22e-09 4.22e-09 4.22e-09 1.84e-08 1.06e-07 4.22e-07 4.22e-09 3.88e-08 7.06e-09 4.22e-09 4.22e-09 4.22e-09 1.84e-08 1.06e-07
44897 5.57900e+03 -8.61223e+00 2.97176e-07 5.52833e-09 1.44e-06 2.20e-09 4.10e-08 4.28e-09 1.05e-09 8.49e-11 1.27e-12 1.08e-08 5.53e-09 4.21e-07 4.21e-09 3.88e-08 7.06e-09 4.21e-09 4.21e-09 4.21e-09 1.84e-08 1.06e-07 4.21e-07 4.21e-09 3.88e-08 7.06e-09 4.21e-09 4.21e-09 4.21e-09 1.84e-08 1.06e-07
44937 5.58300e+03 -8.63532e+00 3.41031e-07 6.11894e-10 1.66e-06 2.06e-09 3.74e-08 9.51e-10 2.31e-10 4.95e-11 1.14e-12 8.76e-09 6.12e-10 4.21e-07 4.21e-09 3.88e-08 7.07e-09 4.21e-09 4.21e-09 4.21e-09 1.84e-08 1.06e-07 4.21e-07 4.21e-09 3.88e-08 7.07e-09 4.21e-09 4.21e-09 4.21e-09 1.84e-08 1.06e-07
44977 5.58700e+03 -8.73778e+00 2.17919e-07 9.21409e-10 1.06e-06 2.06e-09 2.36e-08 1.45e-09 3.59e-10 3.94e-11 2.12e-12 5.94e-09 9.21e-10 4.20e-07 4.20e-09 3.87e-08 7.06e-09 4.20e-09 4.20e-09 4.20e-09 1.84e-08 1.06e-07 4.20e-07 4.20e-09 3.87e-08 7.06e-09 4.20e-09 4.20e-09 4.20e-09 1.84e-08 1.06e-07
45017 5.59100e+03 -8.61068e+00 2.52373e-07 4.76695e-10 1.22e-06 1.84e-09 3.44e-08 7.24e-09 1.81e-09 2.78e-11 1.74e-12 1.59e-08 4.77e-10 4.19e-07 4.19e-09 3.86e-08 7.05e-09 4.19e-09 4.19e-09 4.19e-09 1.84e-08 1.06e-07 4.19e-07 4.19e-09 3.86e-08 7.05e-09 4.19e-09 4.19e-09 4.19e-09 1.84e-08 1.06e-07
45057 5.59500e+03 -8.70754e+00 2.23524e-07 1.28086e-08 1.09e-06 2.50e-09 2.55e-08 2.26e-09 4.87e-10 6.63e-11 1.58e-12 7.47e-09 1.28e-08 4.18e-07 4.18e-09 3.86e-08 7.04e-09 4.18e-09 4.18e-09 4.18e-09 1.84e-08 1.06e-07 4.18e-07 4.18e-09 3.86e-08 7.04e-09 4.18e-09 4.18e-09 4.18e-09 1.84e-08 1.06e-07
45097 5.59900e+03 -8.63837e+00 3.04752e-07 8.07731e-09 1.48e-06 2.00e-09 3.89e-08 2.27e-09 5.44e-10 7.89e-11 1.41e-12 9.42e-09 8.08e-09 4.18e-07 4.18e-09 3.85e-08 7.03e-09 4.18e-09 4.18e-09 4.18e-09 1.84e-08 1.06e-07 4.18e-07 4.18e-09 3.85e-08 7.03e-09 4.18e-09 4.18e-09 4.18e-09 1.84e-08 1.06e-07
45137 5.60300e+03 -8.62171e+00 2.84932e-07 1.68952e-08 1.38e-06 2.39e-09 3.72e-08 4.05e-09 1.02e-09 2.63e-11 8.34e-13 1.05e-08 1.69e-08 4.17e-07 4.17e-09 3.85e-08 7.02e-09 4.17e-09 4.17e-09 4.17e-09 1.83e-08 1.05e-07 4.17e-07 4.17e-09 3.85e-08 7.02e-09 4.17e-09 4.17e-09 4.17e-09 1.83e-08 1.05e-07
45177 5.60700e+03 -8.68237e+00 2.47422e-07 3.57451e-08 1.20e-06 2.22e-09 3.08e-08 1.97e-09 4.21e-10 4.84e-11 1.58e-12 6.86e-09 3.57e-08 4.16e-07 4.16e-09 3.85e-08 7.01e-09 4.16e-09 4.16e-09 4.16e-09 1.83e-08 1.05e-07 4.16e-07 4.16e-09 3.85e-08 7.01e-09 4.16e-09 4.16e-09 4.16e-09 1.83e-08 1.05e-07
45217 5.61100e+03 -8.71889e+00 2.31899e-07 9.80349e-09 1.13e-06 2.25e-09 2.62e-08 1.58e-09 3.99e-10 3.23e-11 2.82e-12 5.87e-09 9.80e-09 4.16e-07 4.16e-09 3.84e-08 7.00e-09 4.16e-09 4.16e-09 4.16e-09 1.83e-08 1.05e-07 4.16e-07 4.16e-09 3.84e-08 7.00e-09 4.16e-09 4.16e-09 4.16e-09 1.83e-08 1.05e-07
45257 5.61500e+03 -8.66606e+00 3.06258e-07 5.35018e-09 1.49e-06 2.10e-09 3.67e-08 6.11e-10 1.50e-10 5.49e-11 2.69e-12 7.42e-09 5.35e-09 4.15e-07 4.15e-09 3.83e-08 6.98e-09 4.15e-09 4.15e-09 4.15e-09 1.83e-08 1.05e-07 4.15e-07 4.15e-09 3.83e-08 6.98e-09 4.15e-09 4.15e-09 4.15e-09 1.83e-08 1.05e-07
45297 5.61900e+03 -8.66130e+00 2.53517e-07 3.24476e-08 1.23e-06 2.28e-09 3.54e-08 2.39e-09 5.90e-10 1.29e-10 2.87e-12 8.82e-09 3.24e-08 4.14e-07 4.14e-09 3.83e-08 6.98e-09 4.14e-09 4.14e-09 4.14e-09 1.83e-08 1.05e-07 4.14e-07 4.14e-09 3.83e-08 6.98e-09 4.14e-09 4.14e-09 4.14e-09 1.83e-08 1.05e-07
45337 5.62300e+03 -8.63594e+00 2.38590e-07 4.04602e-09 1.15e-06 2.29e-09 3.75e-08 5.61e-09 1.42e-09 4.89e-11 6.53e-13 1.29e-08 4.05e-09 4.14e-07 4.14e-09 3.84e-08 6.99e-09 4.14e-09 4.14e-09 4.14e-09 1.83e-08 1.05e-07 4.14e-07 4.14e-09 3.84e-08 6.99e-09 4.14e-09 4.14e-09 4.14e-09 1.83e-08 1.05e-07
45377 5.62700e+03 -8.42206e+00 5.67088e-07 1.05324e-08 2.78e-06 3.56e-09 4.77e-08 2.27e-09 5.77e-10 3.32e-11 1.11e-12 1.20e-08 1.05e-08 4.14e-07 4.13e-09 3.84e-08 6.99e-09 4.13e-09 4.13e-09 4.13e-09 1.83e-08 1.05e-07 4.14e-07 4.14e-09 3.84e-08 6.99e-09 4.14e-09 4.14e-09 4.14e-09 1.83e-08 1.05e-07
45417 5.63100e+03 -8.07290e+00 3.49658e-07 1.04021e-06 1.71e-06 2.56e-09 3.18e-08 2.00e-09 5.05e-10 8.31e-11 6.89e-13 7.54e-09 1.04e-06 4.14e-07 4.13e-09 3.84e-08 6.98e-09 4.13e-09 4.13e-09 4.13e-09 1.83e-08 1.05e-07 4.14e-07 4.14e-09 3.84e-08 6.98e-09 4.14e-09 4.14e-09 4.14e-09 1.83e-08 1.05e-07
45457 5.63500e+03 -8.70211e+00 2.31139e-07 2.99950e-10 1.12e-06 2.15e-09 2.67e-08 2.73e-09 6.34e-10 3.19e-11 1.23e-12 9.76e-09 3.00e-10 4.13e-07 4.13e-09 3.84e-08 6.98e-09 4.13e-09 4.13e-09 4.13e-09 1.83e-08 1.05e-07 4.13e-07 4.13e-09 3.84e-08 6.98e-09 4.13e-09 4.13e-09 4.13e-09 1.83e-08 1.05e-07
45497 5.63900e+03 -8.69130e+00 2.47763e-07 7.34106e-09 1.20e-06 1.73e-09 2.96e-08 2.69e-09 6.91e-10 2.29e-11 1.36e-12 8.96e-09 7.34e-09 4.12e-07 4.12e-09 3.83e-08 6.98e-09 4.12e-09 4.12e-09 4.12e-09 1.83e-08 1.05e-07 4.12e-07 4.12e-09 3.83e-08 6.98e-09 4.12e-09 4.12e-09 4.12e-09 1.83e-08 1.05e-07
45537 5.64300e+03 -8.71049e+00 2.38852e-07 2.91884e-09 1.16e-06 2.37e-09 2.75e-08 1.68e-09 4.16e-10 6.36e-11 1.09e-12 7.19e-09 2.92e-09 4.12e-07 4.12e-09 3.83e-08 6.97e-09 4.12e-09 4.12e-09 4.12e-09 1.82e-08 1.05e-07 4.12e-07 4.12e-09 3.83e-08 6.97e-09 4.12e-09 4.12e-09 4.12e-09 1.82e-08 1.05e-07
45577 5.64700e+03 -8.73945e+00 2.11738e-07 9.93238e-10 1.03e-06 1.74e-09 2.60e-08 1.99e-09 5.01e-10 4.86e-11 5.83e-13 6.54e-09 9.93e-10 4.11e-07 4.11e-09 3.82e-08 6.96e-09 4.11e-09 4.11e-09 4.11e-09 1.82e-08 1.04e-07 4.11e-07 4.11e-09 3.82e-08 6.96e-09 4.11e-09 4.11e-09 4.11e-09 1.82e-08 1.04e-07
45617 5.65100e+03 -8.72012e+00 2.35760e-07 2.85011e-09 1.15e-06 1.85e-09 2.96e-08 1.54e-09 3.87e-10 2.75e-11 1.05e-12 7.07e-09 2.85e-09 4.10e-07 4.10e-09 3.81e-08 6.95e-09 4.10e-09 4.10e-09 4.10e-09 1.82e-08 1.04e-07 4.10e-07 4.10e-09 3.81e-08 6.95e-09 4.10e-09 4.10e-09 4.10e-09 1.82e-08 1.04e-07
45657 5.65500e+03 -8.70505e+00 2.11243e-07 5.85323e-10 1.02e-06 1.83e-09 2.75e-08 4.34e-09 1.08e-09 5.79e-11 1.65e-12 8.59e-09 5.85e-10 4.09e-07 4.09e-09 3.81e-08 6.94e-09 4.09e-09 4.09e-09 4.09e-09 1.82e-08 1.04e-07 4.09e-07 4.09e-09 3.81e-08 6.94e-09 4.09e-09 4.09e-09 4.09e-09 1.82e-08 1.04e-07
45697 5.65900e+03 -8.67270e+00 2.40249e-07 1.81205e-10 1.16e-06 2.31e-09 3.52e-08 3.85e-09 9.77e-10 3.45e-11 7.28e-13 9.25e-09 1.81e-10 4.08e-07 4.08e-09 3.80e-08 6.93e-09 4.08e-09 4.08e-09 4.08e-09 1.82e-08 1.04e-07 4.08e-07 4.08e-09 3.80e-08 6.93e-09 4.08e-09 4.08e-09 4.08e-09 1.82e-08 1.04e-07
45737 5.66300e+03 -8.72435e+00 2.13449e-07 2.80313e-08 1.04e-06 2.15e-09 2.41e-08 2.09e-09 5.30e-10 3.81e-11 7.72e-13 5.59e-09 2.80e-08 4.07e-07 4.07e-09 3.79e-08 6.93e-09 4.07e-09 4.07e-09 4.07e-09 1.81e-08 1.04e-07 4.07e-07 4.07e-09 3.79e-08 6.93e-09 4.07e-09 4.07e-09 4.07e-09 1.81e-08 1.04e-07
45777 5.66700e+03 -8.68727e+00 2.17821e-07 4.85025e-10 1.05e-06 2.05e-09 3.15e-08 4.57e-09 1.16e-09 5.54e-11 1.12e-12 9.65e-09 4.85e-10 4.06e-07 4.06e-09 3.79e-08 6.92e-09 4.06e-09 4.06e-09 4.06e-09 1.81e-08 1.04e-07 4.06e-07 4.06e-09 3.79e-08 6.92e-09 4.06e-09 4.06e-09 4.06e-09 1.81e-08 1.04e-07
45817 5.67100e+03 -8.67197e+00 2.24665e-07 9.83387e-10 1.08e-06 3.03e-09 3.59e-08 3.26e-09 7.59e-10 1.03e-10 2.03e-12 1.18e-08 9.83e-10 4.05e-07 4.05e-09 3.78e-08 6.91e-09 4.05e-09 4.05e-09 4.05e-09 1.81e-08 1.04e-07 4.05e-07 4.05e-09 3.78e-08 6.91e-09 4.05e-09 4.05e-09 4.05e-09 1.81e-08 1.04e-07
45857 5.67500e+03 -8.61284e+00 3.12767e-07 4.21308e-08 1.52e-06 2.56e-09 3.37e-08 2.59e-09 5.57e-10 1.66e-10 1.36e-12 9.62e-09 4.21e-08 4.05e-07 4.05e-09 3.78e-08 6.91e-09 4.05e-09 4.05e-09 4.05e-09 1.81e-08 1.04e-07 4.05e-07 4.05e-09 3.78e-08 6.91e-09 4.05e-09 4.05e-09 4.05e-09 1.81e-08 1.04e-07
45897 5.67900e+03 -8.68806e+00 2.38231e-07 9.26121e-10 1.15e-06 2.28e-09 3.47e-08 3.03e-09 5.42e-10 3.54e-11 1.76e-12 9.35e-09 9.26e-10 4.04e-07 4.04e-09 3.78e-08 6.91e-09 4.04e-09 4.04e-09 4.04e-09 1.81e-08 1.03e-07 4.04e-07 4.04e-09 3.78e-08 6.91e-09 4.04e-09 4.04e-09 4.04e-09 1.81e-08 1.03e-07
45937 5.68300e+03 -8.64509e+00 2.66741e-07 2.12393e-08 1.29e-06 2.25e-09 3.65e-08 3.75e-09 8.68e-10 5.36e-11 1.50e-12 9.46e-09 2.12e-08 4.03e-07 4.04e-09 3.78e-08 6.91e-09 4.03e-09 4.03e-09 4.03e-09 1.81e-08 1.03e-07 4.03e-07 4.04e-09 3.78e-08 6.91e-09 4.03e-09 4.03e-09 4.03e-09 1.81e-08 1.03e-07
45977 5.68700e+03 -8.35250e+00 3.85545e-07 1.76972e-08 1.84e-06 3.32e-09 6.53e-08 1.30e-08 3.37e-09 4.65e-11 2.28e-12 2.66e-08 1.77e-08 4.04e-07 4.03e-09 3.78e-08 6.91e-09 4.03e-09 4.03e-09 4.03e-09 1.81e-08 1.03e-07 4.04e-07 4.04e-09 3.78e-08 6.91e-09 4.04e-09 4.04e-09 4.04e-09 1.81e-08 1.03e-07
46017 5.69100e+03 -8.58252e+00 3.85154e-07 3.44199e-09 1.88e-06 2.78e-09 4.23e-08 1.72e-09 4.44e-10 5.65e-11 1.42e-12 8.62e-09 3.44e-09 4.05e-07 4.03e-09 3.79e-08 6.91e-09 4.03e-09 4.03e-09 4.03e-09 1.81e-08 1.03e-07 4.05e-07 4.05e-09 3.79e-08 6.91e-09 4.05e-09 4.05e-09 4.05e-09 1.81e-08 1.03e-07
46057 5.69500e+03 -8.59478e+00 3.84145e-07 1.48616e-09 1.88e-06 2.69e-09 3.50e-08 1.72e-09 4.13e-10 8.36e-11 2.39e-12 8.77e-09 1.49e-09 4.05e-07 4.03e-09 3.79e-08 6.90e-09 4.03e-09 4.03e-09 4.03e-09 1.81e-08 1.03e-07 4.05e-07 4.05e-09 3.79e-08 6.90e-09 4.05e-09 4.05e-09 4.05e-09 1.81e-08 1.03e-07
46097 5.69900e+03 -8.56132e+00 3.44477e-07 1.18698e-08 1.66e-06 3.20e-09 5.20e-08 3.28e-09 8.42e-10 1.54e-10 5.05e-13 1.09e-08 1.19e-08 4.06e-07 4.03e-09 3.80e-08 6.89e-09 4.03e-09 4.03e-09 4.03e-09 1.81e-08 1.03e-07 4.06e-07 4.06e-09 3.80e-08 6.89e-09 4.06e-09 4.06e-09 4.06e-09 1.81e-08 1.03e-07
46137 5.70300e+03 -8.53024e+00 4.88852e-07 1.15424e-09 2.40e-06 2.71e-09 3.76e-08 7.08e-10 1.34e-10 3.65e-11 5.90e-14 9.51e-09 1.15e-09 4.06e-07 4.03e-09 3.80e-08 6.88e-09 4.03e-09 4.03e-09 4.03e-09 1.81e-08 1.03e-07 4.06e-07 4.06e-09 3.80e-08 6.88e-09 4.06e-09 4.06e-09 4.06e-09 1.81e-08 1.03e-07
46177 5.70700e+03 -8.56828e+00 4.23459e-07 4.86010e-09 2.07e-06 2.59e-09 4.08e-08 6.89e-10 1.47e-10 3.49e-11 6.76e-13 1.02e-08 4.86e-09 4.07e-07 4.03e-09 3.80e-08 6.88e-09 4.03e-09 4.03e-09 4.03e-09 1.80e-08 1.03e-07 4.07e-07 4.07e-09 3.80e-08 6.88e-09 4.07e-09 4.07e-09 4.07e-09 1.80e-08 1.03e-07
46217 5.71100e+03 -8.72303e+00 2.37749e-07 2.38102e-08 1.16e-06 2.11e-09 2.51e-08 8.34e-10 5.51e-11 5.32e-11 1.53e-12 6.71e-09 2.38e-08 4.06e-07 4.03e-09 3.80e-08 6.87e-09 4.03e-09 4.03e-09 4.03e-09 1.80e-08 1.03e-07 4.06e-07 4.06e-09 3.80e-08 6.87e-09 4.06e-09 4.06e-09 4.06e-09 1.80e-08 1.03e-07
46257 5.71500e+03 -8.72050e+00 2.35942e-07 1.18927e-09 1.15e-06 1.95e-09 2.92e-08 1.86e-09 4.64e-10 3.06e-11 1.02e-12 6.64e-09 1.19e-09 4.05e-07 4.03e-09 3.79e-08 6.86e-09 4.03e-09 4.03e-09 4.03e-09 1.80e-08 1.03e-07 4.05e-07 4.05e-09 3.79e-08 6.86e-09 4.05e-09 4.05e-09 4.05e-09 1.80e-08 1.03e-07
46297 5.71900e+03 -7.95368e+00 4.33620e-07 4.90009e-07 2.07e-06 3.07e-09 6.94e-08 1.81e-08 4.59e-09 5.89e-11 1.53e-12 4.34e-08 4.90e-07 4.04e-07 4.03e-09 3.79e-08 6.87e-09 4.03e-09 4.03e-09 4.03e-09 1.81e-08 1.03e-07 4.04e-07 4.04e-09 3.79e-08 6.87e-09 4.04e-09 4.04e-09 4.04e-09 1.81e-08 1.03e-07
46337 5.72300e+03 -8.64627e+00 2.87651e-07 1.36466e-08 1.40e-06 2.40e-09 3.70e-08 2.88e-09 5.75e-10 5.40e-11 5.27e-13 8.40e-09 1.36e-08 4.04e-07 4.03e-09 3.80e-08 6.90e-09 4.03e-09 4.03e-09 4.03e-09 1.81e-08 1.03e-07 4.04e-07 4.04e-09 3.80e-08 6.90e-09 4.04e-09 4.04e-09 4.04e-09 1.81e-08 1.03e-07
46377 5.72700e+03 -8.71492e+00 2.31511e-07 2.02015e-09 1.12e-06 2.17e-09 2.95e-08 2.14e-09 5.17e-10 3.72e-11 3.74e-12 7.10e-09 2.02e-09 4.04e-07 4.03e-09 3.81e-08 6.91e-09 4.03e-09 4.03e-09 4.03e-09 1.81e-08 1.03e-07 4.04e-07 4.04e-09 3.81e-08 6.91e-09 4.04e-09 4.04e-09 4.04e-09 1.81e-08 1.03e-07
46417 5.73100e+03 -8.76366e+00 2.02733e-07 2.80271e-09 9.87e-07 1.81e-09 2.32e-08 1.21e-09 2.97e-10 3.92e-11 1.49e-12 5.33e-09 2.80e-09 4.03e-07 4.03e-09 3.80e-08 6.91e-09 4.03e-09 4.03e-09 4.03e-09 1.81e-08 1.03e-07 4.03e-07 4.03e-09 3.80e-08 6.91e-09 4.03e-09 4.03e-09 4.03e-09 1.81e-08 1.03e-07
46457 5.73500e+03 -8.36497e+00 2.07227e-07 5.02961e-07 9.97e-07 2.19e-09 2.74e-08 7.94e-09 2.02e-09 5.20e-11 5.63e-12 1.76e-08 5.03e-07 4.01e-07 4.01e-09 3.79e-08 6.90e-09 4.01e-09 4.01e-09 4.01e-09 1.81e-08 1.03e-07 4.01e-07 4.01e-09 3.79e-08 6.90e-09 4.01e-09 4.01e-09 4.01e-09 1.81e-08 1.03e-07
46497 5.73900e+03 -8.69277e+00 2.18002e-07 1.08751e-08 1.05e-06 1.87e-09 3.05e-08 4.12e-09 1.02e-09 4.31e-11 1.70e-12 9.64e-09 1.09e-08 4.01e-07 4.01e-09 3.79e-08 6.89e-09 4.01e-09 4.01e-09 4.01e-09 1.81e-08 1.03e-07 4.01e-07 4.01e-09 3.79e-08 6.89e-09 4.01e-09 4.01e-09 4.01e-09 1.81e-08 1.03e-07
46537 5.74300e+03 -8.70762e+00 2.60392e-07 5.11505e-09 1.27e-06 2.48e-09 2.85e-08 7.16e-10 1.61e-10 2.80e-10 4.40e-13 5.97e-09 5.12e-09 4.01e-07 4.00e-09 3.79e-08 6.89e-09 4.00e-09 4.00e-09 4.00e-09 1.81e-08 1.03e-07 4.01e-07 4.01e-09 3.79e-08 6.89e-09 4.01e-09 4.01e-09 4.01e-09 1.81e-08 1.03e-07
46577 5.74700e+03 -7.83558e+00 4.64247e-07 1.68473e-09 2.16e-06 4.92e-09 1.12e-07 3.64e-08 9.42e-09 4.99e-11 1.18e-12 6.58e-08 1.68e-09 4.04e-07 4.00e-09 3.81e-08 6.91e-09 4.00e-09 4.00e-09 4.00e-09 1.81e-08 1.03e-07 4.04e-07 4.04e-09 3.81e-08 6.91e-09 4.04e-09 4.04e-09 4.04e-09 1.81e-08 1.03e-07
46617 5.75100e+03 -8.55764e+00 3.57299e-07 2.88327e-08 1.73e-06 2.88e-09 5.01e-08 2.04e-09 5.29e-10 1.77e-10 1.38e-12 1.30e-08 2.88e-08 4.06e-07 4.00e-09 3.82e-08 6.91e-09 4.00e-09 4.00e-09 4.00e-09 1.82e-08 1.03e-07 4.06e-07 4.06e-09 3.82e-08 6.91e-09 4.06e-09 4.06e-09 4.06e-09 1.82e-08 1.03e-07
46657 5.75500e+03 -8.59731e+00 3.98426e-07 1.00313e-09 1.96e-06 4.52e-09 2.69e-08 2.08e-10 0.00e+00 4.34e-11 5.42e-15 6.21e-09 1.00e-09 4.07e-07 4.00e-09 3.83e-08 6.91e-09 4.00e-09 4.00e-09 4.00e-09 1.81e-08 1.03e-07 4.07e-07 4.07e-09 3.83e-08 6.91e-09 4.07e-09 4.07e-09 4.07e-09 1.81e-08 1.03e-07
46697 5.75900e+03 -8.71617e+00 2.39311e-07 3.15068e-09 1.17e-06 1.96e-09 2.66e-08 2.28e-09 4.10e-10 3.28e-11 1.86e-12 6.76e-09 3.15e-09 4.07e-07 4.00e-09 3.83e-08 6.90e-09 4.00e-09 4.00e-09 4.00e-09 1.81e-08 1.03e-07 4.07e-07 4.07e-09 3.83e-08 6.90e-09 4.07e-09 4.07e-09 4.07e-09 1.81e-08 1.03e-07
46737 5.76300e+03 -8.72938e+00 2.18092e-07 3.17507e-10 1.06e-06 1.82e-09 2.46e-08 2.48e-09 5.82e-10 2.88e-11 3.14e-12 7.98e-09 3.18e-10 4.06e-07 4.00e-09 3.82e-08 6.90e-09 4.00e-09 4.00e-09 4.00e-09 1.81e-08 1.03e-07 4.06e-07 4.06e-09 3.82e-08 6.90e-09 4.06e-09 4.06e-09 4.06e-09 1.81e-08 1.03e-07
46777 5.76700e+03 -8.69068e+00 2.56544e-07 4.91420e-09 1.25e-06 1.76e-09 3.21e-08 2.11e-09 4.28e-10 3.07e-11 1.20e-12 1.00e-08 4.91e-09 4.05e-07 4.00e-09 3.81e-08 6.89e-09 4.00e-09 4.00e-09 4.00e-09 1.81e-08 1.03e-07 4.05e-07 4.05e-09 3.81e-08 6.89e-09 4.05e-09 4.05e-09 4.05e-09 1.81e-08 1.03e-07
46817 5.77100e+03 -8.76528e+00 2.07111e-07 1.69598e-09 1.01e-06 1.95e-09 2.29e-08 6.16e-10 1.47e-10 9.02e-11 2.70e-12 5.53e-09 1.70e-09 4.03e-07 4.00e-09 3.81e-08 6.88e-09 4.00e-09 4.00e-09 4.00e-09 1.81e-08 1.03e-07 4.03e-07 4.03e-09 3.81e-08 6.88e-09 4.03e-09 4.03e-09 4.03e-09 1.81e-08 1.03e-07
46857 5.77500e+03 -8.51026e+00 4.63961e-07 1.40277e-08 2.28e-06 2.26e-09 3.53e-08 3.55e-09 8.82e-10 1.77e-10 2.16e-12 1.08e-08 1.40e-08 4.02e-07 4.00e-09 3.80e-08 6.88e-09 4.00e-09 4.00e-09 4.00e-09 1.81e-08 1.03e-07 4.02e-07 4.02e-09 3.80e-08 6.88e-09 4.02e-09 4.02e-09 4.02e-09 1.81e-08 1.03e-07
46897 5.77900e+03 -8.62406e+00 3.55581e-07 4.21672e-08 1.74e-06 2.32e-09 3.07e-08 1.27e-10 0.00e+00 3.34e-11 9.69e-13 8.36e-09 4.22e-08 4.03e-07 4.00e-09 3.80e-08 6.87e-09 4.00e-09 4.00e-09 4.00e-09 1.81e-08 1.03e-07 4.03e-07 4.03e-09 3.80e-08 6.87e-09 4.03e-09 4.03e-09 4.03e-09 1.81e-08 1.03e-07
46937 5.78300e+03 -8.00885e+00 2.91355e-07 6.31428e-10 1.34e-06 2.49e-09 6.34e-08 4.06e-08 1.01e-08 6.69e-11 4.95e-13 6.54e-08 6.31e-10 4.03e-07 4.00e-09 3.80e-08 6.86e-09 4.00e-09 4.00e-09 4.00e-09 1.81e-08 1.03e-07 4.03e-07 4.03e-09 3.80e-08 6.86e-09 4.03e-09 4.03e-09 4.03e-09 1.81e-08 1.03e-07
46977 5.78700e+03 -8.49759e+00 5.00226e-07 7.10212e-09 2.45e-06 2.31e-09 4.41e-08 1.95e-09 4.79e-10 1.43e-10 1.04e-12 1.01e-08 7.10e-09 4.03e-07 4.00e-09 3.81e-08 6.88e-09 4.00e-09 4.00e-09 4.00e-09 1.81e-08 1.03e-07 4.03e-07 4.03e-09 3.81e-08 6.88e-09 4.03e-09 4.03e-09 4.03e-09 1.81e-08 1.03e-07
47017 5.79100e+03 -8.71551e+00 2.35048e-07 4.60935e-08 1.15e-06 2.17e-09 2.50e-08 6.27e-10 1.56e-10 1.99e-11 1.24e-12 6.07e-09 4.61e-08 4.03e-07 4.00e-09 3.81e-08 6.87e-09 4.00e-09 4.00e-09 4.00e-09 1.81e-08 1.03e-07 4.03e-07 4.03e-09 3.81e-08 6.87e-09 4.03e-09 4.03e-09 4.03e-09 1.81e-08 1.03e-07
47057 5.79500e+03 -8.12793e+00 4.66609e-07 6.94909e-07 2.28e-06 2.57e-09 4.93e-08 2.24e-09 5.66e-10 7.91e-11 3.11e-12 1.27e-08 6.95e-07 4.02e-07 4.00e-09 3.80e-08 6.86e-09 4.00e-09 4.00e-09 4.00e-09 1.80e-08 1.03e-07 4.02e-07 4.02e-09 3.80e-08 6.86e-09 4.02e-09 4.02e-09 4.02e-09 1.80e-08 1.03e-07
47097 5.79900e+03 -8.52514e+00 3.93103e-07 1.98701e-08 1.90e-06 2.73e-09 5.83e-08 2.50e-09 6.51e-10 2.34e-10 5.47e-13 1.25e-08 1.99e-08 4.03e-07 4.00e-09 3.80e-08 6.85e-09 4.00e-09 4.00e-09 4.00e-09 1.80e-08 1.03e-07 4.03e-07 4.03e-09 3.80e-08 6.85e-09 4.03e-09 4.03e-09 4.03e-09 1.80e-08 1.03e-07
47137 5.80300e+03 -8.20489e+00 3.73256e-07 8.82051e-10 1.76e-06 2.06e-09 7.57e-08 2.46e-08 6.16e-09 7.23e-11 1.23e-12 3.86e-08 8.82e-10 4.04e-07 4.00e-09 3.81e-08 6.83e-09 4.00e-09 4.00e-09 4.00e-09 1.80e-08 1.03e-07 4.04e-07 4.04e-09 3.81e-08 6.83e-09 4.04e-09 4.04e-09 4.04e-09 1.80e-08 1.03e-07
47177 5.80700e+03 -8.54847e+00 2.52064e-07 3.68037e-09 1.21e-06 1.91e-09 3.85e-08 1.11e-08 2.82e-09 6.85e-11 6.05e-13 2.03e-08 3.68e-09 4.03e-07 4.00e-09 3.81e-08 6.84e-09 4.00e-09 4.00e-09 4.00e-09 1.80e-08 1.03e-07 4.03e-07 4.03e-09 3.81e-08 6.84e-09 4.03e-09 4.03e-09 4.03e-09 1.80e-08 1.03e-07
47217 5.81100e+03 -8.46874e+00 3.04100e-07 5.53077e-08 1.46e-06 2.56e-09 4.31e-08 1.04e-08 2.67e-09 5.28e-11 8.62e-13 2.31e-08 5.53e-08 4.02e-07 4.00e-09 3.80e-08 6.83e-09 4.00e-09 4.00e-09 4.00e-09 1.80e-08 1.03e-07 4.02e-07 4.02e-09 3.80e-08 6.83e-09 4.02e-09 4.02e-09 4.02e-09 1.80e-08 1.03e-07
47257 5.81500e+03 -8.72549e+00 2.42769e-07 7.21762e-09 1.19e-06 2.84e-09 2.21e-08 9.43e-10 2.22e-10 9.11e-11 1.31e-12 5.07e-09 7.22e-09 4.02e-07 4.00e-09 3.80e-08 6.83e-09 4.00e-09 4.00e-09 4.00e-09 1.80e-08 1.03e-07 4.02e-07 4.02e-09 3.80e-08 6.83e-09 4.02e-09 4.02e-09 4.02e-09 1.80e-08 1.03e-07
47297 5.81900e+03 -8.71297e+00 2.23809e-07 5.53529e-09 1.09e-06 2.01e-09 2.68e-08 2.89e-09 7.04e-10 6.31e-11 1.45e-12 8.22e-09 5.54e-09 4.01e-07 4.00e-09 3.81e-08 6.84e-09 4.00e-09 4.00e-09 4.00e-09 1.80e-08 1.03e-07 4.01e-07 4.01e-09 3.81e-08 6.84e-09 4.01e-09 4.01e-09 4.01e-09 1.80e-08 1.03e-07
47337 5.82300e+03 -8.61126e+00 3.04661e-07 1.66297e-09 1.48e-06 2.60e-09 4.00e-08 3.61e-09 9.10e-10 8.88e-11 1.38e-12 1.27e-08 1.66e-09 4.00e-07 4.00e-09 3.80e-08 6.83e-09 4.00e-09 4.00e-09 4.00e-09 1.80e-08 1.03e-07 4.00e-07 4.00e-09 3.80e-08 6.83e-09 4.00e-09 4.00e-09 4.00e-09 1.80e-08 1.03e-07
47377 5.82700e+03 -8.61047e+00 3.17641e-07 1.45898e-08 1.54e-06 2.32e-09 4.56e-08 2.87e-09 7.14e-10 8.52e-11 3.85e-12 9.38e-09 1.46e-08 3.99e-07 3.99e-09 3.79e-08 6.82e-09 3.99e-09 3.99e-09 3.99e-09 1.80e-08 1.03e-07 3.99e-07 3.99e-09 3.79e-08 6.82e-09 3.99e-09 3.99e-09 3.99e-09 1.80e-08 1.03e-07
47417 5.83100e+03 -8.68653e+00 2.48233e-07 1.09669e-08 1.20e-06 2.16e-09 3.50e-08 2.69e-09 6.79e-10 6.24e-11 2.51e-12 7.00e-09 1.10e-08 3.99e-07 3.99e-09 3.79e-08 6.82e-09 3.99e-09 3.99e-09 3.99e-09 1.80e-08 1.03e-07 3.99e-07 3.99e-09 3.79e-08 6.82e-09 3.99e-09 3.99e-09 3.99e-09 1.80e-08 1.03e-07
47457 5.83500e+03 -8.42535e+00 2.57929e-07 3.97424e-09 1.22e-06 2.52e-09 4.99e-08 1.58e-08 3.99e-09 8.45e-11 5.47e-12 3.37e-08 3.97e-09 3.99e-07 3.99e-09 3.80e-08 6.82e-09 3.99e-09 3.99e-09 3.99e-09 1.80e-08 1.03e-07 3.99e-07 3.99e-09 3.80e-08 6.82e-09 3.99e-09 3.99e-09 3.99e-09 1.80e-08 1.03e-07
47497 5.83900e+03 -8.67806e+00 2.41737e-07 9.35973e-09 1.17e-06 3.44e-09 3.04e-08 2.51e-09 5.81e-10 1.51e-10 1.93e-12 8.29e-09 9.36e-09 3.98e-07 3.98e-09 3.80e-08 6.83e-09 3.98e-09 3.98e-09 3.98e-09 1.80e-08 1.03e-07 3.98e-07 3.98e-09 3.80e-08 6.83e-09 3.98e-09 3.98e-09 3.98e-09 1.80e-08 1.03e-07
47537 5.84300e+03 -8.63693e+00 2.83131e-07 3.48126e-08 1.38e-06 2.41e-09 3.04e-08 3.50e-09 8.65e-10 8.09e-11 2.73e-12 8.91e-09 3.48e-08 3.98e-07 3.98e-09 3.80e-08 6.83e-09 3.98e-09 3.98e-09 3.98e-09 1.80e-08 1.03e-07 3.98e-07 3.98e-09 3.80e-08 6.83e-09 3.98e-09 3.98e-09 3.98e-09 1.80e-08 1.03e-07
47577 5.84700e+03 -8.24605e+00 4.41246e-07 3.85268e-08 2.13e-06 7.74e-09 4.81e-08 1.33e-08 3.34e-09 7.02e-10 9.56e-13 2.85e-08 3.85e-08 3.99e-07 3.98e-09 3.81e-08 6.83e-09 3.98e-09 3.97e-09 3.97e-09 1.80e-08 1.03e-07 3.99e-07 3.99e-09 3.81e-08 6.83e-09 3.99e-09 3.99e-09 3.99e-09 1.80e-08 1.03e-07
47617 5.85100e+03 -8.41926e+00 3.47473e-07 3.30590e-07 1.69e-06 2.60e-09 4.03e-08 2.81e-09 7.06e-10 3.18e-11 9.89e-13 1.08e-08 3.31e-07 4.00e-07 3.98e-09 3.82e-08 6.84e-09 3.98e-09 3.97e-09 3.97e-09 1.80e-08 1.03e-07 4.00e-07 4.00e-09 3.82e-08 6.84e-09 4.00e-09 4.00e-09 4.00e-09 1.80e-08 1.03e-07
47657 5.85500e+03 -8.68948e+00 2.73880e-07 2.01846e-08 1.34e-06 2.01e-09 2.68e-08 1.54e-09 3.81e-10 7.43e-11 1.92e-12 6.92e-09 2.02e-08 4.00e-07 3.98e-09 3.82e-08 6.84e-09 3.98e-09 3.97e-09 3.97e-09 1.80e-08 1.03e-07 4.00e-07 4.00e-09 3.82e-08 6.84e-09 4.00e-09 4.00e-09 4.00e-09 1.80e-08 1.03e-07
47697 5.85900e+03 -8.51761e+00 2.63779e-07 7.42064e-10 1.26e-06 2.21e-09 3.96e-08 1.13e-08 2.93e-09 1.62e-10 1.95e-12 2.49e-08 7.42e-10 4.00e-07 3.98e-09 3.82e-08 6.84e-09 3.98e-09 3.97e-09 3.97e-09 1.80e-08 1.03e-07 4.00e-07 4.00e-09 3.82e-08 6.84e-09 4.00e-09 4.00e-09 4.00e-09 1.80e-08 1.03e-07
47737 5.86300e+03 -8.67756e+00 2.48398e-07 2.00122e-08 1.21e-06 2.52e-09 2.89e-08 2.88e-09 7.28e-10 1.01e-10 2.58e-12 8.32e-09 2.00e-08 3.99e-07 3.98e-09 3.82e-08 6.83e-09 3.98e-09 3.97e-09 3.97e-09 1.80e-08 1.03e-07 3.99e-07 3.99e-09 3.82e-08 6.83e-09 3.99e-09 3.99e-09 3.99e-09 1.80e-08 1.03e-07
47777 5.86700e+03 -8.59810e+00 2.82786e-07 3.82418e-09 1.37e-06 2.33e-09 3.89e-08 5.98e-09 1.49e-09 1.88e-10 3.08e-12 1.39e-08 3.82e-09 3.98e-07 3.98e-09 3.81e-08 6.83e-09 3.98e-09 3.97e-09 3.97e-09 1.80e-08 1.03e-07 3.98e-07 3.98e-09 3.81e-08 6.83e-09 3.98e-09 3.98e-09 3.98e-09 1.80e-08 1.03e-07
47817 5.87100e+03 -8.56576e+00 3.21149e-07 1.12459e-08 1.56e-06 7.94e-09 3.49e-08 1.32e-09 3.25e-10 1.23e-10 4.37e-12 8.73e-09 1.12e-08 4.01e-07 3.98e-09 3.83e-08 6.83e-09 3.98e-09 3.97e-09 3.97e-09 1.80e-08 1.03e-07 4.01e-07 4.01e-09 3.83e-08 6.83e-09 4.01e-09 4.01e-09 4.01e-09 1.80e-08 1.03e-07
47857 5.87500e+03 -8.52546e+00 3.53320e-07 1.15422e-07 1.72e-06 3.84e-09 3.69e-08 2.11e-09 4.77e-10 1.83e-10 9.07e-13 1.08e-08 1.15e-07 4.02e-07 3.98e-09 3.83e-08 6.82e-09 3.98e-09 3.97e-09 3.97e-09 1.80e-08 1.03e-07 4.02e-07 4.02e-09 3.83e-08 6.82e-09 4.02e-09 4.02e-09 4.02e-09 1.80e-08 1.03e-07
47897 5.87900e+03 -8.64006e+00 2.86654e-07 2.42704e-08 1.39e-06 3.41e-09 3.71e-08 1.70e-09 4.25e-10 4.47e-10 3.04e-12 6.41e-09 2.43e-08 4.02e-07 3.98e-09 3.83e-08 6.81e-09 3.98e-09 3.97e-09 3.97e-09 1.80e-08 1.03e-07 4.02e-07 4.02e-09 3.83e-08 6.81e-09 4.02e-09 4.02e-09 4.02e-09 1.80e-08 1.03e-07
47937 5.88300e+03 -8.47989e+00 2.23110e-07 3.33004e-09 1.04e-06 1.92e-09 5.30e-08 1.69e-08 4.16e-09 3.77e-11 8.87e-13 2.18e-08 3.33e-09 4.02e-07 3.98e-09 3.83e-08 6.81e-09 3.98e-09 3.97e-09 3.97e-09 1.80e-08 1.03e-07 4.02e-07 4.02e-09 3.83e-08 6.81e-09 4.02e-09 4.02e-09 4.02e-09 1.80e-08 1.03e-07
47977 5.88700e+03 -8.73372e+00 2.18623e-07 1.56298e-09 1.06e-06 2.07e-09 2.78e-08 1.74e-09 3.21e-10 5.38e-11 2.24e-12 7.32e-09 1.56e-09 4.01e-07 3.98e-09 3.83e-08 6.82e-09 3.98e-09 3.97e-09 3.97e-09 1.80e-08 1.03e-07 4.01e-07 4.01e-09 3.83e-08 6.82e-09 4.01e-09 4.01e-09 4.01e-09 1.80e-08 1.03e-07
48017 5.89100e+03 -7.75844e+00 2.85230e-07 2.39428e-07 1.30e-06 3.37e-09 6.53e-08 4.18e-08 1.12e-08 9.67e-11 1.18e-12 9.30e-08 2.39e-07 4.01e-07 3.98e-09 3.83e-08 6.83e-09 3.98e-09 3.97e-09 3.97e-09 1.80e-08 1.03e-07 4.01e-07 4.01e-09 3.83e-08 6.83e-09 4.01e-09 4.01e-09 4.01e-09 1.80e-08 1.03e-07
48057 5.89500e+03 -8.63670e+00 3.12855e-07 1.07992e-08 1.53e-06 3.01e-09 2.92e-08 2.41e-09 6.20e-10 1.07e-10 4.05e-13 7.83e-09 1.08e-08 4.02e-07 3.98e-09 3.84e-08 6.85e-09 3.98e-09 3.97e-09 3.97e-09 1.81e-08 1.03e-07 4.02e-07 4.02e-09 3.84e-08 6.85e-09 4.02e-09 4.02e-09 4.02e-09 1.81e-08 1.03e-07
48097 5.89900e+03 -8.36052e+00 5.76249e-07 8.32077e-08 2.82e-06 2.82e-09 5.78e-08 2.92e-09 7.39e-10 6.76e-11 2.63e-12 1.28e-08 8.32e-08 4.02e-07 3.98e-09 3.84e-08 6.85e-09 3.98e-09 3.97e-09 3.97e-09 1.81e-08 1.03e-07 4.02e-07 4.02e-09 3.84e-08 6.85e-09 4.02e-09 4.02e-09 4.02e-09 1.81e-08 1.03e-07
48137 5.90300e+03 -8.59786e+00 3.76423e-07 1.22501e-09 1.83e-06 2.32e-09 4.40e-08 1.24e-09 2.19e-10 7.16e-11 1.09e-12 9.64e-09 1.23e-09 4.03e-07 3.98e-09 3.85e-08 6.85e-09 3.98e-09 3.97e-09 3.97e-09 1.80e-08 1.03e-07 4.03e-07 4.03e-09 3.85e-08 6.85e-09 4.03e-09 4.03e-09 4.03e-09 1.80e-08 1.03e-07
48177 5.90700e+03 -8.24084e+00 2.49933e-07 2.24062e-09 1.14e-06 1.90e-09 7.34e-08 2.93e-08 7.79e-09 1.24e-11 8.02e-13 3.72e-08 2.24e-09 4.02e-07 3.98e-09 3.85e-08 6.84e-09 3.98e-09 3.97e-09 3.97e-09 1.80e-08 1.03e-07 4.02e-07 4.02e-09 3.85e-08 6.84e-09 4.02e-09 4.02e-09 4.02e-09 1.80e-08 1.03e-07
48217 5.91100e+03 -8.70268e+00 2.89655e-07 1.86446e-09 1.42e-06 2.08e-09 2.71e-08 1.96e-10 4.38e-11 6.75e-11 7.44e-13 6.77e-09 1.86e-09 4.02e-07 3.98e-09 3.85e-08 6.83e-09 3.98e-09 3.97e-09 3.97e-09 1.80e-08 1.03e-07 4.02e-07 4.02e-09 3.85e-08 6.83e-09 4.02e-09 4.02e-09 4.02e-09 1.80e-08 1.03e-07
48257 5.91500e+03 -8.72200e+00 2.28974e-07 1.17850e-09 1.11e-06 1.78e-09 2.82e-08 2.38e-09 5.84e-10 2.53e-11 3.97e-13 7.23e-09 1.18e-09 4.02e-07 3.98e-09 3.85e-08 6.84e-09 3.98e-09 3.97e-09 3.97e-09 1.80e-08 1.03e-07 4.02e-07 4.02e-09 3.85e-08 6.84e-09 4.02e-09 4.02e-09 4.02e-09 1.80e-08 1.03e-07
48297 5.91900e+03 -8.57920e+00 3.53724e-07 2.90762e-08 1.73e-06 1.96e-09 3.68e-08 3.26e-09 8.18e-10 6.93e-11 2.63e-12 1.28e-08 2.91e-08 4.01e-07 3.98e-09 3.84e-08 6.83e-09 3.98e-09 3.97e-09 3.97e-09 1.80e-08 1.03e-07 4.01e-07 4.01e-09 3.84e-08 6.83e-09 4.01e-09 4.01e-09 4.01e-09 1.80e-08 1.03e-07
48337 5.92300e+03 -8.52333e+00 4.63458e-07 1.02257e-08 2.27e-06 2.07e-09 4.11e-08 2.43e-09 6.03e-10 1.86e-11 4.39e-13 1.05e-08 1.02e-08 4.00e-07 3.98e-09 3.83e-08 6.82e-09 3.98e-09 3.97e-09 3.97e-09 1.80e-08 1.03e-07 4.00e-07 4.00e-09 3.83e-08 6.82e-09 4.00e-09 4.00e-09 4.00e-09 1.80e-08 1.03e-07
48377 5.92700e+03 -8.54650e+00 3.95203e-07 3.32670e-08 1.93e-06 2.70e-09 3.47e-08 3.16e-09 7.74e-10 1.41e-10 4.77e-14 1.11e-08 3.33e-08 4.00e-07 3.98e-09 3.83e-08 6.81e-09 3.98e-09 3.97e-09 3.97e-09 1.80e-08 1.03e-07 4.00e-07 4.00e-09 3.83e-08 6.81e-09 4.00e-09 4.00e-09 4.00e-09 1.80e-08 1.03e-07
48417 5.93100e+03 -8.63308e+00 3.00268e-07 6.35568e-08 1.47e-06 2.49e-09 3.06e-08 1.32e-09 2.90e-10 8.06e-11 1.14e-13 8.93e-09 6.36e-08 4.01e-07 3.98e-09 3.84e-08 6.81e-09 3.98e-09 3.97e-09 3.97e-09 1.80e-08 1.03e-07 4.01e-07 4.01e-09 3.84e-08 6.81e-09 4.01e-09 4.01e-09 4.01e-09 1.80e-08 1.03e-07
48457 5.93500e+03 -8.12535e+00 8.29853e-07 8.35924e-08 4.06e-06 2.85e-09 8.21e-08 2.83e-09 4.88e-10 1.83e-10 4.63e-12 2.23e-08 8.36e-08 4.01e-07 3.98e-09 3.84e-08 6.81e-09 3.98e-09 3.97e-09 3.97e-09 1.80e-08 1.03e-07 4.01e-07 4.01e-09 3.84e-08 6.81e-09 4.01e-09 4.01e-09 4.01e-09 1.80e-08 1.03e-07
48497 5.93900e+03 -8.64533e+00 2.84278e-07 8.42568e-09 1.38e-06 2.44e-09 3.28e-08 3.54e-09 8.45e-10 1.41e-10 1.96e-12 8.83e-09 8.43e-09 4.02e-07 3.98e-09 3.85e-08 6.83e-09 3.98e-09 3.97e-09 3.97e-09 1.80e-08 1.03e-07 4.02e-07 4.02e-09 3.85e-08 6.83e-09 4.02e-09 4.02e-09 4.02e-09 1.80e-08 1.03e-07
48537 5.94300e+03 -8.54194e+00 3.75315e-07 3.38237e-08 1.81e-06 2.16e-09 6.09e-08 2.18e-09 5.19e-10 1.75e-10 1.18e-12 1.18e-08 3.38e-08 4.03e-07 3.98e-09 3.86e-08 6.83e-09 3.98e-09 3.97e-09 3.97e-09 1.80e-08 1.03e-07 4.03e-07 4.03e-09 3.86e-08 6.83e-09 4.03e-09 4.03e-09 4.03e-09 1.80e-08 1.03e-07
48577 5.94700e+03 -7.39034e+00 3.09921e-07 1.72086e-08 1.39e-06 4.31e-09 8.22e-08 5.96e-08 1.57e-08 9.71e-11 3.72e-12 1.69e-07 1.72e-08 4.04e-07 3.98e-09 3.86e-08 6.85e-09 3.98e-09 3.97e-09 3.97e-09 1.81e-08 1.03e-07 4.04e-07 4.04e-09 3.86e-08 6.85e-09 4.04e-09 4.04e-09 4.04e-09 1.81e-08 1.03e-07
48617 5.95100e+03 -8.60724e+00 2.86177e-07 1.72707e-08 1.39e-06 2.01e-09 3.24e-08 5.97e-09 1.53e-09 6.66e-11 6.12e-12 1.22e-08 1.73e-08 4.04e-07 3.98e-09 3.87e-08 6.86e-09 3.98e-09 3.97e-09 3.97e-09 1.81e-08 1.03e-07 4.04e-07 4.04e-09 3.87e-08 6.86e-09 4.04e-09 4.04e-09 4.04e-09 1.81e-08 1.03e-07
48657 5.95500e+03 -8.57837e+00 3.84739e-07 8.93053e-09 1.88e-06 2.88e-09 3.72e-08 2.23e-09 5.72e-10 6.68e-11 5.07e-12 9.07e-09 8.93e-09 4.04e-07 3.98e-09 3.87e-08 6.85e-09 3.98e-09 3.97e-09 3.97e-09 1.81e-08 1.03e-07 4.04e-07 4.04e-09 3.87e-08 6.85e-09 4.04e-09 4.04e-09 4.04e-09 1.81e-08 1.03e-07
48697 5.95900e+03 -8.72507e+00 2.33081e-07 5.76494e-09 1.14e-06 1.91e-09 2.57e-08 1.91e-09 4.71e-10 3.47e-11 4.24e-13 6.52e-09 5.76e-09 4.03e-07 3.98e-09 3.86e-08 6.85e-09 3.98e-09 3.97e-09 3.97e-09 1.81e-08 1.03e-07 4.03e-07 4.03e-09 3.86e-08 6.85e-09 4.03e-09 4.03e-09 4.03e-09 1.81e-08 1.03e-07
48737 5.96300e+03 -8.56176e+00 3.04458e-07 3.98837e-10 1.47e-06 2.41e-09 4.06e-08 6.63e-09 1.66e-09 4.35e-11 3.06e-12 1.85e-08 3.99e-10 4.03e-07 3.98e-09 3.86e-08 6.84e-09 3.98e-09 3.97e-09 3.97e-09 1.81e-08 1.03e-07 4.03e-07 4.03e-09 3.86e-08 6.84e-09 4.03e-09 4.03e-09 4.03e-09 1.81e-08 1.03e-07
48777 5.96700e+03 -8.71111e+00 2.46457e-07 4.25877e-09 1.20e-06 2.12e-09 2.53e-08 2.08e-09 4.43e-10 8.60e-11 2.81e-12 7.17e-09 4.26e-09 4.02e-07 3.98e-09 3.86e-08 6.83e-09 3.98e-09 3.97e-09 3.97e-09 1.80e-08 1.03e-07 4.02e-07 4.02e-09 3.86e-08 6.83e-09 4.02e-09 4.02e-09 4.02e-09 1.80e-08 1.03e-07
48817 5.97100e+03 -8.65281e+00 2.68003e-07 9.81345e-10 1.30e-06 3.16e-09 3.07e-08 3.81e-09 9.04e-10 7.30e-11 1.14e-12 8.46e-09 9.81e-10 4.02e-07 3.98e-09 3.86e-08 6.83e-09 3.98e-09 3.97e-09 3.97e-09 1.80e-08 1.03e-07 4.02e-07 4.02e-09 3.86e-08 6.83e-09 4.02e-09 4.02e-09 4.02e-09 1.80e-08 1.03e-07
48857 5.97500e+03 -8.66578e+00 2.66876e-07 4.41962e-08 1.30e-06 2.38e-09 2.86e-08 1.93e-09 3.41e-10 1.60e-10 6.95e-13 8.27e-09 4.42e-08 4.03e-07 3.98e-09 3.86e-08 6.82e-09 3.98e-09 3.97e-09 3.97e-09 1.80e-08 1.03e-07 4.03e-07 4.03e-09 3.86e-08 6.82e-09 4.03e-09 4.03e-09 4.03e-09 1.80e-08 1.03e-07
48897 5.97900e+03 -8.61176e+00 3.21084e-07 5.94697e-08 1.57e-06 2.71e-09 3.16e-08 2.11e-09 4.63e-10 8.19e-11 5.89e-13 7.59e-09 5.95e-08 4.03e-07 3.98e-09 3.86e-08 6.81e-09 3.98e-09 3.97e-09 3.97e-09 1.80e-08 1.03e-07 4.03e-07 4.03e-09 3.86e-08 6.81e-09 4.03e-09 4.03e-09 4.03e-09 1.80e-08 1.03e-07
48937 5.98300e+03 -8.66704e+00 2.43121e-07 1.13955e-07 1.19e-06 2.50e-09 2.32e-08 1.12e-09 2.80e-10 9.87e-11 1.05e-12 5.44e-09 1.14e-07 4.02e-07 3.98e-09 3.85e-08 6.80e-09 3.98e-09 3.97e-09 3.97e-09 1.80e-08 1.03e-07 4.02e-07 4.02e-09 3.85e-08 6.80e-09 4.02e-09 4.02e-09 4.02e-09 1.80e-08 1.03e-07
48977 5.98700e+03 -8.73544e+00 2.25408e-07 8.28443e-09 1.10e-06 1.73e-09 2.77e-08 1.51e-09 3.73e-10 1.50e-11 1.37e-12 6.33e-09 8.28e-09 4.01e-07 3.98e-09 3.84e-08 6.79e-09 3.98e-09 3.97e-09 3.97e-09 1.80e-08 1.03e-07 4.01e-07 4.01e-09 3.84e-08 6.79e-09 4.01e-09 4.01e-09 4.01e-09 1.80e-08 1.03e-07
48997 5.98800e+03 -8.69141e+00 2.36453e-07 3.90406e-09 1.15e-06 2.26e-09 2.84e-08 3.99e-09 1.03e-09 8.30e-11 1.91e-13 6.58e-09 3.90e-09 4.01e-07 3.98e-09 3.84e-08 6.79e-09 3.98e-09 3.97e-09 3.97e-09 1.79e-08 1.03e-07 4.01e-07 4.01e-09 3.84e-08 6.79e-09 4.01e-09 4.01e-09 4.01e-09 1.79e-08 1.03e-07
49037 5.99200e+03 -8.63887e+00 2.38842e-07 1.52796e-07 1.16e-06 1.88e-09 2.46e-08 2.39e-09 6.22e-10 9.28e-11 9.00e-13 6.20e-09 1.53e-07 4.01e-07 3.98e-09 3.84e-08 6.79e-09 3.98e-09 3.97e-09 3.97e-09 1.79e-08 1.03e-07 4.01e-07 4.01e-09 3.84e-08 6.79e-09 4.01e-09 4.01e-09 4.01e-09 1.79e-08 1.03e-07
49077 5.99600e+03 -8.73425e+00 2.30284e-07 4.78690e-10 1.12e-06 1.95e-09 2.43e-08 1.78e-09 4.54e-10 8.14e-11 7.99e-13 6.16e-09 4.79e-10 4.01e-07 3.98e-09 3.84e-08 6.79e-09 3.98e-09 3.97e-09 3.97e-09 1.79e-08 1.03e-07 4.01e-07 4.01e-09 3.84e-08 6.79e-09 4.01e-09 4.01e-09 4.01e-09 1.79e-08 1.03e-07
49117 6.00000e+03 -8.75215e+00 2.14163e-07 9.87031e-10 1.04e-06 1.76e-09 2.36e-08 1.64e-09 4.21e-10 5.66e-11 1.20e-12 5.63e-09 9.87e-10 4.01e-07 3.98e-09 3.84e-08 6.79e-09 3.98e-09 3.97e-09 3.97e-09 1.79e-08 1.03e-07 4.01e-07 4.01e-09 3.84e-08 6.79e-09 4.01e-09 4.01e-09 4.01e-09 1.79e-08 1.03e-07
49157 6.00400e+03 -8.76079e+00 2.09438e-07 1.72884e-09 1.02e-06 1.74e-09 2.20e-08 1.54e-09 3.91e-10 5.83e-11 8.91e-13 4.98e-09 1.73e-09 4.01e-07 3.98e-09 3.84e-08 6.79e-09 3.98e-09 3.97e-09 3.97e-09 1.79e-08 1.03e-07 4.01e-07 4.01e-09 3.84e-08 6.79e-09 4.01e-09 4.01e-09 4.01e-09 1.79e-08 1.03e-07
49197 6.00800e+03 -8.77463e+00 2.02101e-07 1.94347e-09 9.87e-07 1.73e-09 2.08e-08 1.02e-09 2.49e-10 4.52e-11 2.46e-12 4.69e-09 1.94e-09 4.00e-07 3.98e-09 3.84e-08 6.79e-09 3.98e-09 3.97e-09 3.97e-09 1.79e-08 1.03e-07 4.00e-07 4.00e-09 3.84e-08 6.79e-09 4.00e-09 4.00e-09 4.00e-09 1.79e-08 1.03e-07
49237 6.01200e+03 -8.73250e+00 2.08653e-07 6.27812e-08 1.02e-06 1.76e-09 2.22e-08 1.20e-09 3.01e-10 5.05e-11 2.51e-12 4.81e-09 6.28e-08 4.00e-07 3.98e-09 3.84e-08 6.79e-09 3.98e-09 3.97e-09 3.97e-09 1.79e-08 1.03e-07 4.00e-07 4.00e-09 3.84e-08 6.79e-09 4.00e-09 4.00e-09 4.00e-09 1.79e-08 1.03e-07
49277 6.01600e+03 -8.22095e+00 2.16122e-07 6.07793e-10 9.99e-07 1.76e-09 4.21e-08 2.96e-08 7.73e-09 5.83e-11 2.02e-12 6.39e-08 6.08e-10 4.00e-07 3.98e-09 3.84e-08 6.79e-09 3.98e-09 3.97e-09 3.97e-09 1.79e-08 1.03e-07 4.00e-07 4.00e-09 3.84e-08 6.79e-09 4.00e-09 4.00e-09 4.00e-09 1.79e-08 1.03e-07
49317 6.02000e+03 -8.03997e+00 2.27832e-07 1.67397e-09 1.04e-06 1.87e-09 4.82e-08 3.83e-08 1.05e-08 5.08e-11 3.15e-12 8.15e-08 1.67e-09 4.00e-07 3.98e-09 3.84e-08 6.79e-09 3.98e-09 3.97e-09 3.97e-09 1.80e-08 1.03e-07 4.00e-07 4.00e-09 3.84e-08 6.79e-09 4.00e-09 4.00e-09 4.00e-09 1.80e-08 1.03e-07
49357 6.02400e+03 -8.07056e+00 2.24900e-07 1.06808e-09 1.03e-06 1.82e-09 4.75e-08 3.71e-08 1.05e-08 5.83e-11 1.08e-11 7.65e-08 1.07e-09 4.00e-07 3.98e-09 3.84e-08 6.80e-09 3.98e-09 3.97e-09 3.97e-09 1.80e-08 1.03e-07 4.00e-07 4.00e-09 3.84e-08 6.80e-09 4.00e-09 4.00e-09 4.00e-09 1.80e-08 1.03e-07
49397 6.02800e+03 -8.14908e+00 2.22028e-07 3.57509e-10 1.02e-06 1.84e-09 4.54e-08 3.27e-08 9.08e-09 5.36e-11 4.08e-12 7.04e-08 3.58e-10 4.00e-07 3.98e-09 3.84e-08 6.80e-09 3.98e-09 3.97e-09 3.97e-09 1.80e-08 1.03e-07 4.00e-07 4.00e-09 3.84e-08 6.80e-09 4.00e-09 4.00e-09 4.00e-09 1.80e-08 1.03e-07
49437 6.03200e+03 -8.24952e+00 2.71909e-07 3.16983e-09 1.27e-06 1.90e-09 5.73e-08 2.49e-08 6.74e-09 5.27e-11 3.08e-12 5.15e-08 3.17e-09 4.00e-07 3.98e-09 3.84e-08 6.80e-09 3.98e-09 3.97e-09 3.97e-09 1.80e-08 1.03e-07 4.00e-07 4.00e-09 3.84e-08 6.80e-09 4.00e-09 4.00e-09 4.00e-09 1.80e-08 1.03e-07
49477 6.03600e+03 -8.73961e+00 2.17031e-07 3.96560e-09 1.06e-06 1.74e-09 2.24e-08 2.91e-09 3.86e-10 5.97e-11 2.24e-12 5.97e-09 3.97e-09 4.00e-07 3.98e-09 3.84e-08 6.81e-09 3.98e-09 3.97e-09 3.97e-09 1.80e-08 1.03e-07 4.00e-07 4.00e-09 3.84e-08 6.81e-09 4.00e-09 4.00e-09 4.00e-09 1.80e-08 1.03e-07
49517 6.04000e+03 -8.74216e+00 2.12150e-07 2.60677e-08 1.03e-06 1.93e-09 2.30e-08 1.57e-09 2.75e-10 7.11e-11 1.58e-12 5.18e-09 2.61e-08 4.00e-07 3.98e-09 3.84e-08 6.80e-09 3.98e-09 3.97e-09 3.97e-09 1.80e-08 1.03e-07 4.00e-07 4.00e-09 3.84e-08 6.80e-09 4.00e-09 4.00e-09 4.00e-09 1.80e-08 1.03e-07
49557 6.04400e+03 -8.51097e+00 2.15205e-07 2.58813e-07 1.04e-06 1.88e-09 2.89e-08 6.84e-09 1.68e-09 6.16e-11 5.05e-12 1.64e-08 2.59e-07 4.00e-07 3.98e-09 3.84e-08 6.81e-09 3.98e-09 3.97e-09 3.97e-09 1.80e-08 1.03e-07 4.00e-07 4.00e-09 3.84e-08 6.81e-09 4.00e-09 4.00e-09 4.00e-09 1.80e-08 1.03e-07
49597 6.04800e+03 -8.75127e+00 2.05802e-07 3.86242e-10 1.00e-06 1.92e-09 2.24e-08 2.15e-09 4.76e-10 6.72e-11 1.17e-12 6.10e-09 3.86e-10 4.00e-07 3.98e-09 3.84e-08 6.81e-09 3.98e-09 3.97e-09 3.97e-09 1.80e-08 1.03e-07 4.00e-07 4.00e-09 3.84e-08 6.81e-09 4.00e-09 4.00e-09 4.00e-09 1.80e-08 1.03e-07
49637 6.05200e+03 -8.75269e+00 2.08638e-07 5.90065e-10 1.02e-06 2.03e-09 2.23e-08 1.87e-09 4.16e-10 6.03e-11 1.59e-12 5.54e-09 5.90e-10 4.00e-07 3.98e-09 3.84e-08 6.80e-09 3.98e-09 3.97e-09 3.97e-09 1.80e-08 1.03e-07 4.00e-07 4.00e-09 3.84e-08 6.80e-09 4.00e-09 4.00e-09 4.00e-09 1.80e-08 1.03e-07
49677 6.05600e+03 -8.76063e+00 2.09979e-07 8.69121e-09 1.03e-06 1.84e-09 2.13e-08 1.14e-09 2.50e-10 5.74e-11 1.18e-12 5.23e-09 8.69e-09 4.00e-07 3.98e-09 3.83e-08 6.80e-09 3.98e-09 3.97e-09 3.97e-09 1.80e-08 1.03e-07 4.00e-07 4.00e-09 3.83e-08 6.80e-09 4.00e-09 4.00e-09 4.00e-09 1.80e-08 1.03e-07
49717 6.06000e+03 -8.73521e+00 2.23785e-07 7.70730e-09 1.09e-06 1.99e-09 2.46e-08 1.92e-09 4.83e-10 6.07e-11 6.69e-13 5.36e-09 7.71e-09 4.00e-07 3.98e-09 3.83e-08 6.80e-09 3.98e-09 3.97e-09 3.97e-09 1.80e-08 1.03e-07 4.00e-07 4.00e-09 3.83e-08 6.80e-09 4.00e-09 4.00e-09 4.00e-09 1.80e-08 1.03e-07
49757 6.06400e+03 -8.75378e+00 2.01556e-07 1.97614e-09 9.80e-07 1.87e-09 2.32e-08 2.25e-09 5.74e-10 5.66e-11 1.56e-12 5.26e-09 1.98e-09 3.99e-07 3.98e-09 3.83e-08 6.80e-09 3.98e-09 3.97e-09 3.97e-09 1.80e-08 1.03e-07 3.99e-07 3.99e-09 3.83e-08 6.80e-09 3.99e-09 3.99e-09 3.99e-09 1.80e-08 1.03e-07
49797 6.06800e+03 -8.76462e+00 2.01525e-07 8.07107e-10 9.82e-07 2.01e-09 2.11e-08 1.64e-09 4.11e-10 5.77e-11 1.24e-12 4.57e-09 8.07e-10 3.99e-07 3.98e-09 3.83e-08 6.80e-09 3.98e-09 3.97e-09 3.97e-09 1.80e-08 1.03e-07 3.99e-07 3.99e-09 3.83e-08 6.80e-09 3.99e-09 3.99e-09 3.99e-09 1.80e-08 1.03e-07
49837 6.07200e+03 -8.76076e+00 2.06821e-07 6.76076e-09 1.01e-06 1.87e-09 2.12e-08 1.56e-09 3.92e-10 5.65e-11 7.55e-13 4.47e-09 6.76e-09 3.99e-07 3.98e-09 3.83e-08 6.80e-09 3.98e-09 3.97e-09 3.97e-09 1.80e-08 1.03e-07 3.99e-07 3.99e-09 3.83e-08 6.80e-09 3.99e-09 3.99e-09 3.99e-09 1.80e-08 1.03e-07
49877 6.07600e+03 -8.75449e+00 2.03089e-07 8.13829e-10 9.89e-07 2.04e-09 2.20e-08 2.16e-09 5.42e-10 5.90e-11 1.34e-12 5.09e-09 8.14e-10 3.99e-07 3.98e-09 3.83e-08 6.80e-09 3.98e-09 3.97e-09 3.97e-09 1.80e-08 1.03e-07 3.99e-07 3.99e-09 3.83e-08 6.80e-09 3.99e-09 3.99e-09 3.99e-09 1.80e-08 1.03e-07
49917 6.08000e+03 -8.76383e+00 2.00088e-07 8.72379e-10 9.74e-07 1.97e-09 2.19e-08 1.72e-09 4.25e-10 6.38e-11 1.86e-12 4.74e-09 8.72e-10 3.99e-07 3.98e-09 3.83e-08 6.80e-09 3.98e-09 3.97e-09 3.97e-09 1.80e-08 1.03e-07 3.99e-07 3.99e-09 3.83e-08 6.80e-09 3.99e-09 3.99e-09 3.99e-09 1.80e-08 1.03e-07
49957 6.08400e+03 -8.75561e+00 2.05693e-07 7.47889e-10 1.00e-06 2.09e-09 2.27e-08 1.80e-09 4.58e-10 6.77e-11 2.08e-12 4.93e-09 7.48e-10 3.99e-07 3.98e-09 3.83e-08 6.80e-09 3.98e-09 3.97e-09 3.97e-09 1.80e-08 1.03e-07 3.99e-07 3.99e-09 3.83e-08 6.80e-09 3.99e-09 3.99e-09 3.99e-09 1.80e-08 1.03e-07
49997 6.08800e+03 -8.74902e+00 2.13063e-07 5.92843e-10 1.04e-06 1.91e-09 2.29e-08 2.09e-09 5.36e-10 6.39e-11 1.87e-12 5.07e-09 5.93e-10 3.99e-07 3.98e-09 3.83e-08 6.80e-09 3.98e-09 3.97e-09 3.97e-09 1.80e-08 1.03e-07 3.99e-07 3.99e-09 3.83e-08 6.80e-09 3.99e-09 3.99e-09 3.99e-09 1.80e-08 1.03e-07
