5 0.00000e+00 7.33711e-02 2.10166e-01 1.03859e+00 7.30e-03 1.31e-04 4.95e-02 2.24e-06 9.94e-01 3.51e-06 1.57e-06 9.96e-01 9.96e-01 9.96e-01 9.96e-01 1.00e+00 9.96e-01 9.96e-01 9.96e-01 9.96e-01 9.96e-01 9.96e-01 1.00e+00 9.96e-01 9.96e-01
55 1.00000e+01 2.85692e-02 1.46809e-01 5.83966e-02 3.18e-03 8.12e-04 6.16e-03 3.48e-04 7.24e-01 1.28e-03 1.79e-03 9.47e-01 9.47e-01 9.47e-01 9.47e-01 9.53e-01 9.47e-01 9.47e-01 9.47e-01 9.47e-01 9.47e-01 9.47e-01 9.53e-01 9.47e-01 9.47e-01
105 2.00000e+01 -2.52536e-02 6.50210e-02 3.15362e-02 6.23e-03 6.55e-03 2.61e-02 1.61e-02 2.70e-01 1.51e-03 2.39e-02 9.00e-01 9.01e-01 9.00e-01 9.01e-01 8.85e-01 9.01e-01 9.01e-01 9.00e-01 9.01e-01 9.00e-01 9.01e-01 8.85e-01 9.01e-01 9.01e-01
155 3.00000e+01 -6.94101e-02 2.51930e-02 1.31887e-03 1.79e-03 1.75e-03 2.85e-02 2.22e-02 7.17e-02 2.18e-04 5.67e-03 8.56e-01 8.57e-01 8.57e-01 8.58e-01 8.15e-01 8.57e-01 8.58e-01 8.56e-01 8.57e-01 8.57e-01 8.58e-01 8.15e-01 8.57e-01 8.58e-01
205 4.00000e+01 -1.01370e-01 1.36453e-02 3.59573e-03 9.15e-04 9.48e-04 3.21e-02 1.35e-02 2.08e-02 4.27e-05 4.27e-04 8.14e-01 8.16e-01 8.15e-01 8.17e-01 7.55e-01 8.15e-01 8.16e-01 8.14e-01 8.16e-01 8.15e-01 8.17e-01 7.55e-01 8.15e-01 8.16e-01
255 5.00000e+01 -1.29583e-01 9.04971e-03 3.80099e-03 5.02e-04 6.00e-04 2.78e-02 8.30e-03 8.01e-03 3.46e-05 1.57e-04 7.74e-01 7.76e-01 7.76e-01 7.77e-01 7.05e-01 7.76e-01 7.76e-01 7.74e-01 7.76e-01 7.76e-01 7.77e-01 7.05e-01 7.76e-01 7.76e-01
305 6.00000e+01 -1.56571e-01 6.62962e-03 1.57910e-04 2.38e-04 5.46e-04 2.12e-02 6.22e-03 4.96e-03 3.30e-05 3.50e-05 7.36e-01 7.38e-01 7.38e-01 7.39e-01 6.62e-01 7.38e-01 7.38e-01 7.36e-01 7.38e-01 7.38e-01 7.39e-01 6.62e-01 7.38e-01 7.38e-01
355 7.00000e+01 -1.82748e-01 5.56957e-03 2.95797e-04 1.93e-04 5.67e-04 1.75e-02 5.00e-03 4.59e-03 2.04e-05 2.87e-05 7.00e-01 7.02e-01 7.02e-01 7.03e-01 6.23e-01 7.02e-01 7.02e-01 7.00e-01 7.02e-01 7.02e-01 7.03e-01 6.23e-01 7.02e-01 7.02e-01
405 8.00000e+01 -2.08458e-01 5.19189e-03 5.93782e-05 1.45e-04 5.41e-04 1.65e-02 4.19e-03 4.56e-03 1.61e-05 1.45e-05 6.65e-01 6.68e-01 6.68e-01 6.68e-01 5.88e-01 6.68e-01 6.67e-01 6.65e-01 6.68e-01 6.68e-01 6.68e-01 5.88e-01 6.68e-01 6.67e-01
455 9.00000e+01 -2.34027e-01 4.85533e-03 1.38077e-02 1.13e-04 5.22e-04 1.50e-02 3.48e-03 5.15e-03 1.19e-05 1.32e-04 6.33e-01 6.35e-01 6.35e-01 6.36e-01 5.55e-01 6.35e-01 6.35e-01 6.33e-01 6.35e-01 6.35e-01 6.36e-01 5.55e-01 6.35e-01 6.35e-01
505 1.00000e+02 -2.59479e-01 4.61852e-03 4.87774e-03 1.17e-04 5.07e-04 1.47e-02 2.85e-03 4.90e-03 1.11e-05 2.06e-04 6.02e-01 6.04e-01 6.04e-01 6.04e-01 5.25e-01 6.04e-01 6.04e-01 6.02e-01 6.04e-01 6.04e-01 6.04e-01 5.25e-01 6.04e-01 6.04e-01
555 1.10000e+02 -2.84602e-01 4.83869e-03 1.72494e-02 1.09e-04 4.34e-04 1.56e-02 2.27e-03 5.77e-03 4.96e-06 4.57e-06 5.72e-01 5.75e-01 5.75e-01 5.75e-01 4.97e-01 5.75e-01 5.74e-01 5.72e-01 5.75e-01 5.75e-01 5.75e-01 4.97e-01 5.75e-01 5.74e-01
605 1.20000e+02 -3.09913e-01 4.64543e-03 2.59504e-02 1.05e-04 3.91e-04 1.53e-02 1.91e-03 5.51e-03 4.54e-06 1.70e-05 5.44e-01 5.47e-01 5.46e-01 5.47e-01 4.70e-01 5.47e-01 5.46e-01 5.44e-01 5.47e-01 5.46e-01 5.47e-01 4.70e-01 5.47e-01 5.46e-01
655 1.30000e+02 -3.35669e-01 3.81830e-03 3.73466e-03 9.04e-05 3.53e-04 1.32e-02 1.70e-03 3.71e-03 3.33e-06 2.66e-05 5.18e-01 5.20e-01 5.20e-01 5.20e-01 4.46e-01 5.20e-01 5.20e-01 5.18e-01 5.20e-01 5.20e-01 5.20e-01 4.46e-01 5.20e-01 5.20e-01
705 1.40000e+02 -3.60685e-01 3.96324e-03 7.15215e-03 7.78e-05 3.22e-04 1.38e-02 1.65e-03 4.00e-03 6.08e-07 1.95e-05 4.93e-01 4.95e-01 4.94e-01 4.94e-01 4.23e-01 4.95e-01 4.94e-01 4.93e-01 4.95e-01 4.94e-01 4.94e-01 4.23e-01 4.95e-01 4.94e-01
755 1.50000e+02 -3.86042e-01 3.60107e-03 3.34569e-03 6.61e-05 2.72e-04 1.22e-02 1.58e-03 3.90e-03 3.08e-06 1.18e-04 4.69e-01 4.70e-01 4.70e-01 4.70e-01 4.01e-01 4.70e-01 4.70e-01 4.69e-01 4.70e-01 4.70e-01 4.70e-01 4.01e-01 4.70e-01 4.70e-01
805 1.60000e+02 -4.10055e-01 4.81661e-03 3.58138e-02 7.52e-05 2.29e-04 1.49e-02 1.56e-03 7.29e-03 5.63e-07 3.88e-05 4.46e-01 4.47e-01 4.47e-01 4.47e-01 3.80e-01 4.47e-01 4.47e-01 4.46e-01 4.47e-01 4.47e-01 4.47e-01 3.80e-01 4.47e-01 4.47e-01
855 1.70000e+02 -4.36328e-01 3.38804e-03 5.25372e-03 6.05e-05 1.84e-04 1.16e-02 1.56e-03 3.54e-03 1.03e-06 1.06e-04 4.24e-01 4.26e-01 4.26e-01 4.25e-01 3.61e-01 4.26e-01 4.25e-01 4.24e-01 4.26e-01 4.26e-01 4.25e-01 3.61e-01 4.26e-01 4.25e-01
905 1.80000e+02 -4.60954e-01 3.74870e-03 2.41478e-02 2.39e-04 1.81e-04 1.10e-02 1.49e-03 5.88e-03 4.23e-07 1.32e-04 4.03e-01 4.05e-01 4.05e-01 4.05e-01 3.42e-01 4.05e-01 4.05e-01 4.03e-01 4.05e-01 4.05e-01 4.05e-01 3.42e-01 4.05e-01 4.05e-01
955 1.90000e+02 -4.86301e-01 3.39711e-03 7.77217e-03 7.49e-05 1.54e-04 1.14e-02 1.54e-03 3.83e-03 1.20e-06 1.16e-04 3.83e-01 3.85e-01 3.85e-01 3.85e-01 3.25e-01 3.85e-01 3.85e-01 3.83e-01 3.85e-01 3.85e-01 3.85e-01 3.25e-01 3.85e-01 3.85e-01
1005 2.00000e+02 -5.11513e-01 3.18461e-03 7.19356e-05 8.16e-04 1.40e-04 1.05e-02 1.53e-03 2.99e-03 6.78e-07 5.10e-05 3.65e-01 3.66e-01 3.66e-01 3.66e-01 3.09e-01 3.66e-01 3.66e-01 3.65e-01 3.66e-01 3.66e-01 3.66e-01 3.09e-01 3.66e-01 3.66e-01
1055 2.10000e+02 -5.36421e-01 3.21403e-03 4.06781e-03 8.86e-05 1.16e-04 1.12e-02 1.50e-03 3.22e-03 6.60e-07 4.61e-05 3.47e-01 3.48e-01 3.49e-01 3.48e-01 2.93e-01 3.48e-01 3.48e-01 3.47e-01 3.48e-01 3.49e-01 3.48e-01 2.93e-01 3.48e-01 3.48e-01
1105 2.20000e+02 -5.61581e-01 3.01306e-03 8.04502e-04 7.09e-05 1.07e-04 1.04e-02 1.46e-03 3.06e-03 1.21e-06 2.84e-05 3.30e-01 3.31e-01 3.32e-01 3.31e-01 2.78e-01 3.31e-01 3.31e-01 3.30e-01 3.31e-01 3.32e-01 3.31e-01 2.78e-01 3.31e-01 3.31e-01
1155 2.30000e+02 -5.85602e-01 3.72561e-03 1.54007e-02 2.80e-04 1.05e-04 1.17e-02 1.48e-03 5.04e-03 6.12e-07 2.37e-05 3.14e-01 3.15e-01 3.16e-01 3.15e-01 2.65e-01 3.15e-01 3.15e-01 3.14e-01 3.15e-01 3.16e-01 3.15e-01 2.65e-01 3.15e-01 3.15e-01
1205 2.40000e+02 -6.10677e-01 3.52217e-03 3.50371e-02 2.56e-04 8.89e-05 1.08e-02 1.41e-03 5.03e-03 1.05e-06 7.67e-05 2.99e-01 3.00e-01 3.00e-01 3.00e-01 2.51e-01 3.00e-01 3.00e-01 2.99e-01 3.00e-01 3.00e-01 3.00e-01 2.51e-01 3.00e-01 3.00e-01
1255 2.50000e+02 -6.35603e-01 3.48605e-03 2.38049e-02 2.86e-04 8.17e-05 1.17e-02 1.40e-03 3.99e-03 1.69e-06 1.55e-05 2.84e-01 2.85e-01 2.86e-01 2.85e-01 2.39e-01 2.85e-01 2.85e-01 2.84e-01 2.85e-01 2.86e-01 2.85e-01 2.39e-01 2.85e-01 2.85e-01
1305 2.60000e+02 -6.61284e-01 2.85826e-03 5.21690e-04 9.20e-05 7.92e-05 9.65e-03 1.38e-03 3.08e-03 1.42e-06 7.25e-05 2.70e-01 2.71e-01 2.72e-01 2.71e-01 2.27e-01 2.71e-01 2.71e-01 2.70e-01 2.71e-01 2.72e-01 2.71e-01 2.27e-01 2.71e-01 2.71e-01
1355 2.70000e+02 -6.86292e-01 2.75908e-03 2.64246e-03 9.92e-05 7.43e-05 9.25e-03 1.34e-03 3.04e-03 7.02e-07 1.55e-05 2.57e-01 2.58e-01 2.59e-01 2.58e-01 2.16e-01 2.58e-01 2.58e-01 2.57e-01 2.58e-01 2.59e-01 2.58e-01 2.16e-01 2.58e-01 2.58e-01
1405 2.80000e+02 -7.11112e-01 2.75235e-03 3.53569e-03 1.30e-04 7.06e-05 9.06e-03 1.36e-03 3.14e-03 4.44e-07 1.15e-05 2.44e-01 2.46e-01 2.46e-01 2.45e-01 2.05e-01 2.46e-01 2.45e-01 2.44e-01 2.46e-01 2.46e-01 2.45e-01 2.05e-01 2.46e-01 2.45e-01
1455 2.90000e+02 -7.36133e-01 2.62680e-03 1.74228e-03 1.14e-04 6.71e-05 8.89e-03 1.36e-03 2.70e-03 4.09e-07 4.31e-05 2.33e-01 2.34e-01 2.34e-01 2.33e-01 1.95e-01 2.34e-01 2.33e-01 2.33e-01 2.34e-01 2.34e-01 2.33e-01 1.95e-01 2.34e-01 2.33e-01
1505 3.00000e+02 -7.60669e-01 2.78193e-03 3.09594e-03 1.55e-04 6.57e-05 9.07e-03 1.34e-03 3.28e-03 9.56e-07 4.85e-06 2.21e-01 2.22e-01 2.23e-01 2.22e-01 1.85e-01 2.22e-01 2.22e-01 2.21e-01 2.22e-01 2.23e-01 2.22e-01 1.85e-01 2.22e-01 2.22e-01
1555 3.10000e+02 -7.85738e-01 2.58580e-03 1.01844e-02 1.13e-04 6.19e-05 8.22e-03 1.30e-03 3.23e-03 1.72e-06 4.31e-05 2.10e-01 2.11e-01 2.12e-01 2.11e-01 1.76e-01 2.11e-01 2.11e-01 2.10e-01 2.11e-01 2.12e-01 2.11e-01 1.76e-01 2.11e-01 2.11e-01
1605 3.20000e+02 -8.07559e-01 4.01503e-03 4.60481e-02 1.47e-04 7.30e-05 9.78e-03 1.27e-03 8.81e-03 7.82e-07 9.14e-05 2.00e-01 2.01e-01 2.02e-01 2.01e-01 1.67e-01 2.01e-01 2.01e-01 2.00e-01 2.01e-01 2.02e-01 2.01e-01 1.67e-01 2.01e-01 2.01e-01
1655 3.30000e+02 -8.35986e-01 2.23360e-03 1.26075e-04 1.20e-04 6.68e-05 7.33e-03 1.24e-03 2.41e-03 2.53e-06 2.83e-05 1.90e-01 1.91e-01 1.92e-01 1.91e-01 1.59e-01 1.91e-01 1.91e-01 1.90e-01 1.91e-01 1.92e-01 1.91e-01 1.59e-01 1.91e-01 1.91e-01
1705 3.40000e+02 -8.58416e-01 3.40191e-03 3.16412e-03 5.71e-03 7.17e-05 7.35e-03 1.25e-03 2.63e-03 2.83e-06 5.85e-05 1.81e-01 1.82e-01 1.83e-01 1.82e-01 1.51e-01 1.82e-01 1.82e-01 1.81e-01 1.82e-01 1.83e-01 1.82e-01 1.51e-01 1.82e-01 1.82e-01
1755 3.50000e+02 -8.85941e-01 2.04041e-03 1.15478e-04 1.47e-04 7.30e-05 6.76e-03 1.21e-03 2.01e-03 2.50e-06 2.22e-05 1.72e-01 1.73e-01 1.74e-01 1.73e-01 1.44e-01 1.73e-01 1.73e-01 1.72e-01 1.73e-01 1.74e-01 1.73e-01 1.44e-01 1.73e-01 1.73e-01
1805 3.60000e+02 -9.10083e-01 2.27195e-03 1.03960e-02 1.52e-04 6.98e-05 6.81e-03 1.16e-03 3.16e-03 3.11e-06 5.73e-05 1.64e-01 1.65e-01 1.66e-01 1.64e-01 1.37e-01 1.65e-01 1.64e-01 1.64e-01 1.65e-01 1.66e-01 1.64e-01 1.37e-01 1.65e-01 1.64e-01
1855 3.70000e+02 -9.33177e-01 2.88256e-03 3.27022e-02 5.35e-04 7.15e-05 7.18e-03 1.15e-03 5.48e-03 6.96e-06 1.11e-04 1.56e-01 1.57e-01 1.58e-01 1.56e-01 1.30e-01 1.57e-01 1.56e-01 1.56e-01 1.57e-01 1.58e-01 1.56e-01 1.30e-01 1.57e-01 1.56e-01
1905 3.80000e+02 -9.60697e-01 1.82949e-03 7.31582e-04 3.36e-04 6.12e-05 5.84e-03 1.05e-03 1.86e-03 3.59e-06 2.55e-05 1.48e-01 1.49e-01 1.50e-01 1.49e-01 1.24e-01 1.49e-01 1.49e-01 1.48e-01 1.49e-01 1.50e-01 1.49e-01 1.24e-01 1.49e-01 1.49e-01
1955 3.90000e+02 -9.85174e-01 1.91119e-03 5.12432e-03 1.13e-04 5.65e-05 5.84e-03 1.04e-03 2.50e-03 4.21e-06 4.90e-05 1.41e-01 1.42e-01 1.43e-01 1.42e-01 1.18e-01 1.42e-01 1.42e-01 1.41e-01 1.42e-01 1.43e-01 1.42e-01 1.18e-01 1.42e-01 1.42e-01
2005 4.00000e+02 -1.00964e+00 2.00376e-03 6.39140e-03 1.13e-04 5.94e-05 6.33e-03 1.02e-03 2.50e-03 1.95e-06 5.83e-05 1.34e-01 1.35e-01 1.36e-01 1.35e-01 1.12e-01 1.35e-01 1.35e-01 1.34e-01 1.35e-01 1.36e-01 1.35e-01 1.12e-01 1.35e-01 1.35e-01
2055 4.10000e+02 -1.03532e+00 1.67626e-03 3.51893e-04 2.11e-04 5.36e-05 5.28e-03 1.01e-03 1.82e-03 1.67e-06 4.24e-05 1.28e-01 1.28e-01 1.29e-01 1.28e-01 1.06e-01 1.28e-01 1.28e-01 1.28e-01 1.28e-01 1.29e-01 1.28e-01 1.06e-01 1.28e-01 1.28e-01
2105 4.20000e+02 -1.05902e+00 1.95815e-03 4.72636e-03 9.03e-05 5.21e-05 5.89e-03 9.63e-04 2.79e-03 8.22e-06 1.06e-04 1.21e-01 1.22e-01 1.23e-01 1.22e-01 1.01e-01 1.22e-01 1.22e-01 1.21e-01 1.22e-01 1.23e-01 1.22e-01 1.01e-01 1.22e-01 1.22e-01
2155 4.30000e+02 -1.08315e+00 2.13530e-03 5.78528e-03 3.90e-04 5.31e-05 6.31e-03 1.01e-03 2.91e-03 1.40e-06 3.86e-05 1.16e-01 1.16e-01 1.17e-01 1.16e-01 9.64e-02 1.16e-01 1.16e-01 1.16e-01 1.16e-01 1.17e-01 1.16e-01 9.64e-02 1.16e-01 1.16e-01
2205 4.40000e+02 -1.10814e+00 2.00044e-03 9.18554e-03 1.15e-04 4.42e-05 5.54e-03 9.50e-04 3.35e-03 2.22e-06 3.04e-05 1.10e-01 1.10e-01 1.11e-01 1.10e-01 9.17e-02 1.10e-01 1.10e-01 1.10e-01 1.10e-01 1.11e-01 1.10e-01 9.17e-02 1.10e-01 1.10e-01
2255 4.50000e+02 -1.13264e+00 1.89440e-03 3.31883e-03 1.01e-04 4.15e-05 5.53e-03 9.40e-04 2.86e-03 1.89e-06 4.78e-05 1.05e-01 1.05e-01 1.06e-01 1.05e-01 8.73e-02 1.05e-01 1.05e-01 1.05e-01 1.05e-01 1.06e-01 1.05e-01 8.73e-02 1.05e-01 1.05e-01
2305 4.60000e+02 -1.15785e+00 1.74955e-03 2.35554e-03 6.87e-05 4.14e-05 5.58e-03 9.29e-04 2.12e-03 1.27e-06 4.94e-05 9.96e-02 9.99e-02 1.01e-01 9.99e-02 8.31e-02 9.99e-02 9.98e-02 9.96e-02 9.99e-02 1.01e-01 9.99e-02 8.31e-02 9.99e-02 9.98e-02
2355 4.70000e+02 -1.18332e+00 1.54194e-03 2.09214e-03 6.86e-05 3.88e-05 5.06e-03 9.20e-04 1.63e-03 2.56e-06 3.05e-05 9.47e-02 9.50e-02 9.62e-02 9.51e-02 7.90e-02 9.51e-02 9.50e-02 9.47e-02 9.50e-02 9.62e-02 9.51e-02 7.90e-02 9.51e-02 9.50e-02
2405 4.80000e+02 -1.20609e+00 1.95294e-03 8.26518e-03 5.06e-04 3.59e-05 5.30e-03 8.98e-04 3.03e-03 3.23e-06 7.26e-05 9.01e-02 9.04e-02 9.15e-02 9.04e-02 7.52e-02 9.04e-02 9.03e-02 9.01e-02 9.04e-02 9.15e-02 9.04e-02 7.52e-02 9.04e-02 9.03e-02
2455 4.90000e+02 -1.23250e+00 1.54625e-03 3.13331e-03 1.34e-04 3.24e-05 4.97e-03 8.71e-04 1.73e-03 1.27e-06 3.31e-05 8.57e-02 8.60e-02 8.72e-02 8.60e-02 7.15e-02 8.60e-02 8.59e-02 8.57e-02 8.60e-02 8.72e-02 8.60e-02 7.15e-02 8.60e-02 8.59e-02
2505 5.00000e+02 -1.25305e+00 2.36295e-03 4.28201e-02 1.74e-04 3.02e-05 6.27e-03 8.55e-04 4.48e-03 7.19e-07 3.55e-05 8.15e-02 8.18e-02 8.30e-02 8.19e-02 6.80e-02 8.18e-02 8.17e-02 8.15e-02 8.18e-02 8.30e-02 8.19e-02 6.80e-02 8.18e-02 8.17e-02
2555 5.10000e+02 -1.28183e+00 1.49522e-03 7.57724e-04 7.03e-05 3.00e-05 4.82e-03 9.04e-04 1.65e-03 1.25e-06 8.10e-05 7.76e-02 7.78e-02 7.90e-02 7.79e-02 6.47e-02 7.78e-02 7.77e-02 7.76e-02 7.78e-02 7.90e-02 7.79e-02 6.47e-02 7.78e-02 7.77e-02
2605 5.20000e+02 -1.30498e+00 1.74304e-03 3.07894e-03 6.54e-05 2.79e-05 4.86e-03 8.61e-04 2.90e-03 9.59e-07 3.70e-05 7.38e-02 7.40e-02 7.52e-02 7.41e-02 6.16e-02 7.40e-02 7.40e-02 7.38e-02 7.40e-02 7.52e-02 7.41e-02 6.16e-02 7.40e-02 7.40e-02
2655 5.30000e+02 -1.33093e+00 1.50061e-03 4.26338e-04 2.72e-04 2.57e-05 4.85e-03 8.38e-04 1.52e-03 6.44e-07 2.91e-05 7.02e-02 7.04e-02 7.16e-02 7.05e-02 5.86e-02 7.04e-02 7.03e-02 7.02e-02 7.04e-02 7.16e-02 7.05e-02 5.86e-02 7.04e-02 7.03e-02
2705 5.40000e+02 -1.35443e+00 1.55379e-03 1.22896e-03 1.15e-04 2.69e-05 4.71e-03 8.31e-04 2.08e-03 8.87e-07 5.32e-05 6.68e-02 6.70e-02 6.83e-02 6.71e-02 5.59e-02 6.71e-02 6.70e-02 6.68e-02 6.70e-02 6.83e-02 6.71e-02 5.59e-02 6.71e-02 6.70e-02
2755 5.50000e+02 -1.37379e+00 2.34332e-03 6.81273e-03 7.63e-04 2.46e-05 5.19e-03 8.27e-04 4.91e-03 2.83e-06 7.49e-05 6.36e-02 6.38e-02 6.50e-02 6.39e-02 5.32e-02 6.38e-02 6.37e-02 6.36e-02 6.38e-02 6.50e-02 6.39e-02 5.32e-02 6.38e-02 6.37e-02
2805 5.60000e+02 -1.40426e+00 1.41373e-03 3.07646e-03 7.71e-05 2.84e-05 4.73e-03 8.00e-04 1.43e-03 9.51e-07 4.36e-05 6.05e-02 6.07e-02 6.19e-02 6.08e-02 5.06e-02 6.07e-02 6.06e-02 6.05e-02 6.07e-02 6.19e-02 6.08e-02 5.06e-02 6.07e-02 6.06e-02
2855 5.70000e+02 -1.42813e+00 1.48080e-03 4.76288e-03 1.46e-04 2.62e-05 4.57e-03 7.79e-04 1.89e-03 2.54e-06 4.11e-05 5.75e-02 5.77e-02 5.90e-02 5.78e-02 4.81e-02 5.77e-02 5.77e-02 5.75e-02 5.77e-02 5.90e-02 5.78e-02 4.81e-02 5.77e-02 5.77e-02
2905 5.80000e+02 -1.45264e+00 1.46597e-03 1.94575e-03 6.78e-04 2.45e-05 4.42e-03 7.52e-04 1.46e-03 2.04e-06 3.17e-05 5.47e-02 5.49e-02 5.62e-02 5.50e-02 4.59e-02 5.49e-02 5.48e-02 5.47e-02 5.49e-02 5.62e-02 5.50e-02 4.59e-02 5.49e-02 5.48e-02
2955 5.90000e+02 -1.47660e+00 1.50757e-03 1.51217e-02 8.78e-05 2.66e-05 4.75e-03 6.93e-04 1.98e-03 3.18e-06 2.56e-05 5.21e-02 5.22e-02 5.35e-02 5.23e-02 4.36e-02 5.22e-02 5.22e-02 5.21e-02 5.22e-02 5.35e-02 5.23e-02 4.36e-02 5.22e-02 5.22e-02
3005 6.00000e+02 -1.50172e+00 1.40555e-03 5.98764e-03 1.21e-04 2.78e-05 4.42e-03 6.84e-04 1.77e-03 2.46e-06 2.22e-05 4.95e-02 4.97e-02 5.10e-02 4.98e-02 4.15e-02 4.97e-02 4.96e-02 4.95e-02 4.97e-02 5.10e-02 4.98e-02 4.15e-02 4.97e-02 4.96e-02
3055 6.10000e+02 -1.52484e+00 1.52991e-03 1.44186e-03 4.23e-04 2.90e-05 4.05e-03 6.41e-04 2.50e-03 3.48e-06 1.77e-05 4.71e-02 4.72e-02 4.86e-02 4.74e-02 3.95e-02 4.73e-02 4.72e-02 4.71e-02 4.72e-02 4.86e-02 4.74e-02 3.95e-02 4.73e-02 4.72e-02
3105 6.20000e+02 -1.55171e+00 1.22569e-03 9.87039e-04 6.00e-05 2.85e-05 4.02e-03 6.14e-04 1.41e-03 2.88e-06 5.43e-05 4.48e-02 4.49e-02 4.63e-02 4.51e-02 3.76e-02 4.50e-02 4.49e-02 4.48e-02 4.49e-02 4.63e-02 4.51e-02 3.76e-02 4.50e-02 4.49e-02
3155 6.30000e+02 -1.57705e+00 1.12604e-03 2.44242e-03 6.62e-05 3.02e-05 3.87e-03 5.84e-04 1.08e-03 2.61e-06 1.74e-05 4.26e-02 4.27e-02 4.41e-02 4.29e-02 3.58e-02 4.28e-02 4.27e-02 4.26e-02 4.27e-02 4.41e-02 4.29e-02 3.58e-02 4.28e-02 4.27e-02
3205 6.40000e+02 -1.60077e+00 1.18694e-03 9.27579e-04 7.98e-05 3.65e-05 4.06e-03 5.40e-04 1.22e-03 5.99e-06 2.19e-05 4.06e-02 4.07e-02 4.20e-02 4.08e-02 3.41e-02 4.07e-02 4.06e-02 4.06e-02 4.07e-02 4.20e-02 4.08e-02 3.41e-02 4.07e-02 4.06e-02
3255 6.50000e+02 -1.62201e+00 1.45875e-03 6.94643e-03 8.62e-05 2.93e-05 4.27e-03 5.50e-04 2.36e-03 4.70e-06 2.84e-05 3.86e-02 3.87e-02 4.01e-02 3.88e-02 3.25e-02 3.87e-02 3.87e-02 3.86e-02 3.87e-02 4.01e-02 3.88e-02 3.25e-02 3.87e-02 3.87e-02
3305 6.60000e+02 -1.64956e+00 1.13232e-03 3.32666e-04 2.65e-04 3.24e-05 3.85e-03 5.18e-04 9.91e-04 2.65e-06 1.16e-04 3.67e-02 3.68e-02 3.82e-02 3.69e-02 3.09e-02 3.68e-02 3.68e-02 3.67e-02 3.68e-02 3.82e-02 3.69e-02 3.09e-02 3.68e-02 3.68e-02
3355 6.70000e+02 -1.67431e+00 1.10691e-03 2.79739e-03 1.94e-04 2.90e-05 3.87e-03 4.79e-04 9.61e-04 4.80e-06 1.51e-05 3.49e-02 3.50e-02 3.64e-02 3.51e-02 2.94e-02 3.50e-02 3.50e-02 3.49e-02 3.50e-02 3.64e-02 3.51e-02 2.94e-02 3.50e-02 3.50e-02
3405 6.80000e+02 -1.69936e+00 1.01450e-03 3.56060e-04 1.24e-04 3.12e-05 3.55e-03 4.80e-04 8.86e-04 1.79e-06 7.03e-05 3.32e-02 3.33e-02 3.47e-02 3.34e-02 2.80e-02 3.33e-02 3.33e-02 3.32e-02 3.33e-02 3.47e-02 3.34e-02 2.80e-02 3.33e-02 3.33e-02
3455 6.90000e+02 -1.72248e+00 1.09701e-03 8.75424e-05 1.30e-04 2.74e-05 3.49e-03 4.45e-04 1.39e-03 4.26e-06 5.54e-05 3.16e-02 3.17e-02 3.31e-02 3.18e-02 2.67e-02 3.17e-02 3.16e-02 3.16e-02 3.17e-02 3.31e-02 3.18e-02 2.67e-02 3.17e-02 3.16e-02
3505 7.00000e+02 -1.74390e+00 1.28319e-03 1.09352e-02 5.94e-05 3.28e-05 4.16e-03 4.55e-04 1.71e-03 1.94e-06 2.78e-05 3.01e-02 3.02e-02 3.15e-02 3.03e-02 2.54e-02 3.02e-02 3.01e-02 3.01e-02 3.02e-02 3.15e-02 3.03e-02 2.54e-02 3.02e-02 3.01e-02
3555 7.10000e+02 -1.77033e+00 1.09664e-03 8.00228e-04 6.22e-05 3.11e-05 3.72e-03 4.44e-04 1.22e-03 1.39e-06 1.48e-05 2.86e-02 2.87e-02 3.01e-02 2.88e-02 2.42e-02 2.87e-02 2.87e-02 2.86e-02 2.87e-02 3.01e-02 2.88e-02 2.42e-02 2.87e-02 2.87e-02
3605 7.20000e+02 -1.79484e+00 1.06070e-03 1.53831e-03 1.49e-04 2.40e-05 3.55e-03 4.02e-04 1.18e-03 2.58e-06 2.02e-05 2.72e-02 2.73e-02 2.87e-02 2.74e-02 2.31e-02 2.73e-02 2.73e-02 2.72e-02 2.73e-02 2.87e-02 2.74e-02 2.31e-02 2.73e-02 2.73e-02
3655 7.30000e+02 -1.81839e+00 1.08609e-03 5.49371e-04 4.56e-04 2.45e-05 3.45e-03 4.04e-04 1.10e-03 2.62e-06 4.69e-05 2.59e-02 2.60e-02 2.74e-02 2.61e-02 2.20e-02 2.60e-02 2.59e-02 2.59e-02 2.60e-02 2.74e-02 2.61e-02 2.20e-02 2.60e-02 2.59e-02
3705 7.40000e+02 -1.84485e+00 9.21582e-04 1.85249e-04 6.10e-05 2.39e-05 3.31e-03 3.96e-04 8.20e-04 2.07e-06 2.31e-05 2.46e-02 2.47e-02 2.61e-02 2.48e-02 2.10e-02 2.47e-02 2.47e-02 2.46e-02 2.47e-02 2.61e-02 2.48e-02 2.10e-02 2.47e-02 2.47e-02
3755 7.50000e+02 -1.86943e+00 8.86246e-04 1.04614e-03 7.03e-05 2.50e-05 3.16e-03 3.84e-04 7.89e-04 6.45e-06 2.89e-05 2.34e-02 2.35e-02 2.49e-02 2.36e-02 2.00e-02 2.35e-02 2.35e-02 2.34e-02 2.35e-02 2.49e-02 2.36e-02 2.00e-02 2.35e-02 2.35e-02
3805 7.60000e+02 -1.89115e+00 1.00106e-03 3.68040e-03 4.81e-05 2.33e-05 3.59e-03 3.94e-04 9.54e-04 1.48e-06 1.12e-04 2.23e-02 2.23e-02 2.37e-02 2.25e-02 1.91e-02 2.23e-02 2.23e-02 2.23e-02 2.23e-02 2.37e-02 2.25e-02 1.91e-02 2.23e-02 2.23e-02
3855 7.70000e+02 -1.91725e+00 8.85062e-04 5.26403e-04 9.43e-05 2.28e-05 3.03e-03 3.79e-04 8.96e-04 2.73e-06 2.06e-05 2.12e-02 2.13e-02 2.27e-02 2.14e-02 1.81e-02 2.13e-02 2.12e-02 2.12e-02 2.13e-02 2.27e-02 2.14e-02 1.81e-02 2.13e-02 2.12e-02
3905 7.80000e+02 -1.93406e+00 1.25292e-03 5.75381e-03 5.53e-05 3.20e-05 3.59e-03 3.81e-04 2.21e-03 1.77e-06 2.11e-05 2.02e-02 2.02e-02 2.16e-02 2.03e-02 1.73e-02 2.02e-02 2.02e-02 2.02e-02 2.02e-02 2.16e-02 2.03e-02 1.73e-02 2.02e-02 2.02e-02
3955 7.90000e+02 -1.96420e+00 9.34333e-04 3.78906e-05 2.53e-04 2.29e-05 3.22e-03 3.43e-04 8.32e-04 1.83e-06 2.62e-05 1.92e-02 1.92e-02 2.06e-02 1.94e-02 1.65e-02 1.92e-02 1.92e-02 1.92e-02 1.92e-02 2.06e-02 1.94e-02 1.65e-02 1.92e-02 1.92e-02
4005 8.00000e+02 -1.98617e+00 1.01805e-03 2.52453e-03 1.74e-04 2.57e-05 3.27e-03 3.66e-04 1.25e-03 2.46e-06 1.78e-05 1.83e-02 1.83e-02 1.97e-02 1.84e-02 1.57e-02 1.83e-02 1.83e-02 1.83e-02 1.83e-02 1.97e-02 1.84e-02 1.57e-02 1.83e-02 1.83e-02
4055 8.10000e+02 -1.99748e+00 1.53911e-03 1.06663e-02 1.62e-04 2.48e-05 3.42e-03 3.89e-04 3.70e-03 2.88e-06 2.74e-05 1.74e-02 1.74e-02 1.88e-02 1.75e-02 1.49e-02 1.74e-02 1.74e-02 1.74e-02 1.74e-02 1.88e-02 1.75e-02 1.49e-02 1.74e-02 1.74e-02
4105 8.20000e+02 -2.03647e+00 8.64865e-04 3.89711e-04 1.01e-04 2.23e-05 2.89e-03 3.75e-04 9.37e-04 2.06e-06 5.69e-05 1.65e-02 1.66e-02 1.79e-02 1.67e-02 1.43e-02 1.66e-02 1.66e-02 1.65e-02 1.66e-02 1.79e-02 1.67e-02 1.43e-02 1.66e-02 1.66e-02
4155 8.30000e+02 -2.04730e+00 1.37658e-03 5.42101e-03 4.07e-05 2.20e-05 3.60e-03 3.90e-04 2.83e-03 8.49e-07 8.25e-05 1.57e-02 1.57e-02 1.71e-02 1.59e-02 1.36e-02 1.57e-02 1.57e-02 1.57e-02 1.57e-02 1.71e-02 1.59e-02 1.36e-02 1.57e-02 1.57e-02
4205 8.40000e+02 -2.06901e+00 1.43355e-03 8.16569e-03 8.42e-05 2.72e-05 3.63e-03 4.02e-04 3.03e-03 1.40e-06 2.79e-05 1.50e-02 1.50e-02 1.64e-02 1.51e-02 1.29e-02 1.50e-02 1.50e-02 1.50e-02 1.50e-02 1.64e-02 1.51e-02 1.29e-02 1.50e-02 1.50e-02
4255 8.50000e+02 -2.10471e+00 9.71022e-04 3.54804e-03 1.01e-04 2.12e-05 3.29e-03 3.59e-04 1.09e-03 3.38e-06 3.28e-05 1.42e-02 1.42e-02 1.56e-02 1.44e-02 1.23e-02 1.42e-02 1.42e-02 1.42e-02 1.42e-02 1.56e-02 1.44e-02 1.23e-02 1.42e-02 1.42e-02
4305 8.60000e+02 -2.13079e+00 8.65566e-04 3.54691e-03 4.22e-05 2.49e-05 2.97e-03 3.65e-04 9.23e-04 5.33e-06 1.50e-05 1.35e-02 1.36e-02 1.49e-02 1.37e-02 1.18e-02 1.36e-02 1.36e-02 1.35e-02 1.36e-02 1.49e-02 1.37e-02 1.18e-02 1.36e-02 1.36e-02
4355 8.70000e+02 -2.15127e+00 9.44145e-04 2.70889e-04 1.78e-04 2.53e-05 3.07e-03 3.93e-04 1.06e-03 2.30e-06 2.51e-05 1.29e-02 1.29e-02 1.43e-02 1.30e-02 1.13e-02 1.29e-02 1.29e-02 1.29e-02 1.29e-02 1.43e-02 1.30e-02 1.13e-02 1.29e-02 1.29e-02
4405 8.80000e+02 -2.16849e+00 1.08796e-03 9.60211e-04 3.79e-05 2.04e-05 2.82e-03 3.64e-04 2.20e-03 1.98e-06 1.60e-04 1.23e-02 1.23e-02 1.37e-02 1.24e-02 1.07e-02 1.23e-02 1.23e-02 1.23e-02 1.23e-02 1.37e-02 1.24e-02 1.07e-02 1.23e-02 1.23e-02
4455 8.90000e+02 -2.19819e+00 9.18474e-04 2.28145e-03 3.40e-05 2.22e-05 3.10e-03 3.54e-04 1.09e-03 8.02e-07 5.32e-05 1.17e-02 1.17e-02 1.31e-02 1.18e-02 1.03e-02 1.17e-02 1.17e-02 1.17e-02 1.17e-02 1.31e-02 1.18e-02 1.03e-02 1.17e-02 1.17e-02
4505 9.00000e+02 -2.21901e+00 9.63951e-04 4.19384e-05 7.02e-05 2.07e-05 2.69e-03 3.54e-04 1.69e-03 9.81e-07 4.85e-05 1.11e-02 1.11e-02 1.25e-02 1.12e-02 9.78e-03 1.11e-02 1.11e-02 1.11e-02 1.11e-02 1.25e-02 1.12e-02 9.78e-03 1.11e-02 1.11e-02
4555 9.10000e+02 -2.24087e+00 9.77009e-04 2.84338e-03 4.18e-04 2.08e-05 2.83e-03 3.62e-04 1.25e-03 3.32e-06 1.23e-04 1.06e-02 1.06e-02 1.20e-02 1.07e-02 9.35e-03 1.06e-02 1.06e-02 1.06e-02 1.06e-02 1.20e-02 1.07e-02 9.35e-03 1.06e-02 1.06e-02
4605 9.20000e+02 -2.26720e+00 9.00418e-04 7.30331e-04 1.29e-04 2.56e-05 2.91e-03 3.40e-04 1.10e-03 3.03e-06 2.70e-05 1.01e-02 1.01e-02 1.15e-02 1.02e-02 8.92e-03 1.01e-02 1.01e-02 1.01e-02 1.01e-02 1.15e-02 1.02e-02 8.92e-03 1.01e-02 1.01e-02
4655 9.30000e+02 -2.28962e+00 9.04677e-04 1.42235e-04 5.72e-05 2.46e-05 2.99e-03 3.71e-04 1.08e-03 4.29e-06 6.78e-05 9.58e-03 9.57e-03 1.10e-02 9.70e-03 8.51e-03 9.57e-03 9.58e-03 9.58e-03 9.57e-03 1.10e-02 9.70e-03 8.51e-03 9.57e-03 9.58e-03
4705 9.40000e+02 -2.31733e+00 7.88404e-04 9.44210e-04 2.81e-05 1.86e-05 2.90e-03 3.33e-04 6.63e-04 1.38e-06 2.88e-05 9.11e-03 9.11e-03 1.05e-02 9.23e-03 8.15e-03 9.10e-03 9.12e-03 9.11e-03 9.11e-03 1.05e-02 9.23e-03 8.15e-03 9.10e-03 9.12e-03
4755 9.50000e+02 -2.32313e+00 1.12552e-03 7.94595e-04 6.94e-05 1.84e-05 2.59e-03 3.37e-04 2.61e-03 8.36e-07 1.58e-04 8.67e-03 8.66e-03 1.01e-02 8.79e-03 7.76e-03 8.66e-03 8.67e-03 8.67e-03 8.66e-03 1.01e-02 8.79e-03 7.76e-03 8.66e-03 8.67e-03
4805 9.60000e+02 -2.35894e+00 8.47973e-04 4.14717e-05 4.30e-05 1.90e-05 2.66e-03 3.35e-04 1.19e-03 1.41e-06 1.20e-04 8.25e-03 8.24e-03 9.64e-03 8.37e-03 7.41e-03 8.24e-03 8.25e-03 8.25e-03 8.24e-03 9.64e-03 8.37e-03 7.41e-03 8.24e-03 8.25e-03
4855 9.70000e+02 -2.38354e+00 8.25968e-04 7.61462e-05 2.15e-04 1.90e-05 2.75e-03 3.44e-04 8.05e-04 9.65e-07 3.66e-05 7.85e-03 7.84e-03 9.24e-03 7.97e-03 7.09e-03 7.84e-03 7.85e-03 7.85e-03 7.84e-03 9.24e-03 7.97e-03 7.09e-03 7.84e-03 7.85e-03
4905 9.80000e+02 -2.40196e+00 8.78876e-04 3.27005e-03 1.30e-04 1.83e-05 2.84e-03 3.33e-04 1.07e-03 9.08e-07 1.68e-04 7.47e-03 7.46e-03 8.86e-03 7.59e-03 6.78e-03 7.45e-03 7.47e-03 7.47e-03 7.46e-03 8.86e-03 7.59e-03 6.78e-03 7.45e-03 7.47e-03
4955 9.90000e+02 -2.41186e+00 1.11539e-03 4.97083e-03 5.16e-05 1.77e-05 2.67e-03 3.24e-04 2.52e-03 6.28e-07 4.19e-05 7.10e-03 7.09e-03 8.49e-03 7.22e-03 6.48e-03 7.09e-03 7.11e-03 7.10e-03 7.09e-03 8.49e-03 7.22e-03 6.48e-03 7.09e-03 7.11e-03
5005 9.99000e+02 -2.42503e+00 1.20766e-03 1.57972e-03 3.21e-05 2.41e-05 2.76e-03 3.13e-04 2.91e-03 9.21e-06 1.64e-04 6.79e-03 6.78e-03 8.18e-03 6.91e-03 6.24e-03 6.77e-03 6.79e-03 6.79e-03 6.78e-03 8.18e-03 6.91e-03 6.24e-03 6.77e-03 6.79e-03
5055 1.00900e+03 -2.45338e+00 1.10702e-03 2.92004e-03 3.83e-05 1.86e-05 2.81e-03 3.06e-04 2.36e-03 5.50e-07 8.21e-05 6.45e-03 6.45e-03 7.85e-03 6.58e-03 5.95e-03 6.44e-03 6.46e-03 6.45e-03 6.45e-03 7.85e-03 6.58e-03 5.95e-03 6.44e-03 6.46e-03
5105 1.01900e+03 -2.49713e+00 7.47427e-04 1.79710e-04 1.34e-04 1.79e-05 2.60e-03 3.11e-04 6.72e-04 7.64e-07 3.01e-05 6.14e-03 6.13e-03 7.54e-03 6.26e-03 5.70e-03 6.13e-03 6.15e-03 6.14e-03 6.13e-03 7.54e-03 6.26e-03 5.70e-03 6.13e-03 6.15e-03
5155 1.02900e+03 -2.49287e+00 1.11861e-03 7.02170e-04 4.39e-05 2.14e-05 2.83e-03 3.36e-04 2.36e-03 3.14e-06 2.01e-04 5.85e-03 5.84e-03 7.25e-03 5.97e-03 5.47e-03 5.83e-03 5.86e-03 5.85e-03 5.84e-03 7.25e-03 5.97e-03 5.47e-03 5.83e-03 5.86e-03
5205 1.03900e+03 -2.50637e+00 1.20611e-03 2.73905e-04 1.95e-04 2.52e-05 2.51e-03 3.01e-04 3.00e-03 3.77e-06 2.21e-04 5.57e-03 5.56e-03 6.97e-03 5.68e-03 5.25e-03 5.55e-03 5.57e-03 5.57e-03 5.56e-03 6.97e-03 5.68e-03 5.25e-03 5.55e-03 5.57e-03
5255 1.04900e+03 -2.54179e+00 1.02046e-03 9.83938e-04 3.27e-05 1.82e-05 2.57e-03 2.94e-04 2.19e-03 2.22e-06 6.55e-05 5.30e-03 5.28e-03 6.70e-03 5.41e-03 5.05e-03 5.28e-03 5.30e-03 5.30e-03 5.28e-03 6.70e-03 5.41e-03 5.05e-03 5.28e-03 5.30e-03
5305 1.05900e+03 -2.58439e+00 7.35553e-04 1.91794e-04 7.13e-05 1.70e-05 2.57e-03 2.85e-04 7.33e-04 1.71e-06 3.04e-05 5.04e-03 5.03e-03 6.45e-03 5.16e-03 4.82e-03 5.02e-03 5.05e-03 5.04e-03 5.03e-03 6.45e-03 5.16e-03 4.82e-03 5.02e-03 5.05e-03
5355 1.06900e+03 -2.60574e+00 7.40346e-04 1.78226e-04 5.37e-05 1.84e-05 2.60e-03 2.86e-04 7.46e-04 1.91e-06 3.59e-05 4.80e-03 4.78e-03 6.20e-03 4.91e-03 4.62e-03 4.78e-03 4.80e-03 4.80e-03 4.78e-03 6.20e-03 4.91e-03 4.62e-03 4.78e-03 4.80e-03
5405 1.07900e+03 -2.62083e+00 8.21915e-04 9.86510e-05 8.39e-05 2.41e-05 2.55e-03 2.94e-04 1.15e-03 5.13e-06 2.38e-05 4.56e-03 4.55e-03 5.97e-03 4.68e-03 4.41e-03 4.54e-03 4.57e-03 4.56e-03 4.55e-03 5.97e-03 4.68e-03 4.41e-03 4.54e-03 4.57e-03
5455 1.08900e+03 -2.64589e+00 7.74335e-04 9.64541e-04 1.84e-04 1.65e-05 2.61e-03 3.04e-04 7.53e-04 1.31e-06 2.78e-05 4.34e-03 4.33e-03 5.76e-03 4.46e-03 4.25e-03 4.32e-03 4.35e-03 4.34e-03 4.33e-03 5.76e-03 4.46e-03 4.25e-03 4.32e-03 4.35e-03
5505 1.09900e+03 -2.66871e+00 7.56549e-04 4.31482e-03 3.04e-05 1.67e-05 2.74e-03 2.58e-04 7.43e-04 3.40e-06 6.18e-05 4.13e-03 4.12e-03 5.55e-03 4.24e-03 4.06e-03 4.11e-03 4.14e-03 4.13e-03 4.12e-03 5.55e-03 4.24e-03 4.06e-03 4.11e-03 4.14e-03
5555 1.10900e+03 -2.69174e+00 7.29881e-04 7.38154e-04 5.43e-05 2.69e-05 2.53e-03 2.78e-04 7.64e-04 1.18e-05 3.02e-05 3.93e-03 3.92e-03 5.35e-03 4.04e-03 3.89e-03 3.91e-03 3.94e-03 3.93e-03 3.92e-03 5.35e-03 4.04e-03 3.89e-03 3.91e-03 3.94e-03
5605 1.11900e+03 -2.69469e+00 8.77660e-04 1.01337e-03 3.10e-05 1.53e-05 2.50e-03 2.61e-04 1.58e-03 7.92e-07 2.36e-04 3.74e-03 3.73e-03 5.16e-03 3.85e-03 3.73e-03 3.72e-03 3.75e-03 3.74e-03 3.73e-03 5.16e-03 3.85e-03 3.73e-03 3.72e-03 3.75e-03
5655 1.12900e+03 -2.72397e+00 8.21316e-04 1.36898e-04 3.11e-05 1.76e-05 2.44e-03 2.92e-04 1.33e-03 5.60e-07 4.27e-05 3.56e-03 3.55e-03 4.98e-03 3.67e-03 3.58e-03 3.54e-03 3.56e-03 3.56e-03 3.55e-03 4.98e-03 3.67e-03 3.58e-03 3.54e-03 3.56e-03
5705 1.13900e+03 -2.74237e+00 8.46880e-04 4.82386e-04 3.08e-05 1.85e-05 2.54e-03 2.53e-04 1.40e-03 1.37e-06 3.47e-05 3.39e-03 3.37e-03 4.82e-03 3.50e-03 3.44e-03 3.37e-03 3.39e-03 3.39e-03 3.37e-03 4.82e-03 3.50e-03 3.44e-03 3.37e-03 3.39e-03
5755 1.14900e+03 -2.77036e+00 7.52264e-04 2.15628e-03 2.98e-04 1.45e-05 2.46e-03 2.76e-04 7.17e-04 6.67e-07 3.81e-05 3.23e-03 3.21e-03 4.66e-03 3.34e-03 3.38e-03 3.21e-03 3.23e-03 3.23e-03 3.21e-03 4.66e-03 3.34e-03 3.38e-03 3.21e-03 3.23e-03
5805 1.15900e+03 -2.79553e+00 7.11515e-04 6.74611e-04 1.03e-04 1.58e-05 2.55e-03 2.46e-04 6.42e-04 6.47e-07 5.26e-05 3.08e-03 3.06e-03 4.52e-03 3.18e-03 3.24e-03 3.05e-03 3.08e-03 3.08e-03 3.06e-03 4.52e-03 3.18e-03 3.24e-03 3.05e-03 3.08e-03
5855 1.16900e+03 -2.80979e+00 7.72709e-04 1.51724e-03 2.63e-05 1.51e-05 2.70e-03 2.71e-04 8.56e-04 4.27e-07 7.51e-05 2.93e-03 2.91e-03 4.37e-03 3.03e-03 3.10e-03 2.90e-03 2.93e-03 2.93e-03 2.91e-03 4.37e-03 3.03e-03 3.10e-03 2.90e-03 2.93e-03
5905 1.17900e+03 -2.79646e+00 1.06066e-03 2.73055e-03 2.87e-05 2.47e-05 2.87e-03 2.79e-04 2.10e-03 7.16e-07 5.82e-05 2.79e-03 2.77e-03 4.24e-03 2.89e-03 3.02e-03 2.76e-03 2.79e-03 2.79e-03 2.77e-03 4.24e-03 2.89e-03 3.02e-03 2.76e-03 2.79e-03
5955 1.18900e+03 -2.86059e+00 6.71951e-04 5.07719e-04 2.44e-05 1.63e-05 2.47e-03 2.28e-04 6.16e-04 2.64e-06 3.29e-05 2.66e-03 2.63e-03 4.11e-03 2.75e-03 2.91e-03 2.63e-03 2.66e-03 2.66e-03 2.63e-03 4.11e-03 2.75e-03 2.91e-03 2.63e-03 2.66e-03
6005 1.19900e+03 -2.85644e+00 8.62219e-04 5.87516e-04 1.39e-04 1.98e-05 2.62e-03 2.41e-04 1.29e-03 4.58e-06 6.29e-05 2.53e-03 2.50e-03 3.99e-03 2.62e-03 2.80e-03 2.50e-03 2.53e-03 2.53e-03 2.50e-03 3.99e-03 2.62e-03 2.80e-03 2.50e-03 2.53e-03
6055 1.20900e+03 -2.89642e+00 7.12179e-04 2.24082e-04 6.24e-05 1.48e-05 2.55e-03 2.34e-04 7.03e-04 3.56e-06 1.98e-05 2.40e-03 2.38e-03 3.88e-03 2.50e-03 2.70e-03 2.38e-03 2.41e-03 2.40e-03 2.38e-03 3.88e-03 2.50e-03 2.70e-03 2.38e-03 2.41e-03
6105 1.21900e+03 -2.91361e+00 7.34781e-04 5.16819e-04 9.72e-05 1.63e-05 2.62e-03 2.18e-04 7.20e-04 1.57e-06 2.95e-05 2.29e-03 2.27e-03 3.77e-03 2.38e-03 2.59e-03 2.26e-03 2.29e-03 2.29e-03 2.27e-03 3.77e-03 2.38e-03 2.59e-03 2.26e-03 2.29e-03
6155 1.22900e+03 -2.93495e+00 6.99752e-04 2.67002e-03 5.27e-05 1.57e-05 2.30e-03 2.48e-04 8.82e-04 8.48e-07 4.06e-05 2.18e-03 2.16e-03 3.67e-03 2.27e-03 2.50e-03 2.15e-03 2.18e-03 2.18e-03 2.16e-03 3.67e-03 2.27e-03 2.50e-03 2.15e-03 2.18e-03
6205 1.23900e+03 -2.95638e+00 7.13445e-04 2.19022e-03 3.58e-05 2.12e-05 2.68e-03 2.07e-04 6.28e-04 1.21e-05 2.30e-05 2.07e-03 2.05e-03 3.57e-03 2.16e-03 2.41e-03 2.04e-03 2.08e-03 2.07e-03 2.05e-03 3.57e-03 2.16e-03 2.41e-03 2.04e-03 2.08e-03
6255 1.24900e+03 -2.97485e+00 6.96883e-04 2.24266e-03 1.50e-04 1.97e-05 2.45e-03 2.29e-04 6.33e-04 7.44e-06 3.83e-05 1.97e-03 1.95e-03 3.48e-03 2.06e-03 2.33e-03 1.95e-03 1.98e-03 1.97e-03 1.95e-03 3.48e-03 2.06e-03 2.33e-03 1.95e-03 1.98e-03
6305 1.25900e+03 -2.96306e+00 8.85207e-04 1.05119e-04 4.53e-05 2.03e-05 2.66e-03 2.14e-04 1.49e-03 3.13e-06 1.29e-04 1.88e-03 1.86e-03 3.40e-03 1.97e-03 2.27e-03 1.85e-03 1.88e-03 1.88e-03 1.86e-03 3.40e-03 1.97e-03 2.27e-03 1.85e-03 1.88e-03
6355 1.26900e+03 -3.01558e+00 6.75206e-04 1.14747e-04 2.23e-05 1.46e-05 2.39e-03 1.97e-04 7.51e-04 2.58e-06 5.10e-05 1.79e-03 1.77e-03 3.32e-03 1.88e-03 2.20e-03 1.76e-03 1.79e-03 1.79e-03 1.77e-03 3.32e-03 1.88e-03 2.20e-03 1.76e-03 1.79e-03
6405 1.27900e+03 -3.03112e+00 7.16395e-04 4.59777e-03 2.26e-05 1.37e-05 2.65e-03 2.14e-04 6.77e-04 1.53e-06 4.80e-05 1.70e-03 1.68e-03 3.25e-03 1.79e-03 2.11e-03 1.68e-03 1.71e-03 1.70e-03 1.68e-03 3.25e-03 1.79e-03 2.11e-03 1.68e-03 1.71e-03
6455 1.28900e+03 -3.02509e+00 8.52737e-04 3.36653e-04 5.43e-05 2.13e-05 2.58e-03 1.95e-04 1.41e-03 3.80e-06 4.71e-05 1.62e-03 1.60e-03 3.18e-03 1.70e-03 2.03e-03 1.59e-03 1.63e-03 1.62e-03 1.60e-03 3.18e-03 1.70e-03 2.03e-03 1.59e-03 1.63e-03
6505 1.29900e+03 -3.05230e+00 7.78801e-04 6.38279e-04 2.90e-05 2.80e-05 2.49e-03 2.13e-04 1.13e-03 8.97e-06 1.07e-04 1.54e-03 1.52e-03 3.12e-03 1.63e-03 1.96e-03 1.52e-03 1.55e-03 1.54e-03 1.52e-03 3.12e-03 1.63e-03 1.96e-03 1.52e-03 1.55e-03
6555 1.30900e+03 -3.09633e+00 6.61616e-04 3.24563e-04 1.90e-05 2.10e-05 2.44e-03 1.82e-04 6.43e-04 4.16e-06 2.05e-05 1.47e-03 1.45e-03 3.06e-03 1.55e-03 1.90e-03 1.44e-03 1.47e-03 1.47e-03 1.45e-03 3.06e-03 1.55e-03 1.90e-03 1.44e-03 1.47e-03
6605 1.31900e+03 -3.11823e+00 6.39753e-04 4.90954e-04 8.73e-05 1.52e-05 2.40e-03 1.66e-04 5.29e-04 2.42e-06 1.66e-05 1.40e-03 1.38e-03 3.00e-03 1.48e-03 1.84e-03 1.37e-03 1.40e-03 1.40e-03 1.38e-03 3.00e-03 1.48e-03 1.84e-03 1.37e-03 1.40e-03
6655 1.32900e+03 -3.08635e+00 8.88008e-04 7.97267e-05 3.49e-05 1.35e-05 2.49e-03 1.83e-04 1.71e-03 6.47e-07 7.10e-05 1.33e-03 1.31e-03 2.96e-03 1.41e-03 1.79e-03 1.31e-03 1.34e-03 1.33e-03 1.31e-03 2.96e-03 1.41e-03 1.79e-03 1.31e-03 1.34e-03
6705 1.33900e+03 -3.13135e+00 7.65880e-04 2.06540e-03 1.17e-04 1.40e-05 2.53e-03 1.52e-04 1.01e-03 8.42e-07 1.39e-05 1.27e-03 1.25e-03 2.91e-03 1.34e-03 1.74e-03 1.24e-03 1.27e-03 1.27e-03 1.25e-03 2.91e-03 1.34e-03 1.74e-03 1.24e-03 1.27e-03
6755 1.34900e+03 -3.11220e+00 8.96036e-04 1.94006e-04 1.72e-05 1.13e-05 2.39e-03 1.52e-04 1.91e-03 7.08e-07 1.60e-04 1.21e-03 1.19e-03 2.87e-03 1.28e-03 1.69e-03 1.18e-03 1.21e-03 1.21e-03 1.19e-03 2.87e-03 1.28e-03 1.69e-03 1.18e-03 1.21e-03
6805 1.35900e+03 -3.11898e+00 9.96646e-04 1.15616e-03 3.58e-05 2.03e-05 2.62e-03 1.54e-04 2.16e-03 1.35e-06 1.67e-05 1.15e-03 1.13e-03 2.83e-03 1.22e-03 1.63e-03 1.12e-03 1.16e-03 1.15e-03 1.13e-03 2.83e-03 1.22e-03 1.63e-03 1.12e-03 1.16e-03
6855 1.36900e+03 -3.20279e+00 6.68686e-04 2.23280e-03 1.95e-05 2.17e-05 2.36e-03 1.44e-04 7.99e-04 2.40e-06 3.67e-05 1.09e-03 1.08e-03 2.80e-03 1.16e-03 1.60e-03 1.07e-03 1.10e-03 1.09e-03 1.08e-03 2.80e-03 1.16e-03 1.60e-03 1.07e-03 1.10e-03
6905 1.37900e+03 -3.19065e+00 8.27516e-04 1.84883e-03 9.73e-05 1.25e-05 2.71e-03 1.39e-04 1.18e-03 1.72e-06 3.09e-05 1.04e-03 1.02e-03 2.77e-03 1.11e-03 1.54e-03 1.02e-03 1.05e-03 1.04e-03 1.02e-03 2.77e-03 1.11e-03 1.54e-03 1.02e-03 1.05e-03
6955 1.38900e+03 -3.21284e+00 7.85439e-04 5.59326e-04 5.95e-05 1.38e-05 2.44e-03 1.24e-04 1.29e-03 1.32e-06 3.48e-05 9.90e-04 9.73e-04 2.74e-03 1.06e-03 1.49e-03 9.67e-04 9.98e-04 9.90e-04 9.73e-04 2.74e-03 1.06e-03 1.49e-03 9.67e-04 9.98e-04
7005 1.39900e+03 -3.27064e+00 6.17765e-04 2.15766e-04 7.03e-05 1.13e-05 2.37e-03 1.20e-04 5.14e-04 8.24e-07 1.89e-05 9.42e-04 9.26e-04 2.71e-03 1.01e-03 1.45e-03 9.20e-04 9.51e-04 9.42e-04 9.26e-04 2.71e-03 1.01e-03 1.45e-03 9.20e-04 9.51e-04
7055 1.40900e+03 -3.28472e+00 6.61946e-04 1.18502e-04 2.24e-05 1.00e-05 2.68e-03 1.13e-04 4.84e-04 6.21e-07 3.89e-05 8.96e-04 8.81e-04 2.69e-03 9.61e-04 1.42e-03 8.75e-04 9.06e-04 8.96e-04 8.81e-04 2.69e-03 9.61e-04 1.42e-03 8.75e-04 9.06e-04
7105 1.41900e+03 -3.30938e+00 6.27831e-04 7.81251e-04 1.47e-05 9.40e-06 2.52e-03 1.06e-04 4.92e-04 5.16e-07 1.52e-05 8.53e-04 8.38e-04 2.67e-03 9.16e-04 1.40e-03 8.33e-04 8.64e-04 8.53e-04 8.38e-04 2.67e-03 9.16e-04 1.40e-03 8.33e-04 8.64e-04
7155 1.42900e+03 -3.31128e+00 6.69955e-04 4.10044e-04 2.45e-05 2.91e-05 2.35e-03 1.05e-04 8.42e-04 5.66e-06 1.44e-05 8.12e-04 7.98e-04 2.66e-03 8.72e-04 1.35e-03 7.92e-04 8.22e-04 8.12e-04 7.98e-04 2.66e-03 8.72e-04 1.35e-03 7.92e-04 8.22e-04
7205 1.43900e+03 -3.27799e+00 8.09641e-04 7.47617e-05 3.53e-05 9.45e-06 2.39e-03 9.98e-05 1.52e-03 4.80e-07 1.78e-04 7.73e-04 7.59e-04 2.64e-03 8.31e-04 1.31e-03 7.54e-04 7.82e-04 7.73e-04 7.59e-04 2.64e-03 8.31e-04 1.31e-03 7.54e-04 7.82e-04
7255 1.44900e+03 -3.31420e+00 7.02327e-04 9.89776e-04 5.71e-05 1.01e-05 2.43e-03 8.61e-05 9.30e-04 2.18e-06 2.82e-04 7.37e-04 7.22e-04 2.63e-03 7.91e-04 1.29e-03 7.17e-04 7.45e-04 7.37e-04 7.22e-04 2.63e-03 7.91e-04 1.29e-03 7.17e-04 7.45e-04
7305 1.45900e+03 -3.35924e+00 7.41697e-04 8.61414e-04 3.16e-05 1.12e-05 2.83e-03 9.14e-05 7.47e-04 5.82e-07 1.21e-05 7.02e-04 6.87e-04 2.62e-03 7.54e-04 1.24e-03 6.82e-04 7.10e-04 7.02e-04 6.87e-04 2.62e-03 7.54e-04 1.24e-03 6.82e-04 7.10e-04
7355 1.46900e+03 -3.38875e+00 6.55153e-04 5.34772e-05 3.07e-05 9.46e-06 2.51e-03 9.66e-05 6.27e-04 9.16e-07 5.01e-05 6.68e-04 6.54e-04 2.61e-03 7.18e-04 1.20e-03 6.49e-04 6.76e-04 6.68e-04 6.54e-04 2.61e-03 7.18e-04 1.20e-03 6.49e-04 6.76e-04
7405 1.47900e+03 -3.10572e+00 1.38949e-03 5.21318e-03 4.26e-04 1.69e-05 2.91e-03 1.74e-04 3.42e-03 1.98e-06 6.51e-04 6.38e-04 6.23e-04 2.60e-03 6.85e-04 1.18e-03 6.18e-04 6.46e-04 6.38e-04 6.23e-04 2.60e-03 6.85e-04 1.18e-03 6.18e-04 6.46e-04
7455 1.48900e+03 -3.43610e+00 6.25898e-04 8.19273e-04 4.64e-05 7.75e-06 2.57e-03 7.51e-05 4.34e-04 9.48e-07 9.48e-06 6.15e-04 5.93e-04 2.60e-03 6.53e-04 1.18e-03 5.88e-04 6.17e-04 6.15e-04 5.93e-04 2.60e-03 6.53e-04 1.18e-03 5.88e-04 6.17e-04
7505 1.49900e+03 -3.43355e+00 6.81627e-04 1.16679e-03 1.19e-05 8.85e-06 2.40e-03 8.06e-05 9.05e-04 3.61e-07 5.40e-06 5.86e-04 5.64e-04 2.60e-03 6.22e-04 1.14e-03 5.59e-04 5.88e-04 5.86e-04 5.64e-04 2.60e-03 6.22e-04 1.14e-03 5.59e-04 5.88e-04
7555 1.50900e+03 -3.35867e+00 9.24686e-04 2.69477e-05 1.42e-05 1.45e-05 2.49e-03 7.69e-05 2.03e-03 2.34e-06 1.39e-04 5.57e-04 5.37e-04 2.59e-03 5.92e-04 1.12e-03 5.32e-04 5.61e-04 5.57e-04 5.37e-04 2.59e-03 5.92e-04 1.12e-03 5.32e-04 5.61e-04
7605 1.51900e+03 -3.49642e+00 6.00168e-04 2.55545e-03 4.51e-05 9.77e-06 2.49e-03 7.30e-05 3.79e-04 9.64e-07 9.86e-06 5.30e-04 5.11e-04 2.58e-03 5.64e-04 1.07e-03 5.06e-04 5.34e-04 5.30e-04 5.11e-04 2.58e-03 5.64e-04 1.07e-03 5.06e-04 5.34e-04
7655 1.52900e+03 -3.50818e+00 6.02975e-04 6.78929e-04 8.89e-05 7.34e-06 2.47e-03 7.18e-05 3.78e-04 3.92e-07 2.04e-05 5.05e-04 4.86e-04 2.57e-03 5.37e-04 1.04e-03 4.81e-04 5.09e-04 5.05e-04 4.86e-04 2.57e-03 5.37e-04 1.04e-03 4.81e-04 5.09e-04
7705 1.53900e+03 -3.52195e+00 6.13452e-04 1.92266e-04 1.29e-04 1.42e-05 2.53e-03 5.84e-05 3.39e-04 8.74e-06 1.59e-05 4.80e-04 4.62e-04 2.55e-03 5.11e-04 1.00e-03 4.58e-04 4.84e-04 4.80e-04 4.62e-04 2.55e-03 5.11e-04 1.00e-03 4.58e-04 4.84e-04
7755 1.54900e+03 -3.51989e+00 6.37212e-04 2.01097e-04 1.11e-04 2.03e-05 2.24e-03 5.52e-05 7.63e-04 3.53e-06 1.01e-05 4.58e-04 4.40e-04 2.52e-03 4.86e-04 9.81e-04 4.35e-04 4.62e-04 4.58e-04 4.40e-04 2.52e-03 4.86e-04 9.81e-04 4.35e-04 4.62e-04
7805 1.55900e+03 -3.51989e+00 7.03859e-04 2.02996e-04 8.85e-05 5.79e-06 2.35e-03 5.09e-05 1.03e-03 2.85e-07 1.43e-05 4.37e-04 4.19e-04 2.51e-03 4.63e-04 9.80e-04 4.14e-04 4.42e-04 4.37e-04 4.19e-04 2.51e-03 4.63e-04 9.80e-04 4.14e-04 4.42e-04
7855 1.56900e+03 -3.59473e+00 5.51010e-04 5.98248e-04 1.18e-05 5.43e-06 2.19e-03 4.92e-05 4.99e-04 1.23e-06 6.59e-06 4.16e-04 3.98e-04 2.48e-03 4.41e-04 9.54e-04 3.94e-04 4.22e-04 4.16e-04 3.98e-04 2.48e-03 4.41e-04 9.54e-04 3.94e-04 4.22e-04
7905 1.57900e+03 -3.62125e+00 5.42117e-04 7.85741e-05 2.72e-05 6.08e-06 2.31e-03 4.24e-05 3.23e-04 4.18e-07 5.35e-06 3.97e-04 3.79e-04 2.45e-03 4.19e-04 9.26e-04 3.75e-04 4.02e-04 3.97e-04 3.79e-04 2.45e-03 4.19e-04 9.26e-04 3.75e-04 4.02e-04
7955 1.58900e+03 -3.63299e+00 5.64095e-04 4.77957e-04 1.63e-05 7.68e-06 2.36e-03 4.24e-05 3.98e-04 1.13e-06 7.61e-06 3.78e-04 3.61e-04 2.42e-03 3.99e-04 9.07e-04 3.57e-04 3.84e-04 3.78e-04 3.61e-04 2.42e-03 3.99e-04 9.07e-04 3.57e-04 3.84e-04
8005 1.59900e+03 -3.64342e+00 5.33600e-04 4.69980e-04 2.21e-05 4.95e-06 2.14e-03 4.43e-05 4.58e-04 4.70e-07 4.82e-05 3.61e-04 3.43e-04 2.39e-03 3.80e-04 8.90e-04 3.39e-04 3.66e-04 3.61e-04 3.43e-04 2.39e-03 3.80e-04 8.90e-04 3.39e-04 3.66e-04
8055 1.60900e+03 -3.57350e+00 7.22702e-04 5.37141e-04 7.50e-06 1.38e-05 2.12e-03 3.84e-05 1.43e-03 6.28e-06 8.73e-05 3.44e-04 3.26e-04 2.35e-03 3.61e-04 8.63e-04 3.23e-04 3.50e-04 3.44e-04 3.26e-04 2.35e-03 3.61e-04 8.63e-04 3.23e-04 3.50e-04
8105 1.61900e+03 -3.68326e+00 5.50393e-04 2.38780e-04 5.14e-05 4.36e-06 2.25e-03 3.91e-05 4.02e-04 2.10e-07 4.75e-06 3.28e-04 3.11e-04 2.32e-03 3.44e-04 8.46e-04 3.07e-04 3.33e-04 3.28e-04 3.11e-04 2.32e-03 3.44e-04 8.46e-04 3.07e-04 3.33e-04
8155 1.62900e+03 -3.69828e+00 5.41217e-04 2.97025e-04 9.92e-05 4.39e-06 2.25e-03 3.37e-05 3.22e-04 1.97e-07 5.19e-06 3.13e-04 2.95e-04 2.29e-03 3.27e-04 8.20e-04 2.92e-04 3.18e-04 3.13e-04 2.95e-04 2.29e-03 3.27e-04 8.20e-04 2.92e-04 3.18e-04
8205 1.63900e+03 -3.71549e+00 5.44047e-04 1.01850e-04 1.51e-05 4.16e-06 2.16e-03 5.28e-05 4.92e-04 6.76e-07 1.73e-05 2.99e-04 2.81e-04 2.26e-03 3.11e-04 7.98e-04 2.78e-04 3.03e-04 2.99e-04 2.81e-04 2.26e-03 3.11e-04 7.98e-04 2.78e-04 3.03e-04
8255 1.64900e+03 -3.75348e+00 5.18251e-04 1.88893e-04 6.25e-06 4.35e-06 2.21e-03 3.71e-05 3.32e-04 9.05e-07 8.27e-06 2.84e-04 2.68e-04 2.23e-03 2.96e-04 7.81e-04 2.64e-04 2.90e-04 2.84e-04 2.68e-04 2.23e-03 2.96e-04 7.81e-04 2.64e-04 2.90e-04
8305 1.65900e+03 -3.55950e+00 8.72349e-04 2.64423e-04 5.01e-05 8.55e-06 2.32e-03 4.55e-05 1.94e-03 2.22e-06 1.73e-04 2.70e-04 2.55e-04 2.21e-03 2.82e-04 7.62e-04 2.51e-04 2.77e-04 2.70e-04 2.55e-04 2.21e-03 2.82e-04 7.62e-04 2.51e-04 2.77e-04
8355 1.66900e+03 -3.77508e+00 5.10203e-04 1.13156e-03 7.95e-06 6.25e-06 2.05e-03 5.11e-05 4.32e-04 2.18e-06 2.32e-05 2.58e-04 2.42e-04 2.18e-03 2.68e-04 7.50e-04 2.39e-04 2.64e-04 2.58e-04 2.42e-04 2.18e-03 2.68e-04 7.50e-04 2.39e-04 2.64e-04
8405 1.67900e+03 -3.79642e+00 4.84682e-04 6.20669e-05 4.33e-05 3.10e-06 2.02e-03 3.53e-05 3.21e-04 3.62e-07 3.57e-05 2.45e-04 2.30e-04 2.16e-03 2.56e-04 7.28e-04 2.27e-04 2.52e-04 2.45e-04 2.30e-04 2.16e-03 2.56e-04 7.28e-04 2.27e-04 2.52e-04
8455 1.68900e+03 -3.81674e+00 4.96618e-04 1.49856e-03 2.46e-05 7.11e-06 2.00e-03 2.80e-05 4.27e-04 1.28e-06 8.99e-06 2.34e-04 2.19e-04 2.14e-03 2.43e-04 7.27e-04 2.16e-04 2.41e-04 2.34e-04 2.19e-04 2.14e-03 2.43e-04 7.27e-04 2.16e-04 2.41e-04
8505 1.69900e+03 -3.83822e+00 4.89889e-04 3.53469e-04 1.05e-05 4.13e-06 2.00e-03 4.25e-05 3.91e-04 7.23e-07 9.50e-06 2.23e-04 2.09e-04 2.12e-03 2.32e-04 7.09e-04 2.06e-04 2.30e-04 2.23e-04 2.09e-04 2.12e-03 2.32e-04 7.09e-04 2.06e-04 2.30e-04
8555 1.70900e+03 -3.77099e+00 5.07713e-04 1.64688e-04 2.97e-05 3.37e-06 1.94e-03 3.66e-05 5.33e-04 1.59e-06 2.16e-04 2.13e-04 1.99e-04 2.10e-03 2.21e-04 6.93e-04 1.96e-04 2.20e-04 2.13e-04 1.99e-04 2.10e-03 2.21e-04 6.93e-04 1.96e-04 2.20e-04
8605 1.71900e+03 -3.74259e+00 5.94799e-04 1.91890e-04 7.98e-06 5.37e-06 2.14e-03 7.65e-05 7.47e-04 7.11e-07 2.33e-04 2.03e-04 1.89e-04 2.09e-03 2.10e-04 6.80e-04 1.86e-04 2.11e-04 2.03e-04 1.89e-04 2.09e-03 2.10e-04 6.80e-04 1.86e-04 2.11e-04
8655 1.72900e+03 -3.76889e+00 6.68764e-04 1.37508e-03 5.99e-06 4.36e-06 1.99e-03 2.77e-05 1.32e-03 2.24e-07 9.04e-05 1.94e-04 1.80e-04 2.07e-03 2.01e-04 6.84e-04 1.77e-04 2.03e-04 1.94e-04 1.80e-04 2.07e-03 2.01e-04 6.84e-04 1.77e-04 2.03e-04
8705 1.73900e+03 -3.83961e+00 5.42061e-04 8.83172e-05 4.86e-05 3.71e-06 1.99e-03 2.63e-05 6.38e-04 2.79e-06 8.49e-05 1.86e-04 1.71e-04 2.06e-03 1.92e-04 6.87e-04 1.69e-04 1.94e-04 1.86e-04 1.71e-04 2.06e-03 1.92e-04 6.87e-04 1.69e-04 1.94e-04
8755 1.74900e+03 -3.86824e+00 5.35736e-04 2.68055e-04 5.50e-05 3.19e-06 2.06e-03 3.53e-05 5.24e-04 3.58e-07 5.73e-05 1.79e-04 1.63e-04 2.06e-03 1.83e-04 6.84e-04 1.60e-04 1.87e-04 1.79e-04 1.63e-04 2.06e-03 1.83e-04 6.84e-04 1.60e-04 1.87e-04
8805 1.75900e+03 -3.88743e+00 5.83559e-04 1.29476e-03 4.75e-06 2.40e-06 2.20e-03 3.08e-05 6.84e-04 6.15e-07 4.85e-05 1.71e-04 1.55e-04 2.05e-03 1.75e-04 6.74e-04 1.53e-04 1.79e-04 1.71e-04 1.55e-04 2.05e-03 1.75e-04 6.74e-04 1.53e-04 1.79e-04
8855 1.76900e+03 -3.94820e+00 4.96334e-04 9.11380e-04 1.27e-05 6.06e-06 2.00e-03 2.66e-05 4.40e-04 8.90e-07 9.80e-06 1.63e-04 1.48e-04 2.05e-03 1.67e-04 6.70e-04 1.45e-04 1.72e-04 1.63e-04 1.48e-04 2.05e-03 1.67e-04 6.70e-04 1.45e-04 1.72e-04
8905 1.77900e+03 -3.93968e+00 4.96108e-04 7.37162e-05 1.39e-05 6.97e-06 2.03e-03 2.80e-05 3.98e-04 1.42e-07 7.22e-05 1.55e-04 1.41e-04 2.05e-03 1.59e-04 6.51e-04 1.38e-04 1.64e-04 1.55e-04 1.41e-04 2.05e-03 1.59e-04 6.51e-04 1.38e-04 1.64e-04
8955 1.78900e+03 -4.00143e+00 4.69055e-04 2.87389e-04 7.44e-06 3.11e-06 1.96e-03 1.99e-05 3.57e-04 8.71e-07 4.01e-06 1.49e-04 1.34e-04 2.04e-03 1.52e-04 6.38e-04 1.32e-04 1.56e-04 1.49e-04 1.34e-04 2.04e-03 1.52e-04 6.38e-04 1.32e-04 1.56e-04
9005 1.79900e+03 -3.99168e+00 4.72890e-04 4.47201e-04 4.28e-05 2.24e-06 1.92e-03 2.86e-05 3.72e-04 6.23e-07 1.52e-05 1.41e-04 1.28e-04 2.04e-03 1.45e-04 6.21e-04 1.25e-04 1.49e-04 1.41e-04 1.28e-04 2.04e-03 1.45e-04 6.21e-04 1.25e-04 1.49e-04
9055 1.80900e+03 -3.89568e+00 5.20268e-04 5.60952e-04 2.56e-04 7.62e-06 1.91e-03 1.90e-05 4.11e-04 1.33e-06 4.12e-06 1.35e-04 1.21e-04 2.04e-03 1.38e-04 6.18e-04 1.19e-04 1.44e-04 1.35e-04 1.21e-04 2.04e-03 1.38e-04 6.18e-04 1.19e-04 1.44e-04
9105 1.81900e+03 -4.02479e+00 4.97970e-04 1.22441e-04 1.01e-05 3.30e-06 2.11e-03 2.05e-05 3.49e-04 3.60e-07 4.18e-05 1.31e-04 1.16e-04 2.04e-03 1.32e-04 6.05e-04 1.13e-04 1.38e-04 1.31e-04 1.16e-04 2.04e-03 1.32e-04 6.05e-04 1.13e-04 1.38e-04
9155 1.82900e+03 -3.96271e+00 6.27759e-04 1.01640e-03 5.80e-06 2.76e-06 2.09e-03 6.00e-05 9.84e-04 2.27e-07 7.93e-06 1.26e-04 1.10e-04 2.04e-03 1.26e-04 6.14e-04 1.08e-04 1.35e-04 1.26e-04 1.10e-04 2.04e-03 1.26e-04 6.14e-04 1.08e-04 1.35e-04
9205 1.83900e+03 -4.02996e+00 5.12345e-04 3.48171e-04 1.07e-05 7.41e-06 2.10e-03 1.99e-05 4.21e-04 1.59e-06 5.93e-05 1.20e-04 1.05e-04 2.05e-03 1.21e-04 6.19e-04 1.03e-04 1.30e-04 1.20e-04 1.05e-04 2.05e-03 1.21e-04 6.19e-04 1.03e-04 1.30e-04
9255 1.84900e+03 -4.00759e+00 5.28306e-04 8.16479e-04 1.35e-05 2.36e-06 2.10e-03 7.59e-05 4.51e-04 4.12e-07 5.97e-05 1.17e-04 9.98e-05 2.06e-03 1.15e-04 6.12e-04 9.76e-05 1.25e-04 1.17e-04 9.98e-05 2.06e-03 1.15e-04 6.12e-04 9.76e-05 1.25e-04
9305 1.85900e+03 -4.07292e+00 4.90237e-04 8.09631e-04 1.20e-05 5.12e-06 1.97e-03 2.16e-05 4.44e-04 1.03e-06 3.36e-05 1.13e-04 9.50e-05 2.06e-03 1.10e-04 6.20e-04 9.28e-05 1.21e-04 1.13e-04 9.50e-05 2.06e-03 1.10e-04 6.20e-04 9.28e-05 1.21e-04
9355 1.86900e+03 -4.03286e+00 5.56363e-04 8.86237e-05 7.01e-05 2.51e-06 2.18e-03 4.91e-05 4.80e-04 6.00e-07 1.55e-05 1.08e-04 9.05e-05 2.06e-03 1.05e-04 6.04e-04 8.83e-05 1.16e-04 1.08e-04 9.05e-05 2.06e-03 1.05e-04 6.04e-04 8.83e-05 1.16e-04
9405 1.87900e+03 -4.10267e+00 5.27909e-04 3.26429e-04 1.24e-05 2.85e-06 2.06e-03 2.90e-05 5.37e-04 3.58e-07 5.26e-06 1.05e-04 8.63e-05 2.06e-03 1.01e-04 5.86e-04 8.41e-05 1.11e-04 1.05e-04 8.63e-05 2.06e-03 1.01e-04 5.86e-04 8.41e-05 1.11e-04
9455 1.88900e+03 -4.14224e+00 5.06687e-04 1.53627e-03 8.51e-06 1.87e-06 2.10e-03 2.31e-05 4.05e-04 2.36e-07 3.08e-06 1.00e-04 8.23e-05 2.07e-03 9.67e-05 5.77e-04 8.00e-05 1.06e-04 1.00e-04 8.23e-05 2.07e-03 9.67e-05 5.77e-04 8.00e-05 1.06e-04
9505 1.89900e+03 -4.08338e+00 5.18226e-04 2.58351e-04 3.30e-05 2.70e-06 2.07e-03 3.79e-05 4.49e-04 1.96e-07 5.89e-05 9.58e-05 7.84e-05 2.07e-03 9.24e-05 5.69e-04 7.61e-05 1.01e-04 9.58e-05 7.84e-05 2.07e-03 9.24e-05 5.69e-04 7.61e-05 1.01e-04
9555 1.90900e+03 -4.02098e+00 5.18989e-04 3.27774e-04 1.09e-05 2.59e-06 1.98e-03 2.18e-05 5.75e-04 6.08e-07 1.82e-04 9.28e-05 7.46e-05 2.08e-03 8.83e-05 5.58e-04 7.24e-05 9.73e-05 9.28e-05 7.46e-05 2.08e-03 8.83e-05 5.58e-04 7.24e-05 9.73e-05
9605 1.91900e+03 -4.11606e+00 5.66505e-04 6.13688e-04 2.42e-05 3.42e-06 2.05e-03 3.36e-05 7.19e-04 8.67e-07 1.18e-05 8.99e-05 7.12e-05 2.09e-03 8.48e-05 5.55e-04 6.90e-05 9.50e-05 8.99e-05 7.12e-05 2.09e-03 8.48e-05 5.55e-04 6.90e-05 9.50e-05
9655 1.92900e+03 -4.10230e+00 6.20819e-04 1.51675e-04 1.86e-05 2.24e-06 2.15e-03 1.54e-05 9.21e-04 2.29e-07 3.80e-05 8.57e-05 6.78e-05 2.10e-03 8.11e-05 5.58e-04 6.56e-05 9.24e-05 8.57e-05 6.78e-05 2.10e-03 8.11e-05 5.58e-04 6.56e-05 9.24e-05
9705 1.93900e+03 -4.18291e+00 5.30613e-04 1.52364e-04 1.00e-05 7.06e-06 2.23e-03 1.93e-05 3.88e-04 1.75e-06 3.01e-05 8.20e-05 6.46e-05 2.11e-03 7.78e-05 5.60e-04 6.25e-05 9.15e-05 8.20e-05 6.46e-05 2.11e-03 7.78e-05 5.60e-04 6.25e-05 9.15e-05
9755 1.94900e+03 -4.23546e+00 4.96883e-04 1.50144e-03 6.46e-06 5.87e-06 2.15e-03 1.79e-05 3.04e-04 1.14e-06 5.06e-06 7.94e-05 6.16e-05 2.12e-03 7.48e-05 5.54e-04 5.94e-05 8.89e-05 7.94e-05 6.16e-05 2.12e-03 7.48e-05 5.54e-04 5.94e-05 8.89e-05
9805 1.95900e+03 -4.16148e+00 5.28951e-04 9.99005e-05 7.37e-05 4.16e-06 2.24e-03 2.03e-05 3.09e-04 8.60e-07 3.05e-05 7.66e-05 5.88e-05 2.13e-03 7.19e-05 5.50e-04 5.66e-05 8.61e-05 7.66e-05 5.88e-05 2.13e-03 7.19e-05 5.50e-04 5.66e-05 8.61e-05
9855 1.96900e+03 -4.20401e+00 5.25072e-04 3.79272e-04 5.82e-05 1.84e-06 2.18e-03 1.60e-05 3.74e-04 1.87e-07 1.33e-05 7.49e-05 5.61e-05 2.14e-03 6.92e-05 5.42e-04 5.39e-05 8.22e-05 7.49e-05 5.61e-05 2.14e-03 6.92e-05 5.42e-04 5.39e-05 8.22e-05
9905 1.97900e+03 -4.27689e+00 4.95853e-04 1.72536e-04 6.32e-06 2.75e-06 2.09e-03 1.86e-05 3.58e-04 7.55e-07 4.00e-06 7.20e-05 5.34e-05 2.15e-03 6.64e-05 5.29e-04 5.12e-05 7.88e-05 7.20e-05 5.34e-05 2.15e-03 6.64e-05 5.29e-04 5.12e-05 7.88e-05
9955 1.98900e+03 -4.19330e+00 5.17322e-04 6.93953e-04 6.28e-06 2.54e-06 2.12e-03 1.62e-05 4.44e-04 4.82e-07 9.84e-05 6.89e-05 5.09e-05 2.15e-03 6.38e-05 5.18e-04 4.88e-05 7.55e-05 6.89e-05 5.09e-05 2.15e-03 6.38e-05 5.18e-04 4.88e-05 7.55e-05
10005 1.99800e+03 -4.27167e+00 5.45029e-04 2.88297e-04 2.17e-05 7.23e-06 2.34e-03 1.49e-05 3.44e-04 3.47e-07 1.20e-05 6.61e-05 4.87e-05 2.17e-03 6.16e-05 5.20e-04 4.66e-05 7.41e-05 6.61e-05 4.87e-05 2.17e-03 6.16e-05 5.20e-04 4.66e-05 7.41e-05
10055 2.00800e+03 -4.30628e+00 5.03510e-04 9.65557e-04 9.72e-06 2.12e-06 2.18e-03 2.46e-05 3.03e-04 1.79e-07 1.03e-05 6.38e-05 4.65e-05 2.18e-03 5.93e-05 5.12e-04 4.45e-05 7.17e-05 6.38e-05 4.65e-05 2.18e-03 5.93e-05 5.12e-04 4.45e-05 7.17e-05
10105 2.01800e+03 -4.21955e+00 5.46967e-04 3.40092e-04 7.34e-05 3.93e-06 2.27e-03 4.14e-05 3.50e-04 3.80e-07 3.20e-06 6.17e-05 4.43e-05 2.20e-03 5.71e-05 5.04e-04 4.23e-05 6.87e-05 6.17e-05 4.43e-05 2.20e-03 5.71e-05 5.04e-04 4.23e-05 6.87e-05
10155 2.02800e+03 -4.32130e+00 5.08219e-04 9.06038e-05 1.70e-05 4.45e-06 2.21e-03 1.33e-05 2.93e-04 1.43e-06 1.96e-05 6.15e-05 4.23e-05 2.22e-03 5.52e-05 4.95e-04 4.03e-05 6.60e-05 6.15e-05 4.23e-05 2.22e-03 5.52e-05 4.95e-04 4.03e-05 6.60e-05
10205 2.03800e+03 -4.12052e+00 6.62303e-04 1.89633e-04 4.11e-05 5.18e-06 2.15e-03 1.55e-05 1.10e-03 2.25e-07 7.81e-05 6.00e-05 4.03e-05 2.23e-03 5.31e-05 4.86e-04 3.83e-05 6.31e-05 6.00e-05 4.03e-05 2.23e-03 5.31e-05 4.86e-04 3.83e-05 6.31e-05
10255 2.04800e+03 -4.27462e+00 5.11663e-04 6.79388e-04 7.56e-06 2.94e-06 2.12e-03 4.38e-05 3.87e-04 6.96e-07 4.79e-05 5.82e-05 3.84e-05 2.25e-03 5.13e-05 4.81e-04 3.65e-05 6.17e-05 5.82e-05 3.84e-05 2.25e-03 5.13e-05 4.81e-04 3.65e-05 6.17e-05
10305 2.05800e+03 -4.30350e+00 5.56001e-04 3.85964e-05 2.17e-05 6.36e-06 2.40e-03 4.12e-05 3.10e-04 1.59e-06 1.54e-05 5.64e-05 3.66e-05 2.26e-03 4.92e-05 4.70e-04 3.47e-05 5.93e-05 5.64e-05 3.66e-05 2.26e-03 4.92e-05 4.70e-04 3.47e-05 5.93e-05
10355 2.06800e+03 -4.29595e+00 5.41427e-04 2.34874e-04 7.74e-06 1.87e-06 2.03e-03 2.98e-05 6.36e-04 3.80e-07 3.61e-05 5.50e-05 3.49e-05 2.29e-03 4.75e-05 4.67e-04 3.30e-05 5.79e-05 5.50e-05 3.49e-05 2.29e-03 4.75e-05 4.67e-04 3.30e-05 5.79e-05
10405 2.07800e+03 -4.37238e+00 5.44751e-04 5.53891e-04 1.93e-05 1.83e-06 2.33e-03 2.29e-05 3.45e-04 1.85e-07 7.19e-06 5.28e-05 3.33e-05 2.31e-03 4.62e-05 4.84e-04 3.15e-05 5.70e-05 5.28e-05 3.33e-05 2.31e-03 4.62e-05 4.84e-04 3.15e-05 5.70e-05
10455 2.08800e+03 -4.35999e+00 5.43816e-04 3.89170e-04 2.41e-05 1.19e-05 2.31e-03 2.02e-05 3.52e-04 1.64e-06 3.66e-06 5.04e-05 3.18e-05 2.33e-03 4.45e-05 4.82e-04 2.99e-05 5.53e-05 5.04e-05 3.18e-05 2.33e-03 4.45e-05 4.82e-04 2.99e-05 5.53e-05
10505 2.09800e+03 -4.34741e+00 5.91102e-04 7.37422e-04 9.21e-06 3.12e-06 2.57e-03 1.21e-05 3.57e-04 8.85e-07 5.52e-05 4.94e-05 3.06e-05 2.36e-03 4.34e-05 5.10e-04 2.86e-05 5.44e-05 4.94e-05 3.06e-05 2.36e-03 4.34e-05 5.10e-04 2.86e-05 5.44e-05
10555 2.10800e+03 -4.26110e+00 5.90704e-04 1.84438e-04 1.02e-04 5.27e-06 2.46e-03 1.99e-05 3.69e-04 1.59e-06 9.70e-06 4.86e-05 2.92e-05 2.38e-03 4.22e-05 5.29e-04 2.72e-05 5.40e-05 4.86e-05 2.92e-05 2.38e-03 4.22e-05 5.29e-04 2.72e-05 5.40e-05
10605 2.11800e+03 -4.39341e+00 5.48965e-04 3.72476e-04 3.46e-05 2.12e-06 2.31e-03 1.70e-05 3.85e-04 2.03e-07 5.56e-06 4.83e-05 2.80e-05 2.38e-03 4.08e-05 5.26e-04 2.59e-05 5.27e-05 4.83e-05 2.80e-05 2.38e-03 4.08e-05 5.26e-04 2.59e-05 5.27e-05
10655 2.12800e+03 -4.35153e+00 5.64205e-04 8.99493e-04 2.30e-05 9.34e-06 2.43e-03 1.28e-05 3.48e-04 1.62e-06 4.59e-05 4.64e-05 2.67e-05 2.39e-03 3.94e-05 5.23e-04 2.46e-05 5.15e-05 4.64e-05 2.67e-05 2.39e-03 3.94e-05 5.23e-04 2.46e-05 5.15e-05
10705 2.13800e+03 -4.35049e+00 6.66488e-04 1.21115e-03 1.85e-05 6.97e-06 2.55e-03 2.73e-05 7.31e-04 1.98e-06 2.95e-06 4.49e-05 2.56e-05 2.35e-03 3.79e-05 5.17e-04 2.35e-05 4.96e-05 4.49e-05 2.56e-05 2.35e-03 3.79e-05 5.17e-04 2.35e-05 4.96e-05
10755 2.14800e+03 -4.42419e+00 5.95706e-04 4.08907e-04 9.99e-06 1.70e-06 2.47e-03 3.05e-05 4.71e-04 4.97e-07 3.15e-06 4.47e-05 2.44e-05 2.25e-03 3.65e-05 5.19e-04 2.25e-05 4.82e-05 4.47e-05 2.44e-05 2.25e-03 3.65e-05 5.19e-04 2.25e-05 4.82e-05
10805 2.15800e+03 -4.39678e+00 5.80953e-04 3.93312e-03 1.63e-05 1.19e-05 2.33e-03 2.07e-05 5.22e-04 8.41e-07 9.97e-06 4.38e-05 2.33e-05 2.16e-03 3.56e-05 5.20e-04 2.16e-05 4.69e-05 4.38e-05 2.33e-05 2.16e-03 3.56e-05 5.20e-04 2.16e-05 4.69e-05
10855 2.16800e+03 -4.38439e+00 6.22565e-04 2.09559e-04 7.92e-06 1.77e-06 2.33e-03 1.53e-05 7.57e-04 1.27e-07 4.09e-05 4.26e-05 2.22e-05 2.08e-03 3.48e-05 5.30e-04 2.08e-05 4.60e-05 4.26e-05 2.22e-05 2.08e-03 3.48e-05 5.30e-04 2.08e-05 4.60e-05
10905 2.17800e+03 -4.49342e+00 5.45047e-04 5.08690e-04 9.15e-06 1.64e-06 2.23e-03 1.45e-05 4.70e-04 5.94e-07 3.94e-06 4.12e-05 2.12e-05 2.01e-03 3.36e-05 5.26e-04 2.01e-05 4.43e-05 4.12e-05 2.12e-05 2.01e-03 3.36e-05 5.26e-04 2.01e-05 4.43e-05
10955 2.18800e+03 -4.41744e+00 6.18375e-04 1.86669e-03 1.23e-05 2.51e-06 2.29e-03 2.15e-05 7.61e-04 1.37e-07 1.60e-05 4.01e-05 2.02e-05 1.94e-03 3.28e-05 5.49e-04 1.94e-05 4.56e-05 4.01e-05 2.02e-05 1.94e-03 3.28e-05 5.49e-04 1.94e-05 4.56e-05
11005 2.19800e+03 -4.36810e+00 6.20039e-04 4.74650e-04 7.42e-06 5.76e-06 2.32e-03 5.16e-05 7.19e-04 2.45e-07 1.08e-05 3.86e-05 1.93e-05 1.88e-03 3.18e-05 5.48e-04 1.88e-05 4.42e-05 3.86e-05 1.93e-05 1.88e-03 3.18e-05 5.48e-04 1.88e-05 4.42e-05
11055 2.20800e+03 -4.49847e+00 5.59435e-04 1.46066e-03 1.08e-05 2.10e-06 2.29e-03 1.71e-05 4.75e-04 3.76e-07 7.63e-06 3.75e-05 1.84e-05 1.82e-03 3.09e-05 5.56e-04 1.82e-05 4.31e-05 3.75e-05 1.84e-05 1.82e-03 3.09e-05 5.56e-04 1.82e-05 4.31e-05
11105 2.21800e+03 -4.51226e+00 5.48714e-04 1.11307e-03 1.26e-05 1.41e-06 2.35e-03 2.32e-05 3.57e-04 1.36e-07 3.49e-06 3.74e-05 1.76e-05 1.76e-03 2.99e-05 5.47e-04 1.76e-05 4.16e-05 3.74e-05 1.76e-05 1.76e-03 2.99e-05 5.47e-04 1.76e-05 4.16e-05
11155 2.22800e+03 -4.37945e+00 5.81057e-04 4.54749e-04 2.46e-05 7.57e-06 2.35e-03 1.11e-05 5.08e-04 8.08e-07 5.87e-05 3.68e-05 1.70e-05 1.70e-03 2.93e-05 5.35e-04 1.70e-05 4.05e-05 3.68e-05 1.70e-05 1.70e-03 2.93e-05 5.35e-04 1.70e-05 4.05e-05
11205 2.23800e+03 -4.51120e+00 5.13702e-04 6.62132e-04 1.53e-05 3.60e-06 2.14e-03 2.52e-05 3.86e-04 4.09e-07 3.53e-06 3.57e-05 1.65e-05 1.65e-03 2.86e-05 5.31e-04 1.65e-05 3.93e-05 3.57e-05 1.65e-05 1.65e-03 2.86e-05 5.31e-04 1.65e-05 3.93e-05
11255 2.24800e+03 -4.54493e+00 5.18250e-04 1.02076e-03 8.08e-06 1.33e-06 2.21e-03 2.53e-05 3.45e-04 3.40e-07 3.20e-06 3.49e-05 1.60e-05 1.59e-03 2.80e-05 5.29e-04 1.59e-05 3.84e-05 3.49e-05 1.60e-05 1.59e-03 2.80e-05 5.29e-04 1.59e-05 3.84e-05
11305 2.25800e+03 -4.19496e+00 5.28890e-04 5.09906e-04 1.28e-04 1.04e-05 1.91e-03 4.32e-05 5.51e-04 1.58e-06 3.08e-06 3.46e-05 1.54e-05 1.54e-03 2.75e-05 5.36e-04 1.54e-05 3.74e-05 3.46e-05 1.54e-05 1.54e-03 2.75e-05 5.36e-04 1.54e-05 3.74e-05
11355 2.26800e+03 -4.46022e+00 5.79401e-04 6.78378e-04 1.35e-05 1.38e-06 2.26e-03 3.49e-05 5.87e-04 5.64e-07 1.38e-05 3.44e-05 1.50e-05 1.50e-03 2.68e-05 5.40e-04 1.50e-05 3.80e-05 3.44e-05 1.50e-05 1.50e-03 2.68e-05 5.40e-04 1.50e-05 3.80e-05
11405 2.27800e+03 -4.45426e+00 5.54702e-04 5.39276e-04 5.92e-05 1.99e-06 2.18e-03 1.28e-05 5.23e-04 2.92e-07 5.14e-06 3.32e-05 1.46e-05 1.46e-03 2.63e-05 5.46e-04 1.46e-05 3.73e-05 3.32e-05 1.46e-05 1.46e-03 2.63e-05 5.46e-04 1.46e-05 3.73e-05
11455 2.28800e+03 -4.48597e+00 5.24322e-04 6.83277e-04 1.17e-05 1.34e-06 2.00e-03 2.31e-05 5.88e-04 1.33e-07 3.18e-05 3.25e-05 1.41e-05 1.41e-03 2.58e-05 5.45e-04 1.41e-05 3.61e-05 3.25e-05 1.41e-05 1.41e-03 2.58e-05 5.45e-04 1.41e-05 3.61e-05
11505 2.29800e+03 -4.60285e+00 4.93010e-04 3.55467e-04 6.41e-06 2.01e-06 1.98e-03 1.40e-05 4.62e-04 1.53e-07 2.77e-06 3.12e-05 1.37e-05 1.37e-03 2.51e-05 5.47e-04 1.37e-05 3.48e-05 3.12e-05 1.37e-05 1.37e-03 2.51e-05 5.47e-04 1.37e-05 3.48e-05
11555 2.30800e+03 -4.45264e+00 5.54791e-04 7.43383e-04 3.93e-05 3.18e-06 2.01e-03 1.47e-05 7.11e-04 1.44e-06 1.75e-05 3.10e-05 1.33e-05 1.33e-03 2.45e-05 5.50e-04 1.33e-05 3.41e-05 3.10e-05 1.33e-05 1.33e-03 2.45e-05 5.50e-04 1.33e-05 3.41e-05
11605 2.31800e+03 -4.54213e+00 5.07380e-04 1.52204e-03 1.45e-05 8.21e-06 1.95e-03 1.24e-05 5.49e-04 1.21e-06 6.25e-06 3.07e-05 1.29e-05 1.29e-03 2.39e-05 5.63e-04 1.29e-05 3.34e-05 3.07e-05 1.29e-05 1.29e-03 2.39e-05 5.63e-04 1.29e-05 3.34e-05
11655 2.32800e+03 -4.45745e+00 5.04391e-04 5.23699e-03 1.12e-05 3.74e-06 1.85e-03 5.31e-05 6.04e-04 8.40e-07 4.12e-06 3.04e-05 1.26e-05 1.26e-03 2.32e-05 5.80e-04 1.26e-05 3.39e-05 3.04e-05 1.26e-05 1.26e-03 2.32e-05 5.80e-04 1.26e-05 3.39e-05
11705 2.33800e+03 -4.58435e+00 4.93401e-04 2.58339e-04 1.98e-05 1.33e-06 1.92e-03 1.55e-05 5.09e-04 4.38e-07 3.12e-06 2.95e-05 1.23e-05 1.23e-03 2.28e-05 5.85e-04 1.23e-05 3.29e-05 2.95e-05 1.23e-05 1.23e-03 2.28e-05 5.85e-04 1.23e-05 3.29e-05
11755 2.34800e+03 -4.40719e+00 5.31111e-04 1.55275e-04 6.40e-05 3.19e-06 2.03e-03 1.44e-05 5.49e-04 5.83e-07 2.73e-05 2.91e-05 1.19e-05 1.19e-03 2.22e-05 5.89e-04 1.19e-05 3.31e-05 2.91e-05 1.19e-05 1.19e-03 2.22e-05 5.89e-04 1.19e-05 3.31e-05
11805 2.35800e+03 -4.62553e+00 4.79412e-04 7.42611e-04 6.51e-06 1.72e-06 1.84e-03 1.28e-05 5.33e-04 2.02e-07 6.92e-06 2.86e-05 1.16e-05 1.16e-03 2.18e-05 5.93e-04 1.16e-05 3.26e-05 2.86e-05 1.16e-05 1.16e-03 2.18e-05 5.93e-04 1.16e-05 3.26e-05
11855 2.36800e+03 -4.59312e+00 4.71121e-04 1.69004e-04 1.24e-05 1.63e-06 1.79e-03 9.05e-06 5.45e-04 4.51e-07 2.34e-05 2.80e-05 1.13e-05 1.13e-03 2.12e-05 5.96e-04 1.13e-05 3.18e-05 2.80e-05 1.13e-05 1.13e-03 2.12e-05 5.96e-04 1.13e-05 3.18e-05
11905 2.37800e+03 -4.53441e+00 4.87220e-04 2.08359e-03 2.93e-05 5.62e-06 1.85e-03 1.85e-05 5.31e-04 6.90e-07 4.47e-06 2.80e-05 1.11e-05 1.11e-03 2.06e-05 6.09e-04 1.11e-05 3.11e-05 2.80e-05 1.11e-05 1.11e-03 2.06e-05 6.09e-04 1.11e-05 3.11e-05
11955 2.38800e+03 -4.57463e+00 4.67153e-04 4.05708e-03 6.80e-06 3.88e-06 1.68e-03 9.53e-06 6.33e-04 4.89e-07 3.17e-05 2.78e-05 1.08e-05 1.08e-03 2.02e-05 6.12e-04 1.08e-05 3.05e-05 2.78e-05 1.08e-05 1.08e-03 2.02e-05 6.12e-04 1.08e-05 3.05e-05
12005 2.39800e+03 -4.41422e+00 5.09607e-04 2.56569e-03 5.23e-05 1.44e-06 1.62e-03 1.19e-05 8.59e-04 1.86e-07 4.63e-05 2.84e-05 1.05e-05 1.05e-03 1.97e-05 6.16e-04 1.05e-05 2.98e-05 2.84e-05 1.05e-05 1.05e-03 1.97e-05 6.16e-04 1.05e-05 2.98e-05
12055 2.40800e+03 -4.57665e+00 4.65281e-04 3.85654e-04 2.18e-05 6.88e-06 1.71e-03 1.10e-05 5.81e-04 7.35e-07 7.53e-06 2.83e-05 1.03e-05 1.03e-03 1.94e-05 6.23e-04 1.03e-05 2.88e-05 2.83e-05 1.03e-05 1.03e-03 1.94e-05 6.23e-04 1.03e-05 2.88e-05
12105 2.41800e+03 -4.57322e+00 4.81849e-04 3.19814e-04 1.80e-05 2.41e-06 1.75e-03 1.81e-05 6.20e-04 3.09e-07 1.41e-05 2.76e-05 1.01e-05 1.01e-03 1.93e-05 6.28e-04 1.01e-05 2.82e-05 2.76e-05 1.01e-05 1.01e-03 1.93e-05 6.28e-04 1.01e-05 2.82e-05
12155 2.42800e+03 -4.59929e+00 4.72317e-04 2.73607e-04 1.82e-05 6.88e-06 1.78e-03 1.14e-05 5.40e-04 6.14e-07 3.44e-06 2.70e-05 9.83e-06 9.83e-04 1.90e-05 6.37e-04 9.83e-06 2.81e-05 2.70e-05 9.83e-06 9.83e-04 1.90e-05 6.37e-04 9.83e-06 2.81e-05
12205 2.43800e+03 -4.61276e+00 4.71514e-04 5.97580e-05 2.47e-05 1.69e-06 1.69e-03 1.06e-05 6.30e-04 1.61e-07 8.97e-06 2.66e-05 9.62e-06 9.62e-04 1.88e-05 6.40e-04 9.62e-06 2.70e-05 2.66e-05 9.62e-06 9.62e-04 1.88e-05 6.40e-04 9.62e-06 2.70e-05
12255 2.44800e+03 -4.55283e+00 5.04558e-04 2.08975e-03 1.11e-05 4.50e-06 1.63e-03 2.29e-05 8.57e-04 1.06e-07 1.33e-05 2.61e-05 9.46e-06 9.45e-04 1.92e-05 6.52e-04 9.45e-06 2.69e-05 2.61e-05 9.46e-06 9.45e-04 1.92e-05 6.52e-04 9.45e-06 2.69e-05
12305 2.45800e+03 -4.53855e+00 4.70155e-04 9.65896e-04 2.95e-05 8.69e-06 1.60e-03 1.48e-05 6.93e-04 1.35e-06 3.70e-06 2.59e-05 9.28e-06 9.28e-04 1.90e-05 6.64e-04 9.27e-06 2.63e-05 2.59e-05 9.28e-06 9.28e-04 1.90e-05 6.64e-04 9.28e-06 2.63e-05
12355 2.46800e+03 -4.51834e+00 4.50528e-04 5.45630e-04 8.54e-06 1.34e-06 1.58e-03 2.95e-05 6.36e-04 3.06e-07 3.92e-05 2.54e-05 9.08e-06 9.08e-04 1.86e-05 6.74e-04 9.08e-06 2.56e-05 2.54e-05 9.08e-06 9.08e-04 1.86e-05 6.74e-04 9.08e-06 2.56e-05
12405 2.47800e+03 -4.62827e+00 4.25607e-04 6.48955e-04 1.24e-05 5.39e-06 1.38e-03 1.04e-05 7.24e-04 3.89e-07 1.43e-05 2.47e-05 8.87e-06 8.87e-04 1.83e-05 6.76e-04 8.88e-06 2.47e-05 2.47e-05 8.87e-06 8.87e-04 1.83e-05 6.76e-04 8.88e-06 2.47e-05
12455 2.48800e+03 -4.51317e+00 4.56519e-04 7.92954e-04 1.85e-05 1.34e-06 1.50e-03 1.49e-05 7.50e-04 1.70e-07 4.97e-05 2.39e-05 8.70e-06 8.70e-04 1.78e-05 6.80e-04 8.69e-06 2.41e-05 2.39e-05 8.70e-06 8.70e-04 1.78e-05 6.80e-04 8.70e-06 2.41e-05
12505 2.49800e+03 -4.66457e+00 4.97214e-04 5.32007e-04 5.54e-06 1.82e-06 1.51e-03 1.24e-05 9.58e-04 3.05e-07 7.39e-06 2.31e-05 8.52e-06 8.52e-04 1.74e-05 6.84e-04 8.52e-06 2.36e-05 2.31e-05 8.52e-06 8.52e-04 1.74e-05 6.84e-04 8.52e-06 2.36e-05
12555 2.50800e+03 -4.41859e+00 4.56621e-04 5.43800e-04 7.27e-06 1.37e-06 1.40e-03 3.39e-05 8.36e-04 1.76e-07 6.60e-05 2.24e-05 8.32e-06 8.32e-04 1.70e-05 6.87e-04 8.32e-06 2.30e-05 2.24e-05 8.32e-06 8.32e-04 1.70e-05 6.87e-04 8.32e-06 2.30e-05
12605 2.51800e+03 -4.59347e+00 4.91642e-04 5.21265e-04 3.26e-05 1.24e-06 1.65e-03 1.78e-05 7.55e-04 2.00e-07 2.33e-06 2.28e-05 8.14e-06 8.14e-04 1.69e-05 6.97e-04 8.14e-06 2.28e-05 2.28e-05 8.14e-06 8.14e-04 1.69e-05 6.97e-04 8.14e-06 2.28e-05
12655 2.52800e+03 -4.60209e+00 4.64525e-04 2.85280e-04 2.80e-05 3.75e-06 1.47e-03 1.66e-05 8.05e-04 2.56e-07 2.17e-06 2.27e-05 7.97e-06 7.97e-04 1.72e-05 7.07e-04 7.97e-06 2.31e-05 2.27e-05 7.97e-06 7.97e-04 1.72e-05 7.07e-04 7.97e-06 2.31e-05
12705 2.53800e+03 -4.63381e+00 4.49652e-04 7.98724e-04 5.24e-06 1.71e-06 1.47e-03 2.95e-05 7.39e-04 3.82e-07 5.45e-06 2.25e-05 7.82e-06 7.83e-04 1.70e-05 7.22e-04 7.82e-06 2.35e-05 2.25e-05 7.83e-06 7.83e-04 1.70e-05 7.22e-04 7.83e-06 2.35e-05
12755 2.54800e+03 -4.68793e+00 4.34794e-04 1.99807e-03 1.44e-05 1.55e-06 1.34e-03 1.40e-05 8.04e-04 2.91e-07 2.54e-06 2.31e-05 7.66e-06 7.66e-04 1.70e-05 7.38e-04 7.66e-06 2.34e-05 2.31e-05 7.66e-06 7.66e-04 1.70e-05 7.38e-04 7.66e-06 2.34e-05
12805 2.55800e+03 -4.65164e+00 4.44209e-04 3.34884e-04 1.63e-05 3.21e-06 1.36e-03 1.16e-05 8.33e-04 5.87e-07 9.09e-06 2.28e-05 7.50e-06 7.50e-04 1.70e-05 7.44e-04 7.50e-06 2.30e-05 2.28e-05 7.50e-06 7.50e-04 1.70e-05 7.44e-04 7.50e-06 2.30e-05
12855 2.56800e+03 -4.73222e+00 4.25710e-04 2.75812e-04 1.05e-05 1.89e-06 1.32e-03 8.29e-06 7.89e-04 3.04e-07 2.21e-06 2.23e-05 7.36e-06 7.36e-04 1.67e-05 7.36e-04 7.36e-06 2.25e-05 2.23e-05 7.36e-06 7.36e-04 1.67e-05 7.36e-04 7.36e-06 2.25e-05
12905 2.57800e+03 -4.70189e+00 4.20663e-04 3.94134e-04 6.51e-06 3.76e-06 1.33e-03 1.34e-05 7.51e-04 3.44e-07 4.43e-06 2.20e-05 7.23e-06 7.23e-04 1.66e-05 7.23e-04 7.24e-06 2.25e-05 2.20e-05 7.23e-06 7.23e-04 1.66e-05 7.23e-04 7.24e-06 2.25e-05
12955 2.58800e+03 -4.69441e+00 4.17684e-04 6.69729e-05 2.69e-05 1.04e-06 1.38e-03 8.30e-06 6.70e-04 1.94e-07 3.52e-06 2.15e-05 7.10e-06 7.10e-04 1.64e-05 7.10e-04 7.10e-06 2.20e-05 2.15e-05 7.10e-06 7.10e-04 1.64e-05 7.10e-04 7.10e-06 2.20e-05
13005 2.59800e+03 -4.50106e+00 4.27978e-04 7.01997e-05 6.76e-06 4.43e-06 1.41e-03 2.00e-05 6.99e-04 3.75e-07 5.52e-05 2.10e-05 6.97e-06 6.97e-04 1.65e-05 6.97e-04 6.97e-06 2.17e-05 2.10e-05 6.97e-06 6.97e-04 1.65e-05 6.97e-04 6.97e-06 2.17e-05
13055 2.60800e+03 -4.69856e+00 4.07892e-04 3.56458e-04 1.01e-05 5.24e-06 1.33e-03 1.01e-05 6.82e-04 8.03e-07 4.02e-06 2.06e-05 6.87e-06 6.87e-04 1.65e-05 6.86e-04 6.87e-06 2.18e-05 2.06e-05 6.87e-06 6.87e-04 1.65e-05 6.86e-04 6.87e-06 2.18e-05
13105 2.61800e+03 -4.53899e+00 3.89334e-04 1.47286e-04 1.13e-05 4.91e-06 1.19e-03 3.76e-05 7.07e-04 4.72e-07 2.07e-05 2.06e-05 6.76e-06 6.77e-04 1.62e-05 6.77e-04 6.76e-06 2.17e-05 2.06e-05 6.77e-06 6.77e-04 1.62e-05 6.77e-04 6.77e-06 2.17e-05
13155 2.62800e+03 -4.57405e+00 4.65322e-04 9.51671e-04 4.97e-05 1.85e-06 1.32e-03 8.88e-06 9.49e-04 1.96e-07 6.94e-06 2.03e-05 6.66e-06 6.66e-04 1.61e-05 6.66e-04 6.66e-06 2.11e-05 2.03e-05 6.66e-06 6.66e-04 1.61e-05 6.66e-04 6.66e-06 2.11e-05
13205 2.63800e+03 -4.74139e+00 4.13013e-04 2.52560e-04 4.85e-06 1.17e-06 1.25e-03 1.69e-05 7.90e-04 4.04e-07 2.54e-06 2.06e-05 6.58e-06 6.58e-04 1.60e-05 6.58e-04 6.58e-06 2.06e-05 2.06e-05 6.58e-06 6.58e-04 1.60e-05 6.58e-04 6.58e-06 2.06e-05
13255 2.64800e+03 -4.77475e+00 3.74197e-04 6.32623e-05 6.05e-06 1.17e-06 1.22e-03 9.87e-06 6.35e-04 1.60e-07 8.48e-06 2.01e-05 6.50e-06 6.51e-04 1.58e-05 6.50e-04 6.51e-06 2.01e-05 2.01e-05 6.51e-06 6.51e-04 1.58e-05 6.50e-04 6.51e-06 2.01e-05
13305 2.65800e+03 -4.71919e+00 4.12313e-04 1.15655e-04 1.88e-05 1.05e-06 1.25e-03 1.26e-05 7.75e-04 3.71e-07 2.81e-06 1.97e-05 6.44e-06 6.43e-04 1.55e-05 6.43e-04 6.44e-06 1.96e-05 1.97e-05 6.44e-06 6.43e-04 1.55e-05 6.43e-04 6.44e-06 1.96e-05
13355 2.66800e+03 -4.67614e+00 4.12882e-04 6.47998e-04 1.38e-05 2.04e-06 1.33e-03 1.69e-05 7.01e-04 2.36e-07 1.12e-05 2.09e-05 6.36e-06 6.36e-04 1.53e-05 6.36e-04 6.36e-06 1.97e-05 2.09e-05 6.36e-06 6.36e-04 1.53e-05 6.36e-04 6.36e-06 1.97e-05
13405 2.67800e+03 -4.50073e+00 4.20360e-04 1.24697e-04 1.40e-05 1.21e-06 1.33e-03 2.25e-05 7.35e-04 1.85e-07 5.37e-05 2.14e-05 6.29e-06 6.30e-04 1.53e-05 6.30e-04 6.30e-06 1.96e-05 2.14e-05 6.30e-06 6.30e-04 1.53e-05 6.30e-04 6.30e-06 1.96e-05
13455 2.68800e+03 -4.63431e+00 4.09167e-04 4.63148e-04 4.02e-05 1.35e-06 1.24e-03 1.04e-05 7.54e-04 4.84e-07 1.02e-05 2.24e-05 6.23e-06 6.24e-04 1.54e-05 6.23e-04 6.24e-06 1.95e-05 2.24e-05 6.24e-06 6.24e-04 1.54e-05 6.23e-04 6.24e-06 1.95e-05
13505 2.69800e+03 -4.52190e+00 4.14354e-04 2.97472e-04 3.23e-05 1.35e-06 1.27e-03 1.27e-05 7.54e-04 2.17e-07 4.52e-05 2.35e-05 6.22e-06 6.26e-04 1.59e-05 6.26e-04 6.21e-06 1.97e-05 2.35e-05 6.26e-06 6.26e-04 1.59e-05 6.26e-04 6.26e-06 1.97e-05
13555 2.70800e+03 -4.64339e+00 4.24718e-04 1.96748e-03 4.24e-05 1.37e-06 1.29e-03 1.28e-05 7.82e-04 3.15e-07 1.89e-06 2.37e-05 6.18e-06 6.20e-04 1.57e-05 6.20e-04 6.19e-06 1.95e-05 2.37e-05 6.20e-06 6.20e-04 1.57e-05 6.20e-04 6.20e-06 1.95e-05
13605 2.71800e+03 -4.39524e+00 4.38433e-04 8.70979e-04 1.18e-04 1.37e-06 1.27e-03 1.34e-05 7.92e-04 2.74e-07 7.54e-06 2.38e-05 6.16e-06 6.17e-04 1.59e-05 6.17e-04 6.17e-06 1.93e-05 2.38e-05 6.17e-06 6.17e-04 1.59e-05 6.17e-04 6.17e-06 1.93e-05
13655 2.72800e+03 -4.58837e+00 5.05889e-04 7.19852e-04 1.86e-05 1.90e-06 1.26e-03 1.49e-05 1.23e-03 4.00e-07 1.80e-05 2.55e-05 6.14e-06 6.14e-04 1.58e-05 6.15e-04 6.14e-06 1.95e-05 2.55e-05 6.15e-06 6.14e-04 1.58e-05 6.15e-04 6.15e-06 1.95e-05
13705 2.73800e+03 -4.61199e+00 4.28513e-04 8.90683e-04 3.53e-05 1.08e-06 1.32e-03 1.32e-05 7.69e-04 3.37e-07 1.65e-05 2.64e-05 6.14e-06 6.20e-04 1.58e-05 6.20e-04 6.13e-06 2.01e-05 2.64e-05 6.20e-06 6.20e-04 1.58e-05 6.20e-04 6.20e-06 2.01e-05
13755 2.74800e+03 -4.65883e+00 4.02962e-04 2.22733e-03 4.85e-05 1.70e-06 1.19e-03 7.94e-06 7.62e-04 2.64e-07 3.01e-06 2.66e-05 6.14e-06 6.15e-04 1.56e-05 6.15e-04 6.13e-06 2.00e-05 2.66e-05 6.15e-06 6.15e-04 1.56e-05 6.15e-04 6.15e-06 2.00e-05
13805 2.75800e+03 -4.38845e+00 4.12050e-04 9.72259e-04 9.74e-05 4.00e-06 1.20e-03 2.46e-05 7.34e-04 9.24e-07 1.20e-05 2.68e-05 6.11e-06 6.11e-04 1.54e-05 6.11e-04 6.10e-06 1.94e-05 2.68e-05 6.11e-06 6.11e-04 1.54e-05 6.11e-04 6.11e-06 1.94e-05
13855 2.76800e+03 -4.63387e+00 4.19332e-04 2.68626e-03 4.00e-05 2.31e-06 1.29e-03 1.62e-05 7.46e-04 1.75e-07 2.54e-06 2.70e-05 6.06e-06 6.07e-04 1.50e-05 6.07e-04 6.07e-06 1.90e-05 2.70e-05 6.07e-06 6.07e-04 1.50e-05 6.07e-04 6.07e-06 1.90e-05
13905 2.77800e+03 -4.58447e+00 4.64423e-04 3.92304e-04 5.01e-05 1.20e-06 1.31e-03 1.24e-05 9.53e-04 2.42e-07 1.04e-05 2.78e-05 6.05e-06 6.05e-04 1.47e-05 6.05e-04 6.04e-06 1.88e-05 2.78e-05 6.05e-06 6.05e-04 1.47e-05 6.05e-04 6.05e-06 1.88e-05
13955 2.78800e+03 -4.64165e+00 4.11121e-04 1.93627e-03 3.19e-05 2.72e-06 1.22e-03 1.54e-05 7.81e-04 4.32e-07 6.70e-06 2.82e-05 6.02e-06 6.02e-04 1.45e-05 6.01e-04 6.01e-06 1.83e-05 2.82e-05 6.02e-06 6.02e-04 1.45e-05 6.01e-04 6.02e-06 1.83e-05
14005 2.79800e+03 -4.55383e+00 4.25623e-04 1.12486e-03 2.08e-05 9.96e-07 1.25e-03 1.43e-05 8.41e-04 8.86e-07 3.89e-05 2.87e-05 5.97e-06 5.98e-04 1.43e-05 5.98e-04 5.98e-06 1.82e-05 2.87e-05 5.98e-06 5.98e-04 1.43e-05 5.98e-04 5.98e-06 1.82e-05
14055 2.80800e+03 -4.66653e+00 4.68269e-04 5.63356e-04 1.61e-05 9.61e-07 1.32e-03 1.83e-05 9.88e-04 5.08e-07 2.70e-06 2.88e-05 5.96e-06 5.96e-04 1.44e-05 5.96e-04 5.96e-06 1.83e-05 2.88e-05 5.96e-06 5.96e-04 1.44e-05 5.96e-04 5.96e-06 1.83e-05
14105 2.81800e+03 -4.41470e+00 4.46665e-04 1.10099e-04 6.93e-05 2.53e-06 1.23e-03 1.48e-05 9.19e-04 2.53e-07 3.95e-05 3.01e-05 5.95e-06 5.95e-04 1.43e-05 5.95e-04 5.94e-06 1.80e-05 3.01e-05 5.95e-06 5.95e-04 1.43e-05 5.95e-04 5.95e-06 1.80e-05
14155 2.82800e+03 -4.64428e+00 3.92450e-04 6.93358e-04 1.62e-05 2.34e-06 1.18e-03 1.06e-05 7.52e-04 7.92e-07 2.38e-05 3.13e-05 5.95e-06 5.96e-04 1.45e-05 5.96e-04 5.94e-06 1.83e-05 3.13e-05 5.96e-06 5.96e-04 1.45e-05 5.96e-04 5.96e-06 1.83e-05
14205 2.83800e+03 -4.58073e+00 4.68412e-04 1.40908e-03 2.54e-05 2.76e-06 1.22e-03 8.32e-06 1.08e-03 1.92e-07 2.67e-05 3.15e-05 5.95e-06 5.96e-04 1.45e-05 5.96e-04 5.94e-06 1.86e-05 3.15e-05 5.96e-06 5.96e-04 1.45e-05 5.96e-04 5.96e-06 1.86e-05
14255 2.84800e+03 -4.64233e+00 4.51770e-04 9.99214e-04 3.14e-05 8.59e-07 1.34e-03 1.51e-05 8.74e-04 4.44e-07 6.83e-06 3.16e-05 5.94e-06 5.94e-04 1.45e-05 5.94e-04 5.94e-06 1.81e-05 3.16e-05 5.94e-06 5.94e-04 1.45e-05 5.94e-04 5.94e-06 1.81e-05
14305 2.85800e+03 -4.72180e+00 4.12767e-04 2.51662e-04 2.03e-05 2.25e-06 1.22e-03 8.60e-06 8.14e-04 3.05e-07 2.42e-06 3.18e-05 5.93e-06 5.95e-04 1.50e-05 5.95e-04 5.92e-06 1.82e-05 3.18e-05 5.95e-06 5.95e-04 1.50e-05 5.95e-04 5.95e-06 1.82e-05
14355 2.86800e+03 -4.60006e+00 3.98533e-04 1.71125e-03 6.18e-05 1.01e-06 1.11e-03 1.81e-05 8.00e-04 2.69e-07 5.70e-06 3.17e-05 5.92e-06 5.93e-04 1.48e-05 5.93e-04 5.92e-06 1.82e-05 3.17e-05 5.93e-06 5.93e-04 1.48e-05 5.93e-04 5.93e-06 1.82e-05
14405 2.87800e+03 -4.71911e+00 4.26885e-04 6.60525e-04 1.95e-05 8.41e-07 1.14e-03 1.18e-05 9.60e-04 2.68e-07 2.41e-06 3.16e-05 5.90e-06 5.90e-04 1.46e-05 5.90e-04 5.89e-06 1.79e-05 3.16e-05 5.90e-06 5.90e-04 1.46e-05 5.90e-04 5.90e-06 1.79e-05
14455 2.88800e+03 -4.68396e+00 4.20829e-04 2.15819e-03 2.14e-05 1.06e-06 1.17e-03 1.56e-05 8.96e-04 2.76e-07 6.15e-06 3.13e-05 5.85e-06 5.86e-04 1.44e-05 5.86e-04 5.86e-06 1.76e-05 3.13e-05 5.86e-06 5.86e-04 1.44e-05 5.86e-04 5.86e-06 1.76e-05
14505 2.89800e+03 -4.65599e+00 3.83571e-04 4.73215e-04 6.76e-05 9.31e-07 1.20e-03 8.66e-06 6.39e-04 2.17e-07 3.12e-06 3.09e-05 5.82e-06 5.83e-04 1.43e-05 5.83e-04 5.81e-06 1.71e-05 3.09e-05 5.83e-06 5.83e-04 1.43e-05 5.83e-04 5.83e-06 1.71e-05
14555 2.90800e+03 -4.64752e+00 4.51390e-04 6.40473e-04 2.46e-05 3.93e-06 1.18e-03 1.26e-05 1.04e-03 6.58e-07 3.53e-06 3.14e-05 5.80e-06 5.82e-04 1.43e-05 5.82e-04 5.81e-06 1.66e-05 3.14e-05 5.82e-06 5.82e-04 1.43e-05 5.82e-04 5.82e-06 1.66e-05
14605 2.91800e+03 -4.67121e+00 3.99020e-04 8.14795e-04 2.42e-05 1.05e-06 1.16e-03 1.93e-05 7.93e-04 3.12e-07 7.29e-06 3.15e-05 5.80e-06 5.81e-04 1.43e-05 5.81e-04 5.80e-06 1.65e-05 3.15e-05 5.81e-06 5.81e-04 1.43e-05 5.81e-04 5.81e-06 1.65e-05
14655 2.92800e+03 -4.44206e+00 3.81587e-04 5.30650e-04 1.32e-05 9.59e-07 1.13e-03 8.97e-06 7.50e-04 2.01e-07 8.17e-05 3.12e-05 5.80e-06 5.80e-04 1.48e-05 5.81e-04 5.78e-06 1.69e-05 3.12e-05 5.81e-06 5.80e-04 1.48e-05 5.81e-04 5.81e-06 1.69e-05
14705 2.93800e+03 -4.70111e+00 3.71700e-04 9.78305e-05 2.31e-05 4.56e-06 1.21e-03 1.13e-05 6.13e-04 5.67e-07 2.60e-06 3.16e-05 5.75e-06 5.76e-04 1.47e-05 5.76e-04 5.75e-06 1.71e-05 3.16e-05 5.76e-06 5.76e-04 1.47e-05 5.76e-04 5.76e-06 1.71e-05
14755 2.94800e+03 -4.56586e+00 3.67570e-04 1.25306e-03 9.74e-05 1.04e-06 1.10e-03 1.05e-05 6.32e-04 2.45e-07 1.03e-05 3.18e-05 5.69e-06 5.70e-04 1.44e-05 5.70e-04 5.70e-06 1.70e-05 3.18e-05 5.70e-06 5.70e-04 1.44e-05 5.70e-04 5.70e-06 1.70e-05
14805 2.95800e+03 -4.43849e+00 4.04889e-04 1.41215e-03 3.50e-05 9.90e-07 1.24e-03 1.43e-05 7.37e-04 8.54e-07 5.97e-05 3.22e-05 5.64e-06 5.64e-04 1.43e-05 5.64e-04 5.63e-06 1.67e-05 3.22e-05 5.64e-06 5.64e-04 1.43e-05 5.64e-04 5.64e-06 1.67e-05
14855 2.96800e+03 -4.54364e+00 3.82389e-04 1.64758e-04 8.98e-05 1.91e-06 1.17e-03 8.65e-06 6.40e-04 3.57e-07 1.70e-05 3.22e-05 5.58e-06 5.59e-04 1.40e-05 5.59e-04 5.58e-06 1.68e-05 3.22e-05 5.59e-06 5.59e-04 1.40e-05 5.59e-04 5.59e-06 1.68e-05
14905 2.97800e+03 -4.49663e+00 3.94143e-04 1.13783e-03 4.32e-05 9.14e-07 1.10e-03 1.86e-05 8.13e-04 2.83e-07 4.12e-05 3.20e-05 5.54e-06 5.55e-04 1.38e-05 5.55e-04 5.55e-06 1.71e-05 3.20e-05 5.55e-06 5.55e-04 1.38e-05 5.55e-04 5.55e-06 1.71e-05
14955 2.98800e+03 -4.74932e+00 3.75879e-04 2.04661e-03 2.14e-05 1.36e-06 1.07e-03 1.12e-05 7.77e-04 3.13e-07 2.01e-06 3.24e-05 5.51e-06 5.51e-04 1.36e-05 5.51e-04 5.51e-06 1.71e-05 3.24e-05 5.51e-06 5.51e-04 1.36e-05 5.51e-04 5.51e-06 1.71e-05
15005 2.99700e+03 -4.53610e+00 3.83837e-04 9.38718e-04 7.16e-05 9.95e-07 1.14e-03 2.25e-05 6.88e-04 2.77e-07 1.43e-05 3.25e-05 5.48e-06 5.48e-04 1.36e-05 5.48e-04 5.48e-06 1.68e-05 3.25e-05 5.48e-06 5.48e-04 1.36e-05 5.48e-04 5.48e-06 1.68e-05
15055 3.00700e+03 -4.64401e+00 3.57485e-04 1.22072e-03 2.08e-05 4.54e-06 1.10e-03 1.19e-05 6.48e-04 7.95e-07 1.81e-05 3.29e-05 5.45e-06 5.45e-04 1.34e-05 5.45e-04 5.43e-06 1.66e-05 3.29e-05 5.45e-06 5.45e-04 1.34e-05 5.45e-04 5.45e-06 1.66e-05
15105 3.01700e+03 -4.64983e+00 3.61191e-04 1.77298e-04 4.36e-05 4.38e-06 1.17e-03 1.52e-05 5.75e-04 1.08e-07 4.08e-06 3.29e-05 5.41e-06 5.42e-04 1.32e-05 5.42e-04 5.41e-06 1.64e-05 3.29e-05 5.42e-06 5.42e-04 1.32e-05 5.42e-04 5.42e-06 1.64e-05
15155 3.02700e+03 -4.68827e+00 3.96959e-04 6.47338e-05 1.43e-05 7.69e-07 1.16e-03 1.72e-05 7.94e-04 2.69e-07 1.14e-05 3.35e-05 5.40e-06 5.40e-04 1.33e-05 5.40e-04 5.39e-06 1.61e-05 3.35e-05 5.40e-06 5.40e-04 1.33e-05 5.40e-04 5.40e-06 1.61e-05
15205 3.03700e+03 -4.71551e+00 3.70486e-04 4.85361e-04 3.83e-05 6.56e-07 1.16e-03 1.09e-05 6.47e-04 3.41e-07 6.32e-06 3.42e-05 5.36e-06 5.36e-04 1.34e-05 5.36e-04 5.36e-06 1.58e-05 3.42e-05 5.36e-06 5.36e-04 1.34e-05 5.36e-04 5.36e-06 1.58e-05
15255 3.04700e+03 -4.73444e+00 3.46825e-04 2.40055e-04 1.63e-05 1.35e-06 1.08e-03 1.21e-05 6.26e-04 4.37e-07 1.14e-05 3.45e-05 5.32e-06 5.32e-04 1.34e-05 5.32e-04 5.32e-06 1.55e-05 3.45e-05 5.32e-06 5.32e-04 1.34e-05 5.32e-04 5.32e-06 1.55e-05
15305 3.05700e+03 -4.70180e+00 3.63078e-04 2.64792e-04 2.37e-05 9.50e-07 1.12e-03 1.47e-05 6.56e-04 3.05e-07 1.17e-05 3.41e-05 5.27e-06 5.27e-04 1.32e-05 5.27e-04 5.27e-06 1.55e-05 3.41e-05 5.27e-06 5.27e-04 1.32e-05 5.27e-04 5.27e-06 1.55e-05
15355 3.06700e+03 -4.64180e+00 3.71939e-04 5.20308e-05 4.50e-05 3.64e-06 1.19e-03 1.14e-05 6.15e-04 2.41e-07 1.07e-05 3.48e-05 5.22e-06 5.24e-04 1.31e-05 5.24e-04 5.23e-06 1.53e-05 3.48e-05 5.24e-06 5.24e-04 1.31e-05 5.24e-04 5.24e-06 1.53e-05
15405 3.07700e+03 -4.65671e+00 3.67927e-04 1.83072e-04 6.47e-05 1.34e-06 1.03e-03 1.04e-05 7.38e-04 3.51e-07 7.43e-06 3.44e-05 5.22e-06 5.23e-04 1.32e-05 5.23e-04 5.23e-06 1.50e-05 3.44e-05 5.23e-06 5.23e-04 1.32e-05 5.23e-04 5.23e-06 1.50e-05
15455 3.08700e+03 -4.75576e+00 3.90042e-04 1.58328e-04 2.53e-05 8.45e-07 1.10e-03 9.01e-06 8.14e-04 2.79e-07 2.89e-06 3.43e-05 5.21e-06 5.21e-04 1.33e-05 5.21e-04 5.21e-06 1.47e-05 3.43e-05 5.21e-06 5.21e-04 1.33e-05 5.21e-04 5.21e-06 1.47e-05
15505 3.09700e+03 -4.66455e+00 4.05916e-04 2.81244e-05 2.91e-05 1.45e-06 1.21e-03 1.26e-05 7.73e-04 4.15e-07 1.21e-05 3.40e-05 5.16e-06 5.19e-04 1.31e-05 5.18e-04 5.18e-06 1.46e-05 3.40e-05 5.19e-06 5.19e-04 1.31e-05 5.18e-04 5.19e-06 1.46e-05
15555 3.10700e+03 -4.66574e+00 4.07231e-04 1.05903e-04 3.03e-05 3.26e-06 1.15e-03 1.20e-05 8.44e-04 3.53e-07 6.76e-06 3.39e-05 5.16e-06 5.16e-04 1.30e-05 5.17e-04 5.15e-06 1.48e-05 3.39e-05 5.17e-06 5.16e-04 1.30e-05 5.17e-04 5.17e-06 1.48e-05
15605 3.11700e+03 -4.66549e+00 3.54974e-04 4.18793e-04 4.30e-05 1.90e-06 1.09e-03 9.37e-06 6.31e-04 2.37e-07 1.63e-05 3.40e-05 5.16e-06 5.20e-04 1.30e-05 5.20e-04 5.15e-06 1.51e-05 3.40e-05 5.20e-06 5.20e-04 1.30e-05 5.20e-04 5.20e-06 1.51e-05
15655 3.12700e+03 -4.71172e+00 3.56067e-04 5.31675e-04 3.89e-05 7.60e-07 1.13e-03 1.55e-05 5.91e-04 2.88e-07 4.29e-06 3.44e-05 5.16e-06 5.18e-04 1.33e-05 5.18e-04 5.15e-06 1.52e-05 3.44e-05 5.18e-06 5.18e-04 1.33e-05 5.18e-04 5.18e-06 1.52e-05
15705 3.13700e+03 -4.20194e+00 4.09533e-04 3.27174e-04 1.66e-05 7.57e-07 1.23e-03 1.82e-05 7.82e-04 3.41e-07 1.12e-04 3.45e-05 5.16e-06 5.19e-04 1.34e-05 5.19e-04 5.15e-06 1.54e-05 3.45e-05 5.19e-06 5.19e-04 1.34e-05 5.19e-04 5.19e-06 1.54e-05
15755 3.14700e+03 -4.56351e+00 3.64274e-04 6.88383e-04 7.01e-05 8.91e-07 1.15e-03 1.45e-05 5.81e-04 2.09e-07 2.28e-05 3.45e-05 5.16e-06 5.17e-04 1.33e-05 5.16e-04 5.15e-06 1.55e-05 3.45e-05 5.17e-06 5.17e-04 1.33e-05 5.16e-04 5.17e-06 1.55e-05
15805 3.15700e+03 -4.74298e+00 3.48446e-04 1.38915e-03 4.21e-05 9.67e-07 1.13e-03 1.11e-05 5.55e-04 2.14e-07 2.03e-06 3.42e-05 5.11e-06 5.12e-04 1.31e-05 5.12e-04 5.11e-06 1.52e-05 3.42e-05 5.12e-06 5.12e-04 1.31e-05 5.12e-04 5.12e-06 1.52e-05
15855 3.16700e+03 -4.65618e+00 3.86397e-04 1.57192e-03 4.38e-05 1.14e-06 1.14e-03 1.84e-05 7.30e-04 5.93e-07 4.55e-06 3.49e-05 5.09e-06 5.09e-04 1.31e-05 5.09e-04 5.09e-06 1.49e-05 3.49e-05 5.09e-06 5.09e-04 1.31e-05 5.09e-04 5.09e-06 1.49e-05
15905 3.17700e+03 -4.77424e+00 3.81169e-04 5.26542e-05 1.73e-05 8.09e-07 1.12e-03 8.00e-06 7.63e-04 4.35e-07 4.48e-06 3.47e-05 5.03e-06 5.05e-04 1.31e-05 5.05e-04 5.05e-06 1.45e-05 3.47e-05 5.05e-06 5.05e-04 1.31e-05 5.05e-04 5.05e-06 1.45e-05
15955 3.18700e+03 -4.77875e+00 3.40500e-04 2.77431e-04 2.60e-05 1.30e-06 1.05e-03 8.84e-06 6.17e-04 3.24e-07 4.39e-06 3.42e-05 5.01e-06 5.02e-04 1.29e-05 5.02e-04 5.01e-06 1.42e-05 3.42e-05 5.02e-06 5.02e-04 1.29e-05 5.02e-04 5.02e-06 1.42e-05
16005 3.19700e+03 -4.67883e+00 3.79750e-04 2.59688e-04 5.50e-05 7.64e-07 1.14e-03 8.68e-06 6.91e-04 2.19e-07 9.45e-06 3.43e-05 4.99e-06 5.00e-04 1.30e-05 5.00e-04 4.99e-06 1.42e-05 3.43e-05 5.00e-06 5.00e-04 1.30e-05 5.00e-04 5.00e-06 1.42e-05
16055 3.20700e+03 -4.76282e+00 3.42538e-04 2.32098e-04 1.75e-05 1.26e-06 1.07e-03 1.05e-05 6.17e-04 1.99e-07 9.26e-06 3.40e-05 4.99e-06 5.00e-04 1.32e-05 5.00e-04 4.98e-06 1.42e-05 3.40e-05 5.00e-06 5.00e-04 1.32e-05 5.00e-04 5.00e-06 1.42e-05
16105 3.21700e+03 -4.66852e+00 3.69240e-04 1.15402e-04 5.74e-05 7.71e-07 1.16e-03 1.51e-05 6.12e-04 2.69e-07 5.11e-06 3.35e-05 4.97e-06 4.98e-04 1.31e-05 4.97e-04 4.97e-06 1.40e-05 3.35e-05 4.98e-06 4.98e-04 1.31e-05 4.97e-04 4.98e-06 1.40e-05
16155 3.22700e+03 -4.63772e+00 3.52630e-04 8.32807e-05 6.96e-05 1.32e-06 1.07e-03 1.11e-05 6.13e-04 5.95e-07 1.04e-05 3.34e-05 4.94e-06 4.96e-04 1.35e-05 4.96e-04 4.96e-06 1.36e-05 3.34e-05 4.96e-06 4.96e-04 1.35e-05 4.96e-04 4.96e-06 1.36e-05
16205 3.23700e+03 -4.77469e+00 3.50490e-04 8.86341e-04 2.23e-05 1.04e-06 1.10e-03 1.28e-05 6.20e-04 3.23e-07 2.22e-06 3.33e-05 4.94e-06 4.95e-04 1.35e-05 4.95e-04 4.93e-06 1.37e-05 3.33e-05 4.95e-06 4.95e-04 1.35e-05 4.95e-04 4.95e-06 1.37e-05
16255 3.24700e+03 -4.74324e+00 3.57892e-04 8.14335e-05 2.44e-05 1.23e-06 1.04e-03 8.84e-06 7.16e-04 2.28e-07 1.01e-05 3.32e-05 4.94e-06 4.96e-04 1.35e-05 4.96e-04 4.93e-06 1.39e-05 3.32e-05 4.96e-06 4.96e-04 1.35e-05 4.96e-04 4.96e-06 1.39e-05
16305 3.25700e+03 -4.81442e+00 3.31114e-04 1.22094e-04 1.65e-05 2.20e-06 1.04e-03 6.91e-06 5.86e-04 2.50e-07 2.32e-06 3.34e-05 4.93e-06 4.94e-04 1.38e-05 4.94e-04 4.93e-06 1.37e-05 3.34e-05 4.94e-06 4.94e-04 1.38e-05 4.94e-04 4.94e-06 1.37e-05
16355 3.26700e+03 -4.78466e+00 3.51845e-04 6.13719e-04 2.42e-05 1.18e-06 1.12e-03 8.54e-06 6.05e-04 2.90e-07 3.17e-06 3.31e-05 4.92e-06 4.95e-04 1.44e-05 4.95e-04 4.93e-06 1.35e-05 3.31e-05 4.95e-06 4.95e-04 1.44e-05 4.95e-04 4.95e-06 1.35e-05
16405 3.27700e+03 -4.72773e+00 3.50193e-04 1.60480e-04 2.29e-05 1.32e-06 1.16e-03 2.05e-05 5.48e-04 1.74e-07 3.88e-06 3.35e-05 4.91e-06 4.92e-04 1.43e-05 4.92e-04 4.91e-06 1.32e-05 3.35e-05 4.92e-06 4.92e-04 1.43e-05 4.92e-04 4.92e-06 1.32e-05
16455 3.28700e+03 -4.26563e+00 4.50171e-04 6.47769e-04 2.08e-05 1.51e-06 1.13e-03 9.61e-06 1.09e-03 2.33e-07 8.39e-05 3.36e-05 4.87e-06 4.89e-04 1.43e-05 4.89e-04 4.89e-06 1.29e-05 3.36e-05 4.89e-06 4.89e-04 1.43e-05 4.89e-04 4.89e-06 1.29e-05
16505 3.29700e+03 -4.73613e+00 3.58877e-04 3.90641e-04 4.65e-05 7.79e-07 1.09e-03 9.87e-06 6.51e-04 2.56e-07 3.23e-06 3.39e-05 4.87e-06 4.90e-04 1.41e-05 4.90e-04 4.89e-06 1.34e-05 3.39e-05 4.90e-06 4.90e-04 1.41e-05 4.90e-04 4.90e-06 1.34e-05
16555 3.30700e+03 -4.73298e+00 3.50441e-04 1.60036e-04 2.72e-05 7.26e-07 1.07e-03 7.84e-06 6.42e-04 2.37e-07 1.42e-05 3.44e-05 4.87e-06 4.90e-04 1.40e-05 4.90e-04 4.89e-06 1.36e-05 3.44e-05 4.90e-06 4.90e-04 1.40e-05 4.90e-04 4.90e-06 1.36e-05
16605 3.31700e+03 -4.64925e+00 3.76645e-04 1.59934e-04 6.52e-05 8.85e-07 1.14e-03 1.33e-05 6.67e-04 3.48e-07 6.77e-06 3.45e-05 4.87e-06 4.87e-04 1.37e-05 4.87e-04 4.86e-06 1.34e-05 3.45e-05 4.87e-06 4.87e-04 1.37e-05 4.87e-04 4.87e-06 1.34e-05
16655 3.32700e+03 -4.65230e+00 3.74198e-04 1.41295e-04 4.25e-05 1.04e-06 1.04e-03 1.36e-05 7.77e-04 2.95e-07 1.41e-05 3.50e-05 4.84e-06 4.85e-04 1.37e-05 4.85e-04 4.84e-06 1.31e-05 3.50e-05 4.85e-06 4.85e-04 1.37e-05 4.85e-04 4.85e-06 1.31e-05
16705 3.33700e+03 -4.66982e+00 3.61712e-04 2.98242e-05 6.92e-05 7.35e-07 1.17e-03 8.98e-06 5.60e-04 1.89e-07 8.57e-06 3.46e-05 4.82e-06 4.84e-04 1.36e-05 4.84e-04 4.83e-06 1.34e-05 3.46e-05 4.84e-06 4.84e-04 1.36e-05 4.84e-04 4.84e-06 1.34e-05
16755 3.34700e+03 -4.62338e+00 3.91703e-04 2.95326e-04 7.63e-05 1.07e-06 1.03e-03 1.76e-05 8.30e-04 1.56e-07 2.76e-06 3.75e-05 4.80e-06 4.82e-04 1.36e-05 4.82e-04 4.80e-06 1.32e-05 3.75e-05 4.82e-06 4.82e-04 1.36e-05 4.82e-04 4.82e-06 1.32e-05
16805 3.35700e+03 -4.58067e+00 3.65509e-04 2.46603e-04 7.05e-05 1.57e-06 1.01e-03 1.82e-05 7.24e-04 5.73e-07 1.39e-05 4.07e-05 4.79e-06 4.80e-04 1.35e-05 4.80e-04 4.79e-06 1.31e-05 4.07e-05 4.80e-06 4.80e-04 1.35e-05 4.80e-04 4.80e-06 1.31e-05
16855 3.36700e+03 -4.51473e+00 3.69440e-04 6.49577e-05 1.42e-04 2.14e-06 1.04e-03 8.06e-06 6.54e-04 3.25e-07 1.48e-05 4.29e-05 4.77e-06 4.79e-04 1.33e-05 4.79e-04 4.77e-06 1.32e-05 4.29e-05 4.79e-06 4.79e-04 1.33e-05 4.79e-04 4.79e-06 1.32e-05
16905 3.37700e+03 -4.50846e+00 3.88014e-04 1.44902e-03 2.12e-04 7.79e-07 1.08e-03 6.86e-06 6.45e-04 4.00e-07 2.41e-06 4.66e-05 4.76e-06 4.81e-04 1.33e-05 4.81e-04 4.77e-06 1.35e-05 4.66e-05 4.81e-06 4.81e-04 1.33e-05 4.81e-04 4.81e-06 1.35e-05
16955 3.38700e+03 -4.61969e+00 3.95247e-04 5.88543e-04 5.08e-05 8.63e-07 1.19e-03 2.54e-05 7.12e-04 2.38e-07 4.45e-06 4.79e-05 4.76e-06 4.78e-04 1.31e-05 4.78e-04 4.77e-06 1.32e-05 4.79e-05 4.78e-06 4.78e-04 1.31e-05 4.78e-04 4.78e-06 1.32e-05
17005 3.39700e+03 -4.64918e+00 3.55628e-04 8.31018e-05 7.27e-05 1.25e-06 1.05e-03 1.40e-05 6.38e-04 4.76e-07 8.85e-06 4.96e-05 4.75e-06 4.76e-04 1.32e-05 4.76e-04 4.75e-06 1.28e-05 4.96e-05 4.76e-06 4.76e-04 1.32e-05 4.76e-04 4.76e-06 1.28e-05
17055 3.40700e+03 -4.13920e+00 4.38202e-04 5.63488e-05 4.41e-04 1.09e-06 1.10e-03 1.10e-05 6.35e-04 2.81e-07 1.53e-05 5.35e-05 4.74e-06 4.74e-04 1.33e-05 4.74e-04 4.73e-06 1.26e-05 5.35e-05 4.74e-06 4.74e-04 1.33e-05 4.74e-04 4.74e-06 1.26e-05
17105 3.41700e+03 -4.25498e+00 4.41707e-04 3.68762e-04 2.58e-04 9.55e-07 1.12e-03 1.20e-05 8.15e-04 2.65e-07 3.39e-05 5.63e-05 4.71e-06 4.73e-04 1.32e-05 4.72e-04 4.72e-06 1.24e-05 5.63e-05 4.73e-06 4.73e-04 1.32e-05 4.72e-04 4.73e-06 1.24e-05
17155 3.42700e+03 -4.49765e+00 3.85940e-04 6.25702e-04 2.23e-04 8.88e-07 1.05e-03 1.27e-05 6.47e-04 2.84e-07 6.30e-06 5.80e-05 4.71e-06 4.72e-04 1.31e-05 4.71e-04 4.72e-06 1.28e-05 5.80e-05 4.72e-06 4.72e-04 1.31e-05 4.71e-04 4.72e-06 1.28e-05
17205 3.43700e+03 -4.64612e+00 3.54360e-04 6.17192e-04 1.12e-04 6.92e-07 1.04e-03 7.32e-06 6.10e-04 1.52e-07 1.17e-05 5.91e-05 4.68e-06 4.70e-04 1.29e-05 4.70e-04 4.68e-06 1.28e-05 5.91e-05 4.70e-06 4.70e-04 1.29e-05 4.70e-04 4.70e-06 1.28e-05
17255 3.44700e+03 -4.67138e+00 3.62559e-04 8.44648e-05 6.07e-05 7.06e-07 1.14e-03 2.01e-05 5.95e-04 3.26e-07 2.94e-06 6.18e-05 4.68e-06 4.70e-04 1.30e-05 4.70e-04 4.68e-06 1.29e-05 6.18e-05 4.70e-06 4.70e-04 1.30e-05 4.70e-04 4.70e-06 1.29e-05
17305 3.45700e+03 -4.68294e+00 3.48077e-04 2.19566e-04 1.08e-04 1.51e-06 1.00e-03 8.13e-06 6.19e-04 2.29e-07 4.23e-06 6.33e-05 4.68e-06 4.69e-04 1.33e-05 4.69e-04 4.68e-06 1.27e-05 6.33e-05 4.69e-06 4.69e-04 1.33e-05 4.69e-04 4.69e-06 1.27e-05
17355 3.46700e+03 -4.69979e+00 3.50769e-04 1.64167e-05 9.69e-05 6.98e-07 1.06e-03 8.39e-06 5.84e-04 1.05e-06 2.87e-06 6.41e-05 4.65e-06 4.67e-04 1.31e-05 4.67e-04 4.65e-06 1.24e-05 6.41e-05 4.67e-06 4.67e-04 1.31e-05 4.67e-04 4.67e-06 1.24e-05
17405 3.47700e+03 -4.57221e+00 3.60997e-04 1.05176e-03 1.52e-04 7.46e-07 1.08e-03 9.76e-06 5.59e-04 1.94e-07 1.56e-05 6.51e-05 4.65e-06 4.65e-04 1.31e-05 4.65e-04 4.63e-06 1.23e-05 6.51e-05 4.65e-06 4.65e-04 1.31e-05 4.65e-04 4.65e-06 1.23e-05
17455 3.48700e+03 -4.62661e+00 3.17855e-04 2.20952e-04 5.04e-05 1.87e-06 1.02e-03 9.02e-06 5.07e-04 1.94e-07 2.60e-05 6.64e-05 4.62e-06 4.65e-04 1.31e-05 4.64e-04 4.62e-06 1.22e-05 6.64e-05 4.65e-06 4.65e-04 1.31e-05 4.64e-04 4.65e-06 1.22e-05
17505 3.49700e+03 -4.76200e+00 3.46618e-04 5.53715e-04 4.13e-05 7.69e-07 1.11e-03 8.98e-06 5.67e-04 3.58e-07 2.40e-06 6.77e-05 4.62e-06 4.68e-04 1.31e-05 4.68e-04 4.62e-06 1.28e-05 6.77e-05 4.68e-06 4.68e-04 1.31e-05 4.68e-04 4.68e-06 1.28e-05
17555 3.50700e+03 -4.36500e+00 3.70926e-04 1.38830e-04 2.10e-04 1.12e-06 1.08e-03 2.80e-05 5.35e-04 3.34e-07 2.47e-05 6.91e-05 4.62e-06 4.67e-04 1.31e-05 4.67e-04 4.62e-06 1.29e-05 6.91e-05 4.67e-06 4.67e-04 1.31e-05 4.67e-04 4.67e-06 1.29e-05
17605 3.51700e+03 -4.57356e+00 3.64625e-04 7.51079e-04 1.70e-04 1.13e-06 1.06e-03 1.33e-05 5.81e-04 2.51e-07 9.07e-06 7.09e-05 4.62e-06 4.67e-04 1.37e-05 4.67e-04 4.62e-06 1.27e-05 7.09e-05 4.67e-06 4.67e-04 1.37e-05 4.67e-04 4.67e-06 1.27e-05
17655 3.52700e+03 -4.75180e+00 3.36026e-04 8.17663e-05 5.59e-05 8.03e-07 1.04e-03 7.54e-06 5.71e-04 3.88e-07 3.97e-06 7.24e-05 4.62e-06 4.68e-04 1.36e-05 4.68e-04 4.62e-06 1.30e-05 7.24e-05 4.68e-06 4.68e-04 1.36e-05 4.68e-04 4.68e-06 1.30e-05
17705 3.53700e+03 -4.71836e+00 3.43901e-04 1.03685e-04 6.15e-05 6.75e-07 1.06e-03 8.54e-06 5.87e-04 3.95e-07 7.70e-06 7.40e-05 4.62e-06 4.66e-04 1.32e-05 4.66e-04 4.62e-06 1.29e-05 7.40e-05 4.66e-06 4.66e-04 1.32e-05 4.66e-04 4.66e-06 1.29e-05
17755 3.54700e+03 -4.71483e+00 3.41354e-04 1.32251e-04 8.96e-05 7.05e-07 9.85e-04 1.08e-05 6.20e-04 2.47e-07 2.99e-06 7.53e-05 4.62e-06 4.64e-04 1.31e-05 4.63e-04 4.62e-06 1.27e-05 7.53e-05 4.64e-06 4.64e-04 1.31e-05 4.63e-04 4.64e-06 1.27e-05
17805 3.55700e+03 -4.72512e+00 3.33690e-04 9.64169e-05 3.58e-05 7.64e-07 1.03e-03 1.91e-05 5.81e-04 4.34e-07 1.51e-06 7.54e-05 4.59e-06 4.61e-04 1.32e-05 4.61e-04 4.58e-06 1.25e-05 7.54e-05 4.61e-06 4.61e-04 1.32e-05 4.61e-04 4.61e-06 1.25e-05
17855 3.56700e+03 -4.77712e+00 3.22994e-04 9.22165e-05 5.18e-05 7.38e-07 1.02e-03 7.50e-06 5.30e-04 2.50e-07 2.74e-06 7.62e-05 4.58e-06 4.61e-04 1.33e-05 4.61e-04 4.58e-06 1.27e-05 7.62e-05 4.61e-06 4.61e-04 1.33e-05 4.61e-04 4.61e-06 1.27e-05
17905 3.57700e+03 -4.58499e+00 4.00043e-04 6.63049e-05 7.92e-05 1.21e-06 1.15e-03 2.42e-05 7.43e-04 1.73e-07 5.75e-06 7.65e-05 4.58e-06 4.60e-04 1.32e-05 4.59e-04 4.58e-06 1.26e-05 7.65e-05 4.60e-06 4.60e-04 1.32e-05 4.59e-04 4.60e-06 1.26e-05
17955 3.58700e+03 -4.72901e+00 3.44944e-04 7.66222e-04 6.58e-05 8.21e-07 1.07e-03 9.23e-06 5.74e-04 2.87e-07 4.66e-06 7.58e-05 4.58e-06 4.58e-04 1.31e-05 4.58e-04 4.58e-06 1.23e-05 7.58e-05 4.58e-06 4.58e-04 1.31e-05 4.58e-04 4.58e-06 1.23e-05
18005 3.59700e+03 -4.73038e+00 3.50546e-04 2.19018e-04 2.96e-05 6.79e-07 1.03e-03 1.15e-05 6.82e-04 2.06e-07 7.25e-06 7.55e-05 4.54e-06 4.57e-04 1.30e-05 4.56e-04 4.54e-06 1.20e-05 7.55e-05 4.57e-06 4.57e-04 1.30e-05 4.56e-04 4.57e-06 1.20e-05
18055 3.60700e+03 -4.74218e+00 3.25801e-04 7.87643e-05 3.23e-05 1.10e-06 9.48e-04 1.22e-05 6.35e-04 2.12e-07 6.63e-06 7.48e-05 4.54e-06 4.54e-04 1.31e-05 4.54e-04 4.54e-06 1.18e-05 7.48e-05 4.54e-06 4.54e-04 1.31e-05 4.54e-04 4.54e-06 1.18e-05
18105 3.61700e+03 -4.70385e+00 3.54761e-04 1.10389e-04 2.86e-05 6.31e-07 1.11e-03 2.05e-05 6.12e-04 1.97e-07 3.87e-06 7.38e-05 4.50e-06 4.53e-04 1.30e-05 4.53e-04 4.50e-06 1.16e-05 7.38e-05 4.53e-06 4.53e-04 1.30e-05 4.53e-04 4.53e-06 1.16e-05
18155 3.62700e+03 -4.58434e+00 3.56426e-04 9.38174e-04 8.23e-05 9.14e-07 1.10e-03 2.20e-05 5.75e-04 9.97e-07 1.17e-05 7.29e-05 4.50e-06 4.50e-04 1.28e-05 4.50e-04 4.50e-06 1.14e-05 7.29e-05 4.50e-06 4.50e-04 1.28e-05 4.50e-04 4.50e-06 1.14e-05
18205 3.63700e+03 -4.61017e+00 3.47115e-04 8.62677e-05 3.32e-05 3.08e-06 1.07e-03 1.01e-05 6.15e-04 2.44e-07 2.21e-05 7.16e-05 4.50e-06 4.51e-04 1.31e-05 4.51e-04 4.50e-06 1.14e-05 7.16e-05 4.51e-06 4.51e-04 1.31e-05 4.51e-04 4.51e-06 1.14e-05
18255 3.64700e+03 -4.42488e+00 3.90621e-04 1.24823e-04 6.89e-05 1.33e-06 1.04e-03 3.50e-05 8.12e-04 1.98e-07 2.52e-05 7.08e-05 4.50e-06 4.55e-04 1.33e-05 4.55e-04 4.50e-06 1.15e-05 7.08e-05 4.55e-06 4.55e-04 1.33e-05 4.55e-04 4.55e-06 1.15e-05
18305 3.65700e+03 -4.65547e+00 3.64045e-04 2.22734e-04 3.59e-05 9.15e-07 1.02e-03 1.17e-05 7.50e-04 1.48e-07 1.67e-05 7.11e-05 4.50e-06 4.56e-04 1.33e-05 4.56e-04 4.50e-06 1.15e-05 7.11e-05 4.56e-06 4.56e-04 1.33e-05 4.56e-04 4.56e-06 1.15e-05
18355 3.66700e+03 -4.74429e+00 3.37354e-04 1.74613e-04 3.28e-05 8.53e-07 1.06e-03 1.44e-05 5.74e-04 2.35e-07 3.99e-06 6.99e-05 4.50e-06 4.56e-04 1.31e-05 4.56e-04 4.50e-06 1.14e-05 6.99e-05 4.56e-06 4.56e-04 1.31e-05 4.56e-04 4.56e-06 1.14e-05
18405 3.67700e+03 -4.67579e+00 3.36753e-04 1.99639e-03 7.90e-05 6.43e-07 1.05e-03 1.48e-05 5.37e-04 3.84e-07 8.46e-06 6.85e-05 4.50e-06 4.53e-04 1.29e-05 4.53e-04 4.50e-06 1.12e-05 6.85e-05 4.53e-06 4.53e-04 1.29e-05 4.53e-04 4.53e-06 1.12e-05
18455 3.68700e+03 -4.73914e+00 3.42683e-04 5.06476e-05 4.99e-05 9.98e-07 1.01e-03 1.28e-05 6.43e-04 3.64e-07 2.39e-06 6.79e-05 4.50e-06 4.59e-04 1.29e-05 4.58e-04 4.50e-06 1.17e-05 6.79e-05 4.59e-06 4.59e-04 1.29e-05 4.58e-04 4.59e-06 1.17e-05
18505 3.69700e+03 -4.69681e+00 3.45453e-04 3.17412e-04 6.61e-05 1.28e-06 1.00e-03 8.23e-06 6.51e-04 5.88e-07 9.38e-06 6.94e-05 4.50e-06 4.57e-04 1.28e-05 4.57e-04 4.50e-06 1.15e-05 6.94e-05 4.57e-06 4.57e-04 1.28e-05 4.57e-04 4.57e-06 1.15e-05
18555 3.70700e+03 -4.69739e+00 3.98573e-04 1.44527e-04 5.15e-05 8.64e-07 9.93e-04 8.57e-06 9.39e-04 1.42e-07 6.60e-06 7.04e-05 4.50e-06 4.54e-04 1.26e-05 4.54e-04 4.50e-06 1.12e-05 7.04e-05 4.54e-06 4.54e-04 1.26e-05 4.54e-04 4.54e-06 1.12e-05
18605 3.71700e+03 -4.73879e+00 3.24059e-04 1.57309e-04 5.30e-05 2.00e-06 1.00e-03 1.12e-05 5.55e-04 2.15e-07 3.71e-06 7.17e-05 4.50e-06 4.54e-04 1.26e-05 4.54e-04 4.50e-06 1.14e-05 7.17e-05 4.54e-06 4.54e-04 1.26e-05 4.54e-04 4.54e-06 1.14e-05
18655 3.72700e+03 -4.76832e+00 3.21994e-04 9.57343e-04 4.95e-05 1.08e-06 1.03e-03 8.73e-06 5.17e-04 1.75e-07 4.31e-06 7.17e-05 4.50e-06 4.53e-04 1.28e-05 4.53e-04 4.50e-06 1.13e-05 7.17e-05 4.53e-06 4.53e-04 1.28e-05 4.53e-04 4.53e-06 1.13e-05
18705 3.73700e+03 -4.77808e+00 3.14814e-04 7.90142e-05 4.84e-05 8.93e-07 9.80e-04 9.04e-06 5.35e-04 2.17e-07 4.11e-06 7.23e-05 4.50e-06 4.50e-04 1.27e-05 4.50e-04 4.48e-06 1.10e-05 7.23e-05 4.50e-06 4.50e-04 1.27e-05 4.50e-04 4.50e-06 1.10e-05
18755 3.74700e+03 -4.55925e+00 3.30181e-04 8.73378e-05 1.25e-04 1.43e-06 1.04e-03 1.19e-05 4.74e-04 4.69e-07 2.18e-05 7.25e-05 4.44e-06 4.50e-04 1.25e-05 4.50e-04 4.45e-06 1.09e-05 7.25e-05 4.50e-06 4.50e-04 1.25e-05 4.50e-04 4.50e-06 1.09e-05
18805 3.75700e+03 -4.73769e+00 3.46497e-04 4.33461e-04 7.11e-05 7.15e-07 1.03e-03 1.02e-05 6.19e-04 2.03e-07 3.09e-06 7.36e-05 4.44e-06 4.52e-04 1.25e-05 4.52e-04 4.45e-06 1.09e-05 7.36e-05 4.52e-06 4.52e-04 1.25e-05 4.52e-04 4.52e-06 1.09e-05
18855 3.76700e+03 -4.69555e+00 3.37098e-04 4.45984e-04 6.07e-05 1.07e-06 1.07e-03 1.05e-05 5.41e-04 2.09e-07 1.07e-05 7.40e-05 4.44e-06 4.50e-04 1.30e-05 4.50e-04 4.45e-06 1.07e-05 7.40e-05 4.50e-06 4.50e-04 1.30e-05 4.50e-04 4.50e-06 1.07e-05
18905 3.77700e+03 -4.72639e+00 3.31189e-04 6.05909e-04 7.01e-05 1.07e-06 9.46e-04 1.43e-05 6.24e-04 1.50e-07 2.93e-06 7.47e-05 4.44e-06 4.48e-04 1.28e-05 4.48e-04 4.45e-06 1.06e-05 7.47e-05 4.48e-06 4.48e-04 1.28e-05 4.48e-04 4.48e-06 1.06e-05
18955 3.78700e+03 -4.67767e+00 3.41430e-04 9.16459e-05 9.96e-05 1.15e-06 9.53e-04 1.27e-05 6.41e-04 4.42e-07 5.81e-06 7.50e-05 4.44e-06 4.50e-04 1.27e-05 4.50e-04 4.45e-06 1.06e-05 7.50e-05 4.50e-06 4.50e-04 1.27e-05 4.50e-04 4.50e-06 1.06e-05
19005 3.79700e+03 -4.55665e+00 3.81891e-04 2.69228e-04 4.25e-05 1.28e-06 1.14e-03 1.49e-05 7.11e-04 2.33e-07 2.38e-05 7.56e-05 4.44e-06 4.48e-04 1.25e-05 4.47e-04 4.45e-06 1.04e-05 7.56e-05 4.48e-06 4.48e-04 1.25e-05 4.47e-04 4.48e-06 1.04e-05
19055 3.80700e+03 -4.73513e+00 3.36891e-04 1.79386e-04 5.14e-05 1.07e-06 1.05e-03 1.01e-05 5.72e-04 2.15e-07 6.45e-06 7.55e-05 4.44e-06 4.47e-04 1.23e-05 4.47e-04 4.45e-06 1.04e-05 7.55e-05 4.47e-06 4.47e-04 1.23e-05 4.47e-04 4.47e-06 1.04e-05
19105 3.81700e+03 -4.76247e+00 3.13383e-04 1.77836e-03 5.37e-05 1.58e-06 9.33e-04 1.22e-05 5.67e-04 2.24e-07 2.04e-06 7.57e-05 4.44e-06 4.47e-04 1.25e-05 4.47e-04 4.45e-06 1.04e-05 7.57e-05 4.47e-06 4.47e-04 1.25e-05 4.47e-04 4.47e-06 1.04e-05
19155 3.82700e+03 -4.60933e+00 3.60028e-04 4.14168e-05 1.46e-04 7.75e-07 9.97e-04 1.99e-05 6.36e-04 3.36e-07 3.91e-06 7.69e-05 4.44e-06 4.47e-04 1.25e-05 4.48e-04 4.45e-06 1.03e-05 7.69e-05 4.48e-06 4.47e-04 1.25e-05 4.48e-04 4.48e-06 1.03e-05
19205 3.83700e+03 -4.73462e+00 3.57534e-04 5.68690e-04 9.26e-05 7.77e-07 1.09e-03 8.57e-06 5.92e-04 2.07e-07 1.75e-06 7.75e-05 4.44e-06 4.45e-04 1.24e-05 4.45e-04 4.45e-06 1.00e-05 7.75e-05 4.45e-06 4.45e-04 1.24e-05 4.45e-04 4.45e-06 1.00e-05
19255 3.84700e+03 -4.62909e+00 3.37405e-04 7.91214e-04 4.85e-05 6.68e-07 1.10e-03 1.01e-05 5.32e-04 2.81e-07 2.21e-05 7.89e-05 4.44e-06 4.45e-04 1.22e-05 4.45e-04 4.39e-06 9.83e-06 7.89e-05 4.45e-06 4.45e-04 1.22e-05 4.45e-04 4.45e-06 9.83e-06
19305 3.85700e+03 -4.71437e+00 3.52879e-04 4.68896e-05 6.66e-05 8.32e-07 1.03e-03 1.38e-05 6.54e-04 1.50e-07 3.85e-06 7.91e-05 4.39e-06 4.44e-04 1.21e-05 4.44e-04 4.39e-06 9.76e-06 7.91e-05 4.44e-06 4.44e-04 1.21e-05 4.44e-04 4.44e-06 9.76e-06
19355 3.86700e+03 -4.33933e+00 3.89499e-04 4.30644e-04 3.19e-04 7.62e-07 1.02e-03 1.13e-05 5.91e-04 1.99e-07 2.79e-05 7.98e-05 4.39e-06 4.44e-04 1.22e-05 4.44e-04 4.39e-06 9.84e-06 7.98e-05 4.44e-06 4.44e-04 1.22e-05 4.44e-04 4.44e-06 9.84e-06
19405 3.87700e+03 -4.57583e+00 3.30259e-04 3.47541e-04 6.68e-05 7.85e-07 1.05e-03 1.43e-05 5.24e-04 2.28e-07 2.47e-05 8.15e-05 4.39e-06 4.41e-04 1.21e-05 4.41e-04 4.39e-06 9.70e-06 8.15e-05 4.41e-06 4.41e-04 1.21e-05 4.41e-04 4.41e-06 9.70e-06
19455 3.88700e+03 -4.71680e+00 3.56830e-04 1.00702e-04 7.03e-05 8.02e-07 1.04e-03 9.24e-06 6.62e-04 2.06e-07 6.12e-06 8.32e-05 4.39e-06 4.41e-04 1.23e-05 4.41e-04 4.39e-06 9.81e-06 8.32e-05 4.41e-06 4.41e-04 1.23e-05 4.41e-04 4.41e-06 9.81e-06
19505 3.89700e+03 -4.75137e+00 3.26196e-04 1.90907e-04 8.13e-05 7.77e-07 1.05e-03 1.18e-05 4.84e-04 2.30e-07 1.61e-06 8.46e-05 4.39e-06 4.42e-04 1.26e-05 4.42e-04 4.39e-06 9.95e-06 8.46e-05 4.42e-06 4.42e-04 1.26e-05 4.42e-04 4.42e-06 9.95e-06
19555 3.90700e+03 -4.71598e+00 3.37590e-04 1.83233e-04 6.41e-05 6.90e-07 1.07e-03 6.52e-06 5.50e-04 1.97e-07 1.09e-05 8.78e-05 4.39e-06 4.43e-04 1.32e-05 4.42e-04 4.39e-06 9.80e-06 8.78e-05 4.43e-06 4.43e-04 1.32e-05 4.42e-04 4.43e-06 9.80e-06
19605 3.91700e+03 -4.68918e+00 3.32400e-04 1.32039e-04 6.09e-05 1.01e-06 9.96e-04 6.15e-06 5.98e-04 2.03e-07 1.50e-05 8.87e-05 4.39e-06 4.42e-04 1.29e-05 4.42e-04 4.39e-06 9.72e-06 8.87e-05 4.42e-06 4.42e-04 1.29e-05 4.42e-04 4.42e-06 9.72e-06
19655 3.92700e+03 -4.18768e+00 4.18848e-04 2.12749e-04 7.19e-05 9.79e-07 1.07e-03 5.26e-06 9.50e-04 3.45e-07 7.45e-05 8.94e-05 4.39e-06 4.43e-04 1.23e-05 4.42e-04 4.39e-06 9.88e-06 8.94e-05 4.43e-06 4.43e-04 1.23e-05 4.42e-04 4.43e-06 9.88e-06
19705 3.93700e+03 -4.79260e+00 3.09334e-04 2.46393e-04 4.67e-05 8.55e-07 1.01e-03 6.11e-06 4.86e-04 2.77e-07 5.10e-06 8.89e-05 4.39e-06 4.47e-04 1.17e-05 4.47e-04 4.39e-06 1.02e-05 8.89e-05 4.47e-06 4.47e-04 1.17e-05 4.47e-04 4.47e-06 1.02e-05
19755 3.94700e+03 -4.74379e+00 3.16562e-04 3.72487e-04 7.73e-05 8.52e-07 1.00e-03 5.35e-06 4.95e-04 2.26e-07 9.49e-06 8.80e-05 4.39e-06 4.46e-04 1.12e-05 4.46e-04 4.39e-06 1.02e-05 8.80e-05 4.46e-06 4.46e-04 1.12e-05 4.46e-04 4.46e-06 1.02e-05
19805 3.95700e+03 -4.79629e+00 3.26702e-04 2.84843e-04 6.66e-05 6.34e-07 1.01e-03 5.61e-06 5.53e-04 1.87e-07 2.64e-06 8.77e-05 4.39e-06 4.42e-04 1.06e-05 4.42e-04 4.39e-06 9.96e-06 8.77e-05 4.42e-06 4.42e-04 1.06e-05 4.42e-04 4.42e-06 9.96e-06
19855 3.96700e+03 -4.73038e+00 3.16932e-04 2.88625e-04 8.03e-05 1.64e-06 9.80e-04 1.15e-05 5.12e-04 3.13e-07 3.82e-06 8.75e-05 4.34e-06 4.38e-04 1.02e-05 4.38e-04 4.33e-06 9.77e-06 8.75e-05 4.38e-06 4.38e-04 1.02e-05 4.38e-04 4.38e-06 9.77e-06
19905 3.97700e+03 -4.67906e+00 3.21411e-04 2.22760e-05 6.01e-05 6.54e-07 1.00e-03 5.67e-06 5.37e-04 2.42e-07 2.01e-05 8.78e-05 4.32e-06 4.36e-04 9.80e-06 4.35e-04 4.32e-06 9.73e-06 8.78e-05 4.36e-06 4.36e-04 9.80e-06 4.35e-04 4.36e-06 9.73e-06
19955 3.98700e+03 -4.78098e+00 3.27230e-04 2.37537e-04 6.60e-05 9.95e-07 1.03e-03 5.61e-06 5.36e-04 1.18e-07 4.75e-06 8.89e-05 4.32e-06 4.34e-04 9.49e-06 4.34e-04 4.32e-06 9.71e-06 8.89e-05 4.34e-06 4.34e-04 9.49e-06 4.34e-04 4.34e-06 9.71e-06
20005 3.99600e+03 -4.70927e+00 3.69769e-04 6.46799e-05 1.23e-04 7.44e-07 9.38e-04 5.88e-06 7.81e-04 1.42e-07 5.26e-06 9.20e-05 4.32e-06 4.33e-04 9.23e-06 4.32e-04 4.32e-06 9.58e-06 9.20e-05 4.33e-06 4.33e-04 9.23e-06 4.32e-04 4.33e-06 9.58e-06
20055 4.00600e+03 -4.74619e+00 3.44058e-04 1.11081e-04 1.07e-04 1.42e-06 9.90e-04 6.78e-06 6.15e-04 1.61e-07 2.27e-06 9.25e-05 4.32e-06 4.33e-04 8.94e-06 4.33e-04 4.32e-06 9.43e-06 9.25e-05 4.33e-06 4.33e-04 8.94e-06 4.33e-04 4.33e-06 9.43e-06
20105 4.01600e+03 -4.82578e+00 3.20586e-04 4.19124e-05 6.15e-05 6.24e-07 1.04e-03 4.76e-06 4.98e-04 1.31e-07 2.17e-06 9.32e-05 4.27e-06 4.31e-04 8.63e-06 4.31e-04 4.26e-06 9.17e-06 9.32e-05 4.31e-06 4.31e-04 8.63e-06 4.31e-04 4.31e-06 9.17e-06
20155 4.02600e+03 -4.83173e+00 3.11298e-04 2.56753e-04 5.68e-05 6.87e-07 1.02e-03 5.07e-06 4.73e-04 1.67e-07 2.44e-06 9.51e-05 4.25e-06 4.28e-04 8.36e-06 4.28e-04 4.26e-06 8.96e-06 9.51e-05 4.28e-06 4.28e-04 8.36e-06 4.28e-04 4.28e-06 8.96e-06
20205 4.03600e+03 -4.53087e+00 3.29722e-04 8.17223e-05 9.63e-05 2.71e-06 9.20e-04 1.02e-05 6.20e-04 3.78e-07 2.49e-05 9.59e-05 4.25e-06 4.28e-04 8.10e-06 4.28e-04 4.26e-06 8.76e-06 9.59e-05 4.28e-06 4.28e-04 8.10e-06 4.28e-04 4.28e-06 8.76e-06
20255 4.04600e+03 -4.73059e+00 3.42757e-04 1.15594e-03 8.08e-05 8.58e-07 1.10e-03 9.62e-06 5.27e-04 4.00e-07 4.54e-06 9.63e-05 4.25e-06 4.30e-04 8.01e-06 4.30e-04 4.26e-06 8.62e-06 9.63e-05 4.30e-06 4.30e-04 8.01e-06 4.30e-04 4.30e-06 8.62e-06
20305 4.05600e+03 -4.44120e+00 3.62236e-04 8.88380e-04 6.12e-05 1.68e-06 1.08e-03 5.99e-06 6.63e-04 4.23e-07 4.14e-05 9.66e-05 4.25e-06 4.31e-04 8.10e-06 4.31e-04 4.26e-06 8.73e-06 9.66e-05 4.31e-06 4.31e-04 8.10e-06 4.31e-04 4.31e-06 8.73e-06
20355 4.06600e+03 -4.59049e+00 3.68521e-04 3.29419e-04 1.64e-04 1.37e-06 9.95e-04 5.07e-06 6.78e-04 4.05e-07 1.75e-05 9.70e-05 4.25e-06 4.37e-04 7.99e-06 4.37e-04 4.26e-06 9.12e-06 9.70e-05 4.37e-06 4.37e-04 7.99e-06 4.37e-04 4.37e-06 9.12e-06
20405 4.07600e+03 -4.77495e+00 3.44040e-04 2.14895e-04 7.14e-05 1.46e-06 1.02e-03 4.42e-06 6.19e-04 2.14e-07 4.11e-06 9.79e-05 4.25e-06 4.37e-04 7.77e-06 4.37e-04 4.26e-06 9.34e-06 9.79e-05 4.37e-06 4.37e-04 7.77e-06 4.37e-04 4.37e-06 9.34e-06
20455 4.08600e+03 -4.55449e+00 3.12361e-04 5.04501e-04 6.67e-05 1.76e-06 1.01e-03 2.75e-05 4.60e-04 1.60e-07 8.30e-06 9.77e-05 4.25e-06 4.35e-04 7.57e-06 4.35e-04 4.26e-06 9.21e-06 9.77e-05 4.35e-06 4.35e-04 7.57e-06 4.35e-04 4.35e-06 9.21e-06
20505 4.09600e+03 -4.67299e+00 3.90414e-04 2.93868e-04 8.37e-05 1.00e-06 1.10e-03 6.17e-06 7.63e-04 2.32e-07 1.06e-05 9.68e-05 4.25e-06 4.41e-04 7.58e-06 4.41e-04 4.26e-06 9.45e-06 9.68e-05 4.41e-06 4.41e-04 7.58e-06 4.41e-04 4.41e-06 9.45e-06
20555 4.10600e+03 -4.78733e+00 3.17925e-04 1.33375e-04 6.59e-05 8.31e-07 9.93e-04 5.55e-06 5.24e-04 1.90e-07 5.66e-06 9.63e-05 4.25e-06 4.45e-04 7.57e-06 4.45e-04 4.26e-06 9.72e-06 9.63e-05 4.45e-06 4.45e-04 7.57e-06 4.45e-04 4.45e-06 9.72e-06
20605 4.11600e+03 -4.84852e+00 3.13986e-04 3.56648e-04 6.08e-05 7.32e-07 9.79e-04 2.71e-06 5.26e-04 2.22e-07 2.30e-06 9.57e-05 4.25e-06 4.42e-04 7.23e-06 4.42e-04 4.26e-06 9.62e-06 9.57e-05 4.42e-06 4.42e-04 7.23e-06 4.42e-04 4.42e-06 9.62e-06
20655 4.12600e+03 -4.82779e+00 3.18457e-04 9.32005e-05 6.46e-05 1.03e-06 1.02e-03 3.04e-06 5.03e-04 2.01e-07 3.56e-06 9.60e-05 4.25e-06 4.40e-04 6.87e-06 4.39e-04 4.26e-06 9.62e-06 9.60e-05 4.40e-06 4.40e-04 6.87e-06 4.39e-04 4.40e-06 9.62e-06
20705 4.13600e+03 -4.76025e+00 3.19977e-04 7.37080e-05 1.42e-04 8.40e-07 9.89e-04 3.13e-06 4.64e-04 2.22e-07 6.97e-06 9.62e-05 4.25e-06 4.37e-04 6.54e-06 4.37e-04 4.26e-06 9.54e-06 9.62e-05 4.37e-06 4.37e-04 6.54e-06 4.37e-04 4.37e-06 9.54e-06
20755 4.14600e+03 -4.71614e+00 3.50983e-04 2.07480e-04 1.67e-04 9.35e-07 1.05e-03 4.56e-06 5.32e-04 1.42e-07 5.49e-06 9.65e-05 4.25e-06 4.38e-04 6.36e-06 4.37e-04 4.26e-06 9.61e-06 9.65e-05 4.38e-06 4.38e-04 6.36e-06 4.37e-04 4.38e-06 9.61e-06
20805 4.15600e+03 -4.67716e+00 3.49040e-04 5.24503e-05 1.07e-04 7.40e-07 1.01e-03 7.46e-06 6.18e-04 1.31e-07 1.17e-05 9.55e-05 4.25e-06 4.36e-04 6.12e-06 4.36e-04 4.26e-06 9.62e-06 9.55e-05 4.36e-06 4.36e-04 6.12e-06 4.36e-04 4.36e-06 9.62e-06
20855 4.16600e+03 -4.79339e+00 3.37899e-04 8.50471e-04 8.19e-05 8.07e-07 9.94e-04 4.29e-06 6.09e-04 2.65e-07 3.08e-06 9.66e-05 4.25e-06 4.52e-04 6.01e-06 4.52e-04 4.26e-06 1.05e-05 9.66e-05 4.52e-06 4.52e-04 6.01e-06 4.52e-04 4.52e-06 1.05e-05
20905 4.17600e+03 -4.85598e+00 3.07981e-04 1.55172e-03 6.02e-05 8.28e-07 9.64e-04 2.31e-06 5.13e-04 1.09e-07 3.28e-06 9.57e-05 4.25e-06 4.51e-04 5.76e-06 4.50e-04 4.26e-06 1.05e-05 9.57e-05 4.51e-06 4.51e-04 5.76e-06 4.50e-04 4.51e-06 1.05e-05
20955 4.18600e+03 -4.84005e+00 3.15213e-04 1.36889e-05 7.09e-05 1.06e-06 1.02e-03 3.01e-06 4.78e-04 9.97e-08 2.52e-06 9.46e-05 4.25e-06 4.46e-04 5.49e-06 4.45e-04 4.26e-06 1.04e-05 9.46e-05 4.46e-06 4.46e-04 5.49e-06 4.45e-04 4.46e-06 1.04e-05
21005 4.19600e+03 -4.67990e+00 3.71836e-04 2.30354e-04 6.46e-05 7.07e-07 1.02e-03 4.70e-06 7.64e-04 1.72e-07 1.72e-05 9.36e-05 4.25e-06 4.42e-04 5.29e-06 4.42e-04 4.26e-06 1.02e-05 9.36e-05 4.42e-06 4.42e-04 5.29e-06 4.42e-04 4.42e-06 1.02e-05
21055 4.20600e+03 -4.83456e+00 3.21605e-04 5.83320e-04 8.98e-05 8.03e-07 9.78e-04 2.87e-06 5.37e-04 7.21e-08 2.35e-06 9.28e-05 4.25e-06 4.42e-04 5.11e-06 4.42e-04 4.26e-06 1.02e-05 9.28e-05 4.42e-06 4.42e-04 5.11e-06 4.42e-04 4.42e-06 1.02e-05
21105 4.21600e+03 -4.67157e+00 3.48828e-04 6.60635e-04 7.22e-05 9.05e-07 1.06e-03 3.10e-06 6.06e-04 1.27e-07 2.32e-05 9.25e-05 4.25e-06 4.39e-04 4.94e-06 4.39e-04 4.26e-06 1.01e-05 9.25e-05 4.39e-06 4.39e-04 4.94e-06 4.39e-04 4.39e-06 1.01e-05
21155 4.22600e+03 -4.69517e+00 3.89348e-04 1.48804e-04 2.06e-04 1.55e-06 9.84e-04 2.80e-06 7.53e-04 1.67e-07 3.02e-06 9.28e-05 4.25e-06 4.37e-04 4.76e-06 4.37e-04 4.26e-06 9.96e-06 9.28e-05 4.37e-06 4.37e-04 4.76e-06 4.37e-04 4.37e-06 9.96e-06
21205 4.23600e+03 -4.81291e+00 3.38722e-04 1.25967e-04 1.04e-04 8.08e-07 1.07e-03 1.99e-06 5.16e-04 1.53e-07 4.60e-06 9.33e-05 4.25e-06 4.35e-04 4.64e-06 4.35e-04 4.26e-06 9.80e-06 9.33e-05 4.35e-06 4.35e-04 4.64e-06 4.35e-04 4.35e-06 9.80e-06
21255 4.24600e+03 -4.83294e+00 3.13619e-04 9.90159e-05 6.84e-05 1.43e-06 1.02e-03 3.17e-06 4.79e-04 4.43e-07 3.18e-06 9.40e-05 4.25e-06 4.34e-04 4.66e-06 4.34e-04 4.26e-06 9.68e-06 9.40e-05 4.34e-06 4.34e-04 4.66e-06 4.34e-04 4.34e-06 9.68e-06
21305 4.25600e+03 -4.81901e+00 3.19684e-04 1.66511e-04 1.08e-04 1.64e-06 9.70e-04 2.32e-06 5.16e-04 3.78e-07 2.63e-06 9.32e-05 4.25e-06 4.35e-04 4.63e-06 4.35e-04 4.26e-06 9.65e-06 9.32e-05 4.35e-06 4.35e-04 4.63e-06 4.35e-04 4.35e-06 9.65e-06
21355 4.26600e+03 -4.79147e+00 3.06288e-04 1.94445e-05 5.91e-05 1.39e-06 9.79e-04 6.98e-06 4.85e-04 3.21e-07 2.81e-06 9.26e-05 4.25e-06 4.36e-04 4.47e-06 4.35e-04 4.26e-06 9.58e-06 9.26e-05 4.36e-06 4.36e-04 4.47e-06 4.35e-04 4.36e-06 9.58e-06
21405 4.27600e+03 -4.83095e+00 3.03969e-04 1.66296e-04 7.43e-05 1.52e-06 9.28e-04 2.11e-06 5.14e-04 2.42e-07 6.88e-06 9.19e-05 4.25e-06 4.35e-04 4.38e-06 4.35e-04 4.26e-06 9.51e-06 9.19e-05 4.35e-06 4.35e-04 4.38e-06 4.35e-04 4.35e-06 9.51e-06
21455 4.28600e+03 -4.77838e+00 3.25997e-04 1.27629e-03 5.60e-05 1.76e-06 9.74e-04 5.84e-06 5.92e-04 2.19e-07 4.46e-06 9.17e-05 4.25e-06 4.36e-04 4.33e-06 4.36e-04 4.26e-06 9.54e-06 9.17e-05 4.36e-06 4.36e-04 4.36e-06 4.36e-04 4.36e-06 9.54e-06
21505 4.29600e+03 -4.81930e+00 3.17672e-04 3.67853e-05 1.12e-04 8.86e-07 9.83e-04 2.36e-06 4.90e-04 2.51e-07 4.71e-06 9.05e-05 4.25e-06 4.38e-04 4.32e-06 4.38e-04 4.26e-06 9.37e-06 9.05e-05 4.38e-06 4.38e-04 4.38e-06 4.38e-04 4.38e-06 9.37e-06
21555 4.30600e+03 -4.80044e+00 3.41938e-04 2.46245e-04 9.28e-05 1.32e-06 1.01e-03 2.71e-06 6.06e-04 3.57e-07 4.35e-06 9.02e-05 4.25e-06 4.35e-04 4.32e-06 4.35e-04 4.26e-06 9.22e-06 9.02e-05 4.35e-06 4.35e-04 4.35e-06 4.35e-04 4.35e-06 9.22e-06
21605 4.31600e+03 -4.82525e+00 3.44941e-04 4.13767e-04 9.75e-05 9.32e-07 1.07e-03 2.13e-06 5.53e-04 2.60e-07 2.85e-06 9.05e-05 4.25e-06 4.31e-04 4.31e-06 4.31e-04 4.26e-06 9.05e-06 9.05e-05 4.31e-06 4.31e-04 4.31e-06 4.31e-04 4.31e-06 9.05e-06
21655 4.32600e+03 -4.71976e+00 3.14317e-04 1.89818e-04 7.23e-05 2.12e-06 9.65e-04 2.58e-06 5.30e-04 2.69e-07 1.80e-05 8.98e-05 4.25e-06 4.33e-04 4.32e-06 4.33e-04 4.26e-06 9.10e-06 8.98e-05 4.33e-06 4.33e-04 4.33e-06 4.33e-04 4.33e-06 9.10e-06
21705 4.33600e+03 -4.80879e+00 3.31748e-04 2.50298e-04 1.27e-04 1.24e-06 9.75e-04 2.14e-06 5.54e-04 2.69e-07 3.29e-06 8.98e-05 4.25e-06 4.34e-04 4.32e-06 4.34e-04 4.26e-06 8.99e-06 8.98e-05 4.34e-06 4.34e-04 4.34e-06 4.34e-04 4.34e-06 8.99e-06
21755 4.34600e+03 -4.77434e+00 3.27820e-04 2.06626e-04 7.47e-05 1.13e-06 9.68e-04 2.43e-06 5.93e-04 1.61e-07 1.20e-05 8.96e-05 4.25e-06 4.34e-04 4.32e-06 4.33e-04 4.26e-06 8.91e-06 8.96e-05 4.34e-06 4.34e-04 4.34e-06 4.33e-04 4.34e-06 8.91e-06
21805 4.35600e+03 -4.56622e+00 3.81796e-04 5.08563e-04 1.58e-04 2.04e-06 9.95e-04 8.84e-06 7.45e-04 4.69e-07 1.03e-05 8.99e-05 4.25e-06 4.30e-04 4.30e-06 4.30e-04 4.26e-06 8.86e-06 8.99e-05 4.30e-06 4.30e-04 4.30e-06 4.30e-04 4.30e-06 8.86e-06
21855 4.36600e+03 -4.79659e+00 3.23808e-04 3.38025e-04 6.36e-05 1.10e-06 9.89e-04 6.96e-06 5.59e-04 1.52e-07 1.53e-06 9.00e-05 4.25e-06 4.30e-04 4.30e-06 4.29e-04 4.26e-06 8.68e-06 9.00e-05 4.30e-06 4.30e-04 4.30e-06 4.29e-04 4.30e-06 8.68e-06
21905 4.37600e+03 -4.72265e+00 3.42665e-04 6.53964e-05 6.42e-05 8.11e-07 1.03e-03 2.19e-06 6.15e-04 1.89e-07 1.85e-05 8.93e-05 4.25e-06 4.31e-04 4.29e-06 4.31e-04 4.26e-06 8.55e-06 8.93e-05 4.31e-06 4.31e-04 4.31e-06 4.31e-04 4.31e-06 8.55e-06
21955 4.38600e+03 -4.81073e+00 3.44931e-04 2.46158e-04 6.53e-05 1.38e-06 1.05e-03 4.03e-06 6.09e-04 4.25e-07 2.44e-06 8.88e-05 4.25e-06 4.34e-04 4.29e-06 4.35e-04 4.26e-06 8.54e-06 8.88e-05 4.35e-06 4.34e-04 4.35e-06 4.35e-04 4.35e-06 8.54e-06
22005 4.39600e+03 -4.86613e+00 3.26942e-04 1.90096e-04 5.63e-05 8.38e-07 9.98e-04 2.47e-06 5.77e-04 1.58e-07 2.80e-06 8.81e-05 4.25e-06 4.39e-04 4.29e-06 4.39e-04 4.26e-06 8.64e-06 8.81e-05 4.39e-06 4.39e-04 4.39e-06 4.39e-04 4.39e-06 8.64e-06
22055 4.40600e+03 -4.71322e+00 3.66421e-04 9.44038e-04 1.37e-04 9.81e-07 9.93e-04 3.53e-06 6.98e-04 2.23e-07 8.66e-06 8.90e-05 4.25e-06 4.38e-04 4.29e-06 4.38e-04 4.26e-06 8.65e-06 8.90e-05 4.38e-06 4.38e-04 4.38e-06 4.38e-04 4.38e-06 8.65e-06
22105 4.41600e+03 -4.78637e+00 3.17177e-04 3.33181e-04 1.64e-04 1.19e-06 9.19e-04 2.45e-06 4.99e-04 1.25e-06 2.47e-06 9.07e-05 4.25e-06 4.37e-04 4.29e-06 4.36e-04 4.26e-06 8.51e-06 9.07e-05 4.37e-06 4.37e-04 4.37e-06 4.36e-04 4.37e-06 8.51e-06
22155 4.42600e+03 -4.81632e+00 3.35535e-04 3.92147e-04 6.10e-05 1.21e-06 1.03e-03 4.41e-06 5.82e-04 1.84e-07 3.10e-06 9.12e-05 4.25e-06 4.40e-04 4.29e-06 4.37e-04 4.26e-06 8.41e-06 9.12e-05 4.40e-06 4.40e-04 4.40e-06 4.37e-04 4.40e-06 8.41e-06
22205 4.43600e+03 -4.54963e+00 3.34675e-04 3.18708e-04 1.64e-04 8.60e-07 9.42e-04 1.80e-05 5.48e-04 4.41e-07 1.71e-06 9.08e-05 4.25e-06 4.45e-04 4.29e-06 4.44e-04 4.26e-06 8.45e-06 9.08e-05 4.45e-06 4.45e-04 4.45e-06 4.44e-04 4.45e-06 8.45e-06
22255 4.44600e+03 -4.74086e+00 3.39621e-04 7.99835e-04 5.64e-05 1.04e-06 1.07e-03 1.02e-05 5.60e-04 3.04e-07 1.50e-06 9.05e-05 4.25e-06 4.51e-04 4.29e-06 4.51e-04 4.26e-06 8.24e-06 9.05e-05 4.51e-06 4.51e-04 4.51e-06 4.51e-04 4.51e-06 8.24e-06
22305 4.45600e+03 -4.74146e+00 3.50793e-04 5.15370e-04 9.97e-05 1.72e-06 1.06e-03 6.66e-06 5.89e-04 1.46e-07 2.83e-06 9.06e-05 4.25e-06 4.56e-04 4.29e-06 4.56e-04 4.26e-06 8.16e-06 9.06e-05 4.56e-06 4.56e-04 4.56e-06 4.56e-04 4.56e-06 8.16e-06
22355 4.46600e+03 -4.79425e+00 3.41870e-04 1.30952e-03 9.16e-05 8.94e-07 1.07e-03 4.89e-06 5.45e-04 2.37e-07 2.71e-06 9.01e-05 4.25e-06 4.59e-04 4.29e-06 4.59e-04 4.26e-06 8.01e-06 9.01e-05 4.59e-06 4.59e-04 4.59e-06 4.59e-04 4.59e-06 8.01e-06
22405 4.47600e+03 -4.80070e+00 3.25821e-04 6.06277e-05 6.32e-05 1.80e-06 1.02e-03 6.34e-06 5.39e-04 1.77e-07 1.53e-06 9.03e-05 4.25e-06 4.61e-04 4.29e-06 4.59e-04 4.26e-06 7.91e-06 9.03e-05 4.61e-06 4.61e-04 4.61e-06 4.59e-04 4.61e-06 7.91e-06
22455 4.48600e+03 -4.61356e+00 3.43991e-04 5.32826e-05 1.12e-04 1.06e-06 1.08e-03 4.18e-06 5.19e-04 2.05e-07 2.18e-05 9.09e-05 4.25e-06 4.68e-04 4.29e-06 4.63e-04 4.26e-06 7.75e-06 9.09e-05 4.68e-06 4.68e-04 4.68e-06 4.63e-04 4.68e-06 7.75e-06
22505 4.49600e+03 -4.73866e+00 3.28167e-04 1.25547e-03 7.10e-05 1.51e-06 9.99e-04 2.74e-06 5.66e-04 1.48e-07 1.39e-05 9.03e-05 4.25e-06 4.88e-04 4.29e-06 4.72e-04 4.26e-06 7.94e-06 9.03e-05 4.88e-06 4.88e-04 4.88e-06 4.72e-04 4.88e-06 7.94e-06
22555 4.50600e+03 -4.61281e+00 3.57657e-04 3.58107e-04 9.10e-05 2.99e-06 1.03e-03 1.50e-05 6.45e-04 2.51e-07 1.62e-06 8.85e-05 4.25e-06 4.87e-04 4.29e-06 4.87e-04 4.26e-06 8.19e-06 8.85e-05 4.87e-06 4.87e-04 4.87e-06 4.87e-04 4.87e-06 8.19e-06
22605 4.51600e+03 -4.40081e+00 3.56233e-04 3.20538e-05 6.65e-05 2.08e-06 1.05e-03 1.70e-05 6.46e-04 2.07e-07 2.60e-05 8.80e-05 4.25e-06 4.91e-04 4.29e-06 4.89e-04 4.26e-06 8.03e-06 8.80e-05 4.91e-06 4.91e-04 4.91e-06 4.89e-04 4.91e-06 8.03e-06
22655 4.52600e+03 -4.63080e+00 3.41168e-04 1.36160e-04 1.23e-04 1.53e-06 1.01e-03 9.62e-06 5.63e-04 1.39e-07 1.01e-05 8.66e-05 4.25e-06 5.11e-04 4.29e-06 5.00e-04 4.26e-06 8.10e-06 8.66e-05 5.11e-06 5.11e-04 5.11e-06 5.00e-04 5.11e-06 8.10e-06
22705 4.53600e+03 -4.71297e+00 3.31869e-04 5.42744e-04 5.36e-05 8.80e-07 9.80e-04 1.38e-05 6.11e-04 1.63e-07 1.46e-06 8.61e-05 4.25e-06 5.09e-04 4.29e-06 5.07e-04 4.26e-06 8.02e-06 8.61e-05 5.09e-06 5.09e-04 5.09e-06 5.07e-04 5.09e-06 8.02e-06
22755 4.54600e+03 -4.61080e+00 3.33737e-04 1.36405e-04 4.93e-05 2.82e-06 9.75e-04 6.68e-06 6.35e-04 2.32e-07 2.08e-05 8.62e-05 4.25e-06 5.17e-04 4.29e-06 5.12e-04 4.26e-06 7.86e-06 8.62e-05 5.17e-06 5.17e-04 5.17e-06 5.12e-04 5.17e-06 7.86e-06
22805 4.55600e+03 -4.68164e+00 3.37127e-04 1.13320e-04 5.36e-05 1.01e-06 1.01e-03 1.42e-05 6.11e-04 1.91e-07 4.51e-06 8.47e-05 4.25e-06 5.63e-04 4.29e-06 5.20e-04 4.26e-06 7.76e-06 8.47e-05 5.63e-06 5.63e-04 5.63e-06 5.20e-04 5.63e-06 7.76e-06
22855 4.56600e+03 -4.69829e+00 3.35868e-04 2.22534e-05 9.44e-05 1.13e-06 1.01e-03 1.27e-05 5.61e-04 1.83e-07 1.48e-06 8.43e-05 4.25e-06 5.84e-04 4.29e-06 5.32e-04 4.26e-06 7.97e-06 8.43e-05 5.84e-06 5.84e-04 5.84e-06 5.32e-04 5.84e-06 7.97e-06
22905 4.57600e+03 -4.78875e+00 3.17218e-04 3.90221e-04 6.92e-05 1.55e-06 1.04e-03 6.81e-06 4.70e-04 2.24e-07 2.12e-06 8.63e-05 4.25e-06 5.83e-04 4.29e-06 5.36e-04 4.26e-06 7.91e-06 8.63e-05 5.83e-06 5.83e-04 5.83e-06 5.36e-04 5.83e-06 7.91e-06
22955 4.58600e+03 -4.60223e+00 3.60596e-04 3.17199e-04 1.13e-04 9.54e-07 1.01e-03 1.79e-05 6.59e-04 1.74e-07 2.28e-06 8.54e-05 4.25e-06 5.80e-04 4.29e-06 5.37e-04 4.26e-06 7.72e-06 8.54e-05 5.80e-06 5.80e-04 5.80e-06 5.37e-04 5.80e-06 7.72e-06
23005 4.59600e+03 -4.65514e+00 3.39989e-04 1.31732e-04 6.51e-05 8.33e-07 1.02e-03 1.03e-05 6.00e-04 1.66e-07 1.18e-05 8.53e-05 4.25e-06 5.72e-04 4.29e-06 5.37e-04 4.26e-06 7.55e-06 8.53e-05 5.72e-06 5.72e-04 5.72e-06 5.37e-04 5.72e-06 7.55e-06
23055 4.60600e+03 -4.61722e+00 3.38665e-04 6.58608e-04 5.60e-05 2.53e-06 9.79e-04 1.58e-05 6.40e-04 1.31e-07 7.22e-06 8.44e-05 4.25e-06 5.78e-04 4.29e-06 5.43e-04 4.26e-06 7.85e-06 8.44e-05 5.78e-06 5.78e-04 5.78e-06 5.43e-04 5.78e-06 7.85e-06
23105 4.61600e+03 -4.73631e+00 3.54841e-04 4.45876e-04 5.54e-05 9.63e-07 1.08e-03 6.55e-06 6.36e-04 1.26e-07 7.54e-06 8.60e-05 4.25e-06 5.83e-04 4.29e-06 5.48e-04 4.26e-06 8.07e-06 8.60e-05 5.83e-06 5.83e-04 5.83e-06 5.48e-04 5.83e-06 8.07e-06
23155 4.62600e+03 -4.67817e+00 3.39153e-04 1.79262e-04 7.83e-05 1.14e-06 1.07e-03 8.06e-06 5.37e-04 1.33e-07 1.11e-05 8.75e-05 4.25e-06 5.75e-04 4.29e-06 5.46e-04 4.26e-06 7.96e-06 8.75e-05 5.75e-06 5.75e-04 5.75e-06 5.46e-04 5.75e-06 7.96e-06
23205 4.63600e+03 -4.57121e+00 3.41136e-04 8.37005e-05 9.95e-05 1.52e-06 1.00e-03 1.04e-05 5.94e-04 4.47e-07 1.70e-05 8.71e-05 4.25e-06 5.67e-04 4.29e-06 5.46e-04 4.26e-06 7.83e-06 8.71e-05 5.67e-06 5.67e-04 5.67e-06 5.46e-04 5.67e-06 7.83e-06
23255 4.64600e+03 -4.64671e+00 3.36228e-04 1.03602e-03 1.08e-04 1.17e-06 9.98e-04 1.02e-05 5.64e-04 3.32e-07 9.27e-06 8.72e-05 4.25e-06 5.63e-04 4.29e-06 5.45e-04 4.26e-06 7.71e-06 8.72e-05 5.63e-06 5.63e-04 5.63e-06 5.45e-04 5.63e-06 7.71e-06
23305 4.65600e+03 -4.71717e+00 3.35600e-04 2.43047e-05 1.28e-04 1.14e-06 9.99e-04 6.67e-06 5.43e-04 6.08e-07 4.44e-06 8.85e-05 4.25e-06 5.89e-04 4.29e-06 5.49e-04 4.26e-06 7.73e-06 8.85e-05 5.89e-06 5.89e-04 5.89e-06 5.49e-04 5.89e-06 7.73e-06
23355 4.66600e+03 -4.67814e+00 3.48183e-04 7.21789e-04 1.20e-04 1.34e-06 1.07e-03 1.06e-05 5.35e-04 2.84e-07 3.44e-06 8.74e-05 4.25e-06 5.85e-04 4.29e-06 5.50e-04 4.26e-06 7.71e-06 8.74e-05 5.85e-06 5.85e-04 5.85e-06 5.50e-04 5.85e-06 7.71e-06
23405 4.67600e+03 -4.41727e+00 3.94378e-04 1.01446e-03 2.51e-04 2.52e-06 1.08e-03 1.25e-05 6.25e-04 1.53e-07 1.64e-05 9.79e-05 4.25e-06 5.86e-04 4.29e-06 5.51e-04 4.26e-06 7.71e-06 9.79e-05 5.86e-06 5.86e-04 5.86e-06 5.51e-04 5.86e-06 7.71e-06
23455 4.68600e+03 -4.47250e+00 3.87556e-04 5.35055e-04 3.44e-04 9.94e-07 1.01e-03 1.75e-05 5.61e-04 7.75e-07 1.50e-06 1.10e-04 4.25e-06 6.01e-04 4.29e-06 5.60e-04 4.26e-06 8.02e-06 1.10e-04 6.01e-06 6.01e-04 6.01e-06 5.60e-04 6.01e-06 8.02e-06
23505 4.69600e+03 -4.66889e+00 3.79390e-04 4.21513e-04 2.03e-04 2.14e-06 1.10e-03 6.91e-06 5.82e-04 1.39e-07 1.99e-06 1.20e-04 4.25e-06 6.20e-04 4.29e-06 5.62e-04 4.26e-06 8.12e-06 1.20e-04 6.20e-06 6.20e-04 6.20e-06 5.62e-04 6.20e-06 8.12e-06
23555 4.70600e+03 -4.51788e+00 4.04721e-04 4.46179e-04 4.36e-04 1.14e-06 1.06e-03 1.03e-05 5.19e-04 1.17e-07 2.87e-06 1.27e-04 4.25e-06 6.15e-04 4.29e-06 5.62e-04 4.26e-06 8.08e-06 1.27e-04 6.15e-06 6.15e-04 6.15e-06 5.62e-04 6.15e-06 8.08e-06
23605 4.71600e+03 -4.64433e+00 4.05815e-04 3.18782e-04 1.70e-04 1.25e-06 1.07e-03 6.55e-06 7.76e-04 2.75e-07 6.44e-06 1.33e-04 4.25e-06 6.08e-04 4.29e-06 5.61e-04 4.26e-06 7.97e-06 1.33e-04 6.08e-06 6.08e-04 6.08e-06 5.61e-04 6.08e-06 7.97e-06
23655 4.72600e+03 -4.34329e+00 4.31340e-04 2.65677e-04 1.65e-04 3.04e-06 1.06e-03 7.11e-06 9.18e-04 1.02e-07 3.57e-05 1.41e-04 4.25e-06 5.98e-04 4.29e-06 5.63e-04 4.26e-06 7.93e-06 1.41e-04 5.98e-06 5.98e-04 5.98e-06 5.63e-04 5.98e-06 7.93e-06
23705 4.73600e+03 -4.67683e+00 3.51214e-04 1.02193e-04 2.04e-04 2.55e-06 9.79e-04 6.91e-06 5.64e-04 1.29e-07 3.53e-06 1.47e-04 4.25e-06 6.01e-04 4.29e-06 5.65e-04 4.26e-06 7.97e-06 1.47e-04 6.01e-06 6.01e-04 6.01e-06 5.65e-04 6.01e-06 7.97e-06
23755 4.74600e+03 -4.61623e+00 3.56655e-04 7.46101e-05 2.55e-04 1.82e-06 1.04e-03 1.18e-05 4.72e-04 2.14e-07 2.57e-06 1.53e-04 4.25e-06 5.93e-04 4.29e-06 5.64e-04 4.26e-06 7.87e-06 1.53e-04 5.93e-06 5.93e-04 5.93e-06 5.64e-04 5.93e-06 7.87e-06
23805 4.75600e+03 -4.63182e+00 3.65138e-04 2.78557e-04 2.95e-04 4.37e-06 1.01e-03 6.97e-06 5.12e-04 6.45e-07 1.48e-06 1.58e-04 4.25e-06 5.97e-04 4.29e-06 5.63e-04 4.26e-06 7.78e-06 1.58e-04 5.97e-06 5.97e-04 5.97e-06 5.63e-04 5.97e-06 7.78e-06
23855 4.76600e+03 -4.67426e+00 3.57280e-04 2.89690e-04 1.96e-04 1.50e-06 9.86e-04 7.89e-06 5.95e-04 2.00e-07 4.02e-06 1.64e-04 4.25e-06 6.05e-04 4.29e-06 5.67e-04 4.26e-06 7.74e-06 1.64e-04 6.05e-06 6.05e-04 6.05e-06 5.67e-04 6.05e-06 7.74e-06
23905 4.77600e+03 -4.46724e+00 3.71043e-04 5.78711e-04 1.65e-04 8.60e-07 1.10e-03 1.05e-05 5.84e-04 2.95e-07 2.39e-05 1.71e-04 4.25e-06 5.93e-04 4.29e-06 5.66e-04 4.26e-06 7.68e-06 1.71e-04 5.93e-06 5.93e-04 5.93e-06 5.66e-04 5.93e-06 7.68e-06
23955 4.78600e+03 -4.62947e+00 3.99475e-04 3.53299e-04 3.56e-04 9.80e-07 1.10e-03 6.27e-06 5.32e-04 1.32e-07 4.35e-06 1.75e-04 4.25e-06 5.81e-04 4.29e-06 5.66e-04 4.26e-06 7.73e-06 1.75e-04 5.81e-06 5.81e-04 5.81e-06 5.66e-04 5.81e-06 7.73e-06
24005 4.79600e+03 -4.44838e+00 3.94406e-04 1.88113e-04 2.91e-04 4.09e-06 1.08e-03 1.74e-05 5.84e-04 6.51e-08 7.67e-06 1.80e-04 4.25e-06 5.76e-04 4.29e-06 5.63e-04 4.26e-06 7.64e-06 1.80e-04 5.76e-06 5.76e-04 5.76e-06 5.63e-04 5.76e-06 7.64e-06
24055 4.80600e+03 -4.51413e+00 3.88866e-04 1.58313e-03 2.83e-04 9.94e-07 1.10e-03 1.81e-05 5.45e-04 8.16e-08 4.74e-06 1.88e-04 4.25e-06 5.84e-04 4.29e-06 5.65e-04 4.26e-06 7.56e-06 1.88e-04 5.84e-06 5.84e-04 5.84e-06 5.65e-04 5.84e-06 7.56e-06
24105 4.81600e+03 -4.58988e+00 3.66490e-04 2.10639e-04 2.12e-04 9.64e-07 1.07e-03 1.42e-05 5.31e-04 1.38e-07 5.10e-06 1.94e-04 4.25e-06 5.83e-04 4.29e-06 5.66e-04 4.26e-06 7.44e-06 1.94e-04 5.83e-06 5.83e-04 5.83e-06 5.66e-04 5.83e-06 7.44e-06
24155 4.82600e+03 -4.67487e+00 3.64764e-04 9.14838e-05 1.76e-04 1.11e-06 1.03e-03 6.21e-06 6.06e-04 1.86e-07 7.19e-06 1.97e-04 4.25e-06 5.71e-04 4.29e-06 5.68e-04 4.26e-06 7.41e-06 1.97e-04 5.71e-06 5.71e-04 5.71e-06 5.68e-04 5.71e-06 7.41e-06
24205 4.83600e+03 -4.47206e+00 3.92724e-04 5.76036e-04 2.23e-04 1.03e-06 1.08e-03 2.00e-05 6.39e-04 1.44e-07 7.72e-06 2.00e-04 4.25e-06 5.72e-04 4.29e-06 5.68e-04 4.26e-06 7.67e-06 2.00e-04 5.72e-06 5.72e-04 5.72e-06 5.68e-04 5.72e-06 7.67e-06
24255 4.84600e+03 -4.63619e+00 3.99261e-04 1.55288e-04 3.29e-04 1.10e-06 1.11e-03 7.67e-06 5.44e-04 1.28e-07 3.30e-06 2.03e-04 4.25e-06 5.78e-04 4.29e-06 5.70e-04 4.26e-06 7.77e-06 2.03e-04 5.78e-06 5.78e-04 5.78e-06 5.70e-04 5.78e-06 7.77e-06
24305 4.85600e+03 -4.53342e+00 4.03075e-04 1.04322e-03 4.04e-04 1.64e-06 1.07e-03 8.18e-06 5.27e-04 2.35e-07 1.11e-05 2.07e-04 4.25e-06 5.70e-04 4.29e-06 5.70e-04 4.26e-06 7.89e-06 2.07e-04 5.70e-06 5.70e-04 5.70e-06 5.70e-04 5.70e-06 7.89e-06
24355 4.86600e+03 -4.60666e+00 3.95303e-04 9.84788e-05 2.77e-04 1.05e-06 1.12e-03 7.73e-06 5.73e-04 4.65e-07 7.81e-06 2.12e-04 4.25e-06 5.65e-04 4.29e-06 5.65e-04 4.26e-06 7.97e-06 2.12e-04 5.65e-06 5.65e-04 5.65e-06 5.65e-04 5.65e-06 7.97e-06
24405 4.87600e+03 -4.59225e+00 4.21266e-04 3.63452e-05 3.62e-04 1.37e-06 1.10e-03 6.47e-06 6.37e-04 2.48e-07 7.37e-06 2.19e-04 4.25e-06 5.66e-04 4.29e-06 5.67e-04 4.26e-06 7.98e-06 2.19e-04 5.67e-06 5.66e-04 5.67e-06 5.67e-04 5.67e-06 7.98e-06
24455 4.88600e+03 -4.69031e+00 3.63492e-04 6.03305e-04 1.96e-04 1.35e-06 1.10e-03 7.47e-06 5.14e-04 1.38e-07 2.96e-06 2.23e-04 4.25e-06 5.74e-04 4.29e-06 5.70e-04 4.26e-06 7.90e-06 2.23e-04 5.74e-06 5.74e-04 5.74e-06 5.70e-04 5.74e-06 7.90e-06
24505 4.89600e+03 -4.58698e+00 3.66483e-04 3.39168e-04 2.40e-04 1.30e-06 1.00e-03 1.55e-05 5.75e-04 7.08e-08 2.43e-06 2.27e-04 4.25e-06 5.69e-04 4.29e-06 5.68e-04 4.26e-06 7.82e-06 2.27e-04 5.69e-06 5.69e-04 5.69e-06 5.68e-04 5.69e-06 7.82e-06
24555 4.90600e+03 -4.57093e+00 3.78392e-04 1.96151e-04 2.49e-04 1.02e-06 1.07e-03 1.59e-05 5.58e-04 1.22e-07 2.96e-06 2.32e-04 4.25e-06 5.62e-04 4.29e-06 5.61e-04 4.26e-06 7.70e-06 2.32e-04 5.62e-06 5.62e-04 5.62e-06 5.61e-04 5.62e-06 7.70e-06
24605 4.91600e+03 -4.59472e+00 3.82532e-04 3.69022e-04 1.79e-04 3.18e-06 1.09e-03 9.99e-06 6.34e-04 1.33e-07 6.58e-06 2.34e-04 4.25e-06 5.67e-04 4.29e-06 5.62e-04 4.26e-06 7.61e-06 2.34e-04 5.67e-06 5.67e-04 5.67e-06 5.62e-04 5.67e-06 7.61e-06
24655 4.92600e+03 -4.11589e+00 4.69656e-04 1.56032e-04 5.68e-04 2.05e-06 1.10e-03 1.60e-05 6.65e-04 1.92e-07 3.73e-05 2.37e-04 4.25e-06 5.60e-04 4.29e-06 5.60e-04 4.26e-06 7.49e-06 2.37e-04 5.60e-06 5.60e-04 5.60e-06 5.60e-04 5.60e-06 7.49e-06
24705 4.93600e+03 -4.60886e+00 3.93855e-04 7.87028e-05 3.27e-04 1.21e-06 1.03e-03 9.41e-06 6.05e-04 9.29e-08 4.98e-06 2.38e-04 4.25e-06 5.74e-04 4.29e-06 5.70e-04 4.26e-06 7.58e-06 2.38e-04 5.74e-06 5.74e-04 5.74e-06 5.70e-04 5.74e-06 7.58e-06
24755 4.94600e+03 -4.67311e+00 3.97937e-04 5.30411e-04 3.14e-04 1.74e-06 1.12e-03 6.62e-06 5.43e-04 6.12e-08 1.24e-06 2.39e-04 4.25e-06 5.75e-04 4.29e-06 5.69e-04 4.26e-06 7.44e-06 2.39e-04 5.75e-06 5.75e-04 5.75e-06 5.69e-04 5.75e-06 7.44e-06
24805 4.95600e+03 -4.67800e+00 3.46759e-04 5.18175e-04 2.33e-04 2.40e-06 9.90e-04 6.94e-06 5.01e-04 7.64e-08 4.20e-06 2.40e-04 4.25e-06 5.89e-04 4.29e-06 5.75e-04 4.26e-06 7.27e-06 2.40e-04 5.89e-06 5.89e-04 5.89e-06 5.75e-04 5.89e-06 7.27e-06
24855 4.96600e+03 -4.65223e+00 3.66922e-04 5.10565e-04 2.32e-04 1.92e-06 1.05e-03 1.00e-05 5.40e-04 6.76e-08 2.46e-06 2.41e-04 4.25e-06 5.90e-04 4.29e-06 5.77e-04 4.26e-06 7.15e-06 2.41e-04 5.90e-06 5.90e-04 5.90e-06 5.77e-04 5.90e-06 7.15e-06
24905 4.97600e+03 -4.70596e+00 3.46036e-04 9.88540e-04 1.77e-04 7.50e-07 1.00e-03 9.40e-06 5.39e-04 1.29e-07 1.61e-06 2.44e-04 4.25e-06 5.76e-04 4.29e-06 5.76e-04 4.26e-06 6.99e-06 2.44e-04 5.76e-06 5.76e-04 5.76e-06 5.76e-04 5.76e-06 6.99e-06
24955 4.98600e+03 -4.48076e+00 3.55058e-04 7.74742e-05 1.53e-04 7.26e-07 1.05e-03 2.83e-05 5.45e-04 1.06e-07 9.54e-07 2.46e-04 4.25e-06 5.75e-04 4.29e-06 5.70e-04 4.26e-06 6.82e-06 2.46e-04 5.75e-06 5.75e-04 5.75e-06 5.70e-04 5.75e-06 6.82e-06
25005 4.99500e+03 -4.73341e+00 3.60026e-04 5.60032e-04 1.43e-04 1.07e-06 1.02e-03 6.51e-06 6.29e-04 1.20e-07 1.88e-06 2.46e-04 4.25e-06 5.77e-04 4.29e-06 5.76e-04 4.26e-06 6.71e-06 2.46e-04 5.77e-06 5.77e-04 5.77e-06 5.76e-04 5.77e-06 6.71e-06
25055 5.00500e+03 -4.55387e+00 3.58855e-04 2.64675e-04 1.89e-04 6.41e-07 1.09e-03 1.11e-05 5.08e-04 9.12e-08 1.33e-05 2.46e-04 4.25e-06 5.73e-04 4.29e-06 5.72e-04 4.26e-06 6.73e-06 2.46e-04 5.73e-06 5.73e-04 5.73e-06 5.72e-04 5.73e-06 6.73e-06
25105 5.01500e+03 -4.63378e+00 4.23443e-04 3.84458e-04 4.08e-04 8.66e-07 1.07e-03 8.16e-06 6.34e-04 1.37e-07 1.88e-06 2.47e-04 4.25e-06 5.68e-04 4.29e-06 5.67e-04 4.26e-06 6.61e-06 2.47e-04 5.68e-06 5.68e-04 5.68e-06 5.67e-04 5.68e-06 6.61e-06
25155 5.02500e+03 -4.55080e+00 3.77069e-04 1.06662e-04 1.88e-04 7.00e-07 1.03e-03 1.06e-05 6.54e-04 2.59e-07 1.26e-05 2.52e-04 4.25e-06 5.67e-04 4.29e-06 5.66e-04 4.26e-06 6.41e-06 2.52e-04 5.67e-06 5.67e-04 5.67e-06 5.66e-04 5.67e-06 6.41e-06
25205 5.03500e+03 -4.50808e+00 4.69915e-04 2.42177e-04 5.63e-04 8.43e-07 1.02e-03 9.11e-06 7.52e-04 9.61e-08 7.55e-06 2.52e-04 4.25e-06 5.63e-04 4.29e-06 5.61e-04 4.26e-06 6.35e-06 2.52e-04 5.63e-06 5.63e-04 5.63e-06 5.61e-04 5.63e-06 6.35e-06
25255 5.04500e+03 -4.54641e+00 4.05869e-04 4.10671e-04 1.39e-04 9.81e-07 1.09e-03 2.00e-05 7.81e-04 1.47e-07 1.68e-06 2.55e-04 4.25e-06 5.81e-04 4.29e-06 5.94e-04 4.26e-06 6.55e-06 2.55e-04 5.94e-06 5.81e-04 5.94e-06 5.94e-04 5.94e-06 6.55e-06
25305 5.05500e+03 -4.39505e+00 4.46325e-04 1.77786e-04 3.44e-04 3.08e-06 1.04e-03 2.17e-05 8.24e-04 3.64e-07 7.17e-06 2.57e-04 4.25e-06 6.09e-04 4.29e-06 6.68e-04 4.26e-06 6.63e-06 2.57e-04 6.68e-06 6.09e-04 6.68e-06 6.68e-04 6.68e-06 6.68e-06
25355 5.06500e+03 -4.28556e+00 4.07121e-04 4.71931e-04 4.49e-04 7.96e-07 9.45e-04 3.79e-05 6.03e-04 5.37e-08 5.26e-06 2.58e-04 4.25e-06 6.35e-04 4.29e-06 7.03e-04 4.26e-06 6.67e-06 2.58e-04 7.03e-06 6.35e-04 7.03e-06 7.03e-04 7.03e-06 7.03e-06
25405 5.07500e+03 -4.36038e+00 3.81273e-04 9.83272e-05 1.35e-04 8.93e-07 1.09e-03 3.68e-05 6.42e-04 5.67e-07 5.65e-06 2.57e-04 4.25e-06 6.59e-04 4.29e-06 7.30e-04 4.26e-06 6.67e-06 2.57e-04 7.30e-06 6.59e-04 7.30e-06 7.30e-04 7.30e-06 7.30e-06
25455 5.08500e+03 -4.39765e+00 4.34991e-04 3.13138e-04 4.18e-04 1.08e-06 1.05e-03 2.28e-05 6.84e-04 1.69e-07 8.38e-06 2.61e-04 4.25e-06 6.82e-04 4.29e-06 8.01e-04 4.26e-06 6.67e-06 2.61e-04 8.01e-06 6.82e-04 8.01e-06 8.01e-04 8.01e-06 8.01e-06
25505 5.09500e+03 -4.52381e+00 3.87240e-04 8.01160e-04 2.13e-04 1.14e-06 1.00e-03 1.78e-05 7.01e-04 1.45e-07 5.56e-06 2.66e-04 4.25e-06 7.04e-04 4.29e-06 8.34e-04 4.26e-06 6.67e-06 2.66e-04 8.34e-06 7.04e-04 8.34e-06 8.34e-04 8.34e-06 8.34e-06
25555 5.10500e+03 -4.58563e+00 3.77355e-04 1.39580e-04 1.28e-04 1.29e-06 1.13e-03 1.67e-05 6.15e-04 3.37e-07 1.24e-06 2.74e-04 4.25e-06 7.26e-04 4.29e-06 8.31e-04 4.26e-06 6.67e-06 2.74e-04 8.31e-06 7.26e-04 8.31e-06 8.31e-04 8.31e-06 8.31e-06
25605 5.11500e+03 -4.52495e+00 3.76921e-04 5.62806e-05 1.74e-04 6.62e-07 1.04e-03 1.95e-05 6.46e-04 1.37e-07 5.94e-06 2.74e-04 4.25e-06 7.45e-04 4.29e-06 8.08e-04 4.26e-06 6.67e-06 2.74e-04 8.08e-06 7.45e-04 8.08e-06 8.08e-04 8.08e-06 8.08e-06
25655 5.12500e+03 -4.37558e+00 3.80309e-04 1.85052e-04 1.58e-04 7.81e-07 1.06e-03 3.86e-05 6.41e-04 1.92e-07 3.98e-06 2.72e-04 4.25e-06 7.64e-04 4.29e-06 8.12e-04 4.26e-06 6.67e-06 2.72e-04 8.12e-06 7.64e-04 8.12e-06 8.12e-04 8.12e-06 8.12e-06
25705 5.13500e+03 -4.50790e+00 4.47064e-04 2.24785e-04 4.54e-04 1.82e-06 1.11e-03 1.58e-05 6.49e-04 1.17e-07 1.47e-06 2.71e-04 4.25e-06 7.82e-04 4.29e-06 8.10e-04 4.26e-06 6.67e-06 2.71e-04 8.10e-06 7.82e-04 8.10e-06 8.10e-04 8.10e-06 8.10e-06
25755 5.14500e+03 -4.52594e+00 3.65719e-04 8.78956e-05 1.75e-04 7.17e-07 9.87e-04 2.44e-05 6.42e-04 8.39e-08 1.57e-06 2.68e-04 4.25e-06 8.01e-04 4.29e-06 8.24e-04 4.26e-06 6.67e-06 2.68e-04 8.24e-06 8.01e-04 8.24e-06 8.24e-04 8.24e-06 8.24e-06
25805 5.15500e+03 -4.41717e+00 3.89507e-04 4.55653e-04 2.41e-04 6.79e-07 1.05e-03 3.38e-05 6.21e-04 1.61e-07 2.32e-06 2.73e-04 4.25e-06 8.18e-04 4.29e-06 8.16e-04 4.26e-06 6.67e-06 2.73e-04 8.18e-06 8.18e-04 8.18e-06 8.16e-04 8.18e-06 8.18e-06
25855 5.16500e+03 -4.44395e+00 4.29173e-04 1.49852e-04 1.34e-04 2.54e-06 1.21e-03 1.89e-05 7.84e-04 2.34e-07 1.24e-05 2.74e-04 4.25e-06 8.66e-04 4.29e-06 8.07e-04 4.26e-06 6.67e-06 2.74e-04 8.66e-06 8.66e-04 8.66e-06 8.07e-04 8.66e-06 8.66e-06
25905 5.17500e+03 -4.46477e+00 4.27382e-04 2.73709e-04 3.97e-04 1.33e-06 1.03e-03 1.84e-05 6.87e-04 1.27e-07 6.15e-06 2.75e-04 4.25e-06 8.72e-04 4.29e-06 8.01e-04 4.26e-06 6.67e-06 2.75e-04 8.72e-06 8.72e-04 8.72e-06 8.01e-04 8.72e-06 8.72e-06
25955 5.18500e+03 -4.39447e+00 4.00568e-04 2.61529e-04 2.43e-04 1.39e-06 1.02e-03 3.25e-05 7.03e-04 8.44e-07 4.62e-06 2.81e-04 4.25e-06 8.73e-04 4.29e-06 7.94e-04 4.26e-06 6.67e-06 2.81e-04 8.73e-06 8.73e-04 8.73e-06 7.94e-04 8.73e-06 8.73e-06
26005 5.19500e+03 -4.15994e+00 4.20095e-04 8.46256e-04 2.09e-04 1.19e-06 1.23e-03 5.79e-05 6.02e-04 1.57e-07 8.91e-06 2.87e-04 4.25e-06 8.76e-04 4.29e-06 7.88e-04 4.26e-06 6.67e-06 2.87e-04 8.76e-06 8.76e-04 8.76e-06 7.88e-04 8.76e-06 8.76e-06
26055 5.20500e+03 -4.48099e+00 4.15338e-04 1.91758e-04 3.21e-04 9.93e-07 1.14e-03 2.35e-05 5.90e-04 1.82e-07 1.67e-06 2.92e-04 4.25e-06 9.01e-04 4.29e-06 7.82e-04 4.26e-06 6.67e-06 2.92e-04 9.01e-06 9.01e-04 9.01e-06 7.82e-04 9.01e-06 9.01e-06
26105 5.21500e+03 -4.51009e+00 4.28201e-04 1.73352e-04 2.17e-04 7.01e-07 1.04e-03 1.84e-05 8.68e-04 1.44e-07 4.45e-06 2.95e-04 4.25e-06 8.95e-04 4.29e-06 7.75e-04 4.26e-06 6.67e-06 2.95e-04 8.95e-06 8.95e-04 8.95e-06 7.75e-04 8.95e-06 8.95e-06
26155 5.22500e+03 -4.49325e+00 4.00233e-04 2.39752e-04 2.62e-04 1.15e-06 1.15e-03 1.89e-05 5.67e-04 2.53e-07 6.44e-06 2.96e-04 4.25e-06 9.04e-04 4.29e-06 7.69e-04 4.26e-06 6.67e-06 2.96e-04 9.04e-06 9.04e-04 9.04e-06 7.69e-04 9.04e-06 9.04e-06
26205 5.23500e+03 -4.46855e+00 3.85903e-04 2.33995e-04 2.59e-04 5.40e-07 1.12e-03 2.38e-05 5.26e-04 8.20e-08 6.32e-06 2.97e-04 4.25e-06 9.05e-04 4.29e-06 7.63e-04 4.26e-06 6.67e-06 2.97e-04 9.05e-06 9.05e-04 9.05e-06 7.63e-04 9.05e-06 9.05e-06
26255 5.24500e+03 -4.32780e+00 3.99077e-04 1.66716e-04 3.09e-04 1.60e-06 1.08e-03 3.59e-05 5.67e-04 2.71e-07 9.27e-06 2.99e-04 4.25e-06 9.12e-04 4.29e-06 7.57e-04 4.26e-06 6.67e-06 2.99e-04 9.12e-06 9.12e-04 9.12e-06 7.57e-04 9.12e-06 9.12e-06
26305 5.25500e+03 -4.46216e+00 4.11111e-04 2.78883e-04 2.61e-04 6.97e-07 1.20e-03 2.77e-05 5.64e-04 2.22e-07 1.57e-06 3.02e-04 4.25e-06 9.17e-04 4.29e-06 7.51e-04 4.26e-06 6.67e-06 3.02e-04 9.17e-06 9.17e-04 9.17e-06 7.51e-04 9.17e-06 9.17e-06
26355 5.26500e+03 -4.45730e+00 4.28411e-04 1.52862e-04 4.24e-04 5.78e-07 1.15e-03 1.87e-05 5.46e-04 4.35e-07 6.74e-06 3.04e-04 4.25e-06 9.36e-04 4.29e-06 7.44e-04 4.26e-06 6.67e-06 3.04e-04 9.36e-06 9.36e-04 9.36e-06 7.44e-04 9.36e-06 9.36e-06
26405 5.27500e+03 -4.32238e+00 4.23649e-04 9.71024e-04 3.91e-04 7.20e-07 1.18e-03 4.12e-05 5.03e-04 2.04e-07 3.35e-06 3.04e-04 4.25e-06 9.41e-04 4.29e-06 7.38e-04 4.26e-06 6.67e-06 3.04e-04 9.41e-06 9.41e-04 9.41e-06 7.38e-04 9.41e-06 9.41e-06
26455 5.28500e+03 -4.45250e+00 4.01383e-04 3.13124e-04 2.36e-04 1.12e-06 1.15e-03 2.63e-05 5.95e-04 2.31e-07 4.72e-06 3.03e-04 4.25e-06 9.33e-04 4.29e-06 7.31e-04 4.26e-06 6.67e-06 3.03e-04 9.33e-06 9.33e-04 9.33e-06 7.31e-04 9.33e-06 9.33e-06
26505 5.29500e+03 -4.46855e+00 4.62464e-04 5.26384e-04 4.22e-04 1.12e-06 1.28e-03 1.88e-05 5.93e-04 1.45e-07 2.97e-06 3.04e-04 4.25e-06 9.52e-04 4.29e-06 7.25e-04 4.26e-06 6.67e-06 3.04e-04 9.52e-06 9.52e-04 9.52e-06 7.25e-04 9.52e-06 9.52e-06
26555 5.30500e+03 -4.01488e+00 4.16894e-04 7.05788e-04 1.99e-04 1.07e-06 1.24e-03 5.38e-05 5.86e-04 1.14e-07 3.67e-05 3.05e-04 4.25e-06 9.64e-04 4.29e-06 7.19e-04 4.26e-06 6.67e-06 3.05e-04 9.64e-06 9.64e-04 9.64e-06 7.19e-04 9.64e-06 9.64e-06
26605 5.31500e+03 -4.49903e+00 3.90475e-04 3.33925e-03 2.48e-04 6.67e-07 1.19e-03 2.42e-05 4.87e-04 1.27e-07 1.56e-06 3.04e-04 4.25e-06 9.73e-04 4.29e-06 7.13e-04 4.26e-06 6.67e-06 3.04e-04 9.73e-06 9.73e-04 9.73e-06 7.13e-04 9.73e-06 9.73e-06
26655 5.32500e+03 -4.52382e+00 3.85318e-04 1.02816e-03 2.60e-04 8.01e-07 1.09e-03 1.83e-05 5.58e-04 5.91e-07 3.41e-06 3.08e-04 4.25e-06 9.58e-04 4.29e-06 7.04e-04 4.26e-06 6.67e-06 3.08e-04 9.58e-06 9.58e-04 9.58e-06 7.04e-04 9.58e-06 9.58e-06
26705 5.33500e+03 -4.38144e+00 4.39026e-04 1.08958e-04 5.06e-04 8.15e-07 1.14e-03 3.24e-05 5.21e-04 1.38e-07 1.31e-06 3.10e-04 4.25e-06 9.55e-04 4.29e-06 6.97e-04 4.26e-06 6.67e-06 3.10e-04 9.55e-06 9.55e-04 9.55e-06 6.97e-04 9.55e-06 9.55e-06
26755 5.34500e+03 -4.41965e+00 4.09035e-04 1.37219e-04 3.61e-04 1.19e-06 1.14e-03 2.92e-05 5.16e-04 1.86e-07 3.52e-06 3.15e-04 4.25e-06 9.44e-04 4.29e-06 6.90e-04 4.26e-06 6.67e-06 3.15e-04 9.44e-06 9.44e-04 9.44e-06 6.90e-04 9.44e-06 9.44e-06
26805 5.35500e+03 -4.42319e+00 3.79767e-04 2.18400e-03 2.13e-04 9.21e-07 1.14e-03 3.20e-05 5.11e-04 3.23e-07 4.84e-06 3.18e-04 4.25e-06 9.41e-04 4.29e-06 6.84e-04 4.26e-06 6.67e-06 3.18e-04 9.41e-06 9.41e-04 9.41e-06 6.84e-04 9.41e-06 9.41e-06
26855 5.36500e+03 -4.34699e+00 4.22280e-04 7.85453e-04 2.40e-04 6.26e-07 1.25e-03 4.01e-05 5.82e-04 1.58e-07 4.41e-06 3.21e-04 4.25e-06 9.41e-04 4.29e-06 6.77e-04 4.26e-06 6.67e-06 3.21e-04 9.41e-06 9.41e-04 9.41e-06 6.77e-04 9.41e-06 9.41e-06
26905 5.37500e+03 -4.39606e+00 4.11271e-04 2.43424e-03 3.33e-04 8.01e-07 1.16e-03 3.13e-05 5.26e-04 3.85e-07 5.16e-06 3.19e-04 4.25e-06 9.27e-04 4.29e-06 6.71e-04 4.26e-06 6.67e-06 3.19e-04 9.27e-06 9.27e-04 9.27e-06 6.71e-04 9.27e-06 9.27e-06
26955 5.38500e+03 -4.37969e+00 4.29968e-04 5.46070e-04 3.62e-04 6.06e-07 1.15e-03 3.17e-05 6.10e-04 2.57e-07 5.47e-06 3.18e-04 4.25e-06 9.31e-04 4.29e-06 6.68e-04 4.26e-06 6.67e-06 3.18e-04 9.31e-06 9.31e-04 9.31e-06 6.68e-04 9.31e-06 9.31e-06
27005 5.39500e+03 -4.43274e+00 4.36397e-04 5.31931e-04 4.92e-04 6.26e-07 1.16e-03 2.65e-05 4.99e-04 2.11e-07 1.20e-06 3.18e-04 4.25e-06 9.52e-04 4.29e-06 6.64e-04 4.26e-06 6.67e-06 3.18e-04 9.52e-06 9.52e-04 9.52e-06 6.64e-04 9.52e-06 9.52e-06
27055 5.40500e+03 -4.47970e+00 3.78849e-04 2.33507e-04 2.33e-04 8.93e-07 1.20e-03 2.72e-05 4.28e-04 7.88e-08 2.47e-06 3.19e-04 4.25e-06 9.54e-04 4.29e-06 6.56e-04 4.26e-06 6.67e-06 3.19e-04 9.54e-06 9.54e-04 9.54e-06 6.56e-04 9.54e-06 9.54e-06
27105 5.41500e+03 -4.45613e+00 4.01770e-04 2.20656e-03 2.56e-04 1.34e-06 1.19e-03 2.49e-05 5.39e-04 1.16e-06 4.14e-06 3.22e-04 4.25e-06 9.83e-04 4.29e-06 6.52e-04 4.26e-06 6.67e-06 3.22e-04 9.83e-06 9.83e-04 9.83e-06 6.52e-04 9.83e-06 9.83e-06
27155 5.42500e+03 -4.54405e+00 3.91472e-04 1.69556e-04 2.10e-04 6.26e-07 1.21e-03 1.86e-05 5.21e-04 5.83e-08 1.47e-06 3.23e-04 4.25e-06 9.93e-04 4.29e-06 6.49e-04 4.26e-06 6.67e-06 3.23e-04 9.93e-06 9.93e-04 9.93e-06 6.49e-04 9.93e-06 9.93e-06
27205 5.43500e+03 -4.13214e+00 4.08032e-04 1.36458e-03 2.54e-04 6.90e-07 1.11e-03 6.98e-05 6.08e-04 1.29e-07 5.53e-06 3.21e-04 4.25e-06 9.87e-04 4.29e-06 6.43e-04 4.26e-06 6.67e-06 3.21e-04 9.87e-06 9.87e-04 9.87e-06 6.43e-04 9.87e-06 9.87e-06
27255 5.44500e+03 -4.48900e+00 4.22912e-04 3.11316e-04 2.08e-04 8.05e-07 1.30e-03 2.36e-05 5.86e-04 8.29e-08 2.24e-06 3.19e-04 4.25e-06 9.83e-04 4.29e-06 6.35e-04 4.26e-06 6.67e-06 3.19e-04 9.83e-06 9.83e-04 9.83e-06 6.35e-04 9.83e-06 9.83e-06
27305 5.45500e+03 -4.37434e+00 4.39205e-04 2.59372e-04 2.49e-04 8.93e-07 1.23e-03 2.66e-05 6.85e-04 2.38e-07 1.26e-05 3.16e-04 4.25e-06 9.84e-04 4.29e-06 6.31e-04 4.26e-06 6.67e-06 3.16e-04 9.84e-06 9.84e-04 9.84e-06 6.31e-04 9.84e-06 9.84e-06
27355 5.46500e+03 -4.30828e+00 4.27403e-04 1.42581e-04 2.50e-04 7.17e-07 1.30e-03 4.86e-05 5.34e-04 1.91e-07 1.48e-06 3.15e-04 4.25e-06 9.76e-04 4.29e-06 6.24e-04 4.26e-06 6.67e-06 3.15e-04 9.76e-06 9.76e-04 9.76e-06 6.24e-04 9.76e-06 9.76e-06
27405 5.47500e+03 -4.39865e+00 3.89633e-04 7.92928e-04 2.75e-04 9.88e-07 1.21e-03 3.24e-05 4.27e-04 6.42e-07 6.45e-06 3.16e-04 4.25e-06 9.78e-04 4.29e-06 6.19e-04 4.26e-06 6.67e-06 3.16e-04 9.78e-06 9.78e-04 9.78e-06 6.19e-04 9.78e-06 9.78e-06
27455 5.48500e+03 -4.46836e+00 4.69163e-04 7.20574e-04 2.27e-04 7.52e-07 1.42e-03 2.41e-05 6.78e-04 1.61e-07 1.35e-06 3.16e-04 4.25e-06 9.84e-04 4.29e-06 6.15e-04 4.26e-06 6.67e-06 3.16e-04 9.84e-06 9.84e-04 9.84e-06 6.15e-04 9.84e-06 9.84e-06
27505 5.49500e+03 -4.32627e+00 4.15252e-04 1.97126e-04 2.62e-04 9.31e-07 1.28e-03 2.75e-05 5.05e-04 1.32e-07 2.03e-05 3.14e-04 4.25e-06 9.82e-04 4.29e-06 6.09e-04 4.26e-06 6.67e-06 3.14e-04 9.82e-06 9.82e-04 9.82e-06 6.09e-04 9.82e-06 9.82e-06
27555 5.50500e+03 -4.43902e+00 4.10537e-04 1.80364e-04 2.18e-04 7.89e-07 1.33e-03 2.86e-05 4.79e-04 8.02e-08 5.30e-06 3.15e-04 4.25e-06 9.78e-04 4.29e-06 6.02e-04 4.26e-06 6.67e-06 3.15e-04 9.78e-06 9.78e-04 9.78e-06 6.02e-04 9.78e-06 9.78e-06
27605 5.51500e+03 -4.52034e+00 4.16273e-04 1.35760e-04 3.77e-04 1.25e-06 1.25e-03 1.65e-05 4.36e-04 2.53e-07 2.05e-06 3.18e-04 4.25e-06 9.89e-04 4.29e-06 5.97e-04 4.26e-06 6.67e-06 3.18e-04 9.89e-06 9.89e-04 9.89e-06 5.97e-04 9.89e-06 9.89e-06
27655 5.52500e+03 -4.50993e+00 4.01158e-04 4.24952e-04 3.04e-04 5.46e-07 1.20e-03 2.09e-05 4.78e-04 1.47e-07 2.21e-06 3.22e-04 4.25e-06 9.68e-04 4.29e-06 5.88e-04 4.26e-06 6.67e-06 3.22e-04 9.68e-06 9.68e-04 9.68e-06 5.88e-04 9.68e-06 9.68e-06
27705 5.53500e+03 -4.51766e+00 3.86483e-04 1.05857e-04 2.14e-04 5.99e-07 1.21e-03 2.29e-05 4.85e-04 1.06e-07 1.76e-06 3.23e-04 4.25e-06 9.64e-04 4.29e-06 5.81e-04 4.26e-06 6.67e-06 3.23e-04 9.64e-06 9.64e-04 9.64e-06 5.81e-04 9.64e-06 9.64e-06
27755 5.54500e+03 -4.47884e+00 4.03644e-04 1.39963e-04 3.71e-04 1.98e-06 1.13e-03 2.02e-05 4.94e-04 1.41e-07 4.38e-06 3.22e-04 4.25e-06 9.52e-04 4.29e-06 5.72e-04 4.26e-06 6.67e-06 3.22e-04 9.52e-06 9.52e-04 9.52e-06 5.72e-04 9.52e-06 9.52e-06
27805 5.55500e+03 -4.42488e+00 4.25967e-04 1.62220e-04 4.25e-04 5.06e-07 1.20e-03 2.93e-05 4.77e-04 1.61e-07 1.99e-06 3.19e-04 4.25e-06 9.41e-04 4.29e-06 5.67e-04 4.26e-06 6.67e-06 3.19e-04 9.41e-06 9.41e-04 9.41e-06 5.67e-04 9.41e-06 9.41e-06
27855 5.56500e+03 -4.41471e+00 4.07797e-04 1.59790e-04 2.68e-04 7.06e-07 1.26e-03 3.35e-05 4.75e-04 1.94e-07 2.97e-06 3.19e-04 4.25e-06 9.44e-04 4.29e-06 5.62e-04 4.26e-06 6.67e-06 3.19e-04 9.44e-06 9.44e-04 9.44e-06 5.62e-04 9.44e-06 9.44e-06
27905 5.57500e+03 -4.52910e+00 3.80346e-04 1.25235e-04 2.10e-04 1.44e-06 1.19e-03 2.20e-05 4.76e-04 1.93e-07 9.42e-07 3.17e-04 4.25e-06 9.49e-04 4.29e-06 5.59e-04 4.26e-06 6.67e-06 3.17e-04 9.49e-06 9.49e-04 9.49e-06 5.59e-04 9.49e-06 9.49e-06
27955 5.58500e+03 -4.38430e+00 4.61746e-04 3.79919e-04 3.43e-04 7.43e-07 1.24e-03 2.95e-05 6.98e-04 1.09e-07 5.19e-06 3.17e-04 4.25e-06 9.28e-04 4.29e-06 5.51e-04 4.26e-06 6.67e-06 3.17e-04 9.28e-06 9.28e-04 9.28e-06 5.51e-04 9.28e-06 9.28e-06
28005 5.59500e+03 -4.21469e+00 4.06270e-04 5.12732e-05 1.12e-04 7.65e-07 1.23e-03 6.32e-05 6.21e-04 4.62e-07 1.45e-06 3.09e-04 4.25e-06 9.29e-04 4.29e-06 5.47e-04 4.26e-06 6.67e-06 3.09e-04 9.29e-06 9.29e-04 9.29e-06 5.47e-04 9.29e-06 9.29e-06
28055 5.60500e+03 -4.56359e+00 3.65080e-04 5.22478e-04 1.34e-04 5.23e-07 1.19e-03 2.03e-05 4.81e-04 2.29e-07 1.59e-06 3.00e-04 4.25e-06 9.41e-04 4.29e-06 5.42e-04 4.26e-06 6.67e-06 3.00e-04 9.41e-06 9.41e-04 9.41e-06 5.42e-04 9.41e-06 9.41e-06
28105 5.61500e+03 -4.34777e+00 4.45492e-04 9.71952e-04 4.24e-04 3.51e-06 1.33e-03 3.63e-05 4.34e-04 1.84e-07 1.39e-06 2.94e-04 4.25e-06 9.49e-04 4.29e-06 5.43e-04 4.26e-06 6.67e-06 2.94e-04 9.49e-06 9.49e-04 9.49e-06 5.43e-04 9.49e-06 9.49e-06
28155 5.62500e+03 -4.43867e+00 4.48324e-04 2.65466e-04 2.79e-04 1.08e-06 1.23e-03 2.57e-05 7.07e-04 5.76e-07 2.74e-06 2.99e-04 4.25e-06 9.71e-04 4.29e-06 5.41e-04 4.26e-06 6.67e-06 2.99e-04 9.71e-06 9.71e-04 9.71e-06 5.41e-04 9.71e-06 9.71e-06
28205 5.63500e+03 -4.40983e+00 4.64223e-04 1.05714e-03 3.09e-04 9.79e-07 1.35e-03 2.69e-05 6.36e-04 1.33e-07 5.08e-06 3.03e-04 4.25e-06 9.62e-04 4.29e-06 5.37e-04 4.26e-06 6.67e-06 3.03e-04 9.62e-06 9.62e-04 9.62e-06 5.37e-04 9.62e-06 9.62e-06
28255 5.64500e+03 -4.50066e+00 3.97561e-04 8.05869e-04 2.78e-04 1.08e-06 1.25e-03 1.94e-05 4.37e-04 1.85e-07 5.84e-06 3.07e-04 4.25e-06 9.47e-04 4.29e-06 5.31e-04 4.26e-06 6.67e-06 3.07e-04 9.47e-06 9.47e-04 9.47e-06 5.31e-04 9.47e-06 9.47e-06
28305 5.65500e+03 -4.56020e+00 4.01906e-04 1.53017e-04 2.13e-04 1.22e-06 1.38e-03 1.69e-05 3.95e-04 1.40e-07 1.73e-06 3.08e-04 4.25e-06 9.57e-04 4.29e-06 5.28e-04 4.26e-06 6.67e-06 3.08e-04 9.57e-06 9.57e-04 9.57e-06 5.28e-04 9.57e-06 9.57e-06
28355 5.66500e+03 -4.31016e+00 4.59536e-04 1.42456e-04 2.95e-04 7.15e-07 1.17e-03 4.35e-05 7.88e-04 1.53e-07 1.75e-06 3.11e-04 4.25e-06 9.79e-04 4.29e-06 5.29e-04 4.26e-06 6.67e-06 3.11e-04 9.79e-06 9.79e-04 9.79e-06 5.29e-04 9.79e-06 9.79e-06
28405 5.67500e+03 -4.50208e+00 3.90077e-04 3.13560e-04 2.68e-04 1.29e-06 1.21e-03 2.21e-05 4.53e-04 3.14e-07 2.56e-06 3.17e-04 4.25e-06 9.98e-04 4.29e-06 5.32e-04 4.26e-06 6.67e-06 3.17e-04 9.98e-06 9.98e-04 9.98e-06 5.32e-04 9.98e-06 9.98e-06
28455 5.68500e+03 -4.50455e+00 3.76899e-04 4.68363e-04 2.75e-04 7.89e-07 1.14e-03 2.35e-05 4.41e-04 3.05e-07 2.20e-06 3.25e-04 4.25e-06 9.73e-04 4.29e-06 5.23e-04 4.26e-06 6.67e-06 3.25e-04 9.73e-06 9.73e-04 9.73e-06 5.23e-04 9.73e-06 9.73e-06
28505 5.69500e+03 -4.49229e+00 4.13273e-04 8.27608e-05 1.44e-04 4.62e-07 1.40e-03 2.36e-05 4.96e-04 2.62e-07 4.56e-06 3.21e-04 4.25e-06 9.65e-04 4.29e-06 5.18e-04 4.26e-06 6.67e-06 3.21e-04 9.65e-06 9.65e-04 9.65e-06 5.18e-04 9.65e-06 9.65e-06
28555 5.70500e+03 -4.46018e+00 4.12561e-04 1.22564e-04 2.77e-04 9.27e-07 1.32e-03 2.46e-05 4.39e-04 2.67e-07 5.22e-06 3.14e-04 4.25e-06 9.83e-04 4.29e-06 5.18e-04 4.26e-06 6.67e-06 3.14e-04 9.83e-06 9.83e-04 9.83e-06 5.18e-04 9.83e-06 9.83e-06
28605 5.71500e+03 -4.23909e+00 4.74960e-04 3.76525e-04 4.80e-04 6.87e-07 1.17e-03 5.00e-05 6.76e-04 1.40e-07 1.33e-06 3.15e-04 4.25e-06 9.83e-04 4.29e-06 5.13e-04 4.26e-06 6.67e-06 3.15e-04 9.83e-06 9.83e-04 9.83e-06 5.13e-04 9.83e-06 9.83e-06
28655 5.72500e+03 -4.48429e+00 4.22965e-04 1.30686e-03 3.27e-04 1.00e-06 1.29e-03 1.75e-05 4.84e-04 5.55e-08 7.24e-06 3.13e-04 4.25e-06 9.73e-04 4.29e-06 5.09e-04 4.26e-06 6.67e-06 3.13e-04 9.73e-06 9.73e-04 9.73e-06 5.09e-04 9.73e-06 9.73e-06
28705 5.73500e+03 -4.49907e+00 4.12773e-04 8.45499e-04 2.90e-04 8.44e-07 1.29e-03 2.20e-05 4.57e-04 1.10e-07 2.67e-06 3.15e-04 4.25e-06 9.48e-04 4.29e-06 5.06e-04 4.26e-06 6.67e-06 3.15e-04 9.48e-06 9.48e-04 9.48e-06 5.06e-04 9.48e-06 9.48e-06
28755 5.74500e+03 -4.49902e+00 4.23948e-04 6.03982e-04 2.29e-04 1.05e-06 1.37e-03 2.17e-05 4.98e-04 8.30e-08 3.12e-06 3.17e-04 4.25e-06 9.37e-04 4.29e-06 5.03e-04 4.26e-06 6.67e-06 3.17e-04 9.37e-06 9.37e-04 9.37e-06 5.03e-04 9.37e-06 9.37e-06
28805 5.75500e+03 -4.47507e+00 4.93733e-04 9.77819e-04 4.77e-04 5.43e-07 1.43e-03 1.75e-05 5.41e-04 2.26e-07 1.71e-06 3.21e-04 4.25e-06 9.71e-04 4.29e-06 5.09e-04 4.26e-06 6.67e-06 3.21e-04 9.71e-06 9.71e-04 9.71e-06 5.09e-04 9.71e-06 9.71e-06
28855 5.76500e+03 -4.48936e+00 3.61853e-04 2.17319e-04 2.23e-04 8.28e-07 1.21e-03 2.05e-05 3.60e-04 8.80e-08 9.96e-06 3.24e-04 4.25e-06 9.76e-04 4.29e-06 5.08e-04 4.26e-06 6.67e-06 3.24e-04 9.76e-06 9.76e-04 9.76e-06 5.08e-04 9.76e-06 9.76e-06
28905 5.77500e+03 -4.53345e+00 3.87117e-04 9.81997e-05 2.23e-04 1.54e-06 1.24e-03 1.92e-05 4.54e-04 8.78e-08 2.60e-06 3.27e-04 4.25e-06 9.59e-04 4.29e-06 5.01e-04 4.26e-06 6.67e-06 3.27e-04 9.59e-06 9.59e-04 9.59e-06 5.01e-04 9.59e-06 9.59e-06
28955 5.78500e+03 -4.44940e+00 4.40583e-04 7.16818e-04 4.14e-04 5.32e-07 1.32e-03 2.50e-05 4.43e-04 9.17e-07 2.09e-06 3.26e-04 4.25e-06 9.51e-04 4.29e-06 4.97e-04 4.26e-06 6.67e-06 3.26e-04 9.51e-06 9.51e-04 9.51e-06 4.97e-04 9.51e-06 9.51e-06
29005 5.79500e+03 -4.39240e+00 3.96106e-04 2.99143e-04 2.38e-04 6.15e-07 1.26e-03 3.67e-05 4.48e-04 4.18e-07 4.24e-06 3.26e-04 4.25e-06 9.64e-04 4.29e-06 4.97e-04 4.26e-06 6.67e-06 3.26e-04 9.64e-06 9.64e-04 9.64e-06 4.97e-04 9.64e-06 9.64e-06
29055 5.80500e+03 -4.33749e+00 4.58988e-04 2.43636e-04 4.23e-04 7.82e-07 1.38e-03 3.80e-05 4.53e-04 1.72e-07 3.66e-06 3.30e-04 4.25e-06 9.67e-04 4.29e-06 4.95e-04 4.26e-06 6.67e-06 3.30e-04 9.67e-06 9.67e-04 9.67e-06 4.95e-04 9.67e-06 9.67e-06
29105 5.81500e+03 -4.28507e+00 4.48050e-04 1.24577e-03 2.14e-04 1.24e-06 1.29e-03 4.52e-05 6.93e-04 8.40e-08 5.51e-06 3.30e-04 4.25e-06 9.68e-04 4.29e-06 4.92e-04 4.26e-06 6.67e-06 3.30e-04 9.68e-06 9.68e-04 9.68e-06 4.92e-04 9.68e-06 9.68e-06
29155 5.82500e+03 -4.10969e+00 5.19637e-04 2.01992e-03 5.25e-04 2.38e-06 1.49e-03 6.64e-05 5.13e-04 3.01e-07 2.37e-06 3.30e-04 4.25e-06 1.06e-03 4.29e-06 5.08e-04 4.26e-06 6.67e-06 3.30e-04 1.06e-05 1.06e-03 1.06e-05 5.08e-04 1.06e-05 1.06e-05
29205 5.83500e+03 -4.23407e+00 4.51897e-04 1.52762e-04 2.90e-04 5.89e-07 1.33e-03 5.11e-05 5.86e-04 1.37e-07 1.06e-05 3.22e-04 4.25e-06 1.17e-03 4.29e-06 5.16e-04 4.26e-06 6.67e-06 3.22e-04 1.17e-05 1.17e-03 1.17e-05 5.16e-04 1.17e-05 1.17e-05
29255 5.84500e+03 -4.23814e+00 5.21592e-04 8.25270e-05 6.03e-04 7.90e-07 1.46e-03 3.87e-05 5.03e-04 1.64e-07 1.13e-05 3.23e-04 4.25e-06 1.17e-03 4.29e-06 5.12e-04 4.26e-06 6.67e-06 3.23e-04 1.17e-05 1.17e-03 1.17e-05 5.12e-04 1.17e-05 1.17e-05
29305 5.85500e+03 -4.37062e+00 4.10291e-04 3.54859e-04 2.05e-04 1.68e-06 1.40e-03 4.39e-05 3.96e-04 5.62e-08 1.07e-06 3.28e-04 4.25e-06 1.19e-03 4.29e-06 4.98e-04 4.26e-06 6.67e-06 3.28e-04 1.19e-05 1.19e-03 1.19e-05 4.98e-04 1.19e-05 1.19e-05
29355 5.86500e+03 -4.23927e+00 4.43470e-04 2.48061e-03 3.23e-04 1.04e-06 1.47e-03 6.32e-05 3.57e-04 1.19e-07 1.58e-06 3.25e-04 4.25e-06 1.28e-03 4.29e-06 4.90e-04 4.26e-06 6.67e-06 3.25e-04 1.28e-05 1.28e-03 1.28e-05 4.90e-04 1.28e-05 1.28e-05
29405 5.87500e+03 -3.76939e+00 6.29593e-04 2.16743e-04 2.78e-04 8.88e-07 1.79e-03 1.35e-04 9.43e-04 9.62e-08 3.26e-06 3.34e-04 4.25e-06 1.37e-03 4.29e-06 4.85e-04 4.26e-06 6.67e-06 3.34e-04 1.37e-05 1.37e-03 1.37e-05 4.85e-04 1.37e-05 1.37e-05
29455 5.88500e+03 -4.22752e+00 4.59601e-04 8.08486e-05 1.98e-04 9.02e-07 1.57e-03 6.74e-05 4.58e-04 1.94e-07 3.16e-06 3.35e-04 4.25e-06 1.47e-03 4.29e-06 4.95e-04 4.26e-06 6.67e-06 3.35e-04 1.47e-05 1.47e-03 1.47e-05 4.95e-04 1.47e-05 1.47e-05
29505 5.89500e+03 -4.23777e+00 4.88094e-04 2.36163e-03 2.51e-04 1.25e-06 1.67e-03 6.33e-05 4.58e-04 4.11e-07 1.93e-06 3.24e-04 4.25e-06 1.56e-03 4.29e-06 4.90e-04 4.26e-06 6.67e-06 3.24e-04 1.56e-05 1.56e-03 1.56e-05 4.90e-04 1.56e-05 1.56e-05
29555 5.90500e+03 -4.08074e+00 3.95366e-04 1.27145e-04 1.52e-04 7.59e-07 1.33e-03 1.07e-04 3.90e-04 1.42e-07 5.68e-06 3.21e-04 4.25e-06 1.63e-03 4.29e-06 4.86e-04 4.26e-06 6.67e-06 3.21e-04 1.63e-05 1.63e-03 1.63e-05 4.86e-04 1.63e-05 1.63e-05
29605 5.91500e+03 -4.23387e+00 4.37505e-04 3.76490e-05 3.97e-04 7.67e-07 1.39e-03 6.50e-05 3.33e-04 1.05e-07 1.65e-06 3.15e-04 4.25e-06 1.67e-03 4.29e-06 4.71e-04 4.26e-06 6.67e-06 3.15e-04 1.67e-05 1.67e-03 1.67e-05 4.71e-04 1.67e-05 1.67e-05
29655 5.92500e+03 -4.23431e+00 4.01264e-04 5.59830e-05 2.83e-04 5.79e-07 1.28e-03 7.04e-05 3.71e-04 2.86e-07 2.00e-06 3.19e-04 4.25e-06 1.71e-03 4.29e-06 4.61e-04 4.26e-06 6.67e-06 3.19e-04 1.71e-05 1.71e-03 1.71e-05 4.61e-04 1.71e-05 1.71e-05
29705 5.93500e+03 -3.85785e+00 5.26111e-04 3.68720e-04 2.97e-04 8.73e-07 1.72e-03 1.24e-04 4.89e-04 1.19e-07 3.06e-05 3.22e-04 4.25e-06 1.75e-03 4.29e-06 4.47e-04 4.26e-06 6.67e-06 3.22e-04 1.75e-05 1.75e-03 1.75e-05 4.47e-04 1.75e-05 1.75e-05
29755 5.94500e+03 -4.20824e+00 4.43123e-04 1.00773e-03 2.59e-04 8.48e-07 1.59e-03 7.70e-05 2.91e-04 1.28e-07 3.30e-06 3.26e-04 4.25e-06 1.78e-03 4.29e-06 4.45e-04 4.26e-06 6.67e-06 3.26e-04 1.78e-05 1.78e-03 1.78e-05 4.45e-04 1.78e-05 1.78e-05
29805 5.95500e+03 -4.23858e+00 4.94951e-04 6.99239e-04 3.06e-04 8.31e-07 1.74e-03 5.57e-05 3.71e-04 1.10e-07 9.49e-06 3.30e-04 4.25e-06 1.84e-03 4.29e-06 4.55e-04 4.26e-06 6.67e-06 3.30e-04 1.84e-05 1.84e-03 1.84e-05 4.55e-04 1.84e-05 1.84e-05
29855 5.96500e+03 -4.19004e+00 4.06936e-04 1.18473e-04 1.88e-04 1.33e-06 1.36e-03 8.50e-05 4.02e-04 1.03e-07 1.60e-06 3.28e-04 4.25e-06 1.88e-03 4.29e-06 4.51e-04 4.26e-06 6.67e-06 3.28e-04 1.88e-05 1.88e-03 1.88e-05 4.51e-04 1.88e-05 1.88e-05
29905 5.97500e+03 -3.69863e+00 5.16810e-04 1.66791e-03 4.13e-04 1.88e-06 1.54e-03 1.96e-04 4.30e-04 2.55e-07 6.82e-06 3.32e-04 4.25e-06 1.93e-03 4.29e-06 4.56e-04 4.26e-06 6.67e-06 3.32e-04 1.93e-05 1.93e-03 1.93e-05 4.56e-04 1.93e-05 1.93e-05
29955 5.98500e+03 -4.09941e+00 5.28255e-04 1.95734e-04 3.14e-04 8.12e-07 1.86e-03 9.95e-05 3.67e-04 3.01e-07 1.76e-06 3.39e-04 4.25e-06 2.00e-03 4.29e-06 4.64e-04 4.26e-06 6.67e-06 3.39e-04 2.00e-05 2.00e-03 2.00e-05 4.64e-04 2.00e-05 2.00e-05
30005 5.99400e+03 -3.91409e+00 5.11069e-04 1.10778e-04 1.86e-04 1.03e-06 1.85e-03 1.57e-04 3.60e-04 3.51e-07 4.89e-06 3.40e-04 4.25e-06 2.03e-03 4.29e-06 4.60e-04 4.26e-06 6.67e-06 3.40e-04 2.03e-05 2.03e-03 2.03e-05 4.60e-04 2.03e-05 2.03e-05
30055 6.00400e+03 -3.95804e+00 5.06654e-04 1.93516e-05 2.49e-04 1.49e-06 1.55e-03 1.26e-04 6.03e-04 7.66e-08 1.17e-05 3.41e-04 4.25e-06 2.04e-03 4.29e-06 4.54e-04 4.26e-06 6.67e-06 3.41e-04 2.04e-05 2.04e-03 2.04e-05 4.54e-04 2.04e-05 2.04e-05
30105 6.01400e+03 -4.22404e+00 5.08246e-04 9.03731e-04 4.04e-04 2.17e-06 1.68e-03 5.75e-05 3.96e-04 3.06e-07 2.29e-06 3.42e-04 4.25e-06 2.05e-03 4.29e-06 4.46e-04 4.26e-06 6.67e-06 3.42e-04 2.05e-05 2.05e-03 2.05e-05 4.46e-04 2.05e-05 2.05e-05
30155 6.02400e+03 -3.86439e+00 5.92201e-04 6.65259e-04 6.38e-04 7.72e-07 1.64e-03 1.43e-04 5.42e-04 1.32e-07 1.50e-06 3.42e-04 4.25e-06 2.07e-03 4.29e-06 4.50e-04 4.26e-06 6.67e-06 3.42e-04 2.07e-05 2.07e-03 2.07e-05 4.50e-04 2.07e-05 2.07e-05
30205 6.03400e+03 -4.03336e+00 5.19204e-04 3.42721e-04 3.19e-04 1.59e-06 1.67e-03 1.15e-04 4.90e-04 3.53e-07 1.47e-06 3.46e-04 4.25e-06 2.11e-03 4.29e-06 4.50e-04 4.26e-06 6.67e-06 3.46e-04 2.11e-05 2.11e-03 2.11e-05 4.50e-04 2.11e-05 2.11e-05
30255 6.04400e+03 -4.16450e+00 4.94088e-04 1.26140e-04 3.23e-04 7.23e-07 1.68e-03 8.08e-05 3.88e-04 2.31e-07 2.75e-06 3.47e-04 4.25e-06 2.11e-03 4.29e-06 4.49e-04 4.26e-06 6.67e-06 3.47e-04 2.11e-05 2.11e-03 2.11e-05 4.49e-04 2.11e-05 2.11e-05
30305 6.05400e+03 -4.10918e+00 5.34169e-04 9.36353e-04 4.25e-04 8.92e-07 1.72e-03 8.72e-05 4.42e-04 4.00e-07 3.35e-06 3.48e-04 4.25e-06 2.12e-03 4.29e-06 4.49e-04 4.26e-06 6.67e-06 3.48e-04 2.12e-05 2.12e-03 2.12e-05 4.49e-04 2.12e-05 2.12e-05
30355 6.06400e+03 -4.13068e+00 5.00612e-04 4.88963e-04 5.72e-04 7.75e-07 1.49e-03 7.76e-05 3.65e-04 9.68e-07 2.96e-06 3.47e-04 4.25e-06 2.13e-03 4.29e-06 4.47e-04 4.26e-06 6.67e-06 3.47e-04 2.13e-05 2.13e-03 2.13e-05 4.47e-04 2.13e-05 2.13e-05
30405 6.07400e+03 -4.21379e+00 4.83802e-04 1.12343e-03 2.55e-04 9.73e-07 1.65e-03 6.82e-05 4.43e-04 2.79e-07 1.96e-06 3.54e-04 4.25e-06 2.14e-03 4.29e-06 4.38e-04 4.26e-06 6.67e-06 3.54e-04 2.14e-05 2.14e-03 2.14e-05 4.38e-04 2.14e-05 2.14e-05
30455 6.08400e+03 -4.18685e+00 4.86003e-04 1.60613e-05 3.78e-04 6.26e-07 1.57e-03 7.15e-05 4.14e-04 2.19e-07 1.94e-06 3.61e-04 4.25e-06 2.15e-03 4.29e-06 4.31e-04 4.26e-06 6.67e-06 3.61e-04 2.15e-05 2.15e-03 2.15e-05 4.31e-04 2.15e-05 2.15e-05
30505 6.09400e+03 -4.20719e+00 5.14246e-04 1.29020e-03 3.03e-04 2.67e-06 1.79e-03 6.65e-05 4.13e-04 9.19e-08 1.30e-06 3.60e-04 4.25e-06 2.15e-03 4.29e-06 4.18e-04 4.26e-06 6.67e-06 3.60e-04 2.15e-05 2.15e-03 2.15e-05 4.18e-04 2.15e-05 2.15e-05
30555 6.10400e+03 -3.95147e+00 6.03271e-04 3.74223e-04 8.29e-04 1.24e-06 1.67e-03 1.07e-04 4.14e-04 3.99e-07 8.76e-06 3.54e-04 4.25e-06 2.18e-03 4.29e-06 4.14e-04 4.26e-06 6.67e-06 3.54e-04 2.18e-05 2.18e-03 2.18e-05 4.14e-04 2.18e-05 2.18e-05
30605 6.11400e+03 -4.19491e+00 4.58326e-04 1.44072e-03 2.25e-04 1.06e-06 1.63e-03 7.87e-05 3.55e-04 5.48e-08 3.41e-06 3.52e-04 4.25e-06 2.23e-03 4.29e-06 4.17e-04 4.26e-06 6.67e-06 3.52e-04 2.23e-05 2.23e-03 2.23e-05 4.17e-04 2.23e-05 2.23e-05
30655 6.12400e+03 -4.13570e+00 4.73868e-04 1.69176e-03 2.35e-04 9.34e-07 1.66e-03 9.56e-05 3.75e-04 3.45e-07 3.11e-06 3.43e-04 4.25e-06 2.24e-03 4.29e-06 4.12e-04 4.26e-06 6.67e-06 3.43e-04 2.24e-05 2.24e-03 2.24e-05 4.12e-04 2.24e-05 2.24e-05
30705 6.13400e+03 -4.01598e+00 5.10029e-04 1.00204e-03 3.01e-04 1.27e-06 1.78e-03 1.18e-04 3.48e-04 3.06e-07 1.38e-05 3.30e-04 4.25e-06 2.25e-03 4.29e-06 4.06e-04 4.26e-06 6.67e-06 3.30e-04 2.25e-05 2.25e-03 2.25e-05 4.06e-04 2.25e-05 2.25e-05
30755 6.14400e+03 -4.22470e+00 4.88009e-04 9.97684e-04 2.14e-04 1.05e-06 1.73e-03 6.19e-05 4.28e-04 1.14e-07 6.90e-06 3.25e-04 4.25e-06 2.26e-03 4.29e-06 3.97e-04 4.26e-06 6.67e-06 3.25e-04 2.26e-05 2.26e-03 2.26e-05 3.97e-04 2.26e-05 2.26e-05
30805 6.15400e+03 -3.86070e+00 5.21233e-04 8.22281e-04 3.83e-04 2.25e-06 1.64e-03 1.39e-04 4.37e-04 2.80e-07 3.27e-05 3.25e-04 4.25e-06 2.28e-03 4.29e-06 4.12e-04 4.26e-06 6.67e-06 3.25e-04 2.28e-05 2.28e-03 2.28e-05 4.12e-04 2.28e-05 2.28e-05
30855 6.16400e+03 -4.19585e+00 4.84404e-04 8.21316e-04 2.14e-04 1.83e-06 1.70e-03 6.91e-05 4.33e-04 3.48e-07 7.76e-06 3.26e-04 4.25e-06 2.28e-03 4.29e-06 4.27e-04 4.26e-06 6.67e-06 3.26e-04 2.28e-05 2.28e-03 2.28e-05 4.27e-04 2.28e-05 2.28e-05
30905 6.17400e+03 -4.24961e+00 4.83875e-04 1.74736e-04 2.83e-04 1.48e-06 1.70e-03 5.38e-05 3.85e-04 1.08e-07 4.19e-06 3.18e-04 4.25e-06 2.29e-03 4.29e-06 4.38e-04 4.26e-06 6.67e-06 3.18e-04 2.29e-05 2.29e-03 2.29e-05 4.38e-04 2.29e-05 2.29e-05
30955 6.18400e+03 -4.01221e+00 5.56672e-04 1.06853e-04 2.66e-04 1.31e-06 1.94e-03 1.27e-04 4.49e-04 6.57e-08 2.75e-06 3.18e-04 4.25e-06 2.28e-03 4.29e-06 4.38e-04 4.26e-06 6.67e-06 3.18e-04 2.28e-05 2.28e-03 2.28e-05 4.38e-04 2.28e-05 2.28e-05
31005 6.19400e+03 -4.08931e+00 5.76539e-04 3.20991e-03 4.95e-04 9.46e-07 1.90e-03 8.42e-05 4.05e-04 3.54e-07 7.05e-06 3.18e-04 4.25e-06 2.29e-03 4.29e-06 4.45e-04 4.26e-06 6.67e-06 3.18e-04 2.29e-05 2.29e-03 2.29e-05 4.45e-04 2.29e-05 2.29e-05
31055 6.20400e+03 -4.27058e+00 4.63658e-04 3.13531e-04 2.48e-04 8.94e-07 1.64e-03 5.36e-05 3.77e-04 1.27e-07 1.37e-06 3.17e-04 4.25e-06 2.30e-03 4.29e-06 4.60e-04 4.26e-06 6.67e-06 3.17e-04 2.30e-05 2.30e-03 2.30e-05 4.60e-04 2.30e-05 2.30e-05
31105 6.21400e+03 -4.20756e+00 4.60886e-04 1.17961e-04 2.13e-04 9.13e-07 1.63e-03 7.49e-05 3.85e-04 1.51e-07 2.43e-06 3.23e-04 4.25e-06 2.29e-03 4.29e-06 4.61e-04 4.26e-06 6.67e-06 3.23e-04 2.29e-05 2.29e-03 2.29e-05 4.61e-04 2.29e-05 2.29e-05
31155 6.22400e+03 -4.19739e+00 5.11710e-04 1.45597e-03 4.02e-04 2.61e-06 1.59e-03 5.70e-05 5.09e-04 2.32e-07 1.92e-06 3.29e-04 4.25e-06 2.35e-03 4.29e-06 4.81e-04 4.26e-06 6.67e-06 3.29e-04 2.35e-05 2.35e-03 2.35e-05 4.81e-04 2.35e-05 2.35e-05
31205 6.23400e+03 -4.18071e+00 5.14923e-04 1.44950e-04 2.21e-04 7.13e-07 1.81e-03 7.57e-05 4.72e-04 7.37e-08 3.28e-06 3.33e-04 4.25e-06 2.34e-03 4.29e-06 4.92e-04 4.26e-06 6.67e-06 3.33e-04 2.34e-05 2.34e-03 2.34e-05 4.92e-04 2.34e-05 2.34e-05
31255 6.24400e+03 -4.21626e+00 4.84563e-04 2.63368e-04 1.88e-04 8.13e-07 1.70e-03 6.37e-05 4.74e-04 2.99e-07 6.91e-06 3.26e-04 4.25e-06 2.34e-03 4.29e-06 4.95e-04 4.26e-06 6.67e-06 3.26e-04 2.34e-05 2.34e-03 2.34e-05 4.95e-04 2.34e-05 2.34e-05
31305 6.25400e+03 -3.85193e+00 5.32664e-04 1.95170e-04 1.92e-04 1.38e-06 1.63e-03 1.76e-04 6.62e-04 2.42e-07 4.67e-06 3.21e-04 4.25e-06 2.33e-03 4.29e-06 4.95e-04 4.26e-06 6.67e-06 3.21e-04 2.33e-05 2.33e-03 2.33e-05 4.95e-04 2.33e-05 2.33e-05
31355 6.26400e+03 -3.98408e+00 4.99178e-04 1.85459e-04 4.26e-04 1.00e-06 1.50e-03 1.31e-04 4.38e-04 8.35e-08 1.78e-06 3.25e-04 4.25e-06 2.34e-03 4.29e-06 5.08e-04 4.26e-06 6.67e-06 3.25e-04 2.34e-05 2.34e-03 2.34e-05 5.08e-04 2.34e-05 2.34e-05
31405 6.27400e+03 -4.06709e+00 5.55184e-04 7.62461e-04 4.09e-04 1.45e-06 1.78e-03 7.36e-05 5.11e-04 4.10e-07 2.66e-05 3.25e-04 4.25e-06 2.32e-03 4.29e-06 5.03e-04 4.26e-06 6.67e-06 3.25e-04 2.32e-05 2.32e-03 2.32e-05 5.03e-04 2.32e-05 2.32e-05
31455 6.28400e+03 -3.83057e+00 5.26432e-04 1.01174e-04 2.40e-04 2.03e-06 1.69e-03 1.84e-04 5.20e-04 4.95e-08 6.75e-06 3.21e-04 4.25e-06 2.36e-03 4.29e-06 5.08e-04 4.26e-06 6.67e-06 3.21e-04 2.36e-05 2.36e-03 2.36e-05 5.08e-04 2.36e-05 2.36e-05
31505 6.29400e+03 -4.16597e+00 5.29796e-04 2.23135e-04 2.36e-04 1.89e-06 1.73e-03 7.16e-05 6.12e-04 1.33e-07 4.08e-06 3.23e-04 4.25e-06 2.38e-03 4.29e-06 5.22e-04 4.26e-06 6.67e-06 3.23e-04 2.38e-05 2.38e-03 2.38e-05 5.22e-04 2.38e-05 2.38e-05
31555 6.30400e+03 -4.11646e+00 5.15286e-04 9.70554e-04 2.43e-04 9.47e-07 1.77e-03 8.92e-05 4.72e-04 7.43e-08 9.40e-06 3.28e-04 4.25e-06 2.37e-03 4.29e-06 5.18e-04 4.26e-06 6.67e-06 3.28e-04 2.37e-05 2.37e-03 2.37e-05 5.18e-04 2.37e-05 2.37e-05
31605 6.31400e+03 -4.20088e+00 5.11624e-04 8.54369e-04 3.17e-04 1.02e-06 1.67e-03 6.19e-05 5.05e-04 2.06e-07 2.86e-06 3.33e-04 4.25e-06 2.35e-03 4.29e-06 5.18e-04 4.26e-06 6.67e-06 3.33e-04 2.35e-05 2.35e-03 2.35e-05 5.18e-04 2.35e-05 2.35e-05
31655 6.32400e+03 -4.15567e+00 4.99217e-04 2.60739e-04 2.33e-04 9.23e-07 1.73e-03 8.65e-05 4.45e-04 4.93e-07 1.24e-06 3.32e-04 4.25e-06 2.34e-03 4.29e-06 5.10e-04 4.26e-06 6.67e-06 3.32e-04 2.34e-05 2.34e-03 2.34e-05 5.10e-04 2.34e-05 2.34e-05
31705 6.33400e+03 -4.17273e+00 4.91842e-04 1.44010e-04 1.15e-04 5.84e-06 1.73e-03 8.09e-05 5.28e-04 2.48e-07 1.46e-06 3.23e-04 4.25e-06 2.35e-03 4.29e-06 5.08e-04 4.26e-06 6.67e-06 3.23e-04 2.35e-05 2.35e-03 2.35e-05 5.08e-04 2.35e-05 2.35e-05
31755 6.34400e+03 -4.07615e+00 5.24294e-04 2.31977e-05 2.67e-04 1.84e-06 1.67e-03 9.18e-05 5.93e-04 8.89e-08 1.31e-05 3.11e-04 4.25e-06 2.37e-03 4.29e-06 5.06e-04 4.26e-06 6.67e-06 3.11e-04 2.37e-05 2.37e-03 2.37e-05 5.06e-04 2.37e-05 2.37e-05
31805 6.35400e+03 -4.18113e+00 4.32359e-04 6.19356e-04 1.04e-04 9.70e-07 1.57e-03 9.24e-05 3.95e-04 5.33e-07 1.29e-06 3.06e-04 4.25e-06 2.35e-03 4.29e-06 4.95e-04 4.26e-06 6.67e-06 3.06e-04 2.35e-05 2.35e-03 2.35e-05 4.95e-04 2.35e-05 2.35e-05
31855 6.36400e+03 -4.03620e+00 5.38099e-04 2.83828e-04 5.31e-04 1.16e-06 1.65e-03 1.05e-04 4.01e-04 6.14e-07 1.58e-06 2.97e-04 4.25e-06 2.37e-03 4.29e-06 5.09e-04 4.26e-06 6.67e-06 2.97e-04 2.37e-05 2.37e-03 2.37e-05 5.09e-04 2.37e-05 2.37e-05
31905 6.37400e+03 -4.18335e+00 4.41418e-04 3.21486e-04 1.67e-04 1.29e-06 1.45e-03 6.60e-05 5.19e-04 2.34e-07 1.73e-05 3.06e-04 4.25e-06 2.35e-03 4.29e-06 5.07e-04 4.26e-06 6.67e-06 3.06e-04 2.35e-05 2.35e-03 2.35e-05 5.07e-04 2.35e-05 2.35e-05
31955 6.38400e+03 -4.19826e+00 4.77435e-04 5.18186e-05 6.79e-05 1.00e-06 1.74e-03 8.28e-05 4.96e-04 1.67e-07 2.09e-06 3.01e-04 4.25e-06 2.35e-03 4.29e-06 5.00e-04 4.26e-06 6.67e-06 3.01e-04 2.35e-05 2.35e-03 2.35e-05 5.00e-04 2.35e-05 2.35e-05
32005 6.39400e+03 -4.16377e+00 4.53562e-04 6.54955e-04 1.57e-04 6.36e-07 1.66e-03 8.70e-05 3.66e-04 2.31e-07 9.74e-06 2.97e-04 4.25e-06 2.35e-03 4.29e-06 4.87e-04 4.26e-06 6.67e-06 2.97e-04 2.35e-05 2.35e-03 2.35e-05 4.87e-04 2.35e-05 2.35e-05
32055 6.40400e+03 -4.08869e+00 4.29788e-04 3.19396e-05 1.94e-04 9.32e-07 1.53e-03 1.22e-04 3.05e-04 6.18e-08 1.47e-06 2.95e-04 4.25e-06 2.32e-03 4.29e-06 4.54e-04 4.26e-06 6.67e-06 2.95e-04 2.32e-05 2.32e-03 2.32e-05 4.54e-04 2.32e-05 2.32e-05
32105 6.41400e+03 -4.17637e+00 4.80452e-04 1.15652e-04 2.31e-04 2.88e-06 1.60e-03 7.78e-05 4.95e-04 6.50e-07 1.08e-06 2.87e-04 4.25e-06 2.32e-03 4.29e-06 4.41e-04 4.26e-06 6.67e-06 2.87e-04 2.32e-05 2.32e-03 2.32e-05 4.41e-04 2.32e-05 2.32e-05
32155 6.42400e+03 -4.13490e+00 4.94389e-04 9.79867e-05 8.92e-05 9.74e-07 1.95e-03 1.05e-04 3.27e-04 1.17e-07 7.56e-06 2.77e-04 4.25e-06 2.33e-03 4.29e-06 4.32e-04 4.26e-06 6.67e-06 2.77e-04 2.33e-05 2.33e-03 2.33e-05 4.32e-04 2.33e-05 2.33e-05
32205 6.43400e+03 -4.16628e+00 5.02143e-04 2.73825e-05 2.09e-04 1.39e-06 1.59e-03 7.71e-05 6.31e-04 2.22e-07 1.41e-06 2.69e-04 4.25e-06 2.33e-03 4.29e-06 4.20e-04 4.26e-06 6.67e-06 2.69e-04 2.33e-05 2.33e-03 2.33e-05 4.20e-04 2.33e-05 2.33e-05
32255 6.44400e+03 -4.18220e+00 4.91803e-04 3.26511e-04 1.91e-04 1.39e-06 1.86e-03 7.85e-05 3.32e-04 2.66e-07 9.97e-06 2.79e-04 4.25e-06 2.33e-03 4.29e-06 4.20e-04 4.26e-06 6.67e-06 2.79e-04 2.33e-05 2.33e-03 2.33e-05 4.20e-04 2.33e-05 2.33e-05
32305 6.45400e+03 -4.10867e+00 4.96296e-04 3.21495e-04 3.45e-04 8.67e-07 1.70e-03 9.50e-05 3.43e-04 1.54e-07 6.51e-06 2.85e-04 4.25e-06 2.33e-03 4.29e-06 4.04e-04 4.26e-06 6.67e-06 2.85e-04 2.33e-05 2.33e-03 2.33e-05 4.04e-04 2.33e-05 2.33e-05
32355 6.46400e+03 -4.15947e+00 4.55616e-04 6.95881e-04 2.85e-04 1.02e-06 1.62e-03 6.93e-05 3.01e-04 7.27e-08 2.37e-05 2.88e-04 4.25e-06 2.32e-03 4.29e-06 3.95e-04 4.26e-06 6.67e-06 2.88e-04 2.32e-05 2.32e-03 2.32e-05 3.95e-04 2.32e-05 2.32e-05
32405 6.47400e+03 -3.92258e+00 5.06600e-04 4.24882e-04 5.32e-04 1.05e-06 1.60e-03 1.51e-04 2.50e-04 2.38e-07 2.05e-06 2.91e-04 4.25e-06 2.32e-03 4.29e-06 3.83e-04 4.26e-06 6.67e-06 2.91e-04 2.32e-05 2.32e-03 2.32e-05 3.83e-04 2.32e-05 2.32e-05
32455 6.48400e+03 -4.16376e+00 4.51490e-04 3.65585e-04 2.06e-04 1.76e-06 1.66e-03 9.21e-05 2.98e-04 1.76e-07 4.85e-06 2.87e-04 4.25e-06 2.36e-03 4.29e-06 3.96e-04 4.26e-06 6.67e-06 2.87e-04 2.36e-05 2.36e-03 2.36e-05 3.96e-04 2.36e-05 2.36e-05
32505 6.49400e+03 -4.00096e+00 5.28544e-04 1.32740e-05 3.59e-04 1.71e-06 1.73e-03 1.29e-04 4.25e-04 2.81e-07 1.40e-06 2.85e-04 4.25e-06 2.39e-03 4.29e-06 3.99e-04 4.26e-06 6.67e-06 2.85e-04 2.39e-05 2.39e-03 2.39e-05 3.99e-04 2.39e-05 2.39e-05
32555 6.50400e+03 -4.13994e+00 4.79490e-04 2.10454e-05 2.56e-04 9.23e-07 1.74e-03 8.22e-05 3.23e-04 2.87e-07 1.71e-05 2.79e-04 4.25e-06 2.37e-03 4.29e-06 3.90e-04 4.26e-06 6.67e-06 2.79e-04 2.37e-05 2.37e-03 2.37e-05 3.90e-04 2.37e-05 2.37e-05
32605 6.51400e+03 -4.18957e+00 4.73226e-04 1.04292e-04 1.69e-04 6.33e-07 1.72e-03 8.23e-05 3.99e-04 5.87e-07 3.50e-06 2.79e-04 4.25e-06 2.37e-03 4.29e-06 3.80e-04 4.26e-06 6.67e-06 2.79e-04 2.37e-05 2.37e-03 2.37e-05 3.80e-04 2.37e-05 2.37e-05
32655 6.52400e+03 -4.23120e+00 4.35008e-04 1.00363e-04 8.43e-05 7.39e-07 1.71e-03 8.51e-05 2.91e-04 6.12e-07 1.04e-06 2.76e-04 4.25e-06 2.36e-03 4.29e-06 3.73e-04 4.26e-06 6.67e-06 2.76e-04 2.36e-05 2.36e-03 2.36e-05 3.73e-04 2.36e-05 2.36e-05
32705 6.53400e+03 -4.13788e+00 5.15002e-04 2.78486e-04 5.61e-04 9.86e-07 1.61e-03 7.39e-05 3.25e-04 1.33e-07 1.46e-06 2.75e-04 4.25e-06 2.35e-03 4.29e-06 3.64e-04 4.26e-06 6.67e-06 2.75e-04 2.35e-05 2.35e-03 2.35e-05 3.64e-04 2.35e-05 2.35e-05
32755 6.54400e+03 -4.09440e+00 5.70914e-04 5.06190e-04 4.79e-04 8.11e-07 2.03e-03 9.62e-05 2.51e-04 8.71e-08 1.85e-06 2.84e-04 4.25e-06 2.34e-03 4.29e-06 3.67e-04 4.26e-06 6.67e-06 2.84e-04 2.34e-05 2.34e-03 2.34e-05 3.67e-04 2.34e-05 2.34e-05
32805 6.55400e+03 -4.18963e+00 5.46568e-04 2.42537e-05 2.83e-04 2.33e-06 2.03e-03 7.18e-05 3.50e-04 4.53e-07 3.00e-06 2.91e-04 4.25e-06 2.34e-03 4.29e-06 3.57e-04 4.26e-06 6.67e-06 2.91e-04 2.34e-05 2.34e-03 2.34e-05 3.57e-04 2.34e-05 2.34e-05
32855 6.56400e+03 -4.19047e+00 4.65430e-04 4.68807e-04 1.36e-04 2.29e-06 1.75e-03 8.32e-05 3.54e-04 2.47e-07 5.71e-06 2.95e-04 4.25e-06 2.34e-03 4.29e-06 3.55e-04 4.26e-06 6.67e-06 2.95e-04 2.34e-05 2.34e-03 2.34e-05 3.55e-04 2.34e-05 2.34e-05
32905 6.57400e+03 -4.18576e+00 5.16346e-04 2.98297e-04 1.98e-04 1.47e-06 2.05e-03 8.84e-05 2.43e-04 1.83e-07 1.82e-06 2.92e-04 4.25e-06 2.37e-03 4.29e-06 3.77e-04 4.26e-06 6.67e-06 2.92e-04 2.37e-05 2.37e-03 2.37e-05 3.77e-04 2.37e-05 2.37e-05
32955 6.58400e+03 -4.13751e+00 5.23383e-04 4.50176e-04 4.90e-04 1.68e-06 1.72e-03 7.68e-05 3.31e-04 1.30e-07 3.34e-06 2.86e-04 4.25e-06 2.35e-03 4.29e-06 3.63e-04 4.26e-06 6.67e-06 2.86e-04 2.35e-05 2.35e-03 2.35e-05 3.63e-04 2.35e-05 2.35e-05
33005 6.59400e+03 -4.15979e+00 4.51645e-04 1.64033e-03 1.24e-04 1.27e-06 1.75e-03 1.05e-04 2.76e-04 3.47e-07 2.00e-06 2.81e-04 4.25e-06 2.35e-03 4.29e-06 3.57e-04 4.26e-06 6.67e-06 2.81e-04 2.35e-05 2.35e-03 2.35e-05 3.57e-04 2.35e-05 2.35e-05
33055 6.60400e+03 -4.10627e+00 5.64897e-04 2.07954e-03 3.04e-04 2.52e-06 2.01e-03 8.79e-05 4.24e-04 7.25e-08 7.89e-06 2.82e-04 4.25e-06 2.35e-03 4.29e-06 3.48e-04 4.26e-06 6.67e-06 2.82e-04 2.35e-05 2.35e-03 2.35e-05 3.48e-04 2.35e-05 2.35e-05
33105 6.61400e+03 -4.14386e+00 4.90285e-04 8.05235e-04 1.00e-04 1.74e-06 1.94e-03 1.09e-04 2.99e-04 9.31e-08 1.53e-06 2.83e-04 4.25e-06 2.38e-03 4.29e-06 3.54e-04 4.26e-06 6.67e-06 2.83e-04 2.38e-05 2.38e-03 2.38e-05 3.54e-04 2.38e-05 2.38e-05
33155 6.62400e+03 -3.81403e+00 6.56752e-04 5.77397e-04 6.75e-04 1.09e-06 2.02e-03 1.55e-04 4.34e-04 3.33e-07 6.72e-06 2.81e-04 4.25e-06 2.37e-03 4.29e-06 3.43e-04 4.26e-06 6.67e-06 2.81e-04 2.37e-05 2.37e-03 2.37e-05 3.43e-04 2.37e-05 2.37e-05
33205 6.63400e+03 -4.14528e+00 5.11781e-04 9.93657e-04 1.59e-04 1.06e-06 1.97e-03 8.48e-05 3.47e-04 7.49e-08 1.73e-05 2.83e-04 4.25e-06 2.38e-03 4.29e-06 3.40e-04 4.26e-06 6.67e-06 2.83e-04 2.38e-05 2.38e-03 2.38e-05 3.40e-04 2.38e-05 2.38e-05
33255 6.64400e+03 -4.19712e+00 5.29720e-04 7.91666e-04 3.39e-04 1.04e-06 1.90e-03 6.82e-05 3.43e-04 1.46e-07 2.41e-06 2.78e-04 4.25e-06 2.37e-03 4.29e-06 3.40e-04 4.26e-06 6.67e-06 2.78e-04 2.37e-05 2.37e-03 2.37e-05 3.40e-04 2.37e-05 2.37e-05
33305 6.65400e+03 -4.11211e+00 4.76418e-04 8.51676e-04 2.26e-04 9.76e-07 1.79e-03 1.14e-04 2.53e-04 2.04e-07 2.15e-06 2.74e-04 4.25e-06 2.38e-03 4.29e-06 3.38e-04 4.26e-06 6.67e-06 2.74e-04 2.38e-05 2.38e-03 2.38e-05 3.38e-04 2.38e-05 2.38e-05
33355 6.66400e+03 -4.09870e+00 5.37229e-04 3.28870e-05 5.95e-04 8.51e-07 1.66e-03 8.16e-05 3.46e-04 1.21e-07 2.22e-06 2.76e-04 4.25e-06 2.35e-03 4.29e-06 3.34e-04 4.26e-06 6.67e-06 2.76e-04 2.35e-05 2.35e-03 2.35e-05 3.34e-04 2.35e-05 2.35e-05
33405 6.67400e+03 -4.14347e+00 5.61454e-04 3.86160e-04 6.24e-04 9.82e-07 1.88e-03 6.44e-05 2.39e-04 1.09e-07 7.79e-06 2.78e-04 4.25e-06 2.35e-03 4.29e-06 3.27e-04 4.26e-06 6.67e-06 2.78e-04 2.35e-05 2.35e-03 2.35e-05 3.27e-04 2.35e-05 2.35e-05
33455 6.68400e+03 -4.00521e+00 5.50257e-04 1.00280e-05 4.65e-04 7.60e-07 1.90e-03 1.29e-04 2.55e-04 3.68e-07 1.41e-06 2.76e-04 4.25e-06 2.38e-03 4.29e-06 3.25e-04 4.26e-06 6.67e-06 2.76e-04 2.38e-05 2.38e-03 2.38e-05 3.25e-04 2.38e-05 2.38e-05
33505 6.69400e+03 -4.20112e+00 5.29118e-04 2.25172e-05 3.56e-04 2.52e-06 1.85e-03 6.30e-05 3.76e-04 1.37e-07 1.19e-06 2.71e-04 4.25e-06 2.38e-03 4.29e-06 3.26e-04 4.26e-06 6.67e-06 2.71e-04 2.38e-05 2.38e-03 2.38e-05 3.26e-04 2.38e-05 2.38e-05
33555 6.70400e+03 -4.08467e+00 5.67740e-04 1.91779e-03 2.29e-04 1.01e-06 2.06e-03 1.08e-04 4.44e-04 1.98e-07 1.13e-06 2.71e-04 4.25e-06 2.40e-03 4.29e-06 3.38e-04 4.26e-06 6.67e-06 2.71e-04 2.40e-05 2.40e-03 2.40e-05 3.38e-04 2.40e-05 2.40e-05
33605 6.71400e+03 -4.19852e+00 5.08415e-04 2.70293e-04 1.91e-04 2.43e-06 1.88e-03 7.70e-05 3.94e-04 1.80e-07 1.18e-06 2.71e-04 4.25e-06 2.38e-03 4.29e-06 3.42e-04 4.26e-06 6.67e-06 2.71e-04 2.38e-05 2.38e-03 2.38e-05 3.42e-04 2.38e-05 2.38e-05
33655 6.72400e+03 -4.17442e+00 4.69545e-04 1.22177e-04 1.75e-04 1.47e-06 1.73e-03 8.96e-05 3.53e-04 3.28e-07 2.93e-06 2.75e-04 4.25e-06 2.40e-03 4.29e-06 3.41e-04 4.26e-06 6.67e-06 2.75e-04 2.40e-05 2.40e-03 2.40e-05 3.41e-04 2.40e-05 2.40e-05
33705 6.73400e+03 -4.20351e+00 4.87330e-04 9.30480e-04 1.55e-04 1.15e-06 1.90e-03 8.50e-05 2.96e-04 1.76e-07 2.05e-06 2.81e-04 4.25e-06 2.40e-03 4.29e-06 3.39e-04 4.26e-06 6.67e-06 2.81e-04 2.40e-05 2.40e-03 2.40e-05 3.39e-04 2.40e-05 2.40e-05
33755 6.74400e+03 -4.19547e+00 5.03460e-04 4.38130e-05 2.25e-04 1.41e-06 1.87e-03 7.96e-05 3.38e-04 2.39e-07 1.46e-06 2.76e-04 4.25e-06 2.37e-03 4.29e-06 3.29e-04 4.26e-06 6.67e-06 2.76e-04 2.37e-05 2.37e-03 2.37e-05 3.29e-04 2.37e-05 2.37e-05
33805 6.75400e+03 -4.09025e+00 5.34147e-04 6.69276e-05 1.63e-04 1.84e-06 1.98e-03 1.12e-04 4.11e-04 1.45e-07 3.20e-06 2.71e-04 4.25e-06 2.39e-03 4.29e-06 3.29e-04 4.26e-06 6.67e-06 2.71e-04 2.39e-05 2.39e-03 2.39e-05 3.29e-04 2.39e-05 2.39e-05
33855 6.76400e+03 -4.16997e+00 5.28932e-04 1.75104e-04 2.58e-04 1.07e-06 1.89e-03 6.93e-05 4.30e-04 1.47e-06 9.65e-06 2.71e-04 4.25e-06 2.38e-03 4.29e-06 3.31e-04 4.26e-06 6.67e-06 2.71e-04 2.38e-05 2.38e-03 2.38e-05 3.31e-04 2.38e-05 2.38e-05
33905 6.77400e+03 -4.14637e+00 4.84968e-04 1.35198e-04 1.25e-04 8.36e-07 1.84e-03 1.02e-04 3.56e-04 1.42e-07 4.26e-06 2.73e-04 4.25e-06 2.37e-03 4.29e-06 3.35e-04 4.26e-06 6.67e-06 2.73e-04 2.37e-05 2.37e-03 2.37e-05 3.35e-04 2.37e-05 2.37e-05
33955 6.78400e+03 -4.22898e+00 4.55885e-04 4.61680e-04 1.45e-04 1.02e-06 1.80e-03 7.13e-05 2.59e-04 1.47e-07 1.26e-05 2.70e-04 4.25e-06 2.37e-03 4.29e-06 3.30e-04 4.26e-06 6.67e-06 2.70e-04 2.37e-05 2.37e-03 2.37e-05 3.30e-04 2.37e-05 2.37e-05
34005 6.79400e+03 -4.13101e+00 5.81425e-04 4.78851e-04 6.53e-04 1.19e-06 1.90e-03 6.47e-05 2.84e-04 3.59e-07 3.61e-06 2.69e-04 4.25e-06 2.39e-03 4.29e-06 3.31e-04 4.26e-06 6.67e-06 2.69e-04 2.39e-05 2.39e-03 2.39e-05 3.31e-04 2.39e-05 2.39e-05
34055 6.80400e+03 -3.90606e+00 6.46070e-04 1.43473e-04 5.46e-04 2.64e-06 2.10e-03 6.77e-05 5.18e-04 1.16e-07 6.53e-05 2.71e-04 4.25e-06 2.39e-03 4.29e-06 3.26e-04 4.26e-06 6.67e-06 2.71e-04 2.39e-05 2.39e-03 2.39e-05 3.26e-04 2.39e-05 2.39e-05
34105 6.81400e+03 -4.12748e+00 5.19633e-04 2.24350e-05 2.17e-04 3.03e-06 1.84e-03 9.18e-05 4.44e-04 2.20e-07 3.62e-06 2.81e-04 4.25e-06 2.40e-03 4.29e-06 3.32e-04 4.26e-06 6.67e-06 2.81e-04 2.40e-05 2.40e-03 2.40e-05 3.32e-04 2.40e-05 2.40e-05
34155 6.82400e+03 -4.06374e+00 5.75482e-04 4.45825e-04 4.36e-04 9.75e-07 2.01e-03 1.06e-04 3.29e-04 4.67e-07 1.01e-06 2.83e-04 4.25e-06 2.39e-03 4.29e-06 3.32e-04 4.26e-06 6.67e-06 2.83e-04 2.39e-05 2.39e-03 2.39e-05 3.32e-04 2.39e-05 2.39e-05
34205 6.83400e+03 -4.04822e+00 5.31461e-04 1.10522e-03 5.08e-04 9.98e-07 1.77e-03 1.07e-04 2.71e-04 1.00e-07 5.04e-06 2.77e-04 4.25e-06 2.37e-03 4.29e-06 3.24e-04 4.26e-06 6.67e-06 2.77e-04 2.37e-05 2.37e-03 2.37e-05 3.24e-04 2.37e-05 2.37e-05
34255 6.84400e+03 -4.10484e+00 5.39707e-04 1.13023e-04 3.56e-04 8.93e-07 1.99e-03 1.03e-04 2.50e-04 1.26e-07 3.26e-06 2.77e-04 4.25e-06 2.37e-03 4.29e-06 3.16e-04 4.26e-06 6.67e-06 2.77e-04 2.37e-05 2.37e-03 2.37e-05 3.16e-04 2.37e-05 2.37e-05
34305 6.85400e+03 -4.03000e+00 5.52625e-04 2.86612e-04 3.19e-04 1.63e-06 1.96e-03 8.22e-05 3.99e-04 5.15e-08 4.03e-05 2.79e-04 4.25e-06 2.38e-03 4.29e-06 3.13e-04 4.26e-06 6.67e-06 2.79e-04 2.38e-05 2.38e-03 2.38e-05 3.13e-04 2.38e-05 2.38e-05
34355 6.86400e+03 -4.12804e+00 5.35803e-04 9.60146e-04 2.06e-04 1.52e-06 2.11e-03 1.08e-04 2.57e-04 2.87e-07 1.05e-06 2.78e-04 4.25e-06 2.37e-03 4.29e-06 3.17e-04 4.26e-06 6.67e-06 2.78e-04 2.37e-05 2.37e-03 2.37e-05 3.17e-04 2.37e-05 2.37e-05
34405 6.87400e+03 -4.27442e+00 4.68429e-04 2.28834e-04 1.35e-04 8.66e-07 1.92e-03 6.89e-05 2.18e-04 1.73e-07 3.74e-06 2.70e-04 4.25e-06 2.33e-03 4.29e-06 3.05e-04 4.26e-06 6.67e-06 2.70e-04 2.33e-05 2.33e-03 2.33e-05 3.05e-04 2.33e-05 2.33e-05
34455 6.88400e+03 -4.01749e+00 6.20929e-04 1.89342e-05 7.08e-04 1.35e-06 1.81e-03 8.45e-05 4.98e-04 4.37e-07 1.19e-06 2.69e-04 4.25e-06 2.33e-03 4.29e-06 3.05e-04 4.26e-06 6.67e-06 2.69e-04 2.33e-05 2.33e-03 2.33e-05 3.05e-04 2.33e-05 2.33e-05
34505 6.89400e+03 -4.13890e+00 5.39103e-04 2.96137e-05 3.61e-04 8.96e-07 1.99e-03 9.14e-05 2.49e-04 3.45e-07 2.71e-06 2.69e-04 4.25e-06 2.32e-03 4.29e-06 3.00e-04 4.26e-06 6.67e-06 2.69e-04 2.32e-05 2.32e-03 2.32e-05 3.00e-04 2.32e-05 2.32e-05
34555 6.90400e+03 -4.24536e+00 4.74645e-04 2.44383e-04 1.60e-04 1.20e-06 1.85e-03 7.33e-05 2.84e-04 1.68e-07 1.84e-06 2.68e-04 4.25e-06 2.35e-03 4.29e-06 3.08e-04 4.26e-06 6.67e-06 2.68e-04 2.35e-05 2.35e-03 2.35e-05 3.08e-04 2.35e-05 2.35e-05
34605 6.91400e+03 -3.99477e+00 5.32766e-04 9.35323e-05 2.86e-04 7.05e-07 1.98e-03 1.40e-04 2.56e-04 7.13e-08 7.83e-06 2.71e-04 4.25e-06 2.33e-03 4.29e-06 3.16e-04 4.26e-06 6.67e-06 2.71e-04 2.33e-05 2.33e-03 2.33e-05 3.16e-04 2.33e-05 2.33e-05
34655 6.92400e+03 -4.20008e+00 5.00820e-04 5.47957e-04 2.18e-04 2.05e-06 1.82e-03 7.24e-05 3.91e-04 1.52e-07 4.04e-06 2.68e-04 4.25e-06 2.35e-03 4.29e-06 3.20e-04 4.26e-06 6.67e-06 2.68e-04 2.35e-05 2.35e-03 2.35e-05 3.20e-04 2.35e-05 2.35e-05
34705 6.93400e+03 -4.15486e+00 5.35116e-04 2.19152e-04 3.79e-04 1.78e-06 1.93e-03 6.98e-05 2.93e-04 1.85e-07 1.38e-05 2.70e-04 4.25e-06 2.36e-03 4.29e-06 3.23e-04 4.26e-06 6.67e-06 2.70e-04 2.36e-05 2.36e-03 2.36e-05 3.23e-04 2.36e-05 2.36e-05
34755 6.94400e+03 -4.00160e+00 6.07305e-04 6.88815e-04 5.69e-04 7.83e-07 2.06e-03 1.17e-04 2.89e-04 1.86e-07 1.55e-06 2.76e-04 4.25e-06 2.41e-03 4.29e-06 3.28e-04 4.26e-06 6.67e-06 2.76e-04 2.41e-05 2.41e-03 2.41e-05 3.28e-04 2.41e-05 2.41e-05
34805 6.95400e+03 -4.27342e+00 4.59144e-04 4.48732e-04 1.46e-04 8.07e-07 1.82e-03 6.36e-05 2.66e-04 3.19e-07 3.87e-06 2.72e-04 4.25e-06 2.44e-03 4.29e-06 3.27e-04 4.26e-06 6.67e-06 2.72e-04 2.44e-05 2.44e-03 2.44e-05 3.27e-04 2.44e-05 2.44e-05
34855 6.96400e+03 -4.17303e+00 4.68356e-04 1.92196e-03 1.58e-04 1.23e-06 1.85e-03 9.27e-05 2.44e-04 2.68e-07 9.32e-06 2.66e-04 4.25e-06 2.40e-03 4.29e-06 3.16e-04 4.26e-06 6.67e-06 2.66e-04 2.40e-05 2.40e-03 2.40e-05 3.16e-04 2.40e-05 2.40e-05
34905 6.97400e+03 -4.24211e+00 4.55029e-04 6.24295e-05 1.60e-04 1.03e-06 1.83e-03 7.41e-05 2.09e-04 1.62e-07 8.25e-06 2.62e-04 4.25e-06 2.37e-03 4.29e-06 3.10e-04 4.26e-06 6.67e-06 2.62e-04 2.37e-05 2.37e-03 2.37e-05 3.10e-04 2.37e-05 2.37e-05
34955 6.98400e+03 -4.19422e+00 4.86926e-04 3.45771e-04 1.69e-04 7.40e-07 1.82e-03 8.37e-05 3.59e-04 1.96e-07 2.73e-06 2.56e-04 4.25e-06 2.38e-03 4.29e-06 3.13e-04 4.26e-06 6.67e-06 2.56e-04 2.38e-05 2.38e-03 2.38e-05 3.13e-04 2.38e-05 2.38e-05
35005 6.99300e+03 -4.15797e+00 5.11302e-04 2.25856e-04 1.21e-04 9.02e-07 1.89e-03 6.06e-05 4.79e-04 2.00e-07 3.23e-05 2.54e-04 4.25e-06 2.38e-03 4.29e-06 3.10e-04 4.26e-06 6.67e-06 2.54e-04 2.38e-05 2.38e-03 2.38e-05 3.10e-04 2.38e-05 2.38e-05
35055 7.00300e+03 -3.92809e+00 5.46256e-04 4.80086e-05 2.03e-04 7.64e-07 2.07e-03 1.70e-04 2.86e-04 1.95e-07 4.76e-06 2.51e-04 4.25e-06 2.38e-03 4.29e-06 3.16e-04 4.26e-06 6.67e-06 2.51e-04 2.38e-05 2.38e-03 2.38e-05 3.16e-04 2.38e-05 2.38e-05
35105 7.01300e+03 -4.21776e+00 4.46508e-04 5.94841e-04 1.28e-04 6.06e-07 1.81e-03 9.22e-05 1.99e-04 6.05e-07 2.62e-06 2.51e-04 4.25e-06 2.35e-03 4.29e-06 3.07e-04 4.26e-06 6.67e-06 2.51e-04 2.35e-05 2.35e-03 2.35e-05 3.07e-04 2.35e-05 2.35e-05
35155 7.02300e+03 -4.26729e+00 4.87399e-04 5.22742e-05 1.30e-04 7.83e-07 2.00e-03 6.92e-05 2.38e-04 6.26e-08 4.61e-06 2.48e-04 4.25e-06 2.37e-03 4.29e-06 3.09e-04 4.26e-06 6.67e-06 2.48e-04 2.37e-05 2.37e-03 2.37e-05 3.09e-04 2.37e-05 2.37e-05
35205 7.03300e+03 -3.96176e+00 5.09819e-04 3.39003e-04 3.02e-04 8.03e-07 1.86e-03 1.57e-04 2.28e-04 5.17e-08 3.64e-06 2.48e-04 4.25e-06 2.35e-03 4.29e-06 2.99e-04 4.26e-06 6.67e-06 2.48e-04 2.35e-05 2.35e-03 2.35e-05 2.99e-04 2.35e-05 2.35e-05
35255 7.04300e+03 -4.00107e+00 5.94533e-04 5.23767e-05 8.26e-04 1.17e-06 1.71e-03 8.77e-05 3.48e-04 1.42e-07 2.68e-06 2.52e-04 4.25e-06 2.35e-03 4.29e-06 2.91e-04 4.26e-06 6.67e-06 2.52e-04 2.35e-05 2.35e-03 2.35e-05 2.91e-04 2.35e-05 2.35e-05
35305 7.05300e+03 -4.06506e+00 5.21835e-04 1.02337e-03 1.88e-04 1.15e-06 1.98e-03 1.27e-04 3.10e-04 4.15e-08 2.53e-06 2.54e-04 4.25e-06 2.36e-03 4.29e-06 3.01e-04 4.26e-06 6.67e-06 2.54e-04 2.36e-05 2.36e-03 2.36e-05 3.01e-04 2.36e-05 2.36e-05
35355 7.06300e+03 -4.11302e+00 4.82179e-04 3.77142e-05 2.42e-04 6.30e-07 1.77e-03 1.12e-04 2.85e-04 1.01e-07 1.50e-06 2.58e-04 4.25e-06 2.37e-03 4.29e-06 3.05e-04 4.26e-06 6.67e-06 2.58e-04 2.37e-05 2.37e-03 2.37e-05 3.05e-04 2.37e-05 2.37e-05
35405 7.07300e+03 -4.17289e+00 5.61137e-04 6.73542e-05 2.34e-04 8.36e-07 2.06e-03 7.76e-05 4.35e-04 1.03e-07 1.34e-06 2.65e-04 4.25e-06 2.37e-03 4.29e-06 2.99e-04 4.26e-06 6.67e-06 2.65e-04 2.37e-05 2.37e-03 2.37e-05 2.99e-04 2.37e-05 2.37e-05
35455 7.08300e+03 -4.26440e+00 4.81663e-04 3.79537e-04 2.50e-04 1.10e-06 1.85e-03 6.28e-05 2.42e-04 6.38e-08 1.99e-06 2.74e-04 4.25e-06 2.34e-03 4.29e-06 2.91e-04 4.26e-06 6.67e-06 2.74e-04 2.34e-05 2.34e-03 2.34e-05 2.91e-04 2.34e-05 2.34e-05
35505 7.09300e+03 -4.05415e+00 5.13597e-04 4.49726e-05 2.10e-04 6.81e-07 1.67e-03 8.14e-05 6.08e-04 1.25e-07 2.90e-05 2.71e-04 4.25e-06 2.36e-03 4.29e-06 2.98e-04 4.26e-06 6.67e-06 2.71e-04 2.36e-05 2.36e-03 2.36e-05 2.98e-04 2.36e-05 2.36e-05
35555 7.10300e+03 -4.09499e+00 5.63521e-04 7.35955e-04 4.58e-04 9.54e-07 1.99e-03 8.56e-05 2.82e-04 1.16e-07 1.19e-05 2.69e-04 4.25e-06 2.39e-03 4.29e-06 3.11e-04 4.26e-06 6.67e-06 2.69e-04 2.39e-05 2.39e-03 2.39e-05 3.11e-04 2.39e-05 2.39e-05
35605 7.11300e+03 -4.23837e+00 5.12147e-04 2.60280e-04 2.53e-04 8.50e-07 2.01e-03 7.01e-05 2.26e-04 4.17e-07 1.16e-06 2.66e-04 4.25e-06 2.43e-03 4.29e-06 3.13e-04 4.26e-06 6.67e-06 2.66e-04 2.43e-05 2.43e-03 2.43e-05 3.13e-04 2.43e-05 2.43e-05
35655 7.12300e+03 -4.21897e+00 4.90166e-04 1.83013e-04 3.82e-04 9.02e-07 1.76e-03 6.67e-05 2.40e-04 9.38e-08 1.48e-06 2.69e-04 4.25e-06 2.42e-03 4.29e-06 3.04e-04 4.26e-06 6.67e-06 2.69e-04 2.42e-05 2.42e-03 2.42e-05 3.04e-04 2.42e-05 2.42e-05
35705 7.13300e+03 -4.19648e+00 5.18832e-04 1.86619e-05 3.35e-04 9.63e-07 1.94e-03 6.65e-05 2.52e-04 3.59e-08 1.12e-05 2.74e-04 4.25e-06 2.39e-03 4.29e-06 2.93e-04 4.26e-06 6.67e-06 2.74e-04 2.39e-05 2.39e-03 2.39e-05 2.93e-04 2.39e-05 2.39e-05
35755 7.14300e+03 -4.22951e+00 4.65436e-04 2.92305e-04 2.01e-04 1.13e-06 1.84e-03 7.60e-05 2.13e-04 1.86e-07 6.28e-06 2.72e-04 4.25e-06 2.40e-03 4.29e-06 2.94e-04 4.26e-06 6.67e-06 2.72e-04 2.40e-05 2.40e-03 2.40e-05 2.94e-04 2.40e-05 2.40e-05
35805 7.15300e+03 -4.26103e+00 4.83142e-04 3.82122e-05 1.49e-04 7.13e-07 1.92e-03 7.01e-05 2.71e-04 4.40e-07 1.01e-06 2.72e-04 4.25e-06 2.37e-03 4.29e-06 2.85e-04 4.26e-06 6.67e-06 2.72e-04 2.37e-05 2.37e-03 2.37e-05 2.85e-04 2.37e-05 2.37e-05
35855 7.16300e+03 -4.13454e+00 5.68608e-04 4.03322e-04 6.27e-04 1.11e-06 1.79e-03 6.47e-05 3.55e-04 4.28e-08 1.18e-06 2.74e-04 4.25e-06 2.38e-03 4.29e-06 2.85e-04 4.26e-06 6.67e-06 2.74e-04 2.38e-05 2.38e-03 2.38e-05 2.85e-04 2.38e-05 2.38e-05
35905 7.17300e+03 -4.11644e+00 4.76864e-04 1.13373e-03 1.83e-04 9.56e-07 1.89e-03 1.09e-04 1.99e-04 7.40e-08 1.32e-05 2.74e-04 4.25e-06 2.36e-03 4.29e-06 2.80e-04 4.26e-06 6.67e-06 2.74e-04 2.36e-05 2.36e-03 2.36e-05 2.80e-04 2.36e-05 2.36e-05
35955 7.18300e+03 -4.18476e+00 5.19112e-04 5.51171e-05 2.19e-04 1.10e-06 1.90e-03 7.78e-05 4.02e-04 2.47e-07 1.48e-06 2.78e-04 4.25e-06 2.38e-03 4.29e-06 2.84e-04 4.26e-06 6.67e-06 2.78e-04 2.38e-05 2.38e-03 2.38e-05 2.84e-04 2.38e-05 2.38e-05
36005 7.19300e+03 -4.24964e+00 4.97505e-04 1.04339e-03 1.84e-04 2.27e-06 2.02e-03 7.21e-05 2.10e-04 3.96e-07 1.76e-06 2.79e-04 4.25e-06 2.42e-03 4.29e-06 2.88e-04 4.26e-06 6.67e-06 2.79e-04 2.42e-05 2.42e-03 2.42e-05 2.88e-04 2.42e-05 2.42e-05
36055 7.20300e+03 -4.08356e+00 5.65512e-04 1.81456e-04 2.13e-04 1.44e-06 2.05e-03 9.80e-05 4.61e-04 2.19e-07 9.26e-06 2.77e-04 4.25e-06 2.45e-03 4.29e-06 2.89e-04 4.26e-06 6.67e-06 2.77e-04 2.45e-05 2.45e-03 2.45e-05 2.89e-04 2.45e-05 2.45e-05
36105 7.21300e+03 -4.27759e+00 4.89460e-04 1.04157e-05 1.65e-04 1.68e-06 2.02e-03 6.62e-05 1.96e-04 1.72e-07 7.74e-07 2.78e-04 4.25e-06 2.48e-03 4.29e-06 2.96e-04 4.26e-06 6.67e-06 2.78e-04 2.48e-05 2.48e-03 2.48e-05 2.96e-04 2.48e-05 2.48e-05
36155 7.22300e+03 -4.15854e+00 4.55173e-04 9.86110e-05 1.66e-04 6.64e-07 1.72e-03 9.53e-05 2.98e-04 3.10e-07 8.52e-06 2.72e-04 4.25e-06 2.47e-03 4.29e-06 2.90e-04 4.26e-06 6.67e-06 2.72e-04 2.47e-05 2.47e-03 2.47e-05 2.90e-04 2.47e-05 2.47e-05
36205 7.23300e+03 -4.23139e+00 4.66728e-04 3.26941e-04 2.04e-04 9.56e-07 1.80e-03 7.67e-05 2.53e-04 9.33e-08 1.75e-06 2.67e-04 4.25e-06 2.45e-03 4.29e-06 2.82e-04 4.26e-06 6.67e-06 2.67e-04 2.45e-05 2.45e-03 2.45e-05 2.82e-04 2.45e-05 2.45e-05
36255 7.24300e+03 -3.94786e+00 6.88669e-04 5.39240e-04 5.24e-04 3.35e-06 2.14e-03 1.04e-04 6.71e-04 3.18e-07 9.93e-07 2.69e-04 4.25e-06 2.51e-03 4.29e-06 2.85e-04 4.26e-06 6.67e-06 2.69e-04 2.51e-05 2.51e-03 2.51e-05 2.85e-04 2.51e-05 2.51e-05
36305 7.25300e+03 -4.22576e+00 5.24956e-04 2.57825e-05 2.32e-04 1.06e-06 2.11e-03 7.59e-05 2.10e-04 1.05e-07 7.54e-07 2.74e-04 4.25e-06 2.57e-03 4.29e-06 3.01e-04 4.26e-06 6.67e-06 2.74e-04 2.57e-05 2.57e-03 2.57e-05 3.01e-04 2.57e-05 2.57e-05
36355 7.26300e+03 -3.63643e+00 5.82443e-04 7.94981e-04 2.28e-04 1.15e-06 1.86e-03 2.77e-04 5.42e-04 2.35e-07 1.34e-06 2.75e-04 4.25e-06 2.83e-03 4.29e-06 3.16e-04 4.26e-06 6.67e-06 2.75e-04 2.83e-05 2.83e-03 2.83e-05 3.16e-04 2.83e-05 2.83e-05
36405 7.27300e+03 -3.82560e+00 6.17990e-04 7.32514e-05 2.18e-04 9.40e-07 2.22e-03 2.13e-04 4.41e-04 8.94e-08 8.59e-06 2.71e-04 4.25e-06 3.17e-03 4.29e-06 3.28e-04 4.26e-06 6.67e-06 2.71e-04 3.17e-05 3.17e-03 3.17e-05 3.28e-04 3.17e-05 3.17e-05
36455 7.28300e+03 -3.72447e+00 6.67221e-04 3.05557e-04 2.81e-04 3.06e-06 2.40e-03 2.59e-04 3.92e-04 1.13e-07 1.44e-05 2.76e-04 4.25e-06 3.51e-03 4.29e-06 3.46e-04 4.26e-06 6.67e-06 2.76e-04 3.51e-05 3.51e-03 3.51e-05 3.46e-04 3.51e-05 3.51e-05
36505 7.29300e+03 -3.85900e+00 6.34328e-04 1.08174e-04 1.68e-04 1.63e-06 2.39e-03 2.20e-04 3.97e-04 1.58e-07 7.67e-06 2.83e-04 4.25e-06 3.79e-03 4.29e-06 3.59e-04 4.26e-06 6.67e-06 2.83e-04 3.79e-05 3.79e-03 3.79e-05 3.59e-04 3.79e-05 3.79e-05
36555 7.30300e+03 -3.76883e+00 6.46680e-04 5.75605e-05 4.27e-04 1.55e-06 2.17e-03 2.41e-04 3.93e-04 8.89e-07 6.32e-06 2.85e-04 4.25e-06 4.07e-03 4.29e-06 3.65e-04 4.26e-06 6.67e-06 2.85e-04 4.07e-05 4.07e-03 4.07e-05 3.65e-04 4.07e-05 4.07e-05
36605 7.31300e+03 -3.81515e+00 6.52758e-04 4.89044e-05 3.22e-04 1.05e-06 2.42e-03 2.51e-04 2.74e-04 1.50e-07 1.48e-06 2.86e-04 4.25e-06 4.35e-03 4.29e-06 3.72e-04 4.26e-06 6.67e-06 2.86e-04 4.35e-05 4.35e-03 4.35e-05 3.72e-04 4.35e-05 4.35e-05
36655 7.32300e+03 -3.81736e+00 6.45972e-04 3.14205e-05 2.85e-04 9.61e-07 2.31e-03 2.44e-04 3.93e-04 1.08e-07 2.25e-06 2.89e-04 4.25e-06 4.59e-03 4.29e-06 3.75e-04 4.26e-06 6.67e-06 2.89e-04 4.59e-05 4.59e-03 4.59e-05 3.75e-04 4.59e-05 4.59e-05
36705 7.33300e+03 -3.56400e+00 7.38611e-04 3.67644e-04 3.23e-04 1.38e-06 2.71e-03 4.25e-04 2.36e-04 1.56e-07 4.77e-06 2.88e-04 4.25e-06 4.84e-03 4.29e-06 3.85e-04 4.26e-06 6.67e-06 2.88e-04 4.84e-05 4.84e-03 4.84e-05 3.85e-04 4.84e-05 4.84e-05
36755 7.34300e+03 -3.75205e+00 7.12999e-04 2.46357e-04 1.35e-04 3.70e-06 2.73e-03 3.03e-04 3.94e-04 1.05e-07 1.09e-05 2.90e-04 4.25e-06 4.97e-03 4.29e-06 3.80e-04 4.26e-06 6.67e-06 2.90e-04 4.97e-05 4.97e-03 4.97e-05 3.80e-04 4.97e-05 4.97e-05
36805 7.35300e+03 -3.57979e+00 6.70427e-04 5.03732e-05 8.10e-05 1.87e-06 2.38e-03 4.43e-04 4.50e-04 7.01e-08 9.09e-06 2.75e-04 4.25e-06 5.20e-03 4.29e-06 3.89e-04 4.26e-06 6.67e-06 2.75e-04 5.20e-05 5.20e-03 5.20e-05 3.89e-04 5.20e-05 5.20e-05
36855 7.36300e+03 -3.53314e+00 7.54796e-04 7.10860e-05 5.87e-05 1.51e-06 2.75e-03 4.93e-04 4.72e-04 2.23e-07 2.54e-06 2.58e-04 4.25e-06 5.37e-03 4.29e-06 3.98e-04 4.26e-06 6.67e-06 2.58e-04 5.37e-05 5.37e-03 5.37e-05 3.98e-04 5.37e-05 5.37e-05
36905 7.37300e+03 -3.58301e+00 6.82992e-04 4.40012e-04 6.94e-05 1.06e-06 2.54e-03 4.80e-04 3.22e-04 2.46e-07 9.17e-06 2.43e-04 4.25e-06 5.56e-03 4.29e-06 3.94e-04 4.26e-06 6.67e-06 2.43e-04 5.56e-05 5.56e-03 5.56e-05 3.94e-04 5.56e-05 5.56e-05
36955 7.38300e+03 -3.57348e+00 6.74133e-04 1.38062e-04 6.44e-05 1.44e-06 2.48e-03 5.02e-04 3.25e-04 5.53e-08 4.63e-06 2.30e-04 4.25e-06 5.71e-03 4.29e-06 3.91e-04 4.26e-06 6.67e-06 2.30e-04 5.71e-05 5.71e-03 5.71e-05 3.91e-04 5.71e-05 5.71e-05
37005 7.39300e+03 -3.86449e+00 6.67397e-04 1.18192e-03 1.29e-04 9.75e-07 2.64e-03 2.59e-04 3.09e-04 7.75e-08 1.27e-06 2.18e-04 4.25e-06 5.89e-03 4.29e-06 3.89e-04 4.26e-06 6.67e-06 2.18e-04 5.89e-05 5.89e-03 5.89e-05 3.89e-04 5.89e-05 5.89e-05
37055 7.40300e+03 -3.77606e+00 6.48386e-04 3.02856e-05 5.97e-05 1.34e-06 2.59e-03 3.64e-04 2.31e-04 1.69e-07 4.73e-06 2.06e-04 4.25e-06 6.03e-03 4.29e-06 3.80e-04 4.26e-06 6.67e-06 2.06e-04 6.03e-05 6.03e-03 6.03e-05 3.80e-04 6.03e-05 6.03e-05
37105 7.41300e+03 -3.56529e+00 6.40306e-04 5.54736e-05 5.52e-05 1.28e-06 2.17e-03 5.15e-04 4.63e-04 5.62e-08 8.66e-06 1.95e-04 4.25e-06 6.16e-03 4.29e-06 3.74e-04 4.26e-06 6.67e-06 1.95e-04 6.16e-05 6.16e-03 6.16e-05 3.74e-04 6.16e-05 6.16e-05
37155 7.42300e+03 -3.86696e+00 6.18655e-04 3.51924e-05 6.41e-05 1.62e-06 2.46e-03 2.78e-04 2.88e-04 2.05e-07 9.36e-06 1.86e-04 4.25e-06 6.29e-03 4.29e-06 3.72e-04 4.26e-06 6.67e-06 1.86e-04 6.29e-05 6.29e-03 6.29e-05 3.72e-04 6.29e-05 6.29e-05
37205 7.43300e+03 -3.68445e+00 6.71818e-04 6.54262e-05 6.66e-05 1.40e-06 2.22e-03 3.77e-04 6.91e-04 5.51e-08 8.58e-06 1.77e-04 4.25e-06 6.37e-03 4.29e-06 3.71e-04 4.26e-06 6.67e-06 1.77e-04 6.37e-05 6.37e-03 6.37e-05 3.71e-04 6.37e-05 6.37e-05
37255 7.44300e+03 -3.79465e+00 6.96040e-04 1.01773e-04 6.14e-05 1.47e-06 2.73e-03 3.19e-04 3.71e-04 4.09e-08 2.25e-05 1.69e-04 4.25e-06 6.47e-03 4.29e-06 3.65e-04 4.26e-06 6.67e-06 1.69e-04 6.47e-05 6.47e-03 6.47e-05 3.65e-04 6.47e-05 6.47e-05
37305 7.45300e+03 -3.46287e+00 8.07506e-04 1.55585e-03 1.49e-04 2.51e-06 2.87e-03 5.95e-04 4.24e-04 2.76e-07 4.63e-06 1.61e-04 4.25e-06 6.53e-03 4.29e-06 3.62e-04 4.26e-06 6.67e-06 1.61e-04 6.53e-05 6.53e-03 6.53e-05 3.62e-04 6.53e-05 6.53e-05
37355 7.46300e+03 -3.90361e+00 5.63468e-04 2.76625e-05 6.84e-05 1.30e-06 2.26e-03 2.71e-04 2.19e-04 2.78e-07 4.29e-06 1.54e-04 4.25e-06 6.63e-03 4.29e-06 3.54e-04 4.26e-06 6.67e-06 1.54e-04 6.63e-05 6.63e-03 6.63e-05 3.54e-04 6.63e-05 6.63e-05
37405 7.47300e+03 -3.76950e+00 6.82957e-04 1.33872e-05 5.52e-05 9.11e-07 2.59e-03 3.58e-04 4.12e-04 1.40e-07 9.65e-06 1.50e-04 4.25e-06 6.65e-03 4.29e-06 3.44e-04 4.26e-06 6.67e-06 1.50e-04 6.65e-05 6.65e-03 6.65e-05 3.44e-04 6.65e-05 6.65e-05
37455 7.48300e+03 -3.75868e+00 6.87695e-04 2.57924e-04 6.47e-05 1.64e-06 2.71e-03 4.00e-04 2.62e-04 2.65e-07 2.44e-06 1.43e-04 4.25e-06 6.71e-03 4.29e-06 3.49e-04 4.26e-06 6.67e-06 1.43e-04 6.71e-05 6.71e-03 6.71e-05 3.49e-04 6.71e-05 6.71e-05
37505 7.49300e+03 -3.86784e+00 6.29889e-04 2.59987e-03 4.19e-05 1.21e-06 2.55e-03 3.08e-04 2.50e-04 2.49e-07 8.74e-06 1.38e-04 4.25e-06 6.80e-03 4.29e-06 3.48e-04 4.26e-06 6.67e-06 1.38e-04 6.80e-05 6.80e-03 6.80e-05 3.48e-04 6.80e-05 6.80e-05
37555 7.50300e+03 -3.77622e+00 6.56859e-04 1.38287e-03 4.80e-05 1.40e-06 2.45e-03 3.67e-04 4.15e-04 1.67e-07 5.37e-06 1.32e-04 4.25e-06 6.87e-03 4.29e-06 3.45e-04 4.26e-06 6.67e-06 1.32e-04 6.87e-05 6.87e-03 6.87e-05 3.45e-04 6.87e-05 6.87e-05
37605 7.51300e+03 -3.87164e+00 7.09887e-04 9.87146e-04 7.10e-05 8.09e-07 2.92e-03 2.84e-04 2.72e-04 2.00e-07 9.58e-06 1.27e-04 4.25e-06 6.96e-03 4.29e-06 3.51e-04 4.26e-06 6.67e-06 1.27e-04 6.96e-05 6.96e-03 6.96e-05 3.51e-04 6.96e-05 6.96e-05
37655 7.52300e+03 -3.91454e+00 6.29810e-04 3.52754e-04 6.91e-05 2.72e-06 2.56e-03 2.54e-04 2.59e-04 4.61e-07 2.14e-06 1.24e-04 4.25e-06 7.03e-03 4.29e-06 3.53e-04 4.26e-06 6.67e-06 1.24e-04 7.03e-05 7.03e-03 7.03e-05 3.53e-04 7.03e-05 7.03e-05
37705 7.53300e+03 -3.61500e+00 7.71461e-04 3.54582e-04 5.17e-05 7.24e-06 2.73e-03 4.87e-04 5.86e-04 3.87e-07 7.72e-06 1.20e-04 4.25e-06 7.16e-03 4.29e-06 3.55e-04 4.26e-06 6.67e-06 1.20e-04 7.16e-05 7.16e-03 7.16e-05 3.55e-04 7.16e-05 7.16e-05
37755 7.54300e+03 -3.85316e+00 7.46162e-04 1.10820e-03 1.21e-04 1.05e-06 3.08e-03 2.80e-04 2.50e-04 4.88e-07 4.83e-06 1.18e-04 4.25e-06 7.25e-03 4.29e-06 3.56e-04 4.26e-06 6.67e-06 1.18e-04 7.25e-05 7.25e-03 7.25e-05 3.56e-04 7.25e-05 7.25e-05
37805 7.55300e+03 -3.86578e+00 6.76387e-04 6.52575e-04 6.52e-05 2.65e-06 2.71e-03 2.93e-04 3.07e-04 6.74e-08 3.94e-06 1.16e-04 4.25e-06 7.36e-03 4.29e-06 3.59e-04 4.26e-06 6.67e-06 1.16e-04 7.36e-05 7.36e-03 7.36e-05 3.59e-04 7.36e-05 7.36e-05
37855 7.56300e+03 -3.90956e+00 7.19103e-04 1.37325e-04 6.13e-05 1.75e-06 2.93e-03 2.40e-04 3.67e-04 1.47e-07 1.03e-06 1.13e-04 4.25e-06 7.41e-03 4.29e-06 3.63e-04 4.26e-06 6.67e-06 1.13e-04 7.41e-05 7.41e-03 7.41e-05 3.63e-04 7.41e-05 7.41e-05
37905 7.57300e+03 -3.87421e+00 6.31379e-04 9.71258e-05 7.06e-05 2.15e-06 2.49e-03 2.86e-04 3.07e-04 2.36e-07 1.37e-06 1.10e-04 4.25e-06 7.44e-03 4.29e-06 3.62e-04 4.26e-06 6.67e-06 1.10e-04 7.44e-05 7.44e-03 7.44e-05 3.62e-04 7.44e-05 7.44e-05
37955 7.58300e+03 -3.86595e+00 6.53241e-04 1.06184e-04 6.70e-05 1.34e-06 2.55e-03 2.77e-04 3.71e-04 9.29e-08 8.74e-06 1.08e-04 4.25e-06 7.49e-03 4.29e-06 3.62e-04 4.26e-06 6.67e-06 1.08e-04 7.49e-05 7.49e-03 7.49e-05 3.62e-04 7.49e-05 7.49e-05
38005 7.59300e+03 -3.93733e+00 6.25973e-04 2.06555e-04 6.03e-05 1.32e-06 2.59e-03 2.43e-04 2.39e-04 1.01e-07 1.98e-06 1.05e-04 4.25e-06 7.44e-03 4.29e-06 3.58e-04 4.26e-06 6.67e-06 1.05e-04 7.44e-05 7.44e-03 7.44e-05 3.58e-04 7.44e-05 7.44e-05
38055 7.60300e+03 -3.90033e+00 6.71175e-04 9.26677e-05 6.28e-05 2.41e-06 2.77e-03 2.68e-04 2.55e-04 1.19e-07 8.57e-06 1.02e-04 4.25e-06 7.43e-03 4.29e-06 3.48e-04 4.26e-06 6.67e-06 1.02e-04 7.43e-05 7.43e-03 7.43e-05 3.48e-04 7.43e-05 7.43e-05
38105 7.61300e+03 -3.77637e+00 6.85812e-04 2.13418e-04 6.31e-05 2.12e-06 2.59e-03 3.74e-04 3.95e-04 9.96e-07 3.09e-06 1.00e-04 4.25e-06 7.44e-03 4.29e-06 3.43e-04 4.26e-06 6.67e-06 1.00e-04 7.44e-05 7.44e-03 7.44e-05 3.43e-04 7.44e-05 7.44e-05
38155 7.62300e+03 -3.87331e+00 6.05750e-04 5.39328e-05 6.42e-05 2.30e-06 2.44e-03 3.17e-04 2.06e-04 4.84e-08 1.63e-06 1.01e-04 4.25e-06 7.41e-03 4.29e-06 3.39e-04 4.26e-06 6.67e-06 1.01e-04 7.41e-05 7.41e-03 7.41e-05 3.39e-04 7.41e-05 7.41e-05
38205 7.63300e+03 -3.66927e+00 7.08353e-04 5.38499e-04 7.56e-05 3.32e-06 2.41e-03 4.21e-04 6.28e-04 1.60e-07 9.88e-06 9.95e-05 4.25e-06 7.52e-03 4.29e-06 3.38e-04 4.26e-06 6.67e-06 9.95e-05 7.52e-05 7.52e-03 7.52e-05 3.38e-04 7.52e-05 7.52e-05
38255 7.64300e+03 -3.91045e+00 6.92304e-04 2.32108e-05 4.62e-05 1.73e-06 2.86e-03 2.64e-04 2.89e-04 1.69e-07 6.57e-06 9.82e-05 4.25e-06 7.65e-03 4.29e-06 3.49e-04 4.26e-06 6.67e-06 9.82e-05 7.65e-05 7.65e-03 7.65e-05 3.49e-04 7.65e-05 7.65e-05
38305 7.65300e+03 -3.80964e+00 8.51520e-04 6.89311e-05 1.16e-04 1.28e-06 3.45e-03 2.81e-04 4.06e-04 9.32e-08 9.98e-06 9.42e-05 4.25e-06 7.81e-03 4.29e-06 3.57e-04 4.26e-06 6.67e-06 9.42e-05 7.81e-05 7.81e-03 7.81e-05 3.57e-04 7.81e-05 7.81e-05
38355 7.66300e+03 -3.75630e+00 7.79957e-04 7.00793e-04 1.00e-04 2.74e-06 3.14e-03 3.84e-04 2.71e-04 3.51e-07 1.04e-05 9.18e-05 4.25e-06 7.87e-03 4.29e-06 3.50e-04 4.26e-06 6.67e-06 9.18e-05 7.87e-05 7.87e-03 7.87e-05 3.50e-04 7.87e-05 7.87e-05
38405 7.67300e+03 -3.88373e+00 6.85416e-04 1.23756e-03 5.61e-05 4.14e-06 2.73e-03 2.59e-04 3.76e-04 9.21e-08 1.26e-05 8.93e-05 4.25e-06 7.84e-03 4.29e-06 3.45e-04 4.26e-06 6.67e-06 8.93e-05 7.84e-05 7.84e-03 7.84e-05 3.45e-04 7.84e-05 7.84e-05
38455 7.68300e+03 -3.82354e+00 7.45165e-04 1.10399e-04 6.39e-05 1.41e-06 3.03e-03 3.53e-04 2.74e-04 1.27e-07 9.30e-07 8.77e-05 4.25e-06 7.85e-03 4.29e-06 3.39e-04 4.26e-06 6.67e-06 8.77e-05 7.85e-05 7.85e-03 7.85e-05 3.39e-04 7.85e-05 7.85e-05
38505 7.69300e+03 -3.83544e+00 7.63870e-04 3.09672e-05 1.04e-04 1.57e-06 3.16e-03 3.07e-04 2.49e-04 3.79e-07 1.24e-06 8.54e-05 4.25e-06 7.94e-03 4.29e-06 3.42e-04 4.26e-06 6.67e-06 8.54e-05 7.94e-05 7.94e-03 7.94e-05 3.42e-04 7.94e-05 7.94e-05
38555 7.70300e+03 -3.93358e+00 6.27139e-04 3.50708e-05 4.62e-05 2.49e-06 2.58e-03 2.54e-04 2.52e-04 4.55e-07 1.62e-06 8.52e-05 4.25e-06 8.01e-03 4.29e-06 3.44e-04 4.26e-06 6.67e-06 8.52e-05 8.01e-05 8.01e-03 8.01e-05 3.44e-04 8.01e-05 8.01e-05
38605 7.71300e+03 -3.81612e+00 6.83309e-04 1.81643e-04 1.00e-04 1.96e-06 2.71e-03 2.97e-04 3.03e-04 9.15e-08 2.83e-05 8.57e-05 4.25e-06 7.96e-03 4.29e-06 3.43e-04 4.26e-06 6.67e-06 8.57e-05 7.96e-05 7.96e-03 7.96e-05 3.43e-04 7.96e-05 7.96e-05
38655 7.72300e+03 -3.67626e+00 7.65485e-04 1.40335e-04 9.69e-05 3.13e-06 2.94e-03 4.53e-04 3.33e-04 1.56e-07 1.96e-05 8.59e-05 4.25e-06 7.92e-03 4.29e-06 3.44e-04 4.26e-06 6.67e-06 8.59e-05 7.92e-05 7.92e-03 7.92e-05 3.44e-04 7.92e-05 7.92e-05
38705 7.73300e+03 -3.83420e+00 7.51385e-04 5.27677e-04 1.14e-04 1.84e-06 3.03e-03 2.68e-04 3.40e-04 6.85e-07 1.28e-05 8.74e-05 4.25e-06 7.94e-03 4.29e-06 3.49e-04 4.26e-06 6.67e-06 8.74e-05 7.94e-05 7.94e-03 7.94e-05 3.49e-04 7.94e-05 7.94e-05
38755 7.74300e+03 -3.90562e+00 6.47520e-04 7.51245e-04 5.39e-05 2.00e-06 2.65e-03 2.78e-04 2.54e-04 1.30e-07 2.54e-06 8.76e-05 4.25e-06 7.88e-03 4.29e-06 3.41e-04 4.26e-06 6.67e-06 8.76e-05 7.88e-05 7.88e-03 7.88e-05 3.41e-04 7.88e-05 7.88e-05
38805 7.75300e+03 -3.29988e+00 8.49888e-04 6.21828e-04 1.95e-04 2.66e-06 2.92e-03 7.84e-04 3.49e-04 2.32e-07 8.09e-06 8.52e-05 4.25e-06 7.84e-03 4.29e-06 3.37e-04 4.26e-06 6.67e-06 8.52e-05 7.84e-05 7.84e-03 7.84e-05 3.37e-04 7.84e-05 7.84e-05
38855 7.76300e+03 -3.90743e+00 6.59924e-04 5.66195e-04 5.31e-05 1.65e-06 2.73e-03 2.80e-04 2.32e-04 2.86e-07 5.71e-06 8.45e-05 4.25e-06 7.76e-03 4.29e-06 3.41e-04 4.26e-06 6.67e-06 8.45e-05 7.76e-05 7.76e-03 7.76e-05 3.41e-04 7.76e-05 7.76e-05
38905 7.77300e+03 -3.90618e+00 7.23616e-04 2.10154e-03 4.73e-05 2.35e-06 3.05e-03 2.88e-04 2.33e-04 6.04e-08 1.96e-06 8.51e-05 4.25e-06 7.67e-03 4.29e-06 3.32e-04 4.26e-06 6.67e-06 8.51e-05 7.67e-05 7.67e-03 7.67e-05 3.32e-04 7.67e-05 7.67e-05
38955 7.78300e+03 -3.80824e+00 6.75042e-04 2.16445e-04 3.88e-05 1.90e-06 2.44e-03 2.89e-04 6.11e-04 3.07e-07 3.39e-05 8.30e-05 4.25e-06 7.73e-03 4.29e-06 3.31e-04 4.26e-06 6.67e-06 8.30e-05 7.73e-05 7.73e-03 7.73e-05 3.31e-04 7.73e-05 7.73e-05
39005 7.79300e+03 -3.48162e+00 8.76922e-04 5.92172e-05 1.26e-04 2.46e-06 3.05e-03 5.71e-04 6.37e-04 1.84e-07 1.00e-05 8.28e-05 4.25e-06 7.73e-03 4.29e-06 3.29e-04 4.26e-06 6.67e-06 8.28e-05 7.73e-05 7.73e-03 7.73e-05 3.29e-04 7.73e-05 7.73e-05
39055 7.80300e+03 -3.69522e+00 7.83062e-04 9.06469e-04 4.59e-05 2.52e-06 2.96e-03 4.69e-04 4.41e-04 5.78e-08 3.33e-06 8.36e-05 4.25e-06 7.78e-03 4.29e-06 3.26e-04 4.26e-06 6.67e-06 8.36e-05 7.78e-05 7.78e-03 7.78e-05 3.26e-04 7.78e-05 7.78e-05
39105 7.81300e+03 -3.45767e+00 8.22033e-04 6.24400e-04 4.63e-05 4.52e-06 2.96e-03 7.28e-04 3.68e-04 3.03e-07 1.63e-05 8.37e-05 4.25e-06 7.75e-03 4.29e-06 3.27e-04 4.26e-06 6.67e-06 8.37e-05 7.75e-05 7.75e-03 7.75e-05 3.27e-04 7.75e-05 7.75e-05
39155 7.82300e+03 -3.86616e+00 6.57842e-04 3.37208e-05 8.55e-05 5.20e-06 2.59e-03 2.40e-04 3.68e-04 3.10e-07 2.77e-05 8.28e-05 4.25e-06 7.79e-03 4.29e-06 3.37e-04 4.26e-06 6.67e-06 8.28e-05 7.79e-05 7.79e-03 7.79e-05 3.37e-04 7.79e-05 7.79e-05
39205 7.83300e+03 -3.75468e+00 6.78362e-04 6.04242e-05 6.74e-05 2.19e-06 2.67e-03 4.35e-04 2.14e-04 1.46e-07 9.15e-06 8.15e-05 4.25e-06 7.75e-03 4.29e-06 3.35e-04 4.26e-06 6.67e-06 8.15e-05 7.75e-05 7.75e-03 7.75e-05 3.35e-04 7.75e-05 7.75e-05
39255 7.84300e+03 -3.91192e+00 6.43917e-04 4.81049e-04 4.79e-05 1.55e-06 2.59e-03 2.67e-04 3.14e-04 1.99e-07 2.80e-06 8.07e-05 4.25e-06 7.84e-03 4.29e-06 3.37e-04 4.26e-06 6.67e-06 8.07e-05 7.84e-05 7.84e-03 7.84e-05 3.37e-04 7.84e-05 7.84e-05
39305 7.85300e+03 -3.72118e+00 8.39111e-04 1.91762e-05 1.53e-04 2.61e-06 3.33e-03 3.54e-04 3.54e-04 2.83e-07 3.83e-06 7.89e-05 4.25e-06 7.87e-03 4.29e-06 3.40e-04 4.26e-06 6.67e-06 7.89e-05 7.87e-05 7.87e-03 7.87e-05 3.40e-04 7.87e-05 7.87e-05
39355 7.86300e+03 -3.93204e+00 6.68080e-04 1.64109e-04 3.78e-05 2.23e-06 2.82e-03 2.76e-04 2.06e-04 1.56e-07 2.28e-06 8.10e-05 4.25e-06 7.89e-03 4.29e-06 3.37e-04 4.26e-06 6.67e-06 8.10e-05 7.89e-05 7.89e-03 7.89e-05 3.37e-04 7.89e-05 7.89e-05
39405 7.87300e+03 -3.73488e+00 8.41565e-04 8.66009e-04 1.50e-04 4.56e-06 3.29e-03 3.09e-04 4.56e-04 6.90e-07 1.24e-05 8.11e-05 4.25e-06 7.87e-03 4.29e-06 3.33e-04 4.26e-06 6.67e-06 8.11e-05 7.87e-05 7.87e-03 7.87e-05 3.33e-04 7.87e-05 7.87e-05
39455 7.88300e+03 -3.89089e+00 6.41710e-04 3.37638e-03 4.71e-05 3.74e-06 2.62e-03 3.04e-04 2.33e-04 9.48e-07 3.16e-06 8.06e-05 4.25e-06 7.94e-03 4.29e-06 3.49e-04 4.26e-06 6.67e-06 8.06e-05 7.94e-05 7.94e-03 7.94e-05 3.49e-04 7.94e-05 7.94e-05
39505 7.89300e+03 -3.89348e+00 6.56209e-04 4.98761e-04 5.03e-05 1.96e-06 2.60e-03 2.71e-04 3.62e-04 1.21e-06 2.75e-06 8.08e-05 4.25e-06 7.92e-03 4.29e-06 3.47e-04 4.26e-06 6.67e-06 8.08e-05 7.92e-05 7.92e-03 7.92e-05 3.47e-04 7.92e-05 7.92e-05
39555 7.90300e+03 -3.63238e+00 7.41297e-04 6.74150e-04 1.05e-04 1.61e-06 2.83e-03 4.81e-04 2.84e-04 2.78e-07 4.68e-05 8.18e-05 4.25e-06 8.00e-03 4.29e-06 3.50e-04 4.26e-06 6.67e-06 8.18e-05 8.00e-05 8.00e-03 8.00e-05 3.50e-04 8.00e-05 8.00e-05
39605 7.91300e+03 -3.87016e+00 7.27485e-04 3.82778e-04 1.08e-04 1.08e-06 2.93e-03 2.42e-04 3.55e-04 3.79e-07 1.63e-06 8.18e-05 4.25e-06 7.95e-03 4.29e-06 3.46e-04 4.26e-06 6.67e-06 8.18e-05 7.95e-05 7.95e-03 7.95e-05 3.46e-04 7.95e-05 7.95e-05
39655 7.92300e+03 -3.75296e+00 7.22815e-04 5.61269e-04 1.80e-04 2.06e-06 2.70e-03 2.79e-04 4.49e-04 8.04e-08 5.70e-06 8.28e-05 4.25e-06 7.97e-03 4.29e-06 3.48e-04 4.26e-06 6.67e-06 8.28e-05 7.97e-05 7.97e-03 7.97e-05 3.48e-04 7.97e-05 7.97e-05
39705 7.93300e+03 -3.93595e+00 6.22495e-04 2.72499e-04 5.52e-05 1.98e-06 2.61e-03 2.48e-04 2.01e-04 1.34e-07 1.23e-05 8.25e-05 4.25e-06 7.90e-03 4.29e-06 3.45e-04 4.26e-06 6.67e-06 8.25e-05 7.90e-05 7.90e-03 7.90e-05 3.45e-04 7.90e-05 7.90e-05
39755 7.94300e+03 -3.85610e+00 7.80866e-04 5.35310e-04 7.99e-05 2.73e-06 3.22e-03 2.90e-04 3.12e-04 1.12e-07 2.39e-06 8.13e-05 4.25e-06 7.93e-03 4.29e-06 3.37e-04 4.26e-06 6.67e-06 8.13e-05 7.93e-05 7.93e-03 7.93e-05 3.37e-04 7.93e-05 7.93e-05
39805 7.95300e+03 -3.39196e+00 7.53518e-04 2.56511e-04 8.15e-05 3.55e-06 2.39e-03 7.28e-04 5.61e-04 2.39e-07 3.16e-05 8.02e-05 4.25e-06 8.02e-03 4.29e-06 3.42e-04 4.26e-06 6.67e-06 8.02e-05 8.02e-05 8.02e-03 8.02e-05 3.42e-04 8.02e-05 8.02e-05
39855 7.96300e+03 -3.88269e+00 7.91660e-04 6.97046e-04 5.09e-05 1.39e-06 3.36e-03 3.06e-04 2.41e-04 1.53e-07 2.29e-06 7.96e-05 4.25e-06 7.90e-03 4.29e-06 3.39e-04 4.26e-06 6.67e-06 7.96e-05 7.90e-05 7.90e-03 7.90e-05 3.39e-04 7.90e-05 7.90e-05
39905 7.97300e+03 -3.63723e+00 7.49832e-04 1.36331e-04 9.72e-05 2.50e-06 2.83e-03 5.23e-04 2.98e-04 3.09e-07 1.06e-06 7.87e-05 4.25e-06 7.88e-03 4.29e-06 3.30e-04 4.26e-06 6.67e-06 7.88e-05 7.88e-05 7.88e-03 7.88e-05 3.30e-04 7.88e-05 7.88e-05
39955 7.98300e+03 -3.73250e+00 6.90202e-04 2.41021e-04 6.08e-05 2.42e-06 2.59e-03 4.44e-04 3.51e-04 2.02e-07 1.57e-06 7.86e-05 4.25e-06 7.97e-03 4.29e-06 3.28e-04 4.26e-06 6.67e-06 7.97e-05 7.97e-05 7.97e-03 7.97e-05 3.28e-04 7.97e-05 7.97e-05
40005 7.99200e+03 -4.00031e+00 6.28897e-04 1.22401e-04 7.65e-05 2.23e-06 2.67e-03 1.41e-04 2.59e-04 4.03e-07 1.07e-05 7.86e-05 4.25e-06 8.03e-03 4.29e-06 3.30e-04 4.26e-06 6.67e-06 8.03e-05 8.03e-05 8.03e-03 8.03e-05 3.30e-04 8.03e-05 8.03e-05
40055 8.00200e+03 -4.03806e+00 6.39969e-04 6.10560e-04 6.82e-05 1.26e-06 2.82e-03 1.40e-04 1.66e-04 2.21e-07 1.28e-06 7.86e-05 4.25e-06 7.98e-03 4.29e-06 3.28e-04 4.26e-06 6.67e-06 7.98e-05 7.98e-05 7.98e-03 7.98e-05 3.28e-04 7.98e-05 7.98e-05
40105 8.01200e+03 -3.70809e+00 7.49175e-04 1.81939e-04 4.97e-05 3.07e-06 2.93e-03 4.95e-04 2.72e-04 2.70e-07 4.63e-06 7.86e-05 4.25e-06 7.96e-03 4.29e-06 3.26e-04 4.26e-06 6.67e-06 7.96e-05 7.96e-05 7.96e-03 7.96e-05 3.26e-04 7.96e-05 7.96e-05
40155 8.02200e+03 -3.93277e+00 6.92626e-04 1.97426e-04 4.84e-05 1.31e-06 2.88e-03 2.49e-04 2.82e-04 2.13e-07 1.55e-06 7.86e-05 4.25e-06 7.96e-03 4.29e-06 3.24e-04 4.26e-06 6.67e-06 7.96e-05 7.96e-05 7.96e-03 7.96e-05 3.24e-04 7.96e-05 7.96e-05
40205 8.03200e+03 -3.75239e+00 6.91824e-04 5.88004e-04 6.76e-05 1.88e-06 2.73e-03 4.48e-04 2.15e-04 2.89e-07 8.11e-07 7.86e-05 4.25e-06 7.96e-03 4.29e-06 3.23e-04 4.26e-06 6.67e-06 7.96e-05 7.96e-05 7.96e-03 7.96e-05 3.23e-04 7.96e-05 7.96e-05
40255 8.04200e+03 -3.87766e+00 7.10627e-04 4.17637e-04 7.57e-05 1.55e-06 2.96e-03 2.99e-04 2.12e-04 1.18e-07 1.34e-06 7.86e-05 4.25e-06 7.96e-03 4.29e-06 3.22e-04 4.26e-06 6.67e-06 7.96e-05 7.96e-05 7.96e-03 7.96e-05 3.22e-04 7.96e-05 7.96e-05
40305 8.05200e+03 -3.88599e+00 6.88775e-04 1.56576e-04 8.17e-05 1.81e-06 2.85e-03 2.80e-04 2.27e-04 3.99e-07 2.14e-06 7.86e-05 4.25e-06 7.96e-03 4.29e-06 3.20e-04 4.26e-06 6.67e-06 7.96e-05 7.96e-05 7.96e-03 7.96e-05 3.20e-04 7.96e-05 7.96e-05
40355 8.06200e+03 -3.52548e+00 7.45548e-04 2.38848e-04 1.11e-04 1.96e-06 2.65e-03 6.24e-04 3.38e-04 2.42e-07 5.30e-06 7.86e-05 4.25e-06 7.96e-03 4.29e-06 3.19e-04 4.26e-06 6.67e-06 7.96e-05 7.96e-05 7.96e-03 7.96e-05 3.19e-04 7.96e-05 7.96e-05
40405 8.07200e+03 -3.69132e+00 6.71678e-04 6.49618e-04 1.07e-04 2.00e-06 2.52e-03 4.63e-04 2.70e-04 4.60e-07 3.51e-06 7.86e-05 4.25e-06 7.97e-03 4.29e-06 3.17e-04 4.26e-06 6.67e-06 7.97e-05 7.97e-05 7.97e-03 7.97e-05 3.17e-04 7.97e-05 7.97e-05
40455 8.08200e+03 -3.73668e+00 6.58084e-04 3.18436e-04 5.79e-05 2.38e-06 2.52e-03 4.61e-04 2.45e-04 4.17e-07 1.02e-05 7.86e-05 4.25e-06 7.97e-03 4.29e-06 3.16e-04 4.26e-06 6.67e-06 7.97e-05 7.97e-05 7.97e-03 7.97e-05 3.16e-04 7.97e-05 7.97e-05
40505 8.09200e+03 -3.78864e+00 6.50110e-04 1.61024e-03 1.26e-04 2.49e-06 2.52e-03 3.37e-04 2.65e-04 2.05e-07 4.07e-06 7.86e-05 4.25e-06 7.98e-03 4.29e-06 3.14e-04 4.26e-06 6.67e-06 7.98e-05 7.98e-05 7.98e-03 7.98e-05 3.14e-04 7.98e-05 7.98e-05
40555 8.10200e+03 -3.66630e+00 7.60060e-04 2.24860e-03 9.55e-05 1.28e-06 2.92e-03 4.92e-04 2.92e-04 1.55e-07 5.87e-06 7.86e-05 4.25e-06 7.98e-03 4.29e-06 3.13e-04 4.26e-06 6.67e-06 7.98e-05 7.98e-05 7.98e-03 7.98e-05 3.13e-04 7.98e-05 7.98e-05
40605 8.11200e+03 -3.77248e+00 7.63047e-04 2.34531e-03 9.54e-05 2.28e-06 3.13e-03 3.98e-04 1.91e-04 1.72e-07 4.27e-06 7.86e-05 4.25e-06 7.99e-03 4.29e-06 3.12e-04 4.26e-06 6.67e-06 7.99e-05 7.99e-05 7.99e-03 7.99e-05 3.12e-04 7.99e-05 7.99e-05
40655 8.12200e+03 -3.87764e+00 6.49773e-04 4.08193e-03 5.24e-05 1.93e-06 2.66e-03 3.28e-04 2.04e-04 2.61e-07 1.24e-06 7.86e-05 4.25e-06 8.00e-03 4.29e-06 3.10e-04 4.26e-06 6.67e-06 8.00e-05 8.00e-05 8.00e-03 8.00e-05 3.10e-04 8.00e-05 8.00e-05
40705 8.13200e+03 -3.89734e+00 6.07342e-04 2.55734e-03 5.48e-05 1.56e-06 2.49e-03 3.09e-04 1.84e-04 1.74e-07 3.05e-06 7.86e-05 4.25e-06 8.01e-03 4.29e-06 3.09e-04 4.26e-06 6.67e-06 8.01e-05 8.01e-05 8.01e-03 8.01e-05 3.09e-04 8.01e-05 8.01e-05
40755 8.14200e+03 -3.76501e+00 6.20318e-04 2.35754e-03 1.27e-04 1.39e-06 2.41e-03 3.86e-04 1.78e-04 8.73e-08 4.86e-06 7.86e-05 4.25e-06 8.01e-03 4.29e-06 3.08e-04 4.26e-06 6.67e-06 8.01e-05 8.01e-05 8.01e-03 8.01e-05 3.08e-04 8.01e-05 8.01e-05
40805 8.15200e+03 -3.85685e+00 6.52583e-04 3.17143e-03 6.51e-05 1.58e-06 2.66e-03 3.38e-04 2.02e-04 2.82e-07 2.84e-06 7.86e-05 4.25e-06 8.01e-03 4.29e-06 3.06e-04 4.26e-06 6.67e-06 8.01e-05 8.01e-05 8.01e-03 8.01e-05 3.06e-04 8.01e-05 8.01e-05
40855 8.16200e+03 -3.89214e+00 5.67912e-04 6.15417e-03 5.83e-05 2.03e-06 2.27e-03 3.13e-04 1.93e-04 1.31e-07 1.39e-06 7.86e-05 4.25e-06 8.02e-03 4.29e-06 3.05e-04 4.26e-06 6.67e-06 8.02e-05 8.02e-05 8.02e-03 8.02e-05 3.05e-04 8.02e-05 8.02e-05
40905 8.17200e+03 -3.79500e+00 6.21867e-04 4.52836e-03 1.03e-04 1.75e-06 2.41e-03 3.65e-04 2.33e-04 1.82e-07 1.14e-06 7.86e-05 4.25e-06 8.03e-03 4.29e-06 3.04e-04 4.26e-06 6.67e-06 8.03e-05 8.03e-05 8.03e-03 8.03e-05 3.04e-04 8.03e-05 8.03e-05
40955 8.18200e+03 -3.90460e+00 6.06453e-04 5.26114e-03 5.96e-05 2.01e-06 2.50e-03 2.99e-04 1.75e-04 5.97e-07 1.52e-06 7.86e-05 4.25e-06 8.03e-03 4.29e-06 3.03e-04 4.26e-06 6.67e-06 8.03e-05 8.03e-05 8.03e-03 8.03e-05 3.03e-04 8.03e-05 8.03e-05
41005 8.19200e+03 -3.69890e+00 7.95529e-04 3.30748e-03 5.83e-05 2.72e-06 3.10e-03 4.83e-04 3.34e-04 1.83e-07 2.53e-06 7.86e-05 4.25e-06 8.05e-03 4.29e-06 3.01e-04 4.26e-06 6.67e-06 8.05e-05 8.05e-05 8.05e-03 8.05e-05 3.01e-04 8.05e-05 8.05e-05
41055 8.20200e+03 -3.86706e+00 6.37814e-04 2.79468e-03 5.32e-05 1.58e-06 2.60e-03 3.41e-04 1.97e-04 4.60e-07 2.26e-06 7.86e-05 4.25e-06 8.05e-03 4.29e-06 3.01e-04 4.26e-06 6.67e-06 8.05e-05 8.05e-05 8.05e-03 8.05e-05 3.01e-04 8.05e-05 8.05e-05
41105 8.21200e+03 -3.68484e+00 8.12755e-04 3.11901e-03 9.09e-05 1.10e-06 3.21e-03 4.83e-04 2.74e-04 2.25e-07 1.93e-06 7.86e-05 4.25e-06 8.05e-03 4.29e-06 2.99e-04 4.26e-06 6.67e-06 8.05e-05 8.05e-05 8.05e-03 8.05e-05 2.99e-04 8.05e-05 8.05e-05
41155 8.22200e+03 -3.67528e+00 8.07939e-04 3.17863e-03 5.97e-05 1.59e-06 3.17e-03 5.23e-04 2.82e-04 1.27e-07 2.27e-06 7.86e-05 4.25e-06 8.06e-03 4.29e-06 2.99e-04 4.26e-06 6.67e-06 8.06e-05 8.06e-05 8.06e-03 8.06e-05 2.99e-04 8.06e-05 8.06e-05
41205 8.23200e+03 -3.77057e+00 8.10002e-04 2.38611e-03 5.79e-05 1.37e-06 3.33e-03 4.31e-04 2.26e-04 2.65e-07 1.62e-06 7.86e-05 4.25e-06 8.07e-03 4.29e-06 2.97e-04 4.26e-06 6.67e-06 8.07e-05 8.07e-05 8.07e-03 8.07e-05 2.97e-04 8.07e-05 8.07e-05
41255 8.24200e+03 -3.72200e+00 8.18571e-04 2.46041e-03 1.38e-04 1.57e-06 3.35e-03 4.11e-04 1.96e-04 2.11e-07 5.17e-06 7.86e-05 4.25e-06 8.08e-03 4.29e-06 2.96e-04 4.26e-06 6.67e-06 8.08e-05 8.08e-05 8.08e-03 8.08e-05 2.96e-04 8.08e-05 8.08e-05
41305 8.25200e+03 -3.75417e+00 7.54768e-04 4.43485e-03 9.77e-05 1.40e-06 3.03e-03 4.13e-04 2.30e-04 8.18e-08 1.44e-06 7.86e-05 4.25e-06 8.10e-03 4.29e-06 2.95e-04 4.26e-06 6.67e-06 8.10e-05 8.10e-05 8.10e-03 8.10e-05 2.95e-04 8.10e-05 8.10e-05
41355 8.26200e+03 -3.83555e+00 6.28021e-04 5.65577e-03 6.63e-05 1.49e-06 2.52e-03 3.64e-04 1.93e-04 7.83e-08 4.48e-06 7.86e-05 4.25e-06 8.10e-03 4.29e-06 2.94e-04 4.26e-06 6.67e-06 8.10e-05 8.10e-05 8.10e-03 8.10e-05 2.94e-04 8.10e-05 8.10e-05
41405 8.27200e+03 -3.83916e+00 6.40381e-04 3.15538e-03 7.41e-05 1.72e-06 2.55e-03 3.45e-04 2.27e-04 9.45e-08 1.25e-06 7.86e-05 4.25e-06 8.11e-03 4.29e-06 2.93e-04 4.26e-06 6.67e-06 8.11e-05 8.11e-05 8.11e-03 8.11e-05 2.93e-04 8.11e-05 8.11e-05
41455 8.28200e+03 -3.73775e+00 7.79320e-04 2.47296e-03 1.06e-04 1.71e-06 3.12e-03 4.14e-04 2.58e-04 2.54e-07 1.31e-06 7.86e-05 4.25e-06 8.12e-03 4.29e-06 2.92e-04 4.26e-06 6.67e-06 8.12e-05 8.12e-05 8.12e-03 8.12e-05 2.92e-04 8.12e-05 8.12e-05
41505 8.29200e+03 -3.76218e+00 7.69574e-04 2.41479e-03 1.20e-04 1.37e-06 3.15e-03 3.89e-04 1.91e-04 3.72e-07 3.35e-06 7.86e-05 4.25e-06 8.13e-03 4.29e-06 2.91e-04 4.26e-06 6.67e-06 8.13e-05 8.13e-05 8.13e-03 8.13e-05 2.91e-04 8.13e-05 8.13e-05
41555 8.30200e+03 -3.69174e+00 8.41508e-04 2.73384e-03 1.50e-04 1.70e-06 3.35e-03 4.02e-04 3.04e-04 3.16e-07 7.37e-06 7.86e-05 4.25e-06 8.15e-03 4.29e-06 2.90e-04 4.26e-06 6.67e-06 8.15e-05 8.15e-05 8.15e-03 8.15e-05 2.90e-04 8.15e-05 8.15e-05
41605 8.31200e+03 -3.73610e+00 6.77948e-04 8.81206e-04 8.32e-05 1.96e-06 2.62e-03 4.51e-04 2.30e-04 3.72e-07 2.30e-06 7.86e-05 4.25e-06 8.16e-03 4.29e-06 2.89e-04 4.26e-06 6.67e-06 8.16e-05 8.16e-05 8.16e-03 8.16e-05 2.89e-04 8.16e-05 8.16e-05
41655 8.32200e+03 -3.79620e+00 6.44190e-04 2.50347e-03 7.98e-05 1.74e-06 2.54e-03 3.92e-04 2.08e-04 2.10e-07 3.56e-06 7.86e-05 4.25e-06 8.18e-03 4.29e-06 2.88e-04 4.26e-06 6.67e-06 8.18e-05 8.18e-05 8.18e-03 8.18e-05 2.88e-04 8.18e-05 8.18e-05
41705 8.33200e+03 -3.68277e+00 8.57898e-04 3.68902e-03 7.40e-05 1.71e-06 3.32e-03 4.49e-04 4.48e-04 1.70e-07 6.83e-06 7.86e-05 4.25e-06 8.19e-03 4.29e-06 2.87e-04 4.26e-06 6.67e-06 8.19e-05 8.19e-05 8.19e-03 8.19e-05 2.87e-04 8.19e-05 8.19e-05
41755 8.34200e+03 -3.84234e+00 6.30331e-04 2.91401e-03 6.33e-05 1.93e-06 2.54e-03 3.65e-04 1.79e-04 2.33e-07 1.99e-06 7.86e-05 4.25e-06 8.20e-03 4.29e-06 2.86e-04 4.26e-06 6.67e-06 8.20e-05 8.20e-05 8.20e-03 8.20e-05 2.86e-04 8.20e-05 8.20e-05
41805 8.35200e+03 -3.80749e+00 6.48875e-04 2.28518e-03 1.22e-04 1.75e-06 2.57e-03 3.35e-04 2.15e-04 3.99e-07 3.66e-06 7.86e-05 4.25e-06 8.19e-03 4.29e-06 2.85e-04 4.26e-06 6.67e-06 8.19e-05 8.19e-05 8.19e-03 8.19e-05 2.85e-04 8.19e-05 8.19e-05
41855 8.36200e+03 -3.83570e+00 6.04223e-04 2.95711e-03 6.68e-05 1.78e-06 2.39e-03 3.61e-04 2.04e-04 1.38e-07 5.13e-06 7.86e-05 4.25e-06 8.19e-03 4.29e-06 2.84e-04 4.26e-06 6.67e-06 8.19e-05 8.19e-05 8.19e-03 8.19e-05 2.84e-04 8.19e-05 8.19e-05
41905 8.37200e+03 -3.73221e+00 7.81772e-04 6.02780e-03 9.11e-05 1.60e-06 3.15e-03 4.47e-04 2.17e-04 2.10e-07 2.56e-06 7.86e-05 4.25e-06 8.20e-03 4.29e-06 2.83e-04 4.26e-06 6.67e-06 8.20e-05 8.20e-05 8.20e-03 8.20e-05 2.83e-04 8.20e-05 8.20e-05
41955 8.38200e+03 -3.75052e+00 7.82828e-04 2.56655e-03 5.27e-05 1.23e-06 3.16e-03 4.60e-04 2.39e-04 1.74e-07 1.28e-06 7.86e-05 4.25e-06 8.20e-03 4.29e-06 2.82e-04 4.26e-06 6.67e-06 8.20e-05 8.20e-05 8.20e-03 8.20e-05 2.82e-04 8.20e-05 8.20e-05
42005 8.39200e+03 -3.86340e+00 6.17037e-04 6.40595e-03 8.17e-05 1.60e-06 2.50e-03 3.24e-04 1.81e-04 9.40e-08 2.13e-06 7.86e-05 4.25e-06 8.21e-03 4.29e-06 2.81e-04 4.26e-06 6.67e-06 8.21e-05 8.21e-05 8.21e-03 8.21e-05 2.81e-04 8.21e-05 8.21e-05
42055 8.40200e+03 -3.73158e+00 8.34295e-04 2.41938e-03 7.45e-05 1.43e-06 3.37e-03 4.44e-04 2.86e-04 2.93e-07 1.42e-06 7.86e-05 4.25e-06 8.21e-03 4.29e-06 2.80e-04 4.26e-06 6.67e-06 8.21e-05 8.21e-05 8.21e-03 8.21e-05 2.80e-04 8.21e-05 8.21e-05
42105 8.41200e+03 -3.79224e+00 6.24512e-04 5.61290e-03 1.29e-04 1.87e-06 2.45e-03 3.57e-04 1.89e-04 2.22e-07 1.47e-06 7.86e-05 4.25e-06 8.22e-03 4.29e-06 2.79e-04 4.26e-06 6.67e-06 8.22e-05 8.22e-05 8.22e-03 8.22e-05 2.79e-04 8.22e-05 8.22e-05
42155 8.42200e+03 -3.72092e+00 6.77105e-04 1.37600e-03 1.07e-04 1.74e-06 2.60e-03 4.45e-04 2.36e-04 2.65e-07 1.67e-06 7.86e-05 4.25e-06 8.23e-03 4.29e-06 2.78e-04 4.26e-06 6.67e-06 8.23e-05 8.23e-05 8.23e-03 8.23e-05 2.78e-04 8.23e-05 8.23e-05
42205 8.43200e+03 -3.85230e+00 5.80405e-04 3.70163e-03 9.11e-05 1.66e-06 2.31e-03 3.33e-04 1.68e-04 2.28e-07 2.12e-06 7.86e-05 4.25e-06 8.25e-03 4.29e-06 2.77e-04 4.26e-06 6.67e-06 8.25e-05 8.25e-05 8.25e-03 8.25e-05 2.77e-04 8.25e-05 8.25e-05
42255 8.44200e+03 -3.74875e+00 6.24513e-04 4.15858e-03 1.27e-04 1.50e-06 2.40e-03 4.07e-04 1.87e-04 1.83e-07 4.87e-06 7.86e-05 4.25e-06 8.26e-03 4.29e-06 2.76e-04 4.26e-06 6.67e-06 8.26e-05 8.26e-05 8.26e-03 8.26e-05 2.76e-04 8.26e-05 8.26e-05
42305 8.45200e+03 -3.82352e+00 6.53133e-04 3.97208e-03 8.92e-05 2.04e-06 2.62e-03 3.57e-04 1.93e-04 8.72e-08 1.99e-06 7.86e-05 4.25e-06 8.27e-03 4.29e-06 2.75e-04 4.26e-06 6.67e-06 8.27e-05 8.27e-05 8.27e-03 8.27e-05 2.75e-04 8.27e-05 8.27e-05
42355 8.46200e+03 -3.85999e+00 6.40406e-04 4.11313e-03 7.38e-05 2.06e-06 2.61e-03 3.31e-04 1.90e-04 4.16e-07 1.93e-06 7.86e-05 4.25e-06 8.27e-03 4.29e-06 2.75e-04 4.26e-06 6.67e-06 8.27e-05 8.27e-05 8.27e-03 8.27e-05 2.75e-04 8.27e-05 8.27e-05
42405 8.47200e+03 -3.84834e+00 6.20311e-04 5.31028e-03 8.71e-05 1.71e-06 2.46e-03 3.21e-04 2.31e-04 7.25e-07 1.47e-06 7.86e-05 4.25e-06 8.27e-03 4.29e-06 2.74e-04 4.26e-06 6.67e-06 8.27e-05 8.27e-05 8.27e-03 8.27e-05 2.74e-04 8.27e-05 8.27e-05
42455 8.48200e+03 -3.71713e+00 7.63594e-04 4.69133e-03 7.20e-05 1.47e-06 3.06e-03 4.95e-04 1.90e-04 1.01e-07 1.74e-06 7.86e-05 4.25e-06 8.26e-03 4.29e-06 2.73e-04 4.26e-06 6.67e-06 8.26e-05 8.26e-05 8.26e-03 8.26e-05 2.73e-04 8.26e-05 8.26e-05
42505 8.49200e+03 -3.75472e+00 7.70710e-04 2.40170e-03 1.11e-04 1.28e-06 3.13e-03 4.09e-04 2.00e-04 6.54e-08 1.78e-06 7.86e-05 4.25e-06 8.27e-03 4.29e-06 2.72e-04 4.26e-06 6.67e-06 8.27e-05 8.27e-05 8.27e-03 8.27e-05 2.72e-04 8.27e-05 8.27e-05
42555 8.50200e+03 -3.65805e+00 8.05753e-04 3.83962e-03 1.28e-04 1.34e-06 3.09e-03 4.58e-04 3.50e-04 5.94e-07 1.83e-06 7.86e-05 4.25e-06 8.28e-03 4.29e-06 2.71e-04 4.26e-06 6.67e-06 8.28e-05 8.28e-05 8.28e-03 8.28e-05 2.71e-04 8.28e-05 8.28e-05
42605 8.51200e+03 -3.88862e+00 6.44803e-04 4.04720e-03 6.23e-05 2.34e-06 2.63e-03 2.95e-04 2.36e-04 6.49e-07 1.51e-06 7.86e-05 4.25e-06 8.28e-03 4.29e-06 2.70e-04 4.26e-06 6.67e-06 8.28e-05 8.28e-05 8.28e-03 8.28e-05 2.70e-04 8.28e-05 8.28e-05
42655 8.52200e+03 -3.72872e+00 7.56763e-04 5.84265e-03 6.43e-05 1.71e-06 3.04e-03 4.83e-04 1.95e-04 1.59e-07 6.61e-06 7.86e-05 4.25e-06 8.28e-03 4.29e-06 2.69e-04 4.26e-06 6.67e-06 8.28e-05 8.28e-05 8.28e-03 8.28e-05 2.69e-04 8.28e-05 8.28e-05
42705 8.53200e+03 -3.80966e+00 6.30628e-04 2.04987e-03 7.45e-05 2.03e-06 2.45e-03 3.67e-04 2.61e-04 2.39e-07 4.18e-06 7.86e-05 4.25e-06 8.29e-03 4.29e-06 2.69e-04 4.26e-06 6.67e-06 8.29e-05 8.29e-05 8.29e-03 8.29e-05 2.69e-04 8.29e-05 8.29e-05
42755 8.54200e+03 -3.71111e+00 8.04794e-04 5.01423e-03 6.76e-05 2.96e-06 3.20e-03 4.76e-04 2.81e-04 1.97e-07 1.55e-06 7.86e-05 4.25e-06 8.30e-03 4.29e-06 2.68e-04 4.26e-06 6.67e-06 8.30e-05 8.30e-05 8.30e-03 8.30e-05 2.68e-04 8.30e-05 8.30e-05
42805 8.55200e+03 -3.89980e+00 7.19501e-04 1.22262e-03 1.13e-04 1.64e-06 3.07e-03 2.51e-04 1.61e-04 5.70e-07 1.81e-06 7.86e-05 4.25e-06 8.28e-03 4.29e-06 2.67e-04 4.26e-06 6.67e-06 8.28e-05 8.28e-05 8.28e-03 8.28e-05 2.67e-04 8.28e-05 8.28e-05
42855 8.56200e+03 -3.78127e+00 6.27442e-04 5.65469e-03 9.28e-05 2.21e-06 2.35e-03 3.62e-04 3.29e-04 3.31e-07 3.43e-06 7.86e-05 4.25e-06 8.28e-03 4.29e-06 2.66e-04 4.26e-06 6.67e-06 8.28e-05 8.28e-05 8.28e-03 8.28e-05 2.66e-04 8.28e-05 8.28e-05
42905 8.57200e+03 -3.83475e+00 6.27287e-04 4.54293e-03 1.23e-04 1.82e-06 2.51e-03 3.15e-04 1.84e-04 8.05e-08 1.56e-06 7.86e-05 4.25e-06 8.29e-03 4.29e-06 2.66e-04 4.26e-06 6.67e-06 8.29e-05 8.29e-05 8.29e-03 8.29e-05 2.66e-04 8.29e-05 8.29e-05
42955 8.58200e+03 -3.66547e+00 7.81012e-04 5.25158e-03 8.73e-05 1.58e-06 3.04e-03 5.21e-04 2.55e-04 5.72e-08 1.54e-06 7.86e-05 4.25e-06 8.29e-03 4.29e-06 2.65e-04 4.26e-06 6.67e-06 8.29e-05 8.29e-05 8.29e-03 8.29e-05 2.65e-04 8.29e-05 8.29e-05
43005 8.59200e+03 -3.79077e+00 6.06364e-04 4.27815e-03 6.39e-05 1.77e-06 2.33e-03 4.17e-04 2.19e-04 9.19e-08 1.25e-06 7.86e-05 4.25e-06 8.29e-03 4.29e-06 2.64e-04 4.26e-06 6.67e-06 8.29e-05 8.29e-05 8.29e-03 8.29e-05 2.64e-04 8.29e-05 8.29e-05
43055 8.60200e+03 -3.87868e+00 6.39494e-04 6.67280e-03 7.48e-05 1.88e-06 2.60e-03 3.00e-04 2.24e-04 6.70e-08 1.47e-06 7.86e-05 4.25e-06 8.28e-03 4.29e-06 2.63e-04 4.26e-06 6.67e-06 8.28e-05 8.28e-05 8.28e-03 8.28e-05 2.63e-04 8.28e-05 8.28e-05
43105 8.61200e+03 -3.89330e+00 5.92787e-04 5.29035e-03 6.64e-05 1.77e-06 2.38e-03 2.93e-04 2.26e-04 4.72e-08 1.30e-06 7.86e-05 4.25e-06 8.27e-03 4.29e-06 2.62e-04 4.26e-06 6.67e-06 8.27e-05 8.27e-05 8.27e-03 8.27e-05 2.62e-04 8.27e-05 8.27e-05
43155 8.62200e+03 -3.88534e+00 6.05729e-04 4.26197e-03 1.05e-04 1.91e-06 2.45e-03 2.73e-04 1.95e-04 7.44e-08 1.90e-06 7.86e-05 4.25e-06 8.25e-03 4.29e-06 2.61e-04 4.26e-06 6.67e-06 8.25e-05 8.25e-05 8.25e-03 8.25e-05 2.61e-04 8.25e-05 8.25e-05
43205 8.63200e+03 -3.82076e+00 6.14181e-04 5.63155e-03 1.25e-04 2.04e-06 2.44e-03 3.37e-04 1.66e-04 1.70e-07 2.17e-06 7.86e-05 4.25e-06 8.24e-03 4.29e-06 2.60e-04 4.26e-06 6.67e-06 8.24e-05 8.24e-05 8.24e-03 8.24e-05 2.60e-04 8.24e-05 8.24e-05
43255 8.64200e+03 -3.89051e+00 6.18664e-04 4.55095e-03 9.74e-05 2.03e-06 2.51e-03 2.64e-04 2.19e-04 4.90e-08 3.79e-06 7.86e-05 4.25e-06 8.24e-03 4.29e-06 2.60e-04 4.26e-06 6.67e-06 8.24e-05 8.24e-05 8.24e-03 8.24e-05 2.60e-04 8.24e-05 8.24e-05
43305 8.65200e+03 -3.89334e+00 6.45207e-04 5.38961e-03 5.87e-05 3.16e-06 2.66e-03 3.02e-04 2.03e-04 2.86e-07 3.36e-06 7.86e-05 4.25e-06 8.24e-03 4.29e-06 2.59e-04 4.26e-06 6.67e-06 8.24e-05 8.24e-05 8.24e-03 8.24e-05 2.59e-04 8.24e-05 8.24e-05
43355 8.66200e+03 -3.67988e+00 8.07025e-04 6.05829e-03 8.38e-05 2.34e-06 3.18e-03 4.97e-04 2.74e-04 1.29e-07 3.06e-06 7.86e-05 4.25e-06 8.23e-03 4.29e-06 2.58e-04 4.26e-06 6.67e-06 8.23e-05 8.23e-05 8.23e-03 8.23e-05 2.58e-04 8.23e-05 8.23e-05
43405 8.67200e+03 -3.84189e+00 6.22702e-04 4.94044e-03 1.65e-04 4.48e-06 2.49e-03 2.63e-04 1.88e-04 8.50e-08 1.42e-06 7.86e-05 4.25e-06 8.23e-03 4.29e-06 2.57e-04 4.26e-06 6.67e-06 8.23e-05 8.23e-05 8.23e-03 8.23e-05 2.57e-04 8.23e-05 8.23e-05
43455 8.68200e+03 -3.60297e+00 7.98886e-04 9.42794e-03 1.41e-04 3.01e-06 3.02e-03 5.17e-04 3.14e-04 1.06e-07 1.18e-06 7.86e-05 4.25e-06 8.20e-03 4.29e-06 2.56e-04 4.26e-06 6.67e-06 8.20e-05 8.20e-05 8.20e-03 8.20e-05 2.56e-04 8.20e-05 8.20e-05
43505 8.69200e+03 -3.75718e+00 6.19794e-04 5.82939e-03 1.14e-04 2.17e-06 2.33e-03 3.92e-04 2.62e-04 3.71e-08 1.49e-06 7.86e-05 4.25e-06 8.21e-03 4.29e-06 2.55e-04 4.26e-06 6.67e-06 8.21e-05 8.21e-05 8.21e-03 8.21e-05 2.55e-04 8.21e-05 8.21e-05
43555 8.70200e+03 -3.89866e+00 5.75986e-04 7.99917e-03 5.94e-05 1.96e-06 2.34e-03 3.18e-04 1.57e-04 2.94e-07 1.36e-06 7.86e-05 4.25e-06 8.20e-03 4.29e-06 2.55e-04 4.26e-06 6.67e-06 8.20e-05 8.20e-05 8.20e-03 8.20e-05 2.55e-04 8.20e-05 8.20e-05
43605 8.71200e+03 -3.83532e+00 5.94913e-04 3.94981e-03 1.11e-04 2.22e-06 2.32e-03 3.15e-04 2.23e-04 1.99e-07 3.67e-06 7.86e-05 4.25e-06 8.21e-03 4.29e-06 2.55e-04 4.26e-06 6.67e-06 8.21e-05 8.21e-05 8.21e-03 8.21e-05 2.55e-04 8.21e-05 8.21e-05
43655 8.72200e+03 -3.81072e+00 6.05708e-04 5.16536e-03 9.19e-05 2.20e-06 2.37e-03 3.75e-04 1.87e-04 4.52e-07 1.90e-06 7.86e-05 4.25e-06 8.20e-03 4.29e-06 2.54e-04 4.26e-06 6.67e-06 8.20e-05 8.20e-05 8.20e-03 8.20e-05 2.54e-04 8.20e-05 8.20e-05
43705 8.73200e+03 -3.74514e+00 7.98195e-04 9.56453e-03 8.90e-05 1.26e-06 3.21e-03 4.16e-04 2.79e-04 1.72e-07 1.80e-06 7.86e-05 4.25e-06 8.19e-03 4.29e-06 2.53e-04 4.26e-06 6.67e-06 8.19e-05 8.19e-05 8.19e-03 8.19e-05 2.53e-04 8.19e-05 8.19e-05
43755 8.74200e+03 -3.88503e+00 6.05790e-04 6.74551e-03 7.01e-05 1.91e-06 2.45e-03 2.99e-04 2.06e-04 1.25e-07 7.82e-06 7.86e-05 4.25e-06 8.20e-03 4.29e-06 2.53e-04 4.26e-06 6.67e-06 8.20e-05 8.20e-05 8.20e-03 8.20e-05 2.53e-04 8.20e-05 8.20e-05
43805 8.75200e+03 -3.86673e+00 5.92605e-04 7.41298e-03 7.19e-05 1.64e-06 2.37e-03 3.30e-04 1.87e-04 1.17e-07 3.17e-06 7.86e-05 4.25e-06 8.21e-03 4.29e-06 2.52e-04 4.26e-06 6.67e-06 8.21e-05 8.21e-05 8.21e-03 8.21e-05 2.52e-04 8.21e-05 8.21e-05
43855 8.76200e+03 -3.84845e+00 5.98130e-04 4.25988e-03 8.81e-05 1.51e-06 2.38e-03 3.34e-04 1.90e-04 5.10e-07 3.12e-06 7.86e-05 4.25e-06 8.22e-03 4.29e-06 2.52e-04 4.26e-06 6.67e-06 8.22e-05 8.22e-05 8.22e-03 8.22e-05 2.52e-04 8.22e-05 8.22e-05
43905 8.77200e+03 -3.67975e+00 7.88273e-04 6.82723e-03 1.34e-04 1.59e-06 3.09e-03 4.52e-04 2.65e-04 7.11e-08 1.67e-06 7.86e-05 4.25e-06 8.22e-03 4.29e-06 2.51e-04 4.26e-06 6.67e-06 8.22e-05 8.22e-05 8.22e-03 8.22e-05 2.51e-04 8.22e-05 8.22e-05
43955 8.78200e+03 -3.90278e+00 6.05432e-04 5.12933e-03 7.88e-05 2.00e-06 2.48e-03 2.83e-04 1.82e-04 2.98e-07 2.63e-06 7.86e-05 4.25e-06 8.20e-03 4.29e-06 2.51e-04 4.26e-06 6.67e-06 8.20e-05 8.20e-05 8.20e-03 8.20e-05 2.51e-04 8.20e-05 8.20e-05
44005 8.79200e+03 -3.68891e+00 8.04283e-04 9.39706e-03 5.75e-05 1.98e-06 3.18e-03 5.15e-04 2.71e-04 1.54e-07 1.74e-06 7.86e-05 4.25e-06 8.19e-03 4.29e-06 2.50e-04 4.26e-06 6.67e-06 8.19e-05 8.19e-05 8.19e-03 8.19e-05 2.50e-04 8.19e-05 8.19e-05
44055 8.80200e+03 -3.63205e+00 6.99882e-04 3.41522e-03 1.55e-04 1.60e-06 2.54e-03 4.61e-04 3.44e-04 4.62e-07 5.98e-06 7.86e-05 4.25e-06 8.19e-03 4.29e-06 2.50e-04 4.26e-06 6.67e-06 8.19e-05 8.19e-05 8.19e-03 8.19e-05 2.50e-04 8.19e-05 8.19e-05
44105 8.81200e+03 -3.80261e+00 6.29049e-04 5.16402e-03 1.25e-04 1.54e-06 2.48e-03 3.50e-04 1.93e-04 2.35e-07 1.52e-06 7.86e-05 4.25e-06 8.19e-03 4.29e-06 2.50e-04 4.26e-06 6.67e-06 8.19e-05 8.19e-05 8.19e-03 8.19e-05 2.50e-04 8.19e-05 8.19e-05
44155 8.82200e+03 -3.71070e+00 7.88133e-04 4.45640e-03 7.02e-05 2.09e-06 3.12e-03 4.77e-04 2.74e-04 1.89e-07 1.42e-06 7.86e-05 4.25e-06 8.20e-03 4.29e-06 2.49e-04 4.26e-06 6.67e-06 8.20e-05 8.20e-05 8.20e-03 8.20e-05 2.49e-04 8.20e-05 8.20e-05
44205 8.83200e+03 -3.86897e+00 6.43527e-04 6.42526e-03 9.87e-05 2.23e-06 2.61e-03 2.89e-04 2.17e-04 2.36e-07 2.41e-06 7.86e-05 4.25e-06 8.19e-03 4.29e-06 2.50e-04 4.26e-06 6.67e-06 8.19e-05 8.19e-05 8.19e-03 8.19e-05 2.50e-04 8.19e-05 8.19e-05
44255 8.84200e+03 -3.82734e+00 5.93794e-04 2.37061e-03 7.13e-05 2.46e-06 2.33e-03 3.73e-04 1.90e-04 4.62e-08 5.14e-06 7.86e-05 4.25e-06 8.20e-03 4.29e-06 2.49e-04 4.26e-06 6.67e-06 8.20e-05 8.20e-05 8.20e-03 8.20e-05 2.49e-04 8.20e-05 8.20e-05
44305 8.85200e+03 -3.84546e+00 6.25781e-04 1.17809e-02 9.42e-05 1.95e-06 2.50e-03 3.22e-04 2.13e-04 6.15e-07 3.22e-06 7.86e-05 4.25e-06 8.20e-03 4.29e-06 2.49e-04 4.26e-06 6.67e-06 8.20e-05 8.20e-05 8.20e-03 8.20e-05 2.49e-04 8.20e-05 8.20e-05
44355 8.86200e+03 -3.84245e+00 6.14438e-04 8.06701e-03 6.94e-05 1.69e-06 2.37e-03 3.22e-04 3.09e-04 1.07e-07 2.13e-06 7.86e-05 4.25e-06 8.20e-03 4.29e-06 2.49e-04 4.26e-06 6.67e-06 8.20e-05 8.20e-05 8.20e-03 8.20e-05 2.49e-04 8.20e-05 8.20e-05
44405 8.87200e+03 -3.57368e+00 8.84196e-04 6.98083e-03 7.81e-05 1.22e-06 3.25e-03 5.22e-04 5.75e-04 1.01e-07 6.55e-06 7.86e-05 4.25e-06 8.20e-03 4.29e-06 2.49e-04 4.26e-06 6.67e-06 8.20e-05 8.20e-05 8.20e-03 8.20e-05 2.49e-04 8.20e-05 8.20e-05
44455 8.88200e+03 -3.81362e+00 6.57210e-04 4.29762e-03 1.02e-04 1.86e-06 2.55e-03 3.18e-04 3.17e-04 3.22e-07 1.76e-06 7.86e-05 4.25e-06 8.20e-03 4.29e-06 2.49e-04 4.26e-06 6.67e-06 8.20e-05 8.20e-05 8.20e-03 8.20e-05 2.49e-04 8.20e-05 8.20e-05
44505 8.89200e+03 -3.90701e+00 5.92051e-04 4.92597e-03 6.26e-05 1.77e-06 2.40e-03 2.89e-04 2.06e-04 1.11e-07 1.68e-06 7.86e-05 4.25e-06 8.19e-03 4.29e-06 2.49e-04 4.26e-06 6.67e-06 8.19e-05 8.19e-05 8.19e-03 8.19e-05 2.49e-04 8.19e-05 8.19e-05
44555 8.90200e+03 -3.81012e+00 6.14837e-04 5.28906e-03 1.31e-04 2.78e-06 2.39e-03 3.22e-04 2.25e-04 1.21e-07 4.15e-06 7.86e-05 4.25e-06 8.17e-03 4.29e-06 2.49e-04 4.26e-06 6.67e-06 8.17e-05 8.17e-05 8.17e-03 8.17e-05 2.49e-04 8.17e-05 8.17e-05
44605 8.91200e+03 -3.78646e+00 6.38904e-04 8.22281e-03 1.84e-04 1.73e-06 2.48e-03 2.95e-04 2.34e-04 5.14e-07 2.33e-06 7.86e-05 4.25e-06 8.16e-03 4.29e-06 2.48e-04 4.26e-06 6.67e-06 8.16e-05 8.16e-05 8.16e-03 8.16e-05 2.48e-04 8.16e-05 8.16e-05
44655 8.92200e+03 -3.92475e+00 6.21801e-04 3.39059e-03 6.14e-05 1.52e-06 2.59e-03 2.76e-04 1.82e-04 2.67e-07 2.21e-06 7.86e-05 4.25e-06 8.13e-03 4.29e-06 2.48e-04 4.26e-06 6.67e-06 8.13e-05 8.13e-05 8.13e-03 8.13e-05 2.48e-04 8.13e-05 8.13e-05
44705 8.93200e+03 -3.86455e+00 5.76708e-04 8.80694e-03 1.13e-04 4.30e-06 2.30e-03 3.00e-04 1.65e-04 3.17e-07 1.74e-06 7.86e-05 4.25e-06 8.12e-03 4.29e-06 2.47e-04 4.26e-06 6.67e-06 8.12e-05 8.12e-05 8.12e-03 8.12e-05 2.47e-04 8.12e-05 8.12e-05
44755 8.94200e+03 -3.85534e+00 6.10902e-04 3.50599e-03 7.28e-05 1.62e-06 2.43e-03 3.36e-04 2.11e-04 7.32e-07 2.14e-06 7.86e-05 4.25e-06 8.10e-03 4.29e-06 2.47e-04 4.26e-06 6.67e-06 8.10e-05 8.10e-05 8.10e-03 8.10e-05 2.47e-04 8.10e-05 8.10e-05
44805 8.95200e+03 -3.89740e+00 5.78277e-04 5.47853e-03 7.17e-05 3.25e-06 2.33e-03 2.95e-04 1.94e-04 1.60e-07 2.09e-06 7.86e-05 4.25e-06 8.07e-03 4.29e-06 2.46e-04 4.26e-06 6.67e-06 8.07e-05 8.07e-05 8.07e-03 8.07e-05 2.46e-04 8.07e-05 8.07e-05
44855 8.96200e+03 -3.78688e+00 6.78538e-04 2.25074e-03 6.34e-05 1.70e-06 2.69e-03 3.84e-04 2.58e-04 1.89e-07 2.36e-05 7.86e-05 4.25e-06 8.05e-03 4.29e-06 2.46e-04 4.26e-06 6.67e-06 8.05e-05 8.05e-05 8.05e-03 8.05e-05 2.46e-04 8.05e-05 8.05e-05
44905 8.97200e+03 -3.79531e+00 6.53252e-04 1.91540e-03 1.45e-04 1.98e-06 2.59e-03 3.34e-04 1.93e-04 1.75e-07 4.21e-06 7.86e-05 4.25e-06 8.03e-03 4.29e-06 2.46e-04 4.26e-06 6.67e-06 8.03e-05 8.03e-05 8.03e-03 8.03e-05 2.46e-04 8.03e-05 8.03e-05
44955 8.98200e+03 -3.80369e+00 6.37247e-04 2.64623e-03 7.62e-05 1.74e-06 2.49e-03 3.81e-04 2.41e-04 3.08e-07 1.52e-06 7.86e-05 4.25e-06 8.01e-03 4.29e-06 2.45e-04 4.26e-06 6.67e-06 8.01e-05 8.01e-05 8.01e-03 8.01e-05 2.45e-04 8.01e-05 8.01e-05
45005 8.99100e+03 -3.90692e+00 6.60104e-04 8.08372e-03 7.26e-05 1.64e-06 2.71e-03 2.59e-04 2.61e-04 8.02e-08 3.53e-06 7.86e-05 4.25e-06 8.00e-03 4.29e-06 2.45e-04 4.26e-06 6.67e-06 8.00e-05 8.00e-05 8.00e-03 8.00e-05 2.45e-04 8.00e-05 8.00e-05
45055 9.00100e+03 -3.90369e+00 6.08055e-04 6.09819e-03 8.52e-05 1.47e-06 2.47e-03 2.65e-04 2.21e-04 4.26e-07 3.64e-06 7.86e-05 4.25e-06 7.99e-03 4.29e-06 2.45e-04 4.26e-06 6.67e-06 7.99e-05 7.99e-05 7.99e-03 7.99e-05 2.45e-04 7.99e-05 7.99e-05
45105 9.01100e+03 -3.82270e+00 6.16360e-04 1.47921e-03 1.26e-04 1.68e-06 2.44e-03 3.28e-04 1.86e-04 1.00e-07 3.29e-06 7.86e-05 4.25e-06 7.99e-03 4.29e-06 2.45e-04 4.26e-06 6.67e-06 7.99e-05 7.99e-05 7.99e-03 7.99e-05 2.45e-04 7.99e-05 7.99e-05
45155 9.02100e+03 -3.78642e+00 6.42206e-04 4.67364e-03 2.02e-04 1.96e-06 2.50e-03 2.77e-04 2.32e-04 1.95e-07 1.82e-06 7.86e-05 4.25e-06 7.98e-03 4.29e-06 2.45e-04 4.26e-06 6.67e-06 7.98e-05 7.98e-05 7.98e-03 7.98e-05 2.45e-04 7.98e-05 7.98e-05
45205 9.03100e+03 -3.90810e+00 5.95931e-04 4.97772e-03 6.84e-05 1.84e-06 2.42e-03 2.84e-04 2.05e-04 1.98e-07 2.15e-06 7.86e-05 4.25e-06 7.97e-03 4.29e-06 2.45e-04 4.26e-06 6.67e-06 7.97e-05 7.97e-05 7.97e-03 7.97e-05 2.45e-04 7.97e-05 7.97e-05
45255 9.04100e+03 -3.93110e+00 6.21881e-04 2.70179e-03 6.66e-05 1.56e-06 2.57e-03 2.55e-04 2.16e-04 1.99e-07 2.36e-06 7.86e-05 4.25e-06 7.97e-03 4.29e-06 2.45e-04 4.26e-06 6.67e-06 7.97e-05 7.97e-05 7.97e-03 7.97e-05 2.45e-04 7.97e-05 7.97e-05
45305 9.05100e+03 -3.45319e+00 8.84176e-04 5.18560e-03 8.74e-05 1.65e-06 3.29e-03 7.26e-04 3.21e-04 1.92e-07 2.79e-06 7.86e-05 4.25e-06 7.96e-03 4.29e-06 2.45e-04 4.26e-06 6.67e-06 7.96e-05 7.96e-05 7.96e-03 7.96e-05 2.45e-04 7.96e-05 7.96e-05
45355 9.06100e+03 -3.88802e+00 5.71555e-04 8.90318e-03 8.80e-05 1.67e-06 2.29e-03 2.91e-04 1.90e-04 8.26e-08 4.72e-06 7.86e-05 4.25e-06 7.96e-03 4.29e-06 2.45e-04 4.26e-06 6.67e-06 7.96e-05 7.96e-05 7.96e-03 7.96e-05 2.45e-04 7.96e-05 7.96e-05
45405 9.07100e+03 -3.84032e+00 6.26416e-04 7.95016e-03 4.90e-05 2.10e-06 2.44e-03 3.45e-04 2.95e-04 2.49e-07 6.39e-06 7.86e-05 4.25e-06 7.94e-03 4.29e-06 2.44e-04 4.26e-06 6.67e-06 7.94e-05 7.94e-05 7.94e-03 7.94e-05 2.44e-04 7.94e-05 7.94e-05
45455 9.08100e+03 -3.82164e+00 6.69904e-04 1.12991e-02 1.06e-04 2.17e-06 2.68e-03 3.31e-04 2.33e-04 2.40e-07 2.70e-06 7.86e-05 4.25e-06 7.94e-03 4.29e-06 2.44e-04 4.26e-06 6.67e-06 7.94e-05 7.94e-05 7.94e-03 7.94e-05 2.44e-04 7.94e-05 7.94e-05
45505 9.09100e+03 -3.61694e+00 8.24281e-04 2.01274e-03 8.07e-05 1.37e-06 3.18e-03 5.58e-04 2.99e-04 5.60e-08 2.84e-06 7.86e-05 4.25e-06 7.95e-03 4.29e-06 2.44e-04 4.26e-06 6.67e-06 7.95e-05 7.95e-05 7.95e-03 7.95e-05 2.44e-04 7.95e-05 7.95e-05
45555 9.10100e+03 -3.86925e+00 5.92956e-04 3.56147e-03 7.90e-05 2.06e-06 2.35e-03 3.13e-04 2.17e-04 1.43e-07 2.25e-06 7.86e-05 4.25e-06 7.98e-03 4.29e-06 2.45e-04 4.26e-06 6.67e-06 7.98e-05 7.98e-05 7.98e-03 7.98e-05 2.45e-04 7.98e-05 7.98e-05
45605 9.11100e+03 -3.84013e+00 6.65612e-04 3.79882e-03 8.88e-05 1.83e-06 2.64e-03 3.11e-04 2.85e-04 2.02e-07 2.24e-06 7.86e-05 4.25e-06 7.98e-03 4.29e-06 2.45e-04 4.26e-06 6.67e-06 7.98e-05 7.98e-05 7.98e-03 7.98e-05 2.45e-04 7.98e-05 7.98e-05
45655 9.12100e+03 -3.80109e+00 6.32579e-04 5.18915e-03 5.52e-05 1.87e-06 2.33e-03 3.38e-04 4.41e-04 3.34e-07 5.33e-06 7.86e-05 4.25e-06 7.99e-03 4.29e-06 2.45e-04 4.26e-06 6.67e-06 7.99e-05 7.99e-05 7.99e-03 7.99e-05 2.45e-04 7.99e-05 7.99e-05
45705 9.13100e+03 -3.71185e+00 6.52306e-04 3.32587e-03 9.14e-05 1.94e-06 2.43e-03 4.56e-04 2.77e-04 3.72e-07 2.90e-06 7.86e-05 4.25e-06 8.00e-03 4.29e-06 2.46e-04 4.26e-06 6.67e-06 8.00e-05 8.00e-05 8.00e-03 8.00e-05 2.46e-04 8.00e-05 8.00e-05
45755 9.14100e+03 -3.67078e+00 7.85685e-04 5.16916e-03 8.10e-05 2.65e-06 3.07e-03 5.12e-04 2.60e-04 2.82e-07 2.57e-06 7.86e-05 4.25e-06 8.02e-03 4.29e-06 2.46e-04 4.26e-06 6.67e-06 8.02e-05 8.02e-05 8.02e-03 8.02e-05 2.46e-04 8.02e-05 8.02e-05
45805 9.15100e+03 -3.77108e+00 8.09455e-04 1.91932e-03 9.97e-05 1.45e-06 3.28e-03 3.66e-04 3.01e-04 2.45e-07 2.97e-06 7.86e-05 4.25e-06 8.03e-03 4.29e-06 2.46e-04 4.26e-06 6.67e-06 8.03e-05 8.03e-05 8.03e-03 8.03e-05 2.46e-04 8.03e-05 8.03e-05
45855 9.16100e+03 -3.72423e+00 7.72596e-04 7.56380e-03 7.31e-05 2.66e-06 3.08e-03 4.69e-04 2.34e-04 8.29e-08 2.37e-06 7.86e-05 4.25e-06 8.04e-03 4.29e-06 2.46e-04 4.26e-06 6.67e-06 8.04e-05 8.04e-05 8.04e-03 8.04e-05 2.46e-04 8.04e-05 8.04e-05
45905 9.17100e+03 -3.82487e+00 7.65250e-04 1.04640e-03 6.54e-05 1.57e-06 3.18e-03 3.68e-04 2.15e-04 8.44e-07 3.29e-06 7.86e-05 4.25e-06 8.04e-03 4.29e-06 2.45e-04 4.26e-06 6.67e-06 8.04e-05 8.04e-05 8.04e-03 8.04e-05 2.45e-04 8.04e-05 8.04e-05
45955 9.18100e+03 -3.83875e+00 6.25470e-04 1.73182e-03 1.06e-04 2.71e-06 2.51e-03 3.31e-04 1.73e-04 4.58e-07 2.98e-06 7.86e-05 4.25e-06 8.04e-03 4.29e-06 2.46e-04 4.26e-06 6.67e-06 8.04e-05 8.04e-05 8.04e-03 8.04e-05 2.46e-04 8.04e-05 8.04e-05
46005 9.19100e+03 -3.71945e+00 8.02652e-04 2.34037e-03 7.36e-05 1.39e-06 3.24e-03 4.77e-04 2.21e-04 1.65e-07 3.49e-06 7.86e-05 4.25e-06 8.07e-03 4.29e-06 2.46e-04 4.26e-06 6.67e-06 8.07e-05 8.07e-05 8.07e-03 8.07e-05 2.46e-04 8.07e-05 8.07e-05
46055 9.20100e+03 -3.83607e+00 6.33099e-04 1.72659e-03 5.43e-05 2.43e-06 2.48e-03 3.56e-04 2.70e-04 2.54e-07 2.22e-06 7.86e-05 4.25e-06 8.09e-03 4.29e-06 2.46e-04 4.26e-06 6.67e-06 8.09e-05 8.09e-05 8.09e-03 8.09e-05 2.46e-04 8.09e-05 8.09e-05
46105 9.21100e+03 -3.81669e+00 6.81633e-04 2.17503e-03 7.54e-05 2.12e-06 2.68e-03 3.40e-04 3.11e-04 2.66e-07 3.54e-06 7.86e-05 4.25e-06 8.10e-03 4.29e-06 2.47e-04 4.26e-06 6.67e-06 8.10e-05 8.10e-05 8.10e-03 8.10e-05 2.47e-04 8.10e-05 8.10e-05
46155 9.22100e+03 -3.82052e+00 6.52926e-04 1.57079e-03 7.30e-05 1.96e-06 2.59e-03 3.68e-04 2.27e-04 1.44e-07 2.56e-06 7.86e-05 4.25e-06 8.11e-03 4.29e-06 2.47e-04 4.26e-06 6.67e-06 8.11e-05 8.11e-05 8.11e-03 8.11e-05 2.47e-04 8.11e-05 8.11e-05
46205 9.23100e+03 -3.82201e+00 7.42133e-04 1.78953e-03 5.99e-05 1.31e-06 3.08e-03 3.91e-04 1.79e-04 1.71e-07 2.37e-06 7.86e-05 4.25e-06 8.12e-03 4.29e-06 2.47e-04 4.26e-06 6.67e-06 8.12e-05 8.12e-05 8.12e-03 8.12e-05 2.47e-04 8.12e-05 8.12e-05
46255 9.24100e+03 -3.80779e+00 7.47850e-04 1.79700e-03 8.61e-05 1.43e-06 3.07e-03 3.67e-04 2.16e-04 2.82e-07 4.02e-06 7.86e-05 4.25e-06 8.14e-03 4.29e-06 2.47e-04 4.26e-06 6.67e-06 8.14e-05 8.14e-05 8.14e-03 8.14e-05 2.47e-04 8.14e-05 8.14e-05
46305 9.25100e+03 -3.88062e+00 7.09985e-04 9.27569e-04 6.73e-05 2.15e-06 2.94e-03 2.90e-04 2.55e-04 1.38e-07 4.50e-06 7.86e-05 4.25e-06 8.14e-03 4.29e-06 2.47e-04 4.26e-06 6.67e-06 8.14e-05 8.14e-05 8.14e-03 8.14e-05 2.47e-04 8.14e-05 8.14e-05
46355 9.26100e+03 -3.85062e+00 6.32660e-04 5.81092e-03 7.06e-05 2.20e-06 2.53e-03 3.35e-04 2.29e-04 2.39e-07 3.26e-06 7.86e-05 4.25e-06 8.14e-03 4.29e-06 2.48e-04 4.26e-06 6.67e-06 8.14e-05 8.14e-05 8.14e-03 8.14e-05 2.48e-04 8.14e-05 8.14e-05
46405 9.27100e+03 -3.73123e+00 6.44970e-04 1.13092e-03 1.07e-04 2.05e-06 2.45e-03 4.34e-04 2.34e-04 3.03e-07 2.82e-06 7.86e-05 4.25e-06 8.15e-03 4.29e-06 2.47e-04 4.26e-06 6.67e-06 8.15e-05 8.15e-05 8.15e-03 8.15e-05 2.47e-04 8.15e-05 8.15e-05
46455 9.28100e+03 -3.75820e+00 7.67195e-04 1.62454e-03 8.88e-05 2.38e-06 3.07e-03 3.99e-04 2.77e-04 4.33e-07 4.30e-06 7.86e-05 4.25e-06 8.16e-03 4.29e-06 2.48e-04 4.26e-06 6.67e-06 8.16e-05 8.16e-05 8.16e-03 8.16e-05 2.48e-04 8.16e-05 8.16e-05
46505 9.29100e+03 -3.73472e+00 6.74561e-04 6.49643e-04 1.40e-04 2.52e-06 2.64e-03 4.16e-04 1.73e-04 3.31e-07 2.46e-06 7.86e-05 4.25e-06 8.18e-03 4.29e-06 2.48e-04 4.26e-06 6.67e-06 8.18e-05 8.18e-05 8.18e-03 8.18e-05 2.48e-04 8.18e-05 8.18e-05
46555 9.30100e+03 -3.91227e+00 6.14093e-04 4.03997e-03 6.48e-05 3.14e-06 2.51e-03 2.71e-04 2.22e-04 2.43e-07 3.50e-06 7.86e-05 4.25e-06 8.19e-03 4.29e-06 2.48e-04 4.26e-06 6.67e-06 8.19e-05 8.19e-05 8.19e-03 8.19e-05 2.48e-04 8.19e-05 8.19e-05
46605 9.31100e+03 -3.55611e+00 8.40516e-04 4.63458e-03 1.99e-04 1.61e-06 3.16e-03 5.03e-04 3.38e-04 2.60e-07 2.57e-06 7.86e-05 4.25e-06 8.18e-03 4.29e-06 2.48e-04 4.26e-06 6.67e-06 8.18e-05 8.18e-05 8.18e-03 8.18e-05 2.48e-04 8.18e-05 8.18e-05
46655 9.32100e+03 -3.77618e+00 7.82294e-04 3.25001e-03 8.34e-05 1.31e-06 3.22e-03 4.15e-04 1.91e-04 1.76e-07 2.43e-06 7.86e-05 4.25e-06 8.19e-03 4.29e-06 2.48e-04 4.26e-06 6.67e-06 8.19e-05 8.19e-05 8.19e-03 8.19e-05 2.48e-04 8.19e-05 8.19e-05
46705 9.33100e+03 -3.78415e+00 6.75376e-04 3.06135e-04 1.54e-04 1.74e-06 2.68e-03 3.35e-04 2.05e-04 8.93e-08 2.22e-06 7.86e-05 4.25e-06 8.21e-03 4.29e-06 2.48e-04 4.26e-06 6.67e-06 8.21e-05 8.21e-05 8.21e-03 8.21e-05 2.48e-04 8.21e-05 8.21e-05
46755 9.34100e+03 -3.77071e+00 6.40653e-04 8.34370e-04 6.55e-05 2.04e-06 2.48e-03 4.36e-04 2.19e-04 2.19e-07 2.42e-06 7.86e-05 4.25e-06 8.22e-03 4.29e-06 2.48e-04 4.26e-06 6.67e-06 8.22e-05 8.22e-05 8.22e-03 8.22e-05 2.48e-04 8.22e-05 8.22e-05
46805 9.35100e+03 -3.84239e+00 6.15611e-04 6.37181e-04 9.82e-05 1.79e-06 2.46e-03 3.28e-04 1.93e-04 3.14e-07 4.72e-06 7.86e-05 4.25e-06 8.22e-03 4.29e-06 2.48e-04 4.26e-06 6.67e-06 8.22e-05 8.22e-05 8.22e-03 8.22e-05 2.48e-04 8.22e-05 8.22e-05
46855 9.36100e+03 -3.86448e+00 6.28910e-04 4.36717e-03 1.08e-04 1.93e-06 2.56e-03 2.98e-04 1.81e-04 8.18e-08 2.50e-06 7.86e-05 4.25e-06 8.23e-03 4.29e-06 2.48e-04 4.26e-06 6.67e-06 8.23e-05 8.23e-05 8.23e-03 8.23e-05 2.48e-04 8.23e-05 8.23e-05
46905 9.37100e+03 -3.56283e+00 7.78991e-04 3.16251e-03 2.36e-04 2.90e-06 2.94e-03 4.99e-04 2.16e-04 1.66e-07 4.06e-06 7.86e-05 4.25e-06 8.23e-03 4.29e-06 2.48e-04 4.26e-06 6.67e-06 8.23e-05 8.23e-05 8.23e-03 8.23e-05 2.48e-04 8.23e-05 8.23e-05
46955 9.38100e+03 -3.78921e+00 7.44202e-04 3.31113e-03 1.16e-04 1.77e-06 3.03e-03 3.61e-04 2.12e-04 1.41e-07 3.24e-06 7.86e-05 4.25e-06 8.23e-03 4.29e-06 2.47e-04 4.26e-06 6.67e-06 8.23e-05 8.23e-05 8.23e-03 8.23e-05 2.47e-04 8.23e-05 8.23e-05
47005 9.39100e+03 -3.84149e+00 6.42659e-04 1.37212e-03 8.56e-05 1.88e-06 2.51e-03 3.05e-04 3.11e-04 1.43e-07 1.95e-06 7.86e-05 4.25e-06 8.22e-03 4.29e-06 2.47e-04 4.26e-06 6.67e-06 8.22e-05 8.22e-05 8.22e-03 8.22e-05 2.47e-04 8.22e-05 8.22e-05
47055 9.40100e+03 -3.49872e+00 8.48913e-04 4.90350e-03 1.11e-04 1.70e-06 3.11e-03 6.43e-04 3.79e-04 2.04e-07 3.57e-06 7.86e-05 4.25e-06 8.22e-03 4.29e-06 2.47e-04 4.26e-06 6.67e-06 8.22e-05 8.22e-05 8.22e-03 8.22e-05 2.47e-04 8.22e-05 8.22e-05
47105 9.41100e+03 -3.87806e+00 6.24521e-04 4.52080e-03 1.10e-04 1.65e-06 2.54e-03 2.76e-04 1.97e-04 2.59e-07 1.96e-06 7.86e-05 4.25e-06 8.21e-03 4.29e-06 2.47e-04 4.26e-06 6.67e-06 8.21e-05 8.21e-05 8.21e-03 8.21e-05 2.47e-04 8.21e-05 8.21e-05
47155 9.42100e+03 -3.54909e+00 9.09849e-04 3.52069e-03 6.80e-05 1.93e-06 3.45e-03 6.12e-04 4.16e-04 2.55e-07 2.51e-06 7.86e-05 4.25e-06 8.18e-03 4.29e-06 2.46e-04 4.26e-06 6.67e-06 8.18e-05 8.18e-05 8.18e-03 8.18e-05 2.46e-04 8.18e-05 8.18e-05
47205 9.43100e+03 -3.84632e+00 6.56230e-04 2.63941e-03 6.76e-05 1.70e-06 2.66e-03 3.52e-04 2.01e-04 1.67e-07 2.17e-06 7.86e-05 4.25e-06 8.17e-03 4.29e-06 2.46e-04 4.26e-06 6.67e-06 8.17e-05 8.17e-05 8.17e-03 8.17e-05 2.46e-04 8.17e-05 8.17e-05
47255 9.44100e+03 -3.47023e+00 9.03385e-04 7.53557e-03 1.35e-04 1.65e-06 3.41e-03 6.70e-04 3.05e-04 7.92e-07 4.21e-06 7.86e-05 4.25e-06 8.16e-03 4.29e-06 2.45e-04 4.26e-06 6.67e-06 8.16e-05 8.16e-05 8.16e-03 8.16e-05 2.45e-04 8.16e-05 8.16e-05
47305 9.45100e+03 -3.86848e+00 6.30454e-04 7.08335e-03 1.01e-04 2.15e-06 2.55e-03 2.89e-04 2.13e-04 5.45e-07 3.06e-06 7.86e-05 4.25e-06 8.14e-03 4.29e-06 2.44e-04 4.26e-06 6.67e-06 8.14e-05 8.14e-05 8.14e-03 8.14e-05 2.44e-04 8.14e-05 8.14e-05
47355 9.46100e+03 -3.94733e+00 6.09834e-04 5.72400e-03 5.74e-05 3.17e-06 2.54e-03 2.47e-04 2.04e-04 3.72e-07 1.99e-06 7.86e-05 4.25e-06 8.10e-03 4.29e-06 2.44e-04 4.26e-06 6.67e-06 8.10e-05 8.10e-05 8.10e-03 8.10e-05 2.44e-04 8.10e-05 8.10e-05
47405 9.47100e+03 -3.72082e+00 7.27538e-04 6.51456e-03 8.85e-05 2.07e-06 2.85e-03 4.60e-04 2.32e-04 1.58e-07 2.85e-06 7.86e-05 4.25e-06 8.06e-03 4.29e-06 2.43e-04 4.26e-06 6.67e-06 8.06e-05 8.06e-05 8.06e-03 8.06e-05 2.43e-04 8.06e-05 8.06e-05
47455 9.48100e+03 -3.88049e+00 6.20606e-04 4.37775e-03 1.36e-04 1.87e-06 2.51e-03 2.45e-04 2.07e-04 7.37e-07 1.98e-06 7.86e-05 4.25e-06 8.07e-03 4.29e-06 2.43e-04 4.26e-06 6.67e-06 8.07e-05 8.07e-05 8.07e-03 8.07e-05 2.43e-04 8.07e-05 8.07e-05
47505 9.49100e+03 -3.91238e+00 6.10289e-04 5.70111e-03 6.83e-05 1.79e-06 2.50e-03 2.78e-04 2.04e-04 1.19e-07 2.72e-06 7.86e-05 4.25e-06 8.07e-03 4.29e-06 2.43e-04 4.26e-06 6.67e-06 8.07e-05 8.07e-05 8.07e-03 8.07e-05 2.43e-04 8.07e-05 8.07e-05
47555 9.50100e+03 -3.76565e+00 6.60784e-04 1.80082e-03 6.28e-05 1.91e-06 2.52e-03 4.09e-04 3.15e-04 3.82e-07 5.64e-06 7.86e-05 4.25e-06 8.08e-03 4.29e-06 2.43e-04 4.26e-06 6.67e-06 8.08e-05 8.08e-05 8.08e-03 8.08e-05 2.43e-04 8.08e-05 8.08e-05
47605 9.51100e+03 -3.68205e+00 8.63707e-04 4.01253e-03 7.93e-05 1.96e-06 3.42e-03 4.72e-04 3.42e-04 7.06e-08 2.40e-06 7.86e-05 4.25e-06 8.09e-03 4.29e-06 2.43e-04 4.26e-06 6.67e-06 8.09e-05 8.09e-05 8.09e-03 8.09e-05 2.43e-04 8.09e-05 8.09e-05
47655 9.52100e+03 -3.88993e+00 5.79674e-04 4.73917e-03 8.18e-05 1.99e-06 2.32e-03 2.93e-04 2.00e-04 1.21e-07 2.05e-06 7.86e-05 4.25e-06 8.10e-03 4.29e-06 2.44e-04 4.26e-06 6.67e-06 8.10e-05 8.10e-05 8.10e-03 8.10e-05 2.44e-04 8.10e-05 8.10e-05
47705 9.53100e+03 -3.83242e+00 6.40175e-04 6.45186e-03 8.26e-05 1.72e-06 2.44e-03 2.92e-04 3.86e-04 3.82e-07 4.56e-06 7.86e-05 4.25e-06 8.09e-03 4.29e-06 2.43e-04 4.26e-06 6.67e-06 8.09e-05 8.09e-05 8.09e-03 8.09e-05 2.43e-04 8.09e-05 8.09e-05
47755 9.54100e+03 -3.53332e+00 8.68066e-04 9.42611e-03 6.38e-05 2.28e-06 3.31e-03 6.73e-04 2.91e-04 3.05e-07 3.29e-06 7.86e-05 4.25e-06 8.08e-03 4.29e-06 2.43e-04 4.26e-06 6.67e-06 8.08e-05 8.08e-05 8.08e-03 8.08e-05 2.43e-04 8.08e-05 8.08e-05
47805 9.55100e+03 -3.58090e+00 8.72193e-04 6.51010e-03 1.02e-04 1.52e-06 3.35e-03 5.65e-04 3.39e-04 1.84e-07 2.03e-06 7.86e-05 4.25e-06 8.06e-03 4.29e-06 2.43e-04 4.26e-06 6.67e-06 8.06e-05 8.06e-05 8.06e-03 8.06e-05 2.43e-04 8.06e-05 8.06e-05
47855 9.56100e+03 -3.91007e+00 5.99943e-04 5.59665e-03 8.74e-05 1.51e-06 2.46e-03 2.65e-04 1.90e-04 4.90e-07 4.33e-06 7.86e-05 4.25e-06 8.06e-03 4.29e-06 2.42e-04 4.26e-06 6.67e-06 8.06e-05 8.06e-05 8.06e-03 8.06e-05 2.42e-04 8.06e-05 8.06e-05
47905 9.57100e+03 -3.83390e+00 6.18645e-04 7.18925e-03 9.64e-05 1.64e-06 2.41e-03 3.20e-04 2.62e-04 1.81e-07 2.51e-06 7.86e-05 4.25e-06 8.05e-03 4.29e-06 2.42e-04 4.26e-06 6.67e-06 8.05e-05 8.05e-05 8.05e-03 8.05e-05 2.42e-04 8.05e-05 8.05e-05
47955 9.58100e+03 -3.90111e+00 6.04892e-04 5.33104e-03 7.63e-05 1.74e-06 2.43e-03 2.68e-04 2.50e-04 1.23e-07 2.03e-06 7.86e-05 4.25e-06 8.07e-03 4.29e-06 2.42e-04 4.26e-06 6.67e-06 8.07e-05 8.07e-05 8.07e-03 8.07e-05 2.42e-04 8.07e-05 8.07e-05
48005 9.59100e+03 -3.73375e+00 7.70091e-04 1.36807e-03 2.00e-04 1.82e-06 3.09e-03 3.34e-04 2.26e-04 8.38e-07 3.49e-06 7.86e-05 4.25e-06 8.08e-03 4.29e-06 2.43e-04 4.26e-06 6.67e-06 8.08e-05 8.08e-05 8.08e-03 8.08e-05 2.43e-04 8.08e-05 8.08e-05
48055 9.60100e+03 -3.68228e+00 8.31714e-04 5.88756e-04 8.49e-05 2.27e-06 3.27e-03 4.60e-04 3.41e-04 6.42e-08 1.06e-05 7.86e-05 4.25e-06 8.09e-03 4.29e-06 2.43e-04 4.26e-06 6.67e-06 8.09e-05 8.09e-05 8.09e-03 8.09e-05 2.43e-04 8.09e-05 8.09e-05
48105 9.61100e+03 -3.78952e+00 6.26686e-04 2.73075e-03 1.01e-04 1.86e-06 2.31e-03 3.16e-04 4.09e-04 1.36e-06 2.77e-06 7.86e-05 4.25e-06 8.09e-03 4.29e-06 2.43e-04 4.26e-06 6.67e-06 8.09e-05 8.09e-05 8.09e-03 8.09e-05 2.43e-04 8.09e-05 8.09e-05
48155 9.62100e+03 -3.84192e+00 6.16013e-04 1.84812e-03 1.22e-04 2.23e-06 2.40e-03 2.79e-04 2.73e-04 2.95e-07 4.29e-06 7.86e-05 4.25e-06 8.10e-03 4.29e-06 2.43e-04 4.26e-06 6.67e-06 8.10e-05 8.10e-05 8.10e-03 8.10e-05 2.43e-04 8.10e-05 8.10e-05
48205 9.63100e+03 -3.65723e+00 7.80333e-04 3.47686e-03 1.19e-04 2.74e-06 3.08e-03 5.15e-04 1.84e-04 2.65e-07 2.43e-06 7.86e-05 4.25e-06 8.09e-03 4.29e-06 2.43e-04 4.26e-06 6.67e-06 8.09e-05 8.09e-05 8.09e-03 8.09e-05 2.43e-04 8.09e-05 8.09e-05
48255 9.64100e+03 -3.69182e+00 6.70725e-04 3.93402e-04 4.63e-05 2.67e-06 2.46e-03 5.01e-04 3.44e-04 7.73e-07 3.83e-06 7.86e-05 4.25e-06 8.11e-03 4.29e-06 2.43e-04 4.26e-06 6.67e-06 8.11e-05 8.11e-05 8.11e-03 8.11e-05 2.43e-04 8.11e-05 8.11e-05
48305 9.65100e+03 -3.69182e+00 6.62900e-04 5.35453e-04 7.23e-05 2.58e-06 2.45e-03 4.87e-04 2.99e-04 1.53e-07 7.67e-06 7.86e-05 4.25e-06 8.12e-03 4.29e-06 2.44e-04 4.26e-06 6.67e-06 8.12e-05 8.12e-05 8.12e-03 8.12e-05 2.44e-04 8.12e-05 8.12e-05
48355 9.66100e+03 -3.77519e+00 7.98079e-04 8.55345e-05 7.34e-05 2.42e-06 3.29e-03 4.10e-04 2.13e-04 8.19e-08 8.33e-06 7.86e-05 4.25e-06 8.12e-03 4.29e-06 2.44e-04 4.26e-06 6.67e-06 8.12e-05 8.12e-05 8.12e-03 8.12e-05 2.44e-04 8.12e-05 8.12e-05
48405 9.67100e+03 -3.85066e+00 6.38587e-04 4.92763e-04 1.17e-04 3.11e-06 2.57e-03 2.97e-04 2.04e-04 7.22e-08 2.41e-06 7.86e-05 4.25e-06 8.14e-03 4.29e-06 2.45e-04 4.26e-06 6.67e-06 8.14e-05 8.14e-05 8.14e-03 8.14e-05 2.45e-04 8.14e-05 8.14e-05
48455 9.68100e+03 -3.48823e+00 8.35969e-04 3.15582e-03 1.20e-04 2.07e-06 2.97e-03 6.13e-04 4.74e-04 5.71e-07 2.71e-06 7.86e-05 4.25e-06 8.14e-03 4.29e-06 2.45e-04 4.26e-06 6.67e-06 8.14e-05 8.14e-05 8.14e-03 8.14e-05 2.45e-04 8.14e-05 8.14e-05
48505 9.69100e+03 -3.85894e+00 6.13533e-04 2.97103e-03 1.14e-04 1.89e-06 2.46e-03 2.94e-04 2.01e-04 1.08e-07 1.39e-06 7.86e-05 4.25e-06 8.14e-03 4.29e-06 2.45e-04 4.26e-06 6.67e-06 8.14e-05 8.14e-05 8.14e-03 8.14e-05 2.45e-04 8.14e-05 8.14e-05
48555 9.70100e+03 -3.62970e+00 8.71260e-04 1.99377e-03 8.78e-05 1.38e-06 3.39e-03 5.19e-04 3.59e-04 1.08e-07 2.63e-06 7.86e-05 4.25e-06 8.15e-03 4.29e-06 2.45e-04 4.26e-06 6.67e-06 8.15e-05 8.15e-05 8.15e-03 8.15e-05 2.45e-04 8.15e-05 8.15e-05
48605 9.71100e+03 -3.72444e+00 8.15543e-04 1.41425e-03 9.13e-05 1.38e-06 3.24e-03 4.23e-04 3.19e-04 3.71e-07 2.52e-06 7.86e-05 4.25e-06 8.17e-03 4.29e-06 2.45e-04 4.26e-06 6.67e-06 8.17e-05 8.17e-05 8.17e-03 8.17e-05 2.45e-04 8.17e-05 8.17e-05
48655 9.72100e+03 -3.89314e+00 6.23385e-04 7.25402e-04 7.00e-05 1.94e-06 2.56e-03 3.02e-04 1.84e-04 3.94e-07 2.32e-06 7.86e-05 4.25e-06 8.19e-03 4.29e-06 2.46e-04 4.26e-06 6.67e-06 8.19e-05 8.19e-05 8.19e-03 8.19e-05 2.46e-04 8.19e-05 8.19e-05
48705 9.73100e+03 -3.77217e+00 6.52148e-04 4.30617e-03 8.30e-05 2.06e-06 2.41e-03 3.48e-04 4.16e-04 5.60e-07 5.49e-06 7.86e-05 4.25e-06 8.20e-03 4.29e-06 2.46e-04 4.26e-06 6.67e-06 8.20e-05 8.20e-05 8.20e-03 8.20e-05 2.46e-04 8.20e-05 8.20e-05
48755 9.74100e+03 -3.88442e+00 6.24744e-04 1.95307e-03 6.65e-05 2.32e-06 2.51e-03 2.94e-04 2.49e-04 1.43e-07 2.99e-06 7.86e-05 4.25e-06 8.21e-03 4.29e-06 2.46e-04 4.26e-06 6.67e-06 8.21e-05 8.21e-05 8.21e-03 8.21e-05 2.46e-04 8.21e-05 8.21e-05
48805 9.75100e+03 -3.85513e+00 5.99605e-04 4.56933e-03 7.94e-05 1.91e-06 2.37e-03 3.25e-04 2.27e-04 8.97e-08 1.97e-06 7.86e-05 4.25e-06 8.20e-03 4.29e-06 2.46e-04 4.26e-06 6.67e-06 8.20e-05 8.20e-05 8.20e-03 8.20e-05 2.46e-04 8.20e-05 8.20e-05
48855 9.76100e+03 -3.84378e+00 6.29344e-04 8.40825e-04 9.25e-05 1.74e-06 2.48e-03 3.07e-04 2.71e-04 1.82e-07 4.02e-06 7.86e-05 4.25e-06 8.21e-03 4.29e-06 2.45e-04 4.26e-06 6.67e-06 8.21e-05 8.21e-05 8.21e-03 8.21e-05 2.45e-04 8.21e-05 8.21e-05
48905 9.77100e+03 -3.86029e+00 6.07992e-04 3.76162e-03 9.22e-05 2.48e-06 2.44e-03 3.17e-04 1.85e-04 1.51e-07 3.72e-06 7.86e-05 4.25e-06 8.21e-03 4.29e-06 2.46e-04 4.26e-06 6.67e-06 8.21e-05 8.21e-05 8.21e-03 8.21e-05 2.46e-04 8.21e-05 8.21e-05
48955 9.78100e+03 -3.83275e+00 6.32993e-04 2.71902e-03 1.11e-04 1.84e-06 2.47e-03 2.97e-04 2.86e-04 1.90e-07 2.99e-06 7.86e-05 4.25e-06 8.22e-03 4.29e-06 2.45e-04 4.26e-06 6.67e-06 8.22e-05 8.22e-05 8.22e-03 8.22e-05 2.45e-04 8.22e-05 8.22e-05
49005 9.79100e+03 -3.87424e+00 6.25175e-04 5.08204e-03 7.63e-05 3.15e-06 2.53e-03 3.11e-04 2.02e-04 2.25e-07 2.24e-06 7.86e-05 4.25e-06 8.21e-03 4.29e-06 2.46e-04 4.26e-06 6.67e-06 8.21e-05 8.21e-05 8.21e-03 8.21e-05 2.46e-04 8.21e-05 8.21e-05
49055 9.80100e+03 -3.40855e+00 7.42187e-04 2.91607e-04 2.27e-04 2.05e-06 2.49e-03 6.48e-04 3.41e-04 9.35e-07 3.67e-06 7.86e-05 4.25e-06 8.20e-03 4.29e-06 2.45e-04 4.26e-06 6.67e-06 8.20e-05 8.20e-05 8.20e-03 8.20e-05 2.45e-04 8.20e-05 8.20e-05
49105 9.81100e+03 -3.90537e+00 6.26723e-04 1.86336e-03 8.72e-05 2.37e-06 2.58e-03 2.66e-04 1.98e-04 8.92e-08 2.28e-06 7.86e-05 4.25e-06 8.21e-03 4.29e-06 2.45e-04 4.26e-06 6.67e-06 8.21e-05 8.21e-05 8.21e-03 8.21e-05 2.45e-04 8.21e-05 8.21e-05
49155 9.82100e+03 -3.87269e+00 6.01519e-04 2.18488e-03 8.15e-05 1.73e-06 2.43e-03 3.13e-04 1.84e-04 1.59e-07 5.15e-06 7.86e-05 4.25e-06 8.20e-03 4.29e-06 2.45e-04 4.26e-06 6.67e-06 8.20e-05 8.20e-05 8.20e-03 8.20e-05 2.45e-04 8.20e-05 8.20e-05
49205 9.83100e+03 -3.88967e+00 6.38992e-04 2.83205e-03 9.51e-05 1.59e-06 2.63e-03 2.80e-04 1.87e-04 8.64e-08 2.77e-06 7.86e-05 4.25e-06 8.20e-03 4.29e-06 2.45e-04 4.26e-06 6.67e-06 8.20e-05 8.20e-05 8.20e-03 8.20e-05 2.45e-04 8.20e-05 8.20e-05
49255 9.84100e+03 -3.93046e+00 6.07126e-04 4.45977e-03 6.72e-05 1.77e-06 2.53e-03 2.64e-04 1.77e-04 2.02e-07 3.91e-06 7.86e-05 4.25e-06 8.17e-03 4.29e-06 2.44e-04 4.26e-06 6.67e-06 8.17e-05 8.17e-05 8.17e-03 8.17e-05 2.44e-04 8.17e-05 8.17e-05
49305 9.85100e+03 -3.89715e+00 6.27557e-04 3.32439e-03 6.08e-05 1.71e-06 2.58e-03 3.00e-04 1.94e-04 1.40e-07 6.94e-06 7.86e-05 4.25e-06 8.14e-03 4.29e-06 2.43e-04 4.26e-06 6.67e-06 8.14e-05 8.14e-05 8.14e-03 8.14e-05 2.43e-04 8.14e-05 8.14e-05
49355 9.86100e+03 -3.94094e+00 6.36366e-04 1.23405e-03 5.28e-05 2.24e-06 2.67e-03 2.61e-04 1.92e-04 3.53e-07 3.27e-06 7.86e-05 4.25e-06 8.10e-03 4.29e-06 2.42e-04 4.26e-06 6.67e-06 8.10e-05 8.10e-05 8.10e-03 8.10e-05 2.42e-04 8.10e-05 8.10e-05
49405 9.87100e+03 -3.89073e+00 5.83207e-04 7.01133e-03 8.29e-05 1.61e-06 2.35e-03 2.96e-04 1.83e-04 4.52e-07 2.19e-06 7.86e-05 4.25e-06 8.08e-03 4.29e-06 2.42e-04 4.26e-06 6.67e-06 8.08e-05 8.08e-05 8.08e-03 8.08e-05 2.42e-04 8.08e-05 8.08e-05
49455 9.88100e+03 -3.94235e+00 6.05646e-04 4.26192e-03 5.31e-05 1.50e-06 2.52e-03 2.66e-04 1.88e-04 1.40e-07 1.72e-06 7.86e-05 4.25e-06 8.05e-03 4.29e-06 2.41e-04 4.26e-06 6.67e-06 8.05e-05 8.05e-05 8.05e-03 8.05e-05 2.41e-04 8.05e-05 8.05e-05
49505 9.89100e+03 -3.89818e+00 6.11775e-04 8.07244e-03 9.97e-05 1.58e-06 2.50e-03 2.67e-04 1.94e-04 4.54e-07 1.43e-06 7.86e-05 4.25e-06 8.01e-03 4.29e-06 2.40e-04 4.26e-06 6.67e-06 8.01e-05 8.01e-05 8.01e-03 8.01e-05 2.40e-04 8.01e-05 8.01e-05
49555 9.90100e+03 -3.72507e+00 8.06757e-04 1.07084e-04 5.17e-05 2.19e-06 3.20e-03 4.51e-04 3.31e-04 1.56e-07 6.68e-06 7.86e-05 4.25e-06 7.99e-03 4.29e-06 2.40e-04 4.26e-06 6.67e-06 7.99e-05 7.99e-05 7.99e-03 7.99e-05 2.40e-04 7.99e-05 7.99e-05
49605 9.91100e+03 -3.95143e+00 6.13696e-04 4.11610e-03 5.77e-05 2.25e-06 2.56e-03 2.46e-04 1.99e-04 6.50e-07 2.38e-06 7.86e-05 4.25e-06 7.99e-03 4.29e-06 2.40e-04 4.26e-06 6.67e-06 7.99e-05 7.99e-05 7.99e-03 7.99e-05 2.40e-04 7.99e-05 7.99e-05
49655 9.92100e+03 -3.95410e+00 6.10355e-04 1.50573e-03 5.03e-05 1.51e-06 2.54e-03 2.51e-04 2.05e-04 1.76e-07 2.31e-06 7.86e-05 4.25e-06 7.95e-03 4.29e-06 2.39e-04 4.26e-06 6.67e-06 7.95e-05 7.95e-05 7.95e-03 7.95e-05 2.39e-04 7.95e-05 7.95e-05
49705 9.93100e+03 -3.79390e+00 6.18093e-04 9.97324e-04 9.26e-05 1.64e-06 2.42e-03 3.92e-04 1.86e-04 9.70e-08 4.23e-06 7.86e-05 4.25e-06 7.95e-03 4.29e-06 2.39e-04 4.26e-06 6.67e-06 7.95e-05 7.95e-05 7.95e-03 7.95e-05 2.39e-04 7.95e-05 7.95e-05
49755 9.94100e+03 -3.51423e+00 8.61848e-04 3.11128e-03 7.28e-05 2.08e-06 3.28e-03 6.92e-04 2.60e-04 9.20e-08 1.56e-06 7.86e-05 4.25e-06 7.95e-03 4.29e-06 2.39e-04 4.26e-06 6.67e-06 7.95e-05 7.95e-05 7.95e-03 7.95e-05 2.39e-04 7.95e-05 7.95e-05
49805 9.95100e+03 -3.82793e+00 6.07222e-04 6.28853e-04 6.12e-05 4.15e-06 2.36e-03 3.66e-04 2.43e-04 7.82e-08 2.72e-06 7.86e-05 4.25e-06 7.97e-03 4.29e-06 2.39e-04 4.26e-06 6.67e-06 7.97e-05 7.97e-05 7.97e-03 7.97e-05 2.39e-04 7.97e-05 7.97e-05
49855 9.96100e+03 -3.67978e+00 6.83702e-04 1.01670e-03 1.01e-04 1.95e-06 2.53e-03 4.68e-04 3.17e-04 7.76e-08 3.87e-06 7.86e-05 4.25e-06 7.99e-03 4.29e-06 2.40e-04 4.26e-06 6.67e-06 7.99e-05 7.99e-05 7.99e-03 7.99e-05 2.40e-04 7.99e-05 7.99e-05
49905 9.97100e+03 -3.71190e+00 8.13006e-04 1.25981e-03 7.62e-05 1.58e-06 3.31e-03 4.92e-04 1.90e-04 3.61e-07 2.94e-06 7.86e-05 4.25e-06 8.00e-03 4.29e-06 2.40e-04 4.26e-06 6.67e-06 8.00e-05 8.00e-05 8.00e-03 8.00e-05 2.40e-04 8.00e-05 8.00e-05
49955 9.98100e+03 -3.71175e+00 8.05986e-04 2.58470e-04 9.40e-05 2.31e-06 3.14e-03 4.09e-04 3.88e-04 4.20e-07 3.19e-06 7.86e-05 4.25e-06 8.03e-03 4.29e-06 2.41e-04 4.26e-06 6.67e-06 8.03e-05 8.03e-05 8.03e-03 8.03e-05 2.41e-04 8.03e-05 8.03e-05
50005 9.99000e+03 -3.89218e+00 7.28276e-04 5.95621e-04 6.95e-05 1.76e-06 3.06e-03 2.88e-04 2.17e-04 1.91e-07 4.20e-06 7.86e-05 4.25e-06 8.05e-03 4.29e-06 2.41e-04 4.26e-06 6.67e-06 8.05e-05 8.05e-05 8.05e-03 8.05e-05 2.41e-04 8.05e-05 8.05e-05
50055 1.00000e+04 -3.90449e+00 6.47736e-04 1.49745e-04 9.38e-05 1.72e-06 2.69e-03 2.59e-04 1.96e-04 1.41e-06 4.81e-06 7.86e-05 4.25e-06 8.03e-03 4.29e-06 2.41e-04 4.26e-06 6.67e-06 8.03e-05 8.03e-05 8.03e-03 8.03e-05 2.41e-04 8.03e-05 8.03e-05
50105 1.00100e+04 -3.91174e+00 6.09554e-04 1.07507e-03 8.90e-05 2.08e-06 2.51e-03 2.53e-04 1.98e-04 8.20e-07 8.95e-06 7.86e-05 4.25e-06 8.01e-03 4.29e-06 2.40e-04 4.26e-06 6.67e-06 8.01e-05 8.01e-05 8.01e-03 8.01e-05 2.40e-04 8.01e-05 8.01e-05
50155 1.00200e+04 -3.91193e+00 6.08365e-04 1.96138e-04 7.42e-05 1.90e-06 2.50e-03 2.77e-04 1.93e-04 3.44e-07 2.71e-06 7.86e-05 4.25e-06 8.00e-03 4.29e-06 2.40e-04 4.26e-06 6.67e-06 8.00e-05 8.00e-05 8.00e-03 8.00e-05 2.40e-04 8.00e-05 8.00e-05
50205 1.00300e+04 -3.85046e+00 6.08682e-04 8.97472e-04 7.89e-05 1.79e-06 2.42e-03 3.41e-04 1.97e-04 1.64e-07 2.18e-06 7.86e-05 4.25e-06 8.00e-03 4.29e-06 2.40e-04 4.26e-06 6.67e-06 8.00e-05 8.00e-05 8.00e-03 8.00e-05 2.40e-04 8.00e-05 8.00e-05
50255 1.00400e+04 -3.91490e+00 6.03323e-04 1.83163e-04 5.55e-05 2.36e-06 2.46e-03 2.84e-04 2.18e-04 1.64e-07 1.97e-06 7.86e-05 4.25e-06 8.02e-03 4.29e-06 2.40e-04 4.26e-06 6.67e-06 8.02e-05 8.02e-05 8.02e-03 8.02e-05 2.40e-04 8.02e-05 8.02e-05
50305 1.00500e+04 -3.88504e+00 6.12700e-04 2.03961e-03 5.55e-05 1.82e-06 2.49e-03 3.29e-04 1.83e-04 1.18e-07 2.38e-06 7.86e-05 4.25e-06 8.00e-03 4.29e-06 2.40e-04 4.26e-06 6.67e-06 8.00e-05 8.00e-05 8.00e-03 8.00e-05 2.40e-04 8.00e-05 8.00e-05
50355 1.00600e+04 -3.91374e+00 6.07736e-04 5.89351e-03 5.65e-05 2.56e-06 2.50e-03 2.92e-04 1.91e-04 3.88e-07 3.52e-06 7.86e-05 4.25e-06 7.98e-03 4.29e-06 2.40e-04 4.26e-06 6.67e-06 7.98e-05 7.98e-05 7.98e-03 7.98e-05 2.40e-04 7.98e-05 7.98e-05
50405 1.00700e+04 -3.49813e+00 8.88098e-04 1.21156e-03 8.73e-05 2.42e-06 3.30e-03 6.46e-04 4.05e-04 7.57e-08 3.84e-06 7.86e-05 4.25e-06 7.97e-03 4.29e-06 2.40e-04 4.26e-06 6.67e-06 7.97e-05 7.97e-05 7.97e-03 7.97e-05 2.40e-04 7.97e-05 7.97e-05
50455 1.00800e+04 -3.89047e+00 5.80460e-04 6.26535e-03 1.10e-04 1.86e-06 2.34e-03 2.71e-04 1.84e-04 5.79e-08 1.62e-06 7.86e-05 4.25e-06 7.97e-03 4.29e-06 2.40e-04 4.26e-06 6.67e-06 7.97e-05 7.97e-05 7.97e-03 7.97e-05 2.40e-04 7.97e-05 7.97e-05
50505 1.00900e+04 -3.96155e+00 6.14568e-04 1.52991e-03 5.38e-05 2.14e-06 2.59e-03 2.47e-04 1.80e-04 8.49e-08 1.92e-06 7.86e-05 4.25e-06 7.94e-03 4.29e-06 2.39e-04 4.26e-06 6.67e-06 7.94e-05 7.94e-05 7.94e-03 7.94e-05 2.39e-04 7.94e-05 7.94e-05
50555 1.01000e+04 -3.78478e+00 6.25190e-04 1.47652e-03 8.04e-05 1.70e-06 2.38e-03 3.86e-04 2.79e-04 1.10e-07 2.25e-06 7.86e-05 4.25e-06 7.93e-03 4.29e-06 2.39e-04 4.26e-06 6.67e-06 7.93e-05 7.93e-05 7.93e-03 7.93e-05 2.39e-04 7.93e-05 7.93e-05
50605 1.01100e+04 -3.75143e+00 7.68407e-04 9.10914e-04 1.05e-04 1.92e-06 3.09e-03 4.03e-04 2.39e-04 3.88e-07 3.45e-06 7.86e-05 4.25e-06 7.91e-03 4.29e-06 2.38e-04 4.26e-06 6.67e-06 7.91e-05 7.91e-05 7.91e-03 7.91e-05 2.38e-04 7.91e-05 7.91e-05
50655 1.01200e+04 -3.84883e+00 6.64191e-04 1.64658e-03 1.10e-04 1.92e-06 2.71e-03 3.09e-04 1.94e-04 3.41e-07 3.57e-06 7.86e-05 4.25e-06 7.92e-03 4.29e-06 2.38e-04 4.26e-06 6.67e-06 7.92e-05 7.92e-05 7.92e-03 7.92e-05 2.38e-04 7.92e-05 7.92e-05
50705 1.01300e+04 -3.82867e+00 6.41932e-04 5.32165e-04 7.45e-05 1.59e-06 2.52e-03 3.45e-04 2.68e-04 4.60e-08 2.42e-06 7.86e-05 4.25e-06 7.93e-03 4.29e-06 2.39e-04 4.26e-06 6.67e-06 7.93e-05 7.93e-05 7.93e-03 7.93e-05 2.39e-04 7.93e-05 7.93e-05
50755 1.01400e+04 -3.94382e+00 5.86832e-04 2.92971e-03 4.26e-05 1.63e-06 2.42e-03 2.77e-04 1.91e-04 5.14e-08 1.35e-06 7.86e-05 4.25e-06 7.92e-03 4.29e-06 2.39e-04 4.26e-06 6.67e-06 7.92e-05 7.92e-05 7.92e-03 7.92e-05 2.39e-04 7.92e-05 7.92e-05
50805 1.01500e+04 -3.78832e+00 7.77030e-04 3.92965e-04 5.47e-05 2.24e-06 3.21e-03 4.13e-04 2.10e-04 1.07e-07 1.10e-05 7.86e-05 4.25e-06 7.89e-03 4.29e-06 2.38e-04 4.26e-06 6.67e-06 7.89e-05 7.89e-05 7.89e-03 7.89e-05 2.38e-04 7.89e-05 7.89e-05
50855 1.01600e+04 -3.91098e+00 6.10629e-04 2.13096e-03 8.77e-05 2.49e-06 2.51e-03 2.65e-04 1.89e-04 2.21e-07 3.96e-06 7.86e-05 4.25e-06 7.88e-03 4.29e-06 2.38e-04 4.26e-06 6.67e-06 7.88e-05 7.88e-05 7.88e-03 7.88e-05 2.38e-04 7.88e-05 7.88e-05
50905 1.01700e+04 -3.75065e+00 7.97209e-04 7.61220e-04 9.41e-05 2.08e-06 3.20e-03 3.93e-04 2.99e-04 1.56e-07 3.37e-06 7.84e-05 4.25e-06 7.86e-03 4.29e-06 2.38e-04 4.26e-06 6.67e-06 7.86e-05 7.86e-05 7.86e-03 7.86e-05 2.38e-04 7.86e-05 7.86e-05
50955 1.01800e+04 -3.85195e+00 6.12207e-04 5.81955e-04 1.61e-04 1.47e-06 2.45e-03 2.64e-04 1.82e-04 1.55e-07 1.78e-06 7.84e-05 4.25e-06 7.86e-03 4.29e-06 2.38e-04 4.26e-06 6.67e-06 7.86e-05 7.86e-05 7.86e-03 7.86e-05 2.38e-04 7.86e-05 7.86e-05
51005 1.01900e+04 -3.85315e+00 7.23817e-04 4.35404e-04 6.62e-05 1.81e-06 3.00e-03 3.31e-04 2.24e-04 3.45e-07 7.25e-06 7.91e-05 4.25e-06 7.83e-03 4.29e-06 2.37e-04 4.26e-06 6.67e-06 7.91e-05 7.83e-05 7.83e-03 7.83e-05 2.37e-04 7.83e-05 7.83e-05
51055 1.02000e+04 -3.83244e+00 6.99318e-04 3.08603e-03 7.72e-05 3.02e-06 2.86e-03 3.48e-04 2.12e-04 9.93e-08 6.96e-06 7.99e-05 4.25e-06 7.83e-03 4.29e-06 2.37e-04 4.26e-06 6.67e-06 7.99e-05 7.83e-05 7.83e-03 7.83e-05 2.37e-04 7.83e-05 7.83e-05
51105 1.02100e+04 -3.74409e+00 7.72542e-04 9.63403e-05 5.53e-05 1.67e-06 3.11e-03 4.61e-04 2.39e-04 1.11e-07 2.78e-06 8.00e-05 4.25e-06 7.85e-03 4.29e-06 2.38e-04 4.26e-06 6.67e-06 8.00e-05 7.85e-05 7.85e-03 7.85e-05 2.38e-04 7.85e-05 7.85e-05
51155 1.02200e+04 -3.75088e+00 7.75231e-04 1.15309e-03 5.52e-05 2.01e-06 3.13e-03 4.46e-04 2.42e-04 2.04e-07 8.46e-06 7.93e-05 4.25e-06 7.87e-03 4.29e-06 2.39e-04 4.26e-06 6.67e-06 7.93e-05 7.87e-05 7.87e-03 7.87e-05 2.39e-04 7.87e-05 7.87e-05
51205 1.02300e+04 -3.89939e+00 6.08349e-04 3.64053e-03 8.49e-05 1.92e-06 2.48e-03 2.81e-04 1.98e-04 2.76e-07 1.68e-06 7.93e-05 4.25e-06 7.87e-03 4.29e-06 2.39e-04 4.26e-06 6.67e-06 7.93e-05 7.87e-05 7.87e-03 7.87e-05 2.39e-04 7.87e-05 7.87e-05
51255 1.02400e+04 -3.91613e+00 6.13234e-04 2.97915e-03 8.13e-05 1.63e-06 2.52e-03 2.67e-04 1.96e-04 1.21e-07 1.68e-06 7.91e-05 4.25e-06 7.85e-03 4.29e-06 2.38e-04 4.26e-06 6.67e-06 7.91e-05 7.85e-05 7.85e-03 7.85e-05 2.38e-04 7.85e-05 7.85e-05
51305 1.02500e+04 -3.80815e+00 7.27685e-04 2.07886e-04 9.20e-05 1.44e-06 2.95e-03 3.56e-04 2.40e-04 1.60e-07 2.30e-06 7.89e-05 4.25e-06 7.82e-03 4.29e-06 2.37e-04 4.26e-06 6.67e-06 7.89e-05 7.82e-05 7.82e-03 7.82e-05 2.37e-04 7.82e-05 7.82e-05
51355 1.02600e+04 -3.85719e+00 6.41916e-04 2.89740e-04 6.06e-05 2.59e-06 2.58e-03 3.32e-04 2.37e-04 5.18e-08 6.75e-06 7.90e-05 4.25e-06 7.82e-03 4.29e-06 2.38e-04 4.26e-06 6.67e-06 7.90e-05 7.82e-05 7.82e-03 7.82e-05 2.38e-04 7.82e-05 7.82e-05
51405 1.02700e+04 -3.89335e+00 6.28026e-04 3.35743e-03 8.83e-05 1.44e-06 2.57e-03 2.81e-04 2.04e-04 1.13e-07 3.91e-06 7.92e-05 4.25e-06 7.82e-03 4.29e-06 2.38e-04 4.26e-06 6.67e-06 7.92e-05 7.82e-05 7.82e-03 7.82e-05 2.38e-04 7.82e-05 7.82e-05
51455 1.02800e+04 -3.90727e+00 6.14394e-04 3.30854e-03 8.62e-05 1.40e-06 2.51e-03 2.71e-04 2.03e-04 2.96e-07 1.27e-06 7.94e-05 4.25e-06 7.80e-03 4.29e-06 2.38e-04 4.26e-06 6.67e-06 7.94e-05 7.80e-05 7.80e-03 7.80e-05 2.38e-04 7.80e-05 7.80e-05
51505 1.02900e+04 -3.75866e+00 6.37185e-04 3.78209e-04 1.04e-04 1.96e-06 2.46e-03 4.11e-04 2.10e-04 6.76e-07 3.40e-06 7.95e-05 4.25e-06 7.80e-03 4.29e-06 2.38e-04 4.26e-06 6.67e-06 7.95e-05 7.80e-05 7.80e-03 7.80e-05 2.38e-04 7.80e-05 7.80e-05
51555 1.03000e+04 -3.74699e+00 7.79898e-04 5.20653e-05 6.82e-05 1.77e-06 3.13e-03 4.38e-04 2.60e-04 1.17e-07 1.93e-06 7.98e-05 4.25e-06 7.82e-03 4.29e-06 2.38e-04 4.26e-06 6.67e-06 7.98e-05 7.82e-05 7.82e-03 7.82e-05 2.38e-04 7.82e-05 7.82e-05
51605 1.03100e+04 -3.64223e+00 8.10215e-04 3.50419e-04 9.50e-05 1.34e-06 3.16e-03 5.23e-04 2.70e-04 7.85e-08 2.42e-06 7.97e-05 4.25e-06 7.85e-03 4.29e-06 2.39e-04 4.26e-06 6.67e-06 7.97e-05 7.85e-05 7.85e-03 7.85e-05 2.39e-04 7.85e-05 7.85e-05
51655 1.03200e+04 -3.93626e+00 6.15899e-04 1.02013e-03 7.24e-05 1.40e-06 2.56e-03 2.56e-04 1.89e-04 7.84e-08 1.64e-06 7.97e-05 4.25e-06 7.84e-03 4.29e-06 2.39e-04 4.26e-06 6.67e-06 7.97e-05 7.84e-05 7.84e-03 7.84e-05 2.39e-04 7.84e-05 7.84e-05
51705 1.03300e+04 -3.54154e+00 8.49486e-04 2.33663e-03 6.12e-05 1.53e-06 3.23e-03 6.57e-04 2.96e-04 2.02e-07 1.68e-06 7.96e-05 4.25e-06 7.82e-03 4.29e-06 2.38e-04 4.26e-06 6.67e-06 7.96e-05 7.82e-05 7.82e-03 7.82e-05 2.38e-04 7.82e-05 7.82e-05
51755 1.03400e+04 -3.79700e+00 6.04188e-04 1.96050e-04 1.00e-04 1.77e-06 2.34e-03 3.78e-04 2.04e-04 1.36e-07 2.50e-06 7.95e-05 4.25e-06 7.83e-03 4.29e-06 2.38e-04 4.26e-06 6.67e-06 7.95e-05 7.83e-05 7.83e-03 7.83e-05 2.38e-04 7.83e-05 7.83e-05
51805 1.03500e+04 -3.86572e+00 6.05616e-04 1.29462e-03 1.08e-04 1.92e-06 2.43e-03 2.98e-04 1.91e-04 8.25e-08 1.58e-06 7.97e-05 4.25e-06 7.85e-03 4.29e-06 2.38e-04 4.26e-06 6.67e-06 7.97e-05 7.85e-05 7.85e-03 7.85e-05 2.38e-04 7.85e-05 7.85e-05
51855 1.03600e+04 -3.62255e+00 8.24678e-04 2.42151e-03 5.41e-05 2.35e-06 3.23e-03 5.95e-04 2.38e-04 7.38e-08 1.32e-06 7.96e-05 4.25e-06 7.85e-03 4.29e-06 2.38e-04 4.26e-06 6.67e-06 7.96e-05 7.85e-05 7.85e-03 7.85e-05 2.38e-04 7.85e-05 7.85e-05
51905 1.03700e+04 -3.80083e+00 7.97360e-04 1.36071e-03 5.28e-05 1.64e-06 3.34e-03 4.22e-04 1.69e-04 1.24e-07 2.74e-06 7.96e-05 4.25e-06 7.87e-03 4.29e-06 2.39e-04 4.26e-06 6.67e-06 7.96e-05 7.87e-05 7.87e-03 7.87e-05 2.39e-04 7.87e-05 7.87e-05
51955 1.03800e+04 -3.93093e+00 5.90875e-04 1.11043e-03 5.89e-05 2.01e-06 2.43e-03 2.72e-04 1.96e-04 9.50e-08 2.76e-06 7.95e-05 4.25e-06 7.89e-03 4.29e-06 2.39e-04 4.26e-06 6.67e-06 7.95e-05 7.89e-05 7.89e-03 7.89e-05 2.39e-04 7.89e-05 7.89e-05
52005 1.03900e+04 -3.88302e+00 6.36115e-04 1.54778e-03 8.48e-05 1.75e-06 2.53e-03 2.63e-04 3.06e-04 1.28e-07 1.96e-06 7.95e-05 4.25e-06 7.89e-03 4.29e-06 2.39e-04 4.26e-06 6.67e-06 7.95e-05 7.89e-05 7.89e-03 7.89e-05 2.39e-04 7.89e-05 7.89e-05
52055 1.04000e+04 -3.74411e+00 6.20584e-04 7.50389e-05 1.15e-04 1.73e-06 2.37e-03 4.23e-04 1.98e-04 6.57e-07 3.00e-06 7.93e-05 4.25e-06 7.92e-03 4.29e-06 2.39e-04 4.26e-06 6.67e-06 7.93e-05 7.92e-05 7.92e-03 7.92e-05 2.39e-04 7.92e-05 7.92e-05
52105 1.04100e+04 -3.80780e+00 6.61921e-04 1.22276e-03 9.39e-05 2.19e-06 2.61e-03 3.54e-04 2.52e-04 3.96e-07 1.67e-06 7.93e-05 4.25e-06 7.94e-03 4.29e-06 2.39e-04 4.26e-06 6.67e-06 7.94e-05 7.94e-05 7.94e-03 7.94e-05 2.39e-04 7.94e-05 7.94e-05
52155 1.04200e+04 -3.90830e+00 6.15642e-04 1.11055e-03 8.70e-05 1.58e-06 2.54e-03 2.75e-04 1.79e-04 1.49e-07 1.52e-06 7.93e-05 4.25e-06 7.93e-03 4.29e-06 2.39e-04 4.26e-06 6.67e-06 7.93e-05 7.93e-05 7.93e-03 7.93e-05 2.39e-04 7.93e-05 7.93e-05
52205 1.04300e+04 -3.94346e+00 6.01894e-04 3.91768e-03 5.41e-05 1.51e-06 2.50e-03 2.64e-04 1.86e-04 1.31e-07 4.33e-06 7.92e-05 4.25e-06 7.92e-03 4.29e-06 2.39e-04 4.26e-06 6.67e-06 7.92e-05 7.92e-05 7.92e-03 7.92e-05 2.39e-04 7.92e-05 7.92e-05
52255 1.04400e+04 -3.93805e+00 6.25869e-04 3.93356e-04 5.43e-05 1.88e-06 2.61e-03 2.66e-04 2.00e-04 1.28e-07 2.54e-06 7.92e-05 4.25e-06 7.90e-03 4.29e-06 2.38e-04 4.26e-06 6.67e-06 7.92e-05 7.90e-05 7.90e-03 7.90e-05 2.38e-04 7.90e-05 7.90e-05
52305 1.04500e+04 -3.94355e+00 6.39065e-04 7.59067e-04 8.91e-05 1.62e-06 2.70e-03 2.34e-04 1.69e-04 1.51e-07 3.51e-06 7.93e-05 4.25e-06 7.86e-03 4.29e-06 2.37e-04 4.26e-06 6.67e-06 7.93e-05 7.86e-05 7.86e-03 7.86e-05 2.37e-04 7.86e-05 7.86e-05
52355 1.04600e+04 -3.95708e+00 6.65260e-04 6.64574e-04 6.93e-05 1.62e-06 2.83e-03 2.29e-04 2.02e-04 1.35e-07 2.81e-06 7.93e-05 4.25e-06 7.81e-03 4.29e-06 2.36e-04 4.26e-06 6.67e-06 7.93e-05 7.81e-05 7.81e-03 7.81e-05 2.36e-04 7.81e-05 7.81e-05
52405 1.04700e+04 -3.79624e+00 6.38013e-04 4.62558e-04 1.05e-04 1.81e-06 2.50e-03 3.70e-04 2.14e-04 1.59e-07 1.83e-06 7.98e-05 4.25e-06 7.80e-03 4.29e-06 2.36e-04 4.26e-06 6.67e-06 7.98e-05 7.80e-05 7.80e-03 7.80e-05 2.36e-04 7.80e-05 7.80e-05
52455 1.04800e+04 -3.87340e+00 6.36269e-04 1.75500e-04 1.25e-04 1.79e-06 2.57e-03 2.61e-04 2.22e-04 1.70e-07 3.44e-06 8.00e-05 4.25e-06 7.78e-03 4.29e-06 2.35e-04 4.26e-06 6.67e-06 8.00e-05 7.78e-05 7.78e-03 7.78e-05 2.35e-04 7.78e-05 7.78e-05
52505 1.04900e+04 -3.91906e+00 6.58533e-04 1.09632e-03 4.74e-05 2.06e-06 2.73e-03 2.83e-04 2.29e-04 3.15e-07 2.88e-06 8.01e-05 4.25e-06 7.76e-03 4.29e-06 2.35e-04 4.26e-06 6.67e-06 8.01e-05 7.76e-05 7.76e-03 7.76e-05 2.35e-04 7.76e-05 7.76e-05
52555 1.05000e+04 -3.86686e+00 6.33364e-04 2.90620e-04 5.79e-05 2.32e-06 2.55e-03 3.29e-04 2.26e-04 4.80e-07 5.95e-06 8.00e-05 4.25e-06 7.75e-03 4.29e-06 2.35e-04 4.26e-06 6.67e-06 8.00e-05 7.75e-05 7.75e-03 7.75e-05 2.35e-04 7.75e-05 7.75e-05
52605 1.05100e+04 -3.73118e+00 6.84844e-04 1.92125e-04 7.50e-05 1.63e-06 2.65e-03 4.54e-04 2.48e-04 3.50e-07 4.69e-06 8.00e-05 4.25e-06 7.75e-03 4.29e-06 2.35e-04 4.26e-06 6.67e-06 8.00e-05 7.75e-05 7.75e-03 7.75e-05 2.35e-04 7.75e-05 7.75e-05
52655 1.05200e+04 -3.90470e+00 5.81562e-04 4.17499e-04 1.16e-04 1.37e-06 2.34e-03 2.46e-04 2.07e-04 1.81e-07 1.25e-06 8.01e-05 4.25e-06 7.77e-03 4.29e-06 2.35e-04 4.26e-06 6.67e-06 8.01e-05 7.77e-05 7.77e-03 7.77e-05 2.35e-04 7.77e-05 7.77e-05
52705 1.05300e+04 -3.95429e+00 6.68305e-04 1.19840e-04 8.00e-05 1.58e-06 2.85e-03 2.31e-04 1.76e-04 2.58e-07 2.61e-06 8.04e-05 4.25e-06 7.73e-03 4.29e-06 2.35e-04 4.26e-06 6.67e-06 8.04e-05 7.73e-05 7.73e-03 7.73e-05 2.35e-04 7.73e-05 7.73e-05
52755 1.05400e+04 -3.95514e+00 5.84059e-04 1.19831e-04 7.65e-05 1.65e-06 2.41e-03 2.29e-04 2.04e-04 2.59e-07 1.85e-06 8.05e-05 4.25e-06 7.73e-03 4.29e-06 2.35e-04 4.26e-06 6.67e-06 8.05e-05 7.73e-05 7.73e-03 7.73e-05 2.35e-04 7.73e-05 7.73e-05
52805 1.05500e+04 -3.79483e+00 6.35378e-04 5.53607e-04 1.12e-04 2.64e-06 2.46e-03 3.47e-04 2.52e-04 1.85e-07 5.76e-06 8.06e-05 4.25e-06 7.74e-03 4.29e-06 2.35e-04 4.26e-06 6.67e-06 8.06e-05 7.74e-05 7.74e-03 7.74e-05 2.35e-04 7.74e-05 7.74e-05
52855 1.05600e+04 -3.96043e+00 6.16467e-04 1.01705e-03 7.18e-05 2.01e-06 2.60e-03 2.38e-04 1.69e-04 1.24e-07 1.86e-06 8.08e-05 4.25e-06 7.72e-03 4.29e-06 2.35e-04 4.26e-06 6.67e-06 8.08e-05 7.72e-05 7.72e-03 7.72e-05 2.35e-04 7.72e-05 7.72e-05
52905 1.05700e+04 -3.90988e+00 6.02978e-04 1.59461e-03 6.66e-05 1.79e-06 2.45e-03 2.80e-04 2.15e-04 1.38e-07 5.65e-06 8.10e-05 4.25e-06 7.70e-03 4.29e-06 2.34e-04 4.26e-06 6.67e-06 8.10e-05 7.70e-05 7.70e-03 7.70e-05 2.34e-04 7.70e-05 7.70e-05
52955 1.05800e+04 -3.59757e+00 8.32449e-04 7.18571e-04 1.10e-04 1.52e-06 3.25e-03 5.64e-04 2.33e-04 2.36e-07 3.59e-06 8.11e-05 4.25e-06 7.69e-03 4.29e-06 2.34e-04 4.26e-06 6.67e-06 8.11e-05 7.69e-05 7.69e-03 7.69e-05 2.34e-04 7.69e-05 7.69e-05
53005 1.05900e+04 -3.85472e+00 6.16574e-04 1.05925e-03 1.26e-04 2.05e-06 2.46e-03 2.91e-04 2.03e-04 2.09e-07 1.04e-06 8.12e-05 4.25e-06 7.70e-03 4.29e-06 2.34e-04 4.26e-06 6.67e-06 8.12e-05 7.70e-05 7.70e-03 7.70e-05 2.34e-04 7.70e-05 7.70e-05
53055 1.06000e+04 -3.89008e+00 6.20431e-04 3.27400e-03 1.24e-04 1.98e-06 2.51e-03 2.50e-04 2.17e-04 1.23e-07 1.33e-06 8.11e-05 4.25e-06 7.69e-03 4.29e-06 2.33e-04 4.26e-06 6.67e-06 8.11e-05 7.69e-05 7.69e-03 7.69e-05 2.33e-04 7.69e-05 7.69e-05
53105 1.06100e+04 -3.91608e+00 6.29460e-04 2.11162e-03 1.01e-04 1.59e-06 2.61e-03 2.55e-04 1.80e-04 9.99e-08 2.45e-06 8.13e-05 4.25e-06 7.65e-03 4.29e-06 2.32e-04 4.26e-06 6.67e-06 8.13e-05 7.65e-05 7.65e-03 7.65e-05 2.32e-04 7.65e-05 7.65e-05
53155 1.06200e+04 -3.92787e+00 5.98142e-04 4.08410e-04 5.84e-05 1.63e-06 2.45e-03 2.78e-04 2.00e-04 2.08e-07 1.72e-06 8.14e-05 4.25e-06 7.65e-03 4.29e-06 2.32e-04 4.26e-06 6.67e-06 8.14e-05 7.65e-05 7.65e-03 7.65e-05 2.32e-04 7.65e-05 7.65e-05
53205 1.06300e+04 -3.80191e+00 6.58759e-04 1.80269e-04 1.32e-04 1.95e-06 2.59e-03 3.24e-04 2.44e-04 1.90e-07 5.27e-06 8.14e-05 4.25e-06 7.65e-03 4.29e-06 2.32e-04 4.26e-06 6.67e-06 8.14e-05 7.65e-05 7.65e-03 7.65e-05 2.32e-04 7.65e-05 7.65e-05
53255 1.06400e+04 -3.95319e+00 5.99731e-04 4.62536e-05 7.03e-05 1.86e-06 2.50e-03 2.44e-04 1.86e-04 1.61e-07 1.47e-06 8.15e-05 4.25e-06 7.63e-03 4.29e-06 2.32e-04 4.26e-06 6.67e-06 8.15e-05 7.63e-05 7.63e-03 7.63e-05 2.32e-04 7.63e-05 7.63e-05
53305 1.06500e+04 -3.83042e+00 7.25442e-04 8.45331e-04 7.14e-05 1.38e-06 2.98e-03 3.60e-04 2.16e-04 1.27e-07 1.59e-06 8.14e-05 4.25e-06 7.61e-03 4.29e-06 2.32e-04 4.26e-06 6.67e-06 8.14e-05 7.61e-05 7.61e-03 7.61e-05 2.32e-04 7.61e-05 7.61e-05
53355 1.06600e+04 -3.88383e+00 6.07138e-04 1.37030e-03 1.15e-04 1.75e-06 2.44e-03 2.67e-04 2.14e-04 2.44e-07 2.14e-06 8.15e-05 4.25e-06 7.62e-03 4.29e-06 2.32e-04 4.26e-06 6.67e-06 8.15e-05 7.62e-05 7.62e-03 7.62e-05 2.32e-04 7.62e-05 7.62e-05
53405 1.06700e+04 -3.88829e+00 6.82328e-04 6.81105e-04 1.02e-04 1.57e-06 2.84e-03 2.71e-04 1.94e-04 1.33e-07 8.28e-06 8.15e-05 4.25e-06 7.59e-03 4.29e-06 2.31e-04 4.26e-06 6.67e-06 8.15e-05 7.59e-05 7.59e-03 7.59e-05 2.31e-04 7.59e-05 7.59e-05
53455 1.06800e+04 -3.75259e+00 7.59787e-04 4.14361e-04 6.81e-05 1.41e-06 3.07e-03 4.43e-04 2.20e-04 1.90e-07 2.05e-06 8.15e-05 4.25e-06 7.61e-03 4.29e-06 2.32e-04 4.26e-06 6.67e-06 8.15e-05 7.61e-05 7.61e-03 7.61e-05 2.32e-04 7.61e-05 7.61e-05
53505 1.06900e+04 -3.90805e+00 6.49137e-04 2.45334e-03 5.28e-05 1.59e-06 2.69e-03 3.04e-04 1.95e-04 1.62e-07 1.86e-06 8.16e-05 4.25e-06 7.60e-03 4.29e-06 2.31e-04 4.26e-06 6.67e-06 8.16e-05 7.60e-05 7.60e-03 7.60e-05 2.31e-04 7.60e-05 7.60e-05
53555 1.07000e+04 -3.80215e+00 6.59521e-04 1.45329e-04 6.29e-05 2.01e-06 2.56e-03 3.71e-04 3.06e-04 2.50e-07 2.11e-06 8.16e-05 4.25e-06 7.61e-03 4.29e-06 2.31e-04 4.26e-06 6.67e-06 8.16e-05 7.61e-05 7.61e-03 7.61e-05 2.31e-04 7.61e-05 7.61e-05
53605 1.07100e+04 -3.85959e+00 6.30819e-04 1.86226e-04 7.09e-05 1.86e-06 2.55e-03 3.40e-04 1.95e-04 3.90e-07 1.48e-06 8.15e-05 4.25e-06 7.63e-03 4.29e-06 2.32e-04 4.26e-06 6.67e-06 8.15e-05 7.63e-05 7.63e-03 7.63e-05 2.32e-04 7.63e-05 7.63e-05
53655 1.07200e+04 -3.84899e+00 6.16995e-04 2.36540e-04 6.53e-05 1.56e-06 2.45e-03 3.48e-04 2.23e-04 2.92e-07 2.09e-06 8.16e-05 4.25e-06 7.66e-03 4.29e-06 2.33e-04 4.26e-06 6.67e-06 8.16e-05 7.66e-05 7.66e-03 7.66e-05 2.33e-04 7.66e-05 7.66e-05
53705 1.07300e+04 -3.92132e+00 6.37936e-04 1.22788e-03 8.61e-05 1.58e-06 2.65e-03 2.61e-04 1.88e-04 1.42e-07 1.46e-06 8.17e-05 4.25e-06 7.64e-03 4.29e-06 2.32e-04 4.26e-06 6.67e-06 8.17e-05 7.64e-05 7.64e-03 7.64e-05 2.32e-04 7.64e-05 7.64e-05
53755 1.07400e+04 -3.94128e+00 5.71159e-04 1.69965e-04 5.31e-05 1.74e-06 2.35e-03 2.81e-04 1.65e-04 3.29e-07 1.73e-06 8.17e-05 4.25e-06 7.61e-03 4.29e-06 2.32e-04 4.26e-06 6.67e-06 8.17e-05 7.61e-05 7.61e-03 7.61e-05 2.32e-04 7.61e-05 7.61e-05
53805 1.07500e+04 -3.91578e+00 6.43771e-04 2.59621e-04 9.59e-05 1.34e-06 2.65e-03 2.46e-04 2.23e-04 1.88e-07 2.81e-06 8.16e-05 4.25e-06 7.58e-03 4.29e-06 2.31e-04 4.26e-06 6.67e-06 8.16e-05 7.58e-05 7.58e-03 7.58e-05 2.31e-04 7.58e-05 7.58e-05
53855 1.07600e+04 -3.58736e+00 8.01927e-04 4.93693e-04 1.11e-04 1.79e-06 3.11e-03 5.80e-04 2.09e-04 2.33e-07 3.31e-06 8.16e-05 4.25e-06 7.59e-03 4.29e-06 2.31e-04 4.26e-06 6.67e-06 8.16e-05 7.59e-05 7.59e-03 7.59e-05 2.31e-04 7.59e-05 7.59e-05
53905 1.07700e+04 -3.82188e+00 7.61185e-04 1.96376e-04 5.92e-05 1.50e-06 3.14e-03 3.67e-04 2.34e-04 3.07e-07 7.19e-06 8.15e-05 4.25e-06 7.62e-03 4.29e-06 2.32e-04 4.26e-06 6.67e-06 8.15e-05 7.62e-05 7.62e-03 7.62e-05 2.32e-04 7.62e-05 7.62e-05
53955 1.07800e+04 -3.63220e+00 6.83954e-04 6.29160e-04 9.61e-05 2.39e-06 2.56e-03 5.48e-04 2.14e-04 1.40e-07 6.22e-06 8.15e-05 4.25e-06 7.64e-03 4.29e-06 2.32e-04 4.26e-06 6.67e-06 8.15e-05 7.64e-05 7.64e-03 7.64e-05 2.32e-04 7.64e-05 7.64e-05
54005 1.07900e+04 -3.61379e+00 7.77494e-04 6.46933e-05 9.24e-05 1.66e-06 2.93e-03 5.36e-04 3.27e-04 2.32e-07 1.63e-06 8.16e-05 4.25e-06 7.66e-03 4.29e-06 2.32e-04 4.26e-06 6.67e-06 8.16e-05 7.66e-05 7.66e-03 7.66e-05 2.32e-04 7.66e-05 7.66e-05
54055 1.08000e+04 -3.94994e+00 6.25711e-04 4.73629e-04 5.86e-05 1.43e-06 2.62e-03 2.56e-04 1.90e-04 2.33e-07 1.90e-06 8.16e-05 4.25e-06 7.66e-03 4.29e-06 2.32e-04 4.26e-06 6.67e-06 8.16e-05 7.66e-05 7.66e-03 7.66e-05 2.32e-04 7.66e-05 7.66e-05
54105 1.08100e+04 -3.91160e+00 5.74661e-04 1.64011e-04 9.61e-05 1.27e-06 2.32e-03 2.66e-04 1.87e-04 1.73e-07 2.50e-06 8.16e-05 4.25e-06 7.62e-03 4.29e-06 2.31e-04 4.26e-06 6.67e-06 8.16e-05 7.62e-05 7.62e-03 7.62e-05 2.31e-04 7.62e-05 7.62e-05
54155 1.08200e+04 -3.65280e+00 7.10298e-04 6.03132e-04 7.12e-05 2.34e-06 2.71e-03 5.40e-04 2.25e-04 7.91e-08 9.76e-06 8.17e-05 4.25e-06 7.60e-03 4.29e-06 2.31e-04 4.26e-06 6.67e-06 8.17e-05 7.60e-05 7.60e-03 7.60e-05 2.31e-04 7.60e-05 7.60e-05
54205 1.08300e+04 -3.92452e+00 6.30664e-04 6.05146e-05 7.08e-05 1.47e-06 2.61e-03 2.68e-04 1.99e-04 1.06e-07 2.64e-06 8.17e-05 4.25e-06 7.61e-03 4.29e-06 2.31e-04 4.26e-06 6.67e-06 8.17e-05 7.61e-05 7.61e-03 7.61e-05 2.31e-04 7.61e-05 7.61e-05
54255 1.08400e+04 -3.69176e+00 6.88657e-04 9.11357e-04 6.04e-05 2.15e-06 2.62e-03 4.99e-04 2.65e-04 2.03e-07 6.88e-06 8.16e-05 4.25e-06 7.60e-03 4.29e-06 2.31e-04 4.26e-06 6.67e-06 8.16e-05 7.60e-05 7.60e-03 7.60e-05 2.31e-04 7.60e-05 7.60e-05
54305 1.08500e+04 -3.92506e+00 6.10085e-04 1.13078e-04 7.93e-05 1.45e-06 2.52e-03 2.65e-04 1.89e-04 1.88e-07 1.59e-06 8.18e-05 4.25e-06 7.61e-03 4.29e-06 2.31e-04 4.26e-06 6.67e-06 8.18e-05 7.61e-05 7.61e-03 7.61e-05 2.31e-04 7.61e-05 7.61e-05
54355 1.08600e+04 -3.59175e+00 8.16923e-04 2.63513e-04 7.19e-05 2.22e-06 3.14e-03 5.87e-04 2.84e-04 1.74e-07 4.03e-06 8.18e-05 4.25e-06 7.62e-03 4.29e-06 2.31e-04 4.26e-06 6.67e-06 8.18e-05 7.62e-05 7.62e-03 7.62e-05 2.31e-04 7.62e-05 7.62e-05
54405 1.08700e+04 -3.83088e+00 6.25527e-04 2.30937e-04 6.93e-05 1.73e-06 2.46e-03 3.61e-04 2.34e-04 1.65e-07 1.27e-06 8.19e-05 4.25e-06 7.64e-03 4.29e-06 2.31e-04 4.26e-06 6.67e-06 8.19e-05 7.64e-05 7.64e-03 7.64e-05 2.31e-04 7.64e-05 7.64e-05
54455 1.08800e+04 -3.70515e+00 7.77298e-04 1.26281e-04 9.51e-05 1.46e-06 3.08e-03 4.58e-04 2.54e-04 1.50e-07 2.75e-06 8.20e-05 4.25e-06 7.66e-03 4.29e-06 2.32e-04 4.26e-06 6.67e-06 8.20e-05 7.66e-05 7.66e-03 7.66e-05 2.32e-04 7.66e-05 7.66e-05
54505 1.08900e+04 -3.89059e+00 6.06856e-04 1.75356e-04 1.35e-04 1.43e-06 2.44e-03 2.42e-04 2.11e-04 1.15e-07 2.16e-06 8.21e-05 4.25e-06 7.69e-03 4.29e-06 2.32e-04 4.26e-06 6.67e-06 8.21e-05 7.69e-05 7.69e-03 7.69e-05 2.32e-04 7.69e-05 7.69e-05
54555 1.09000e+04 -3.72228e+00 7.54452e-04 1.20625e-04 1.07e-04 1.44e-06 3.04e-03 4.60e-04 1.63e-04 1.37e-07 1.44e-06 8.21e-05 4.25e-06 7.69e-03 4.29e-06 2.32e-04 4.26e-06 6.67e-06 8.21e-05 7.69e-05 7.69e-03 7.69e-05 2.32e-04 7.69e-05 7.69e-05
54605 1.09100e+04 -3.69405e+00 7.54416e-04 8.98790e-04 6.80e-05 1.67e-06 2.99e-03 5.16e-04 1.98e-04 1.84e-07 1.36e-06 8.22e-05 4.25e-06 7.71e-03 4.29e-06 2.32e-04 4.26e-06 6.67e-06 8.22e-05 7.71e-05 7.71e-03 7.71e-05 2.32e-04 7.71e-05 7.71e-05
54655 1.09200e+04 -3.93092e+00 6.13622e-04 4.48241e-04 5.47e-05 1.27e-06 2.53e-03 2.72e-04 2.15e-04 1.97e-07 1.55e-06 8.21e-05 4.25e-06 7.73e-03 4.29e-06 2.33e-04 4.26e-06 6.67e-06 8.21e-05 7.73e-05 7.73e-03 7.73e-05 2.33e-04 7.73e-05 7.73e-05
54705 1.09300e+04 -3.83090e+00 6.45620e-04 1.63395e-04 6.52e-05 1.96e-06 2.59e-03 3.76e-04 1.93e-04 1.47e-07 1.91e-06 8.21e-05 4.25e-06 7.72e-03 4.29e-06 2.32e-04 4.26e-06 6.67e-06 8.21e-05 7.72e-05 7.72e-03 7.72e-05 2.32e-04 7.72e-05 7.72e-05
54755 1.09400e+04 -3.86496e+00 6.18914e-04 1.66386e-03 6.58e-05 1.79e-06 2.50e-03 3.42e-04 1.85e-04 1.20e-07 1.88e-06 8.19e-05 4.25e-06 7.74e-03 4.29e-06 2.32e-04 4.26e-06 6.67e-06 8.19e-05 7.74e-05 7.74e-03 7.74e-05 2.32e-04 7.74e-05 7.74e-05
54805 1.09500e+04 -3.79111e+00 7.33066e-04 9.94170e-04 8.50e-05 1.49e-06 2.99e-03 3.99e-04 1.86e-04 1.15e-07 1.67e-06 8.19e-05 4.25e-06 7.74e-03 4.29e-06 2.32e-04 4.26e-06 6.67e-06 8.19e-05 7.74e-05 7.74e-03 7.74e-05 2.32e-04 7.74e-05 7.74e-05
54855 1.09600e+04 -3.86335e+00 6.15316e-04 1.12474e-03 1.03e-04 2.08e-06 2.47e-03 3.08e-04 1.89e-04 2.35e-07 1.23e-06 8.17e-05 4.25e-06 7.76e-03 4.29e-06 2.32e-04 4.26e-06 6.67e-06 8.17e-05 7.76e-05 7.76e-03 7.76e-05 2.32e-04 7.76e-05 7.76e-05
54905 1.09700e+04 -3.74388e+00 6.76976e-04 3.16124e-05 7.32e-05 2.70e-06 2.66e-03 4.44e-04 2.07e-04 9.28e-08 1.45e-05 8.17e-05 4.25e-06 7.76e-03 4.29e-06 2.32e-04 4.26e-06 6.67e-06 8.17e-05 7.76e-05 7.76e-03 7.76e-05 2.32e-04 7.76e-05 7.76e-05
54955 1.09800e+04 -3.78873e+00 7.35571e-04 5.95417e-05 6.06e-05 1.38e-06 3.00e-03 4.24e-04 1.89e-04 1.65e-07 1.78e-06 8.17e-05 4.25e-06 7.78e-03 4.29e-06 2.33e-04 4.26e-06 6.67e-06 8.17e-05 7.78e-05 7.78e-03 7.78e-05 2.33e-04 7.78e-05 7.78e-05
55005 1.09890e+04 -3.85717e+00 6.37704e-04 3.46770e-04 1.12e-04 1.49e-06 2.56e-03 2.93e-04 2.23e-04 1.14e-07 2.05e-06 8.15e-05 4.25e-06 7.80e-03 4.29e-06 2.33e-04 4.26e-06 6.67e-06 8.15e-05 7.80e-05 7.80e-03 7.80e-05 2.33e-04 7.80e-05 7.80e-05
55055 1.09990e+04 -3.83927e+00 6.47193e-04 1.43708e-03 5.16e-05 1.63e-06 2.54e-03 3.41e-04 3.05e-04 3.22e-07 4.21e-06 8.15e-05 4.25e-06 7.81e-03 4.29e-06 2.33e-04 4.26e-06 6.67e-06 8.15e-05 7.81e-05 7.81e-03 7.81e-05 2.33e-04 7.81e-05 7.81e-05
55105 1.10090e+04 -3.84913e+00 6.25072e-04 2.07959e-03 6.63e-05 1.74e-06 2.51e-03 3.53e-04 1.95e-04 1.48e-07 4.61e-06 8.11e-05 4.25e-06 7.82e-03 4.29e-06 2.33e-04 4.26e-06 6.67e-06 8.11e-05 7.82e-05 7.82e-03 7.82e-05 2.33e-04 7.82e-05 7.82e-05
55155 1.10190e+04 -3.59494e+00 7.91584e-04 2.09421e-03 1.09e-04 1.54e-06 3.03e-03 5.73e-04 2.41e-04 1.45e-07 1.69e-06 8.11e-05 4.25e-06 7.83e-03 4.29e-06 2.33e-04 4.26e-06 6.67e-06 8.11e-05 7.83e-05 7.83e-03 7.83e-05 2.33e-04 7.83e-05 7.83e-05
55205 1.10290e+04 -3.86453e+00 6.04901e-04 1.20765e-03 1.08e-04 1.51e-06 2.40e-03 2.89e-04 2.26e-04 9.54e-08 1.63e-06 8.10e-05 4.25e-06 7.85e-03 4.29e-06 2.33e-04 4.26e-06 6.67e-06 8.10e-05 7.85e-05 7.85e-03 7.85e-05 2.33e-04 7.85e-05 7.85e-05
55255 1.10390e+04 -3.62422e+00 8.04897e-04 4.55989e-04 7.47e-05 1.74e-06 3.07e-03 5.43e-04 3.35e-04 1.45e-07 1.01e-06 8.10e-05 4.25e-06 7.87e-03 4.29e-06 2.33e-04 4.26e-06 6.67e-06 8.10e-05 7.87e-05 7.87e-03 7.87e-05 2.33e-04 7.87e-05 7.87e-05
55305 1.10490e+04 -3.56090e+00 8.54648e-04 1.86254e-03 1.10e-04 1.38e-06 3.35e-03 6.25e-04 1.90e-04 1.59e-07 1.50e-06 8.09e-05 4.25e-06 7.88e-03 4.29e-06 2.33e-04 4.26e-06 6.67e-06 8.09e-05 7.88e-05 7.88e-03 7.88e-05 2.33e-04 7.88e-05 7.88e-05
55355 1.10590e+04 -3.63608e+00 6.91924e-04 6.64456e-04 1.02e-04 2.12e-06 2.54e-03 5.20e-04 2.96e-04 1.20e-07 2.42e-06 8.10e-05 4.25e-06 7.88e-03 4.29e-06 2.33e-04 4.26e-06 6.67e-06 8.10e-05 7.88e-05 7.88e-03 7.88e-05 2.33e-04 7.88e-05 7.88e-05
55405 1.10690e+04 -3.79809e+00 6.39852e-04 1.36774e-04 6.35e-05 1.98e-06 2.46e-03 3.85e-04 2.86e-04 1.22e-07 1.64e-06 8.10e-05 4.25e-06 7.89e-03 4.29e-06 2.33e-04 4.26e-06 6.67e-06 8.10e-05 7.89e-05 7.89e-03 7.89e-05 2.33e-04 7.89e-05 7.89e-05
55455 1.10790e+04 -3.73719e+00 6.70766e-04 3.44496e-04 9.38e-05 2.07e-06 2.57e-03 4.33e-04 2.53e-04 1.53e-07 1.29e-06 8.11e-05 4.25e-06 7.90e-03 4.29e-06 2.33e-04 4.26e-06 6.67e-06 8.11e-05 7.90e-05 7.90e-03 7.90e-05 2.33e-04 7.90e-05 7.90e-05
55505 1.10890e+04 -3.91125e+00 6.33706e-04 1.63237e-04 7.91e-05 1.42e-06 2.62e-03 2.67e-04 2.04e-04 1.80e-07 5.11e-06 8.12e-05 4.25e-06 7.91e-03 4.29e-06 2.33e-04 4.26e-06 6.67e-06 8.12e-05 7.91e-05 7.91e-03 7.91e-05 2.33e-04 7.91e-05 7.91e-05
55555 1.10990e+04 -3.92361e+00 6.36968e-04 1.20801e-04 9.08e-05 1.35e-06 2.65e-03 2.49e-04 1.96e-04 1.12e-07 1.07e-06 8.12e-05 4.25e-06 7.88e-03 4.29e-06 2.33e-04 4.26e-06 6.67e-06 8.12e-05 7.88e-05 7.88e-03 7.88e-05 2.33e-04 7.88e-05 7.88e-05
55605 1.11090e+04 -3.72663e+00 6.65244e-04 7.38692e-04 6.39e-05 1.65e-06 2.58e-03 4.97e-04 1.82e-04 1.25e-07 1.51e-06 8.11e-05 4.25e-06 7.87e-03 4.29e-06 2.33e-04 4.26e-06 6.67e-06 8.11e-05 7.87e-05 7.87e-03 7.87e-05 2.33e-04 7.87e-05 7.87e-05
55655 1.11190e+04 -3.91113e+00 6.39732e-04 1.22595e-04 6.07e-05 1.47e-06 2.65e-03 2.95e-04 1.88e-04 2.01e-07 1.20e-06 8.11e-05 4.25e-06 7.90e-03 4.29e-06 2.33e-04 4.26e-06 6.67e-06 8.11e-05 7.90e-05 7.90e-03 7.90e-05 2.33e-04 7.90e-05 7.90e-05
55705 1.11290e+04 -3.92461e+00 6.02246e-04 1.53876e-03 5.27e-05 1.50e-06 2.48e-03 2.86e-04 1.91e-04 1.30e-07 3.27e-06 8.11e-05 4.25e-06 7.88e-03 4.29e-06 2.33e-04 4.26e-06 6.67e-06 8.11e-05 7.88e-05 7.88e-03 7.88e-05 2.33e-04 7.88e-05 7.88e-05
55755 1.11390e+04 -3.92940e+00 5.92753e-04 4.77880e-04 5.72e-05 1.42e-06 2.42e-03 2.68e-04 2.21e-04 1.56e-07 2.34e-06 8.12e-05 4.25e-06 7.89e-03 4.29e-06 2.33e-04 4.26e-06 6.67e-06 8.12e-05 7.89e-05 7.89e-03 7.89e-05 2.33e-04 7.89e-05 7.89e-05
55805 1.11490e+04 -3.91391e+00 6.10399e-04 4.89098e-03 8.51e-05 1.60e-06 2.51e-03 2.61e-04 1.98e-04 1.45e-07 6.20e-06 8.11e-05 4.25e-06 7.87e-03 4.29e-06 2.33e-04 4.26e-06 6.67e-06 8.11e-05 7.87e-05 7.87e-03 7.87e-05 2.33e-04 7.87e-05 7.87e-05
55855 1.11590e+04 -3.80167e+00 7.30129e-04 1.33305e-04 6.31e-05 1.23e-06 2.95e-03 3.86e-04 2.49e-04 1.51e-07 4.19e-06 8.11e-05 4.25e-06 7.83e-03 4.29e-06 2.32e-04 4.26e-06 6.67e-06 8.11e-05 7.83e-05 7.83e-03 7.83e-05 2.32e-04 7.83e-05 7.83e-05
55905 1.11690e+04 -3.95198e+00 6.13940e-04 2.76644e-04 5.43e-05 2.20e-06 2.55e-03 2.44e-04 2.24e-04 1.41e-07 1.36e-06 8.11e-05 4.25e-06 7.84e-03 4.29e-06 2.32e-04 4.26e-06 6.67e-06 8.11e-05 7.84e-05 7.84e-03 7.84e-05 2.32e-04 7.84e-05 7.84e-05
55955 1.11790e+04 -3.78988e+00 6.38332e-04 3.35852e-04 1.20e-04 1.46e-06 2.49e-03 3.63e-04 2.15e-04 1.41e-07 1.56e-06 8.09e-05 4.25e-06 7.80e-03 4.29e-06 2.31e-04 4.26e-06 6.67e-06 8.09e-05 7.80e-05 7.80e-03 7.80e-05 2.31e-04 7.80e-05 7.80e-05
56005 1.11890e+04 -3.62301e+00 6.46129e-04 1.17083e-04 8.15e-05 1.77e-06 2.27e-03 5.45e-04 3.29e-04 1.09e-07 2.31e-06 8.10e-05 4.25e-06 7.79e-03 4.29e-06 2.31e-04 4.26e-06 6.67e-06 8.10e-05 7.79e-05 7.79e-03 7.79e-05 2.31e-04 7.79e-05 7.79e-05
56055 1.11990e+04 -3.87694e+00 6.46349e-04 2.27359e-03 8.22e-05 1.82e-06 2.63e-03 3.00e-04 2.22e-04 1.78e-07 2.21e-06 8.11e-05 4.25e-06 7.80e-03 4.29e-06 2.31e-04 4.26e-06 6.67e-06 8.11e-05 7.80e-05 7.80e-03 7.80e-05 2.31e-04 7.80e-05 7.80e-05
56105 1.12090e+04 -3.87020e+00 7.00039e-04 1.76113e-04 7.21e-05 1.76e-06 2.89e-03 3.13e-04 2.27e-04 1.88e-07 1.18e-06 8.11e-05 4.25e-06 7.78e-03 4.29e-06 2.31e-04 4.26e-06 6.67e-06 8.11e-05 7.78e-05 7.78e-03 7.78e-05 2.31e-04 7.78e-05 7.78e-05
56155 1.12190e+04 -3.92368e+00 5.85497e-04 1.31141e-03 1.00e-04 1.40e-06 2.39e-03 2.47e-04 1.86e-04 1.55e-07 1.34e-06 8.12e-05 4.25e-06 7.79e-03 4.29e-06 2.31e-04 4.26e-06 6.67e-06 8.12e-05 7.79e-05 7.79e-03 7.79e-05 2.31e-04 7.79e-05 7.79e-05
56205 1.12290e+04 -3.79651e+00 6.16452e-04 3.96572e-04 1.07e-04 1.62e-06 2.40e-03 3.74e-04 2.01e-04 1.59e-07 1.90e-06 8.13e-05 4.25e-06 7.79e-03 4.29e-06 2.31e-04 4.26e-06 6.67e-06 8.13e-05 7.79e-05 7.79e-03 7.79e-05 2.31e-04 7.79e-05 7.79e-05
56255 1.12390e+04 -3.74143e+00 6.41446e-04 6.63946e-04 7.81e-05 1.69e-06 2.36e-03 4.07e-04 3.59e-04 1.21e-07 2.86e-06 8.13e-05 4.25e-06 7.79e-03 4.29e-06 2.31e-04 4.26e-06 6.67e-06 8.13e-05 7.79e-05 7.79e-03 7.79e-05 2.31e-04 7.79e-05 7.79e-05
56305 1.12490e+04 -3.63135e+00 8.08179e-04 3.42913e-04 1.08e-04 1.29e-06 3.12e-03 5.12e-04 3.01e-04 2.21e-07 2.30e-06 8.13e-05 4.25e-06 7.81e-03 4.29e-06 2.31e-04 4.26e-06 6.67e-06 8.13e-05 7.81e-05 7.81e-03 7.81e-05 2.31e-04 7.81e-05 7.81e-05
56355 1.12590e+04 -3.93845e+00 6.17477e-04 3.55591e-04 8.65e-05 1.48e-06 2.58e-03 2.48e-04 1.67e-04 2.03e-07 9.23e-07 8.14e-05 4.25e-06 7.83e-03 4.29e-06 2.32e-04 4.26e-06 6.67e-06 8.14e-05 7.83e-05 7.83e-03 7.83e-05 2.32e-04 7.83e-05 7.83e-05
56405 1.12690e+04 -3.49953e+00 7.70000e-04 7.26492e-04 1.00e-04 1.89e-06 2.79e-03 6.72e-04 2.85e-04 1.42e-07 1.63e-06 8.16e-05 4.25e-06 7.80e-03 4.29e-06 2.31e-04 4.26e-06 6.67e-06 8.16e-05 7.80e-05 7.80e-03 7.80e-05 2.31e-04 7.80e-05 7.80e-05
56455 1.12790e+04 -3.91495e+00 6.03209e-04 1.03127e-03 5.48e-05 1.38e-06 2.47e-03 3.00e-04 1.85e-04 2.46e-07 7.59e-07 8.16e-05 4.25e-06 7.81e-03 4.29e-06 2.31e-04 4.26e-06 6.67e-06 8.16e-05 7.81e-05 7.81e-03 7.81e-05 2.31e-04 7.81e-05 7.81e-05
56505 1.12890e+04 -3.87078e+00 6.46239e-04 1.79138e-03 6.37e-05 1.53e-06 2.62e-03 3.24e-04 2.25e-04 1.66e-07 1.31e-06 8.16e-05 4.25e-06 7.78e-03 4.29e-06 2.31e-04 4.26e-06 6.67e-06 8.16e-05 7.78e-05 7.78e-03 7.78e-05 2.31e-04 7.78e-05 7.78e-05
56555 1.12990e+04 -3.74800e+00 6.76027e-04 5.86774e-04 1.23e-04 2.15e-06 2.63e-03 4.00e-04 2.23e-04 1.34e-07 2.69e-06 8.14e-05 4.25e-06 7.77e-03 4.29e-06 2.31e-04 4.26e-06 6.67e-06 8.14e-05 7.77e-05 7.77e-03 7.77e-05 2.31e-04 7.77e-05 7.77e-05
56605 1.13090e+04 -3.89269e+00 6.24571e-04 2.62940e-03 9.29e-05 1.32e-06 2.53e-03 2.76e-04 2.18e-04 1.84e-07 7.83e-07 8.17e-05 4.25e-06 7.79e-03 4.29e-06 2.31e-04 4.26e-06 6.67e-06 8.17e-05 7.79e-05 7.79e-03 7.79e-05 2.31e-04 7.79e-05 7.79e-05
56655 1.13190e+04 -3.71280e+00 7.66615e-04 1.20568e-04 7.87e-05 1.38e-06 3.03e-03 4.69e-04 2.50e-04 1.36e-07 1.79e-06 8.17e-05 4.25e-06 7.79e-03 4.29e-06 2.31e-04 4.26e-06 6.67e-06 8.17e-05 7.79e-05 7.79e-03 7.79e-05 2.31e-04 7.79e-05 7.79e-05
56705 1.13290e+04 -3.83920e+00 6.00562e-04 1.69225e-03 6.64e-05 1.56e-06 2.33e-03 3.49e-04 2.53e-04 1.75e-07 1.46e-06 8.18e-05 4.25e-06 7.81e-03 4.29e-06 2.31e-04 4.26e-06 6.67e-06 8.18e-05 7.81e-05 7.81e-03 7.81e-05 2.31e-04 7.81e-05 7.81e-05
56755 1.13390e+04 -3.52750e+00 8.28406e-04 4.72797e-04 5.61e-05 1.51e-06 3.13e-03 6.84e-04 2.74e-04 1.84e-07 1.94e-06 8.18e-05 4.25e-06 7.81e-03 4.29e-06 2.31e-04 4.26e-06 6.67e-06 8.18e-05 7.81e-05 7.81e-03 7.81e-05 2.31e-04 7.81e-05 7.81e-05
56805 1.13490e+04 -3.89538e+00 6.23221e-04 1.15314e-03 7.79e-05 1.66e-06 2.55e-03 2.88e-04 2.02e-04 1.58e-07 5.17e-06 8.18e-05 4.25e-06 7.81e-03 4.29e-06 2.30e-04 4.26e-06 6.67e-06 8.18e-05 7.81e-05 7.81e-03 7.81e-05 2.30e-04 7.81e-05 7.81e-05
56855 1.13590e+04 -3.87757e+00 6.05326e-04 1.12193e-03 9.02e-05 1.36e-06 2.44e-03 3.02e-04 1.95e-04 1.54e-07 2.49e-06 8.17e-05 4.25e-06 7.81e-03 4.29e-06 2.30e-04 4.26e-06 6.67e-06 8.17e-05 7.81e-05 7.81e-03 7.81e-05 2.30e-04 7.81e-05 7.81e-05
56905 1.13690e+04 -3.78813e+00 7.47246e-04 5.21354e-04 1.13e-04 2.02e-06 3.00e-03 3.44e-04 2.80e-04 1.83e-07 1.67e-06 8.17e-05 4.25e-06 7.83e-03 4.29e-06 2.30e-04 4.26e-06 6.67e-06 8.17e-05 7.83e-05 7.83e-03 7.83e-05 2.30e-04 7.83e-05 7.83e-05
56955 1.13790e+04 -3.93582e+00 5.82648e-04 7.43167e-05 6.18e-05 1.40e-06 2.39e-03 2.67e-04 1.94e-04 1.86e-07 7.98e-07 8.18e-05 4.25e-06 7.86e-03 4.29e-06 2.31e-04 4.26e-06 6.67e-06 8.18e-05 7.86e-05 7.86e-03 7.86e-05 2.31e-04 7.86e-05 7.86e-05
57005 1.13890e+04 -3.88426e+00 6.03136e-04 2.05984e-04 6.04e-05 1.70e-06 2.44e-03 3.28e-04 1.86e-04 1.58e-07 7.42e-07 8.17e-05 4.25e-06 7.86e-03 4.29e-06 2.31e-04 4.26e-06 6.67e-06 8.17e-05 7.86e-05 7.86e-03 7.86e-05 2.31e-04 7.86e-05 7.86e-05
57055 1.13990e+04 -3.95251e+00 6.40818e-04 3.78045e-04 6.56e-05 1.25e-06 2.71e-03 2.47e-04 1.78e-04 1.92e-07 1.88e-06 8.16e-05 4.25e-06 7.84e-03 4.29e-06 2.30e-04 4.26e-06 6.67e-06 8.16e-05 7.84e-05 7.84e-03 7.84e-05 2.30e-04 7.84e-05 7.84e-05
57105 1.14090e+04 -3.76711e+00 6.54175e-04 3.57912e-04 1.54e-04 2.04e-06 2.56e-03 3.54e-04 2.02e-04 1.83e-07 5.74e-06 8.16e-05 4.25e-06 7.85e-03 4.29e-06 2.30e-04 4.26e-06 6.67e-06 8.16e-05 7.85e-05 7.85e-03 7.85e-05 2.30e-04 7.85e-05 7.85e-05
57155 1.14190e+04 -3.91443e+00 5.92521e-04 4.24702e-04 1.15e-04 1.56e-06 2.42e-03 2.45e-04 1.79e-04 2.00e-07 1.05e-06 8.15e-05 4.25e-06 7.83e-03 4.29e-06 2.30e-04 4.26e-06 6.67e-06 8.15e-05 7.83e-05 7.83e-03 7.83e-05 2.30e-04 7.83e-05 7.83e-05
57205 1.14290e+04 -3.86941e+00 5.92351e-04 7.09433e-04 7.41e-05 1.66e-06 2.37e-03 3.30e-04 1.91e-04 2.03e-07 9.39e-07 8.17e-05 4.25e-06 7.82e-03 4.29e-06 2.30e-04 4.26e-06 6.67e-06 8.17e-05 7.82e-05 7.82e-03 7.82e-05 2.30e-04 7.82e-05 7.82e-05
57255 1.14390e+04 -3.36628e+00 9.48433e-04 1.35487e-03 1.03e-04 1.23e-06 3.36e-03 7.18e-04 5.56e-04 1.44e-07 2.62e-06 8.15e-05 4.25e-06 7.81e-03 4.29e-06 2.29e-04 4.26e-06 6.67e-06 8.15e-05 7.81e-05 7.81e-03 7.81e-05 2.29e-04 7.81e-05 7.81e-05
57305 1.14490e+04 -3.81320e+00 7.84275e-04 4.99966e-04 9.12e-05 1.27e-06 3.26e-03 3.56e-04 2.14e-04 8.76e-08 3.65e-06 8.15e-05 4.25e-06 7.79e-03 4.29e-06 2.29e-04 4.26e-06 6.67e-06 8.15e-05 7.79e-05 7.79e-03 7.79e-05 2.29e-04 7.79e-05 7.79e-05
57355 1.14590e+04 -3.56852e+00 8.47642e-04 6.87762e-04 8.93e-05 1.68e-06 3.22e-03 5.82e-04 3.49e-04 1.43e-07 1.22e-06 8.16e-05 4.25e-06 7.82e-03 4.29e-06 2.30e-04 4.26e-06 6.67e-06 8.16e-05 7.82e-05 7.82e-03 7.82e-05 2.30e-04 7.82e-05 7.82e-05
57405 1.14690e+04 -3.75591e+00 6.58465e-04 8.40978e-04 9.82e-05 1.60e-06 2.55e-03 4.20e-04 2.20e-04 1.31e-07 9.08e-07 8.17e-05 4.25e-06 7.85e-03 4.29e-06 2.30e-04 4.26e-06 6.67e-06 8.17e-05 7.85e-05 7.85e-03 7.85e-05 2.30e-04 7.85e-05 7.85e-05
57455 1.14790e+04 -3.83753e+00 6.46158e-04 3.34704e-04 1.03e-04 1.93e-06 2.56e-03 3.13e-04 2.55e-04 1.33e-07 1.32e-06 8.16e-05 4.25e-06 7.88e-03 4.29e-06 2.30e-04 4.26e-06 6.67e-06 8.16e-05 7.88e-05 7.88e-03 7.88e-05 2.30e-04 7.88e-05 7.88e-05
57505 1.14890e+04 -3.88900e+00 6.37828e-04 1.12479e-03 1.09e-04 1.36e-06 2.60e-03 2.63e-04 2.20e-04 1.81e-07 9.38e-07 8.15e-05 4.25e-06 7.87e-03 4.29e-06 2.30e-04 4.26e-06 6.67e-06 8.15e-05 7.87e-05 7.87e-03 7.87e-05 2.30e-04 7.87e-05 7.87e-05
57555 1.14990e+04 -3.92077e+00 5.99674e-04 1.34814e-03 8.82e-05 1.18e-06 2.46e-03 2.62e-04 1.83e-04 1.32e-07 1.30e-06 8.15e-05 4.25e-06 7.84e-03 4.29e-06 2.30e-04 4.26e-06 6.67e-06 8.15e-05 7.84e-05 7.84e-03 7.84e-05 2.30e-04 7.84e-05 7.84e-05
57605 1.15090e+04 -3.95911e+00 5.90450e-04 1.02522e-03 6.09e-05 1.23e-06 2.46e-03 2.47e-04 1.80e-04 1.54e-07 1.41e-06 8.15e-05 4.25e-06 7.80e-03 4.29e-06 2.29e-04 4.26e-06 6.67e-06 8.15e-05 7.80e-05 7.80e-03 7.80e-05 2.29e-04 7.80e-05 7.80e-05
57655 1.15190e+04 -3.89504e+00 6.75617e-04 6.65173e-04 6.26e-05 1.22e-06 2.79e-03 2.92e-04 2.35e-04 2.20e-07 3.54e-06 8.15e-05 4.25e-06 7.76e-03 4.29e-06 2.28e-04 4.26e-06 6.67e-06 8.15e-05 7.76e-05 7.76e-03 7.76e-05 2.28e-04 7.76e-05 7.76e-05
57705 1.15290e+04 -3.52168e+00 8.21548e-04 3.05661e-03 5.68e-05 2.92e-06 3.10e-03 6.81e-04 2.70e-04 1.53e-07 9.74e-06 8.14e-05 4.25e-06 7.77e-03 4.29e-06 2.28e-04 4.26e-06 6.67e-06 8.14e-05 7.77e-05 7.77e-03 7.77e-05 2.28e-04 7.77e-05 7.77e-05
57755 1.15390e+04 -3.95088e+00 5.92756e-04 1.07880e-03 5.68e-05 1.39e-06 2.46e-03 2.52e-04 1.89e-04 1.24e-07 7.69e-06 8.13e-05 4.25e-06 7.75e-03 4.29e-06 2.28e-04 4.26e-06 6.67e-06 8.13e-05 7.75e-05 7.75e-03 7.75e-05 2.28e-04 7.75e-05 7.75e-05
57805 1.15490e+04 -3.82648e+00 6.15087e-04 4.00060e-04 6.79e-05 2.00e-06 2.44e-03 3.84e-04 1.84e-04 1.12e-07 1.69e-06 8.12e-05 4.25e-06 7.74e-03 4.29e-06 2.28e-04 4.26e-06 6.67e-06 8.12e-05 7.74e-05 7.74e-03 7.74e-05 2.28e-04 7.74e-05 7.74e-05
57855 1.15590e+04 -3.96283e+00 6.28598e-04 8.33319e-04 5.71e-05 1.65e-06 2.65e-03 2.45e-04 1.84e-04 1.41e-07 8.02e-07 8.11e-05 4.25e-06 7.73e-03 4.29e-06 2.27e-04 4.26e-06 6.67e-06 8.11e-05 7.73e-05 7.73e-03 7.73e-05 2.27e-04 7.73e-05 7.73e-05
57905 1.15690e+04 -3.77427e+00 6.53631e-04 3.42684e-04 1.01e-04 1.46e-06 2.54e-03 3.90e-04 2.36e-04 1.15e-07 2.42e-06 8.12e-05 4.25e-06 7.71e-03 4.29e-06 2.27e-04 4.26e-06 6.67e-06 8.12e-05 7.71e-05 7.71e-03 7.71e-05 2.27e-04 7.71e-05 7.71e-05
57955 1.15790e+04 -3.92847e+00 5.74910e-04 1.00112e-03 8.42e-05 1.33e-06 2.35e-03 2.61e-04 1.79e-04 1.65e-07 1.55e-06 8.13e-05 4.25e-06 7.72e-03 4.29e-06 2.28e-04 4.26e-06 6.67e-06 8.13e-05 7.72e-05 7.72e-03 7.72e-05 2.28e-04 7.72e-05 7.72e-05
58005 1.15890e+04 -3.90279e+00 5.94660e-04 1.66962e-03 6.70e-05 1.57e-06 2.40e-03 2.95e-04 2.08e-04 1.14e-07 7.96e-07 8.15e-05 4.25e-06 7.69e-03 4.29e-06 2.27e-04 4.26e-06 6.67e-06 8.15e-05 7.69e-05 7.69e-03 7.69e-05 2.27e-04 7.69e-05 7.69e-05
58055 1.15990e+04 -3.90977e+00 6.05188e-04 6.49123e-04 7.01e-05 1.58e-06 2.46e-03 2.80e-04 2.12e-04 2.36e-07 3.42e-06 8.15e-05 4.25e-06 7.68e-03 4.29e-06 2.27e-04 4.26e-06 6.67e-06 8.15e-05 7.68e-05 7.68e-03 7.68e-05 2.27e-04 7.68e-05 7.68e-05
58105 1.16090e+04 -3.69133e+00 6.52020e-04 6.90925e-05 6.14e-05 2.24e-06 2.47e-03 5.26e-04 2.05e-04 2.01e-07 2.45e-06 8.15e-05 4.25e-06 7.68e-03 4.29e-06 2.27e-04 4.26e-06 6.67e-06 8.15e-05 7.68e-05 7.68e-03 7.68e-05 2.27e-04 7.68e-05 7.68e-05
58155 1.16190e+04 -3.78695e+00 6.19017e-04 4.71642e-04 7.72e-05 1.73e-06 2.41e-03 4.14e-04 1.94e-04 2.94e-07 1.58e-06 8.14e-05 4.25e-06 7.70e-03 4.29e-06 2.27e-04 4.26e-06 6.67e-06 8.14e-05 7.70e-05 7.70e-03 7.70e-05 2.27e-04 7.70e-05 7.70e-05
58205 1.16290e+04 -3.90355e+00 6.46259e-04 1.47027e-04 6.36e-05 1.32e-06 2.67e-03 2.96e-04 2.02e-04 1.73e-07 1.87e-06 8.13e-05 4.25e-06 7.71e-03 4.29e-06 2.27e-04 4.26e-06 6.67e-06 8.13e-05 7.71e-05 7.71e-03 7.71e-05 2.27e-04 7.71e-05 7.71e-05
58255 1.16390e+04 -3.81110e+00 6.25579e-04 2.38094e-04 7.29e-05 1.76e-06 2.43e-03 3.68e-04 2.52e-04 1.47e-07 6.15e-06 8.14e-05 4.25e-06 7.73e-03 4.29e-06 2.28e-04 4.26e-06 6.67e-06 8.14e-05 7.73e-05 7.73e-03 7.73e-05 2.28e-04 7.73e-05 7.73e-05
58305 1.16490e+04 -3.63755e+00 8.27592e-04 3.71213e-04 6.92e-05 1.56e-06 3.23e-03 5.41e-04 3.00e-04 1.76e-07 1.34e-06 8.14e-05 4.25e-06 7.75e-03 4.29e-06 2.28e-04 4.26e-06 6.67e-06 8.14e-05 7.75e-05 7.75e-03 7.75e-05 2.28e-04 7.75e-05 7.75e-05
58355 1.16590e+04 -3.96132e+00 5.97343e-04 2.66159e-04 5.94e-05 1.54e-06 2.48e-03 2.38e-04 2.09e-04 1.14e-07 1.09e-06 8.11e-05 4.25e-06 7.74e-03 4.29e-06 2.28e-04 4.26e-06 6.67e-06 8.11e-05 7.74e-05 7.74e-03 7.74e-05 2.28e-04 7.74e-05 7.74e-05
58405 1.16690e+04 -3.80848e+00 7.57419e-04 4.91484e-04 5.44e-05 1.24e-06 3.14e-03 4.10e-04 1.83e-04 1.27e-07 1.45e-06 8.11e-05 4.25e-06 7.73e-03 4.29e-06 2.28e-04 4.26e-06 6.67e-06 8.11e-05 7.73e-05 7.73e-03 7.73e-05 2.28e-04 7.73e-05 7.73e-05
58455 1.16790e+04 -3.77257e+00 7.82209e-04 5.54859e-04 6.33e-05 1.19e-06 3.20e-03 4.27e-04 2.23e-04 1.07e-07 1.12e-06 8.09e-05 4.25e-06 7.75e-03 4.29e-06 2.28e-04 4.26e-06 6.67e-06 8.09e-05 7.75e-05 7.75e-03 7.75e-05 2.28e-04 7.75e-05 7.75e-05
58505 1.16890e+04 -3.77760e+00 6.45876e-04 8.77399e-05 6.97e-05 1.72e-06 2.52e-03 4.23e-04 2.20e-04 1.21e-07 1.31e-06 8.09e-05 4.25e-06 7.77e-03 4.29e-06 2.29e-04 4.26e-06 6.67e-06 8.09e-05 7.77e-05 7.77e-03 7.77e-05 2.29e-04 7.77e-05 7.77e-05
58555 1.16990e+04 -3.79296e+00 6.58911e-04 4.31081e-05 6.69e-05 1.92e-06 2.62e-03 4.17e-04 1.93e-04 1.20e-07 9.62e-07 8.08e-05 4.25e-06 7.79e-03 4.29e-06 2.29e-04 4.26e-06 6.67e-06 8.08e-05 7.79e-05 7.79e-03 7.79e-05 2.29e-04 7.79e-05 7.79e-05
58605 1.17090e+04 -3.84236e+00 6.25887e-04 1.51707e-04 1.10e-04 1.74e-06 2.52e-03 3.29e-04 1.73e-04 1.67e-07 1.72e-06 8.08e-05 4.25e-06 7.81e-03 4.29e-06 2.29e-04 4.26e-06 6.67e-06 8.08e-05 7.81e-05 7.81e-03 7.81e-05 2.29e-04 7.81e-05 7.81e-05
58655 1.17190e+04 -3.88266e+00 6.57289e-04 3.79877e-04 5.73e-05 1.54e-06 2.67e-03 3.08e-04 2.53e-04 1.58e-07 7.83e-07 8.08e-05 4.25e-06 7.79e-03 4.29e-06 2.29e-04 4.26e-06 6.67e-06 8.08e-05 7.79e-05 7.79e-03 7.79e-05 2.29e-04 7.79e-05 7.79e-05
58705 1.17290e+04 -3.85354e+00 6.22593e-04 8.00349e-04 6.36e-05 1.70e-06 2.50e-03 3.54e-04 1.96e-04 1.85e-07 1.03e-06 8.07e-05 4.25e-06 7.80e-03 4.29e-06 2.29e-04 4.26e-06 6.67e-06 8.07e-05 7.80e-05 7.80e-03 7.80e-05 2.29e-04 7.80e-05 7.80e-05
58755 1.17390e+04 -3.66395e+00 8.09065e-04 3.01985e-04 6.45e-05 1.48e-06 3.15e-03 5.14e-04 3.10e-04 1.98e-07 2.08e-06 8.08e-05 4.25e-06 7.80e-03 4.29e-06 2.29e-04 4.26e-06 6.67e-06 8.08e-05 7.80e-05 7.80e-03 7.80e-05 2.29e-04 7.80e-05 7.80e-05
58805 1.17490e+04 -3.83234e+00 6.54606e-04 8.16506e-04 5.36e-05 1.91e-06 2.64e-03 3.90e-04 1.83e-04 1.26e-07 8.21e-07 8.08e-05 4.25e-06 7.82e-03 4.29e-06 2.29e-04 4.26e-06 6.67e-06 8.08e-05 7.82e-05 7.82e-03 7.82e-05 2.29e-04 7.82e-05 7.82e-05
58855 1.17590e+04 -3.79773e+00 6.59558e-04 4.21346e-04 1.02e-04 1.86e-06 2.63e-03 3.81e-04 1.87e-04 1.21e-07 8.29e-07 8.08e-05 4.25e-06 7.85e-03 4.29e-06 2.29e-04 4.26e-06 6.67e-06 8.08e-05 7.85e-05 7.85e-03 7.85e-05 2.29e-04 7.85e-05 7.85e-05
58905 1.17690e+04 -3.83376e+00 7.41996e-04 5.51984e-05 1.03e-04 1.71e-06 3.08e-03 3.29e-04 1.96e-04 9.81e-08 3.88e-06 8.07e-05 4.25e-06 7.84e-03 4.29e-06 2.29e-04 4.26e-06 6.67e-06 8.07e-05 7.84e-05 7.84e-03 7.84e-05 2.29e-04 7.84e-05 7.84e-05
58955 1.17790e+04 -3.88659e+00 6.37292e-04 6.32973e-04 1.00e-04 1.28e-06 2.55e-03 2.54e-04 2.75e-04 1.30e-07 1.29e-06 8.09e-05 4.25e-06 7.87e-03 4.29e-06 2.29e-04 4.26e-06 6.67e-06 8.09e-05 7.87e-05 7.87e-03 7.87e-05 2.29e-04 7.87e-05 7.87e-05
59005 1.17890e+04 -3.90149e+00 6.10883e-04 3.44221e-04 7.16e-05 1.48e-06 2.45e-03 2.72e-04 2.61e-04 1.14e-07 7.33e-07 8.10e-05 4.25e-06 7.87e-03 4.29e-06 2.29e-04 4.26e-06 6.67e-06 8.10e-05 7.87e-05 7.87e-03 7.87e-05 2.29e-04 7.87e-05 7.87e-05
59055 1.17990e+04 -3.85311e+00 6.35122e-04 5.71953e-04 7.56e-05 1.60e-06 2.57e-03 3.42e-04 1.91e-04 1.07e-07 3.20e-06 8.10e-05 4.25e-06 7.89e-03 4.29e-06 2.30e-04 4.26e-06 6.67e-06 8.10e-05 7.89e-05 7.89e-03 7.89e-05 2.30e-04 7.89e-05 7.89e-05
59105 1.18090e+04 -3.62945e+00 6.49583e-04 2.39581e-04 1.02e-04 1.63e-06 2.37e-03 5.56e-04 2.21e-04 1.23e-07 1.51e-06 8.11e-05 4.25e-06 7.87e-03 4.29e-06 2.29e-04 4.26e-06 6.67e-06 8.11e-05 7.87e-05 7.87e-03 7.87e-05 2.29e-04 7.87e-05 7.87e-05
59155 1.18190e+04 -3.93645e+00 5.79292e-04 1.13424e-04 9.12e-05 1.52e-06 2.38e-03 2.42e-04 1.82e-04 1.22e-07 1.81e-06 8.11e-05 4.25e-06 7.86e-03 4.29e-06 2.29e-04 4.26e-06 6.67e-06 8.11e-05 7.86e-05 7.86e-03 7.86e-05 2.29e-04 7.86e-05 7.86e-05
59205 1.18290e+04 -3.93077e+00 6.26389e-04 2.35420e-04 7.58e-05 1.44e-06 2.61e-03 2.58e-04 1.90e-04 1.31e-07 1.49e-06 8.11e-05 4.25e-06 7.85e-03 4.29e-06 2.29e-04 4.26e-06 6.67e-06 8.11e-05 7.85e-05 7.85e-03 7.85e-05 2.29e-04 7.85e-05 7.85e-05
59255 1.18390e+04 -3.90966e+00 5.86049e-04 1.74585e-03 5.68e-05 1.48e-06 2.34e-03 2.84e-04 2.48e-04 1.50e-07 9.01e-07 8.11e-05 4.25e-06 7.82e-03 4.29e-06 2.28e-04 4.26e-06 6.67e-06 8.11e-05 7.82e-05 7.82e-03 7.82e-05 2.28e-04 7.82e-05 7.82e-05
59305 1.18490e+04 -3.89871e+00 6.96648e-04 1.98162e-04 7.84e-05 1.49e-06 2.89e-03 2.70e-04 2.45e-04 1.31e-07 1.17e-06 8.12e-05 4.25e-06 7.79e-03 4.29e-06 2.27e-04 4.26e-06 6.67e-06 8.12e-05 7.79e-05 7.79e-03 7.79e-05 2.27e-04 7.79e-05 7.79e-05
59355 1.18590e+04 -3.88224e+00 6.08330e-04 1.42785e-03 9.05e-05 1.48e-06 2.41e-03 2.73e-04 2.66e-04 1.74e-07 2.77e-06 8.13e-05 4.25e-06 7.80e-03 4.29e-06 2.28e-04 4.26e-06 6.67e-06 8.13e-05 7.80e-05 7.80e-03 7.80e-05 2.28e-04 7.80e-05 7.80e-05
59405 1.18690e+04 -3.91401e+00 6.00609e-04 4.34099e-04 5.60e-05 1.54e-06 2.46e-03 3.03e-04 1.79e-04 1.68e-07 7.72e-07 8.14e-05 4.25e-06 7.78e-03 4.29e-06 2.27e-04 4.26e-06 6.67e-06 8.14e-05 7.78e-05 7.78e-03 7.78e-05 2.27e-04 7.78e-05 7.78e-05
59455 1.18790e+04 -3.62153e+00 7.97064e-04 1.13974e-03 6.38e-05 1.50e-06 3.09e-03 5.80e-04 2.50e-04 1.01e-07 3.81e-06 8.11e-05 4.25e-06 7.76e-03 4.29e-06 2.27e-04 4.26e-06 6.67e-06 8.11e-05 7.76e-05 7.76e-03 7.76e-05 2.27e-04 7.76e-05 7.76e-05
59505 1.18890e+04 -3.75596e+00 7.85243e-04 2.73640e-04 7.72e-05 1.43e-06 3.20e-03 4.25e-04 2.22e-04 1.15e-07 7.53e-06 8.09e-05 4.25e-06 7.76e-03 4.29e-06 2.27e-04 4.26e-06 6.67e-06 8.09e-05 7.76e-05 7.76e-03 7.76e-05 2.27e-04 7.76e-05 7.76e-05
59555 1.18990e+04 -3.78471e+00 7.24371e-04 1.07645e-03 1.11e-04 1.50e-06 2.92e-03 3.72e-04 2.18e-04 1.51e-07 1.46e-06 8.08e-05 4.25e-06 7.76e-03 4.29e-06 2.27e-04 4.26e-06 6.67e-06 8.08e-05 7.76e-05 7.76e-03 7.76e-05 2.27e-04 7.76e-05 7.76e-05
59605 1.19090e+04 -3.86925e+00 6.19167e-04 5.50602e-04 8.84e-05 1.41e-06 2.48e-03 3.07e-04 2.15e-04 1.55e-07 1.34e-06 8.09e-05 4.25e-06 7.78e-03 4.29e-06 2.28e-04 4.26e-06 6.67e-06 8.09e-05 7.78e-05 7.78e-03 7.78e-05 2.28e-04 7.78e-05 7.78e-05
59655 1.19190e+04 -3.67879e+00 6.69166e-04 1.83809e-04 7.45e-05 1.62e-06 2.51e-03 5.17e-04 2.39e-04 9.26e-08 3.03e-06 8.10e-05 4.25e-06 7.76e-03 4.29e-06 2.27e-04 4.26e-06 6.67e-06 8.10e-05 7.76e-05 7.76e-03 7.76e-05 2.27e-04 7.76e-05 7.76e-05
59705 1.19290e+04 -3.84212e+00 6.05034e-04 1.33619e-03 1.01e-04 1.52e-06 2.41e-03 3.40e-04 1.73e-04 1.41e-07 8.14e-07 8.09e-05 4.25e-06 7.78e-03 4.29e-06 2.28e-04 4.26e-06 6.67e-06 8.09e-05 7.78e-05 7.78e-03 7.78e-05 2.28e-04 7.78e-05 7.78e-05
59755 1.19390e+04 -3.91848e+00 6.33062e-04 2.44971e-03 6.89e-05 1.63e-06 2.61e-03 2.73e-04 2.09e-04 2.14e-07 1.16e-06 8.09e-05 4.25e-06 7.79e-03 4.29e-06 2.28e-04 4.26e-06 6.67e-06 8.09e-05 7.79e-05 7.79e-03 7.79e-05 2.28e-04 7.79e-05 7.79e-05
59805 1.19490e+04 -3.78069e+00 6.38862e-04 7.71408e-04 1.23e-04 1.85e-06 2.49e-03 3.70e-04 2.10e-04 1.53e-07 2.45e-06 8.10e-05 4.25e-06 7.79e-03 4.29e-06 2.28e-04 4.26e-06 6.67e-06 8.10e-05 7.79e-05 7.79e-03 7.79e-05 2.28e-04 7.79e-05 7.79e-05
59855 1.19590e+04 -3.66738e+00 8.22046e-04 1.22923e-03 7.30e-05 1.31e-06 3.30e-03 5.40e-04 1.98e-04 3.79e-07 1.30e-06 8.12e-05 4.25e-06 7.80e-03 4.29e-06 2.28e-04 4.26e-06 6.67e-06 8.12e-05 7.80e-05 7.80e-03 7.80e-05 2.28e-04 7.80e-05 7.80e-05
59905 1.19690e+04 -3.66757e+00 7.75874e-04 1.22787e-03 6.04e-05 1.28e-06 3.09e-03 5.67e-04 1.65e-04 1.57e-07 8.79e-07 8.12e-05 4.25e-06 7.83e-03 4.29e-06 2.29e-04 4.26e-06 6.67e-06 8.12e-05 7.83e-05 7.83e-03 7.83e-05 2.29e-04 7.83e-05 7.83e-05
59955 1.19790e+04 -3.91417e+00 6.08379e-04 1.38390e-03 9.30e-05 1.33e-06 2.50e-03 2.64e-04 1.85e-04 1.61e-07 8.43e-07 8.11e-05 4.25e-06 7.82e-03 4.29e-06 2.28e-04 4.26e-06 6.67e-06 8.11e-05 7.82e-05 7.82e-03 7.82e-05 2.28e-04 7.82e-05 7.82e-05
60005 1.19880e+04 -3.81555e+00 7.44330e-04 1.07504e-03 6.11e-05 1.44e-06 3.01e-03 3.58e-04 2.96e-04 2.19e-07 2.45e-06 8.09e-05 4.25e-06 7.80e-03 4.29e-06 2.28e-04 4.26e-06 6.67e-06 8.09e-05 7.80e-05 7.80e-03 7.80e-05 2.28e-04 7.80e-05 7.80e-05
60055 1.19980e+04 -3.74351e+00 6.17985e-04 1.00579e-03 9.16e-05 1.82e-06 2.28e-03 4.10e-04 3.04e-04 1.70e-07 4.31e-06 8.09e-05 4.25e-06 7.82e-03 4.29e-06 2.28e-04 4.26e-06 6.67e-06 8.09e-05 7.82e-05 7.82e-03 7.82e-05 2.28e-04 7.82e-05 7.82e-05
60105 1.20080e+04 -3.77798e+00 8.09998e-04 5.49607e-04 7.08e-05 1.23e-06 3.35e-03 4.18e-04 2.05e-04 1.41e-07 1.64e-06 8.09e-05 4.25e-06 7.81e-03 4.29e-06 2.28e-04 4.26e-06 6.67e-06 8.09e-05 7.81e-05 7.81e-03 7.81e-05 2.28e-04 7.81e-05 7.81e-05
60155 1.20180e+04 -3.70590e+00 7.88763e-04 1.00768e-03 9.23e-05 1.56e-06 3.16e-03 4.75e-04 2.17e-04 1.27e-07 8.34e-07 8.08e-05 4.25e-06 7.84e-03 4.29e-06 2.28e-04 4.26e-06 6.67e-06 8.08e-05 7.84e-05 7.84e-03 7.84e-05 2.28e-04 7.84e-05 7.84e-05
60205 1.20280e+04 -3.60957e+00 7.99719e-04 1.54438e-03 7.34e-05 1.20e-06 3.13e-03 6.08e-04 1.89e-04 1.75e-07 2.57e-06 8.09e-05 4.25e-06 7.86e-03 4.29e-06 2.29e-04 4.26e-06 6.67e-06 8.09e-05 7.86e-05 7.86e-03 7.86e-05 2.29e-04 7.86e-05 7.86e-05
60255 1.20380e+04 -3.89682e+00 6.38407e-04 1.79292e-03 6.92e-05 1.34e-06 2.62e-03 3.00e-04 1.98e-04 1.57e-07 9.37e-07 8.08e-05 4.25e-06 7.86e-03 4.29e-06 2.28e-04 4.26e-06 6.67e-06 8.08e-05 7.86e-05 7.86e-03 7.86e-05 2.28e-04 7.86e-05 7.86e-05
60305 1.20480e+04 -3.71969e+00 6.85458e-04 6.08270e-04 9.47e-05 1.52e-06 2.58e-03 4.24e-04 3.31e-04 1.16e-07 1.10e-06 8.09e-05 4.25e-06 7.85e-03 4.29e-06 2.28e-04 4.26e-06 6.67e-06 8.09e-05 7.85e-05 7.85e-03 7.85e-05 2.28e-04 7.85e-05 7.85e-05
60355 1.20580e+04 -3.79610e+00 6.64024e-04 4.05088e-04 7.56e-05 1.65e-06 2.58e-03 3.73e-04 2.89e-04 1.50e-07 1.14e-06 8.10e-05 4.25e-06 7.87e-03 4.29e-06 2.29e-04 4.26e-06 6.67e-06 8.10e-05 7.87e-05 7.87e-03 7.87e-05 2.29e-04 7.87e-05 7.87e-05
60405 1.20680e+04 -3.84214e+00 7.54232e-04 4.07333e-04 5.29e-05 1.44e-06 3.17e-03 3.71e-04 1.80e-04 1.76e-07 6.92e-06 8.10e-05 4.25e-06 7.88e-03 4.29e-06 2.29e-04 4.26e-06 6.67e-06 8.10e-05 7.88e-05 7.88e-03 7.88e-05 2.29e-04 7.88e-05 7.88e-05
60455 1.20780e+04 -3.86433e+00 6.39842e-04 1.85637e-04 6.06e-05 1.39e-06 2.61e-03 3.50e-04 1.76e-04 1.36e-07 2.06e-06 8.11e-05 4.25e-06 7.90e-03 4.29e-06 2.29e-04 4.26e-06 6.67e-06 8.11e-05 7.90e-05 7.90e-03 7.90e-05 2.29e-04 7.90e-05 7.90e-05
60505 1.20880e+04 -3.87424e+00 5.99526e-04 2.70584e-04 6.08e-05 2.04e-06 2.41e-03 3.38e-04 1.86e-04 1.47e-07 1.02e-06 8.09e-05 4.25e-06 7.92e-03 4.29e-06 2.29e-04 4.26e-06 6.67e-06 8.09e-05 7.92e-05 7.92e-03 7.92e-05 2.29e-04 7.92e-05 7.92e-05
60555 1.20980e+04 -3.89044e+00 6.21568e-04 1.64895e-04 8.55e-05 1.81e-06 2.53e-03 2.90e-04 1.98e-04 1.43e-07 1.38e-06 8.10e-05 4.25e-06 7.94e-03 4.29e-06 2.29e-04 4.26e-06 6.67e-06 8.10e-05 7.94e-05 7.94e-03 7.94e-05 2.29e-04 7.94e-05 7.94e-05
60605 1.21080e+04 -3.78434e+00 6.15207e-04 1.49902e-03 1.46e-04 1.71e-06 2.39e-03 3.59e-04 1.75e-04 1.66e-07 8.71e-07 8.09e-05 4.25e-06 7.95e-03 4.29e-06 2.29e-04 4.26e-06 6.67e-06 8.09e-05 7.95e-05 7.95e-03 7.95e-05 2.29e-04 7.95e-05 7.95e-05
60655 1.21180e+04 -3.77442e+00 7.44512e-04 9.80121e-05 7.72e-05 1.30e-06 3.02e-03 4.21e-04 2.07e-04 1.77e-07 7.85e-07 8.08e-05 4.25e-06 7.97e-03 4.29e-06 2.30e-04 4.26e-06 6.67e-06 8.08e-05 7.97e-05 7.97e-03 7.97e-05 2.30e-04 7.97e-05 7.97e-05
60705 1.21280e+04 -3.75436e+00 7.35378e-04 2.18059e-04 8.25e-05 1.30e-06 2.99e-03 4.62e-04 1.39e-04 1.84e-07 1.10e-06 8.07e-05 4.25e-06 7.99e-03 4.29e-06 2.30e-04 4.26e-06 6.67e-06 8.07e-05 7.99e-05 7.99e-03 7.99e-05 2.30e-04 7.99e-05 7.99e-05
60755 1.21380e+04 -3.78414e+00 6.56846e-04 1.33030e-04 6.35e-05 1.84e-06 2.56e-03 4.16e-04 2.39e-04 1.76e-07 1.15e-06 8.07e-05 4.25e-06 8.01e-03 4.29e-06 2.30e-04 4.26e-06 6.67e-06 8.07e-05 8.01e-05 8.01e-03 8.01e-05 2.30e-04 8.01e-05 8.01e-05
60805 1.21480e+04 -3.72591e+00 6.62745e-04 1.55512e-04 1.05e-04 1.78e-06 2.54e-03 4.47e-04 2.21e-04 1.65e-07 1.17e-06 8.05e-05 4.25e-06 8.04e-03 4.29e-06 2.30e-04 4.26e-06 6.67e-06 8.05e-05 8.04e-05 8.04e-03 8.04e-05 2.30e-04 8.04e-05 8.04e-05
60855 1.21580e+04 -3.81049e+00 6.14214e-04 4.68482e-05 6.16e-05 1.70e-06 2.40e-03 4.04e-04 1.99e-04 1.51e-07 1.56e-06 8.05e-05 4.25e-06 8.06e-03 4.29e-06 2.30e-04 4.26e-06 6.67e-06 8.06e-05 8.06e-05 8.06e-03 8.06e-05 2.30e-04 8.06e-05 8.06e-05
60905 1.21680e+04 -3.64634e+00 8.34541e-04 3.07779e-04 7.98e-05 1.37e-06 3.29e-03 5.42e-04 2.56e-04 1.97e-07 2.06e-06 8.05e-05 4.25e-06 8.05e-03 4.29e-06 2.30e-04 4.26e-06 6.67e-06 8.05e-05 8.05e-05 8.05e-03 8.05e-05 2.30e-04 8.05e-05 8.05e-05
60955 1.21780e+04 -3.88570e+00 6.34162e-04 1.83068e-03 8.14e-05 1.44e-06 2.60e-03 3.00e-04 1.92e-04 1.99e-07 1.71e-06 8.05e-05 4.25e-06 8.06e-03 4.29e-06 2.30e-04 4.26e-06 6.67e-06 8.06e-05 8.06e-05 8.06e-03 8.06e-05 2.30e-04 8.06e-05 8.06e-05
61005 1.21880e+04 -3.49617e+00 8.79623e-04 1.81670e-03 5.89e-05 2.32e-06 3.28e-03 6.94e-04 3.65e-04 1.23e-07 1.50e-06 8.05e-05 4.25e-06 8.06e-03 4.29e-06 2.30e-04 4.26e-06 6.67e-06 8.06e-05 8.06e-05 8.06e-03 8.06e-05 2.30e-04 8.06e-05 8.06e-05
61055 1.21980e+04 -3.65039e+00 6.60541e-04 1.13472e-04 6.21e-05 1.80e-06 2.41e-03 5.52e-04 2.79e-04 1.12e-07 5.19e-06 8.05e-05 4.25e-06 8.05e-03 4.29e-06 2.30e-04 4.26e-06 6.67e-06 8.05e-05 8.05e-05 8.05e-03 8.05e-05 2.30e-04 8.05e-05 8.05e-05
61105 1.22080e+04 -3.72024e+00 6.69467e-04 2.04091e-04 6.96e-05 1.64e-06 2.48e-03 4.42e-04 3.55e-04 1.42e-07 2.05e-06 8.04e-05 4.25e-06 8.06e-03 4.29e-06 2.30e-04 4.26e-06 6.67e-06 8.06e-05 8.06e-05 8.06e-03 8.06e-05 2.30e-04 8.06e-05 8.06e-05
61155 1.22180e+04 -3.66198e+00 7.96949e-04 2.88953e-04 5.99e-05 1.54e-06 3.06e-03 5.17e-04 3.45e-04 1.31e-07 9.27e-07 8.04e-05 4.25e-06 8.08e-03 4.29e-06 2.30e-04 4.26e-06 6.67e-06 8.08e-05 8.08e-05 8.08e-03 8.08e-05 2.30e-04 8.08e-05 8.08e-05
61205 1.22280e+04 -3.88754e+00 6.42175e-04 7.62487e-04 5.85e-05 1.62e-06 2.62e-03 3.10e-04 2.21e-04 1.98e-07 9.70e-07 8.04e-05 4.25e-06 8.09e-03 4.29e-06 2.30e-04 4.26e-06 6.67e-06 8.09e-05 8.09e-05 8.09e-03 8.09e-05 2.30e-04 8.09e-05 8.09e-05
61255 1.22380e+04 -3.91732e+00 5.96392e-04 7.87544e-04 5.81e-05 1.33e-06 2.43e-03 2.82e-04 2.07e-04 1.18e-07 2.99e-06 8.04e-05 4.25e-06 8.09e-03 4.29e-06 2.30e-04 4.26e-06 6.67e-06 8.09e-05 8.09e-05 8.09e-03 8.09e-05 2.30e-04 8.09e-05 8.09e-05
61305 1.22480e+04 -3.89481e+00 6.25488e-04 1.98034e-04 1.10e-04 1.39e-06 2.54e-03 2.51e-04 2.25e-04 1.23e-07 8.09e-07 8.04e-05 4.25e-06 8.07e-03 4.29e-06 2.30e-04 4.26e-06 6.67e-06 8.07e-05 8.07e-05 8.07e-03 8.07e-05 2.30e-04 8.07e-05 8.07e-05
61355 1.22580e+04 -3.72643e+00 7.27489e-04 2.27139e-04 5.81e-05 1.65e-06 2.89e-03 5.03e-04 1.85e-04 1.15e-07 9.07e-07 8.04e-05 4.25e-06 8.04e-03 4.29e-06 2.29e-04 4.26e-06 6.67e-06 8.04e-05 8.04e-05 8.04e-03 8.04e-05 2.29e-04 8.04e-05 8.04e-05
61405 1.22680e+04 -3.92462e+00 5.77875e-04 1.51254e-03 6.53e-05 1.44e-06 2.34e-03 2.67e-04 2.19e-04 9.56e-08 8.31e-07 8.03e-05 4.25e-06 8.03e-03 4.29e-06 2.29e-04 4.26e-06 6.67e-06 8.03e-05 8.03e-05 8.03e-03 8.03e-05 2.29e-04 8.03e-05 8.03e-05
61455 1.22780e+04 -3.95350e+00 5.78593e-04 1.52562e-03 6.10e-05 1.69e-06 2.39e-03 2.45e-04 1.99e-04 1.38e-07 1.07e-06 8.04e-05 4.25e-06 7.99e-03 4.29e-06 2.28e-04 4.26e-06 6.67e-06 8.04e-05 7.99e-05 7.99e-03 7.99e-05 2.28e-04 7.99e-05 7.99e-05
61505 1.22880e+04 -3.70361e+00 6.69224e-04 2.34603e-04 6.12e-05 1.72e-06 2.48e-03 4.76e-04 3.24e-04 9.87e-08 4.32e-06 8.02e-05 4.25e-06 7.94e-03 4.29e-06 2.27e-04 4.26e-06 6.67e-06 8.02e-05 7.94e-05 7.94e-03 7.94e-05 2.27e-04 7.94e-05 7.94e-05
61555 1.22980e+04 -3.88548e+00 6.19362e-04 3.30700e-04 9.88e-05 1.52e-06 2.50e-03 2.74e-04 2.23e-04 1.75e-07 2.18e-06 8.03e-05 4.25e-06 7.94e-03 4.29e-06 2.27e-04 4.26e-06 6.67e-06 8.03e-05 7.94e-05 7.94e-03 7.94e-05 2.27e-04 7.94e-05 7.94e-05
61605 1.23080e+04 -3.95180e+00 6.09108e-04 8.53310e-04 5.44e-05 1.23e-06 2.54e-03 2.57e-04 1.90e-04 2.35e-07 1.18e-06 8.01e-05 4.25e-06 7.91e-03 4.29e-06 2.27e-04 4.26e-06 6.67e-06 8.01e-05 7.91e-05 7.91e-03 7.91e-05 2.27e-04 7.91e-05 7.91e-05
61655 1.23180e+04 -3.88163e+00 5.83770e-04 8.14316e-04 1.29e-04 1.41e-06 2.33e-03 2.58e-04 2.00e-04 1.66e-07 2.36e-06 8.00e-05 4.25e-06 7.91e-03 4.29e-06 2.27e-04 4.26e-06 6.67e-06 8.00e-05 7.91e-05 7.91e-03 7.91e-05 2.27e-04 7.91e-05 7.91e-05
61705 1.23280e+04 -3.78425e+00 6.55002e-04 7.96653e-04 5.55e-05 1.60e-06 2.52e-03 4.04e-04 2.94e-04 1.88e-07 1.80e-06 8.00e-05 4.25e-06 7.92e-03 4.29e-06 2.27e-04 4.26e-06 6.67e-06 8.00e-05 7.92e-05 7.92e-03 7.92e-05 2.27e-04 7.92e-05 7.92e-05
61755 1.23380e+04 -3.80258e+00 6.23944e-04 2.68425e-03 1.07e-04 1.75e-06 2.41e-03 3.45e-04 2.60e-04 1.62e-07 3.12e-06 7.97e-05 4.25e-06 7.93e-03 4.29e-06 2.27e-04 4.26e-06 6.67e-06 7.97e-05 7.93e-05 7.93e-03 7.93e-05 2.27e-04 7.93e-05 7.93e-05
61805 1.23480e+04 -3.53047e+00 7.04572e-04 6.71151e-04 9.50e-05 2.20e-06 2.49e-03 6.48e-04 2.91e-04 2.55e-07 1.26e-06 7.96e-05 4.25e-06 7.92e-03 4.29e-06 2.27e-04 4.26e-06 6.67e-06 7.96e-05 7.92e-05 7.92e-03 7.92e-05 2.27e-04 7.92e-05 7.92e-05
61855 1.23580e+04 -3.86212e+00 5.99309e-04 5.98459e-04 6.27e-05 1.56e-06 2.38e-03 3.42e-04 2.09e-04 1.52e-07 1.52e-06 7.96e-05 4.25e-06 7.93e-03 4.29e-06 2.27e-04 4.26e-06 6.67e-06 7.96e-05 7.93e-05 7.93e-03 7.93e-05 2.27e-04 7.93e-05 7.93e-05
61905 1.23680e+04 -3.66189e+00 8.02404e-04 1.31663e-04 1.13e-04 2.06e-06 3.13e-03 4.74e-04 2.95e-04 1.16e-07 3.47e-06 7.95e-05 4.25e-06 7.92e-03 4.29e-06 2.27e-04 4.26e-06 6.67e-06 7.95e-05 7.92e-05 7.92e-03 7.92e-05 2.27e-04 7.92e-05 7.92e-05
61955 1.23780e+04 -3.92358e+00 6.20708e-04 1.47691e-03 8.46e-05 1.52e-06 2.56e-03 2.52e-04 2.04e-04 1.56e-07 1.15e-06 7.95e-05 4.25e-06 7.93e-03 4.29e-06 2.27e-04 4.26e-06 6.67e-06 7.95e-05 7.93e-05 7.93e-03 7.93e-05 2.27e-04 7.93e-05 7.93e-05
62005 1.23880e+04 -3.87295e+00 6.10513e-04 9.39216e-04 7.64e-05 1.54e-06 2.46e-03 3.21e-04 1.93e-04 2.07e-07 1.85e-06 7.96e-05 4.25e-06 7.90e-03 4.29e-06 2.27e-04 4.26e-06 6.67e-06 7.96e-05 7.90e-05 7.90e-03 7.90e-05 2.27e-04 7.90e-05 7.90e-05
62055 1.23980e+04 -3.67355e+00 8.17347e-04 1.40613e-04 9.33e-05 1.70e-06 3.22e-03 4.84e-04 2.84e-04 1.95e-07 3.01e-06 7.98e-05 4.25e-06 7.88e-03 4.29e-06 2.26e-04 4.26e-06 6.67e-06 7.98e-05 7.88e-05 7.88e-03 7.88e-05 2.26e-04 7.88e-05 7.88e-05
62105 1.24080e+04 -3.64395e+00 8.01442e-04 6.30944e-05 8.56e-05 1.29e-06 3.11e-03 5.25e-04 2.89e-04 1.27e-07 3.24e-06 7.96e-05 4.25e-06 7.90e-03 4.29e-06 2.27e-04 4.26e-06 6.67e-06 7.96e-05 7.90e-05 7.90e-03 7.90e-05 2.27e-04 7.90e-05 7.90e-05
62155 1.24180e+04 -3.73179e+00 7.72617e-04 1.02019e-03 5.82e-05 1.35e-06 3.11e-03 4.83e-04 2.13e-04 1.29e-07 1.14e-06 7.97e-05 4.25e-06 7.93e-03 4.29e-06 2.28e-04 4.26e-06 6.67e-06 7.97e-05 7.93e-05 7.93e-03 7.93e-05 2.28e-04 7.93e-05 7.93e-05
62205 1.24280e+04 -3.84603e+00 6.59602e-04 7.78751e-04 5.15e-05 1.67e-06 2.68e-03 3.74e-04 1.94e-04 1.86e-07 8.19e-07 7.96e-05 4.25e-06 7.95e-03 4.29e-06 2.28e-04 4.26e-06 6.67e-06 7.96e-05 7.95e-05 7.95e-03 7.95e-05 2.28e-04 7.95e-05 7.95e-05
62255 1.24380e+04 -3.87148e+00 6.29806e-04 1.59878e-03 8.69e-05 1.75e-06 2.56e-03 3.15e-04 1.83e-04 1.25e-07 8.06e-07 7.95e-05 4.25e-06 7.96e-03 4.29e-06 2.28e-04 4.26e-06 6.67e-06 7.96e-05 7.96e-05 7.96e-03 7.96e-05 2.28e-04 7.96e-05 7.96e-05
62305 1.24480e+04 -3.49911e+00 8.51360e-04 2.39499e-03 1.43e-04 2.31e-06 3.24e-03 6.54e-04 2.23e-04 1.76e-07 1.05e-06 7.95e-05 4.25e-06 7.97e-03 4.29e-06 2.29e-04 4.26e-06 6.67e-06 7.97e-05 7.97e-05 7.97e-03 7.97e-05 2.29e-04 7.97e-05 7.97e-05
62355 1.24580e+04 -3.90597e+00 6.17442e-04 1.12884e-03 6.27e-05 1.58e-06 2.53e-03 2.98e-04 1.91e-04 1.35e-07 9.33e-07 7.95e-05 4.25e-06 7.99e-03 4.29e-06 2.29e-04 4.26e-06 6.67e-06 7.99e-05 7.99e-05 7.99e-03 7.99e-05 2.29e-04 7.99e-05 7.99e-05
62405 1.24680e+04 -3.83797e+00 6.35719e-04 2.29655e-04 6.95e-05 1.69e-06 2.56e-03 3.68e-04 1.82e-04 1.64e-07 3.20e-06 7.95e-05 4.25e-06 8.00e-03 4.29e-06 2.29e-04 4.26e-06 6.67e-06 8.00e-05 8.00e-05 8.00e-03 8.00e-05 2.29e-04 8.00e-05 8.00e-05
62455 1.24780e+04 -3.80596e+00 6.33692e-04 4.25212e-04 1.19e-04 1.67e-06 2.51e-03 3.56e-04 1.85e-04 1.23e-07 1.26e-06 7.95e-05 4.25e-06 8.03e-03 4.29e-06 2.29e-04 4.26e-06 6.67e-06 8.03e-05 8.03e-05 8.03e-03 8.03e-05 2.29e-04 8.03e-05 8.03e-05
62505 1.24880e+04 -3.82344e+00 7.50309e-04 1.11806e-04 5.56e-05 1.29e-06 3.10e-03 3.83e-04 2.08e-04 1.48e-07 4.35e-06 7.95e-05 4.25e-06 8.05e-03 4.29e-06 2.30e-04 4.26e-06 6.67e-06 8.05e-05 8.05e-05 8.05e-03 8.05e-05 2.30e-04 8.05e-05 8.05e-05
62555 1.24980e+04 -3.60732e+00 8.19580e-04 7.65734e-04 5.71e-05 1.40e-06 3.17e-03 6.11e-04 2.55e-04 1.76e-07 1.02e-06 7.95e-05 4.25e-06 8.06e-03 4.29e-06 2.30e-04 4.26e-06 6.67e-06 8.06e-05 8.06e-05 8.06e-03 8.06e-05 2.30e-04 8.06e-05 8.06e-05
62605 1.25080e+04 -3.85380e+00 6.21423e-04 1.42930e-03 6.67e-05 1.69e-06 2.48e-03 3.46e-04 2.09e-04 1.62e-07 8.76e-07 7.95e-05 4.25e-06 8.08e-03 4.29e-06 2.30e-04 4.26e-06 6.67e-06 8.08e-05 8.08e-05 8.08e-03 8.08e-05 2.30e-04 8.08e-05 8.08e-05
62655 1.25180e+04 -3.89927e+00 5.82943e-04 2.50489e-03 9.19e-05 1.79e-06 2.36e-03 2.79e-04 1.86e-04 1.00e-07 1.24e-06 7.95e-05 4.25e-06 8.08e-03 4.29e-06 2.30e-04 4.26e-06 6.67e-06 8.08e-05 8.08e-05 8.08e-03 8.08e-05 2.30e-04 8.08e-05 8.08e-05
62705 1.25280e+04 -3.86333e+00 6.04859e-04 1.56855e-03 7.14e-05 1.59e-06 2.41e-03 3.32e-04 2.08e-04 1.32e-07 8.00e-07 7.95e-05 4.25e-06 8.07e-03 4.29e-06 2.30e-04 4.26e-06 6.67e-06 8.07e-05 8.07e-05 8.07e-03 8.07e-05 2.30e-04 8.07e-05 8.07e-05
62755 1.25380e+04 -3.83774e+00 6.24544e-04 2.53433e-03 6.03e-05 1.51e-06 2.46e-03 3.61e-04 2.35e-04 1.34e-07 1.45e-06 7.95e-05 4.25e-06 8.08e-03 4.29e-06 2.30e-04 4.26e-06 6.67e-06 8.08e-05 8.08e-05 8.08e-03 8.08e-05 2.30e-04 8.08e-05 8.08e-05
62805 1.25480e+04 -3.70758e+00 7.71539e-04 3.10750e-04 1.08e-04 1.32e-06 3.05e-03 4.53e-04 2.45e-04 1.06e-07 9.96e-07 7.95e-05 4.25e-06 8.10e-03 4.29e-06 2.30e-04 4.26e-06 6.67e-06 8.10e-05 8.10e-05 8.10e-03 8.10e-05 2.30e-04 8.10e-05 8.10e-05
62855 1.25580e+04 -3.70881e+00 7.85115e-04 6.38163e-04 6.17e-05 1.71e-06 3.16e-03 5.17e-04 1.84e-04 1.08e-07 1.69e-06 7.95e-05 4.25e-06 8.12e-03 4.29e-06 2.30e-04 4.26e-06 6.67e-06 8.12e-05 8.12e-05 8.12e-03 8.12e-05 2.30e-04 8.12e-05 8.12e-05
62905 1.25680e+04 -3.85489e+00 6.32345e-04 2.98999e-04 5.81e-05 1.71e-06 2.52e-03 3.41e-04 2.40e-04 1.13e-07 1.45e-06 7.95e-05 4.25e-06 8.15e-03 4.29e-06 2.30e-04 4.26e-06 6.67e-06 8.15e-05 8.15e-05 8.15e-03 8.15e-05 2.30e-04 8.15e-05 8.15e-05
62955 1.25780e+04 -3.77658e+00 6.59786e-04 4.38694e-04 5.66e-05 1.68e-06 2.57e-03 4.35e-04 2.32e-04 1.36e-07 1.14e-06 7.95e-05 4.25e-06 8.17e-03 4.29e-06 2.30e-04 4.26e-06 6.67e-06 8.17e-05 8.17e-05 8.17e-03 8.17e-05 2.30e-04 8.17e-05 8.17e-05
63005 1.25880e+04 -3.54531e+00 7.97104e-04 1.09115e-03 7.05e-05 3.69e-06 3.00e-03 6.78e-04 2.33e-04 1.56e-07 1.82e-06 7.95e-05 4.25e-06 8.18e-03 4.29e-06 2.30e-04 4.26e-06 6.67e-06 8.18e-05 8.18e-05 8.18e-03 8.18e-05 2.30e-04 8.18e-05 8.18e-05
63055 1.25980e+04 -3.89956e+00 6.03040e-04 2.31342e-03 1.02e-04 1.32e-06 2.45e-03 2.63e-04 1.95e-04 1.72e-07 1.98e-06 7.95e-05 4.25e-06 8.18e-03 4.29e-06 2.30e-04 4.26e-06 6.67e-06 8.18e-05 8.18e-05 8.18e-03 8.18e-05 2.30e-04 8.18e-05 8.18e-05
63105 1.26080e+04 -3.82716e+00 7.52947e-04 1.10212e-04 1.00e-04 1.15e-06 3.13e-03 3.43e-04 1.91e-04 1.34e-07 1.36e-06 7.95e-05 4.25e-06 8.15e-03 4.29e-06 2.30e-04 4.26e-06 6.67e-06 8.15e-05 8.15e-05 8.15e-03 8.15e-05 2.30e-04 8.15e-05 8.15e-05
63155 1.26180e+04 -3.82950e+00 6.34784e-04 1.69979e-04 7.72e-05 1.43e-06 2.48e-03 3.40e-04 2.75e-04 1.56e-07 9.18e-07 7.95e-05 4.25e-06 8.16e-03 4.29e-06 2.30e-04 4.26e-06 6.67e-06 8.16e-05 8.16e-05 8.16e-03 8.16e-05 2.30e-04 8.16e-05 8.16e-05
63205 1.26280e+04 -3.94357e+00 5.96657e-04 2.06842e-04 6.20e-05 1.41e-06 2.47e-03 2.49e-04 2.06e-04 1.67e-07 1.24e-06 7.95e-05 4.25e-06 8.17e-03 4.29e-06 2.31e-04 4.26e-06 6.67e-06 8.17e-05 8.17e-05 8.17e-03 8.17e-05 2.31e-04 8.17e-05 8.17e-05
63255 1.26380e+04 -3.80342e+00 7.59417e-04 1.18645e-04 8.86e-05 1.54e-06 3.13e-03 3.72e-04 2.02e-04 1.31e-07 6.78e-06 7.95e-05 4.25e-06 8.14e-03 4.29e-06 2.30e-04 4.26e-06 6.67e-06 8.14e-05 8.14e-05 8.14e-03 8.14e-05 2.30e-04 8.14e-05 8.14e-05
63305 1.26480e+04 -3.55545e+00 8.33627e-04 1.10858e-04 6.05e-05 1.37e-06 3.10e-03 6.28e-04 3.74e-04 1.25e-07 1.17e-06 7.95e-05 4.25e-06 8.16e-03 4.29e-06 2.31e-04 4.26e-06 6.67e-06 8.16e-05 8.16e-05 8.16e-03 8.16e-05 2.31e-04 8.16e-05 8.16e-05
63355 1.26580e+04 -3.88689e+00 6.04310e-04 1.37130e-03 9.29e-05 1.43e-06 2.42e-03 2.70e-04 2.41e-04 1.05e-07 2.43e-06 7.95e-05 4.25e-06 8.13e-03 4.29e-06 2.30e-04 4.26e-06 6.67e-06 8.13e-05 8.13e-05 8.13e-03 8.13e-05 2.30e-04 8.13e-05 8.13e-05
63405 1.26680e+04 -3.96500e+00 5.92778e-04 3.24630e-04 5.88e-05 1.61e-06 2.49e-03 2.42e-04 1.68e-04 2.31e-07 9.99e-07 7.95e-05 4.25e-06 8.10e-03 4.29e-06 2.30e-04 4.26e-06 6.67e-06 8.10e-05 8.10e-05 8.10e-03 8.10e-05 2.30e-04 8.10e-05 8.10e-05
63455 1.26780e+04 -3.92917e+00 5.85452e-04 2.79073e-03 7.69e-05 1.71e-06 2.39e-03 2.51e-04 2.12e-04 1.84e-07 1.13e-06 7.95e-05 4.25e-06 8.07e-03 4.29e-06 2.29e-04 4.26e-06 6.67e-06 8.07e-05 8.07e-05 8.07e-03 8.07e-05 2.29e-04 8.07e-05 8.07e-05
63505 1.26880e+04 -3.92720e+00 6.47588e-04 5.77282e-04 5.15e-05 1.21e-06 2.70e-03 2.76e-04 2.11e-04 1.35e-07 1.31e-06 7.95e-05 4.25e-06 8.03e-03 4.29e-06 2.28e-04 4.26e-06 6.67e-06 8.03e-05 8.03e-05 8.03e-03 8.03e-05 2.28e-04 8.03e-05 8.03e-05
63555 1.26980e+04 -3.82411e+00 6.77853e-04 9.55071e-04 6.68e-05 1.38e-06 2.72e-03 3.67e-04 2.34e-04 1.46e-07 2.94e-06 7.95e-05 4.25e-06 8.03e-03 4.29e-06 2.28e-04 4.26e-06 6.67e-06 8.03e-05 8.03e-05 8.03e-03 8.03e-05 2.28e-04 8.03e-05 8.03e-05
63605 1.27080e+04 -3.84572e+00 6.08098e-04 7.16901e-04 8.99e-05 1.58e-06 2.42e-03 3.39e-04 1.91e-04 3.36e-07 9.36e-07 7.95e-05 4.25e-06 8.02e-03 4.29e-06 2.29e-04 4.26e-06 6.67e-06 8.02e-05 8.02e-05 8.02e-03 8.02e-05 2.29e-04 8.02e-05 8.02e-05
63655 1.27180e+04 -3.90357e+00 5.89035e-04 2.61785e-03 6.50e-05 1.31e-06 2.36e-03 2.85e-04 2.32e-04 1.43e-07 2.29e-06 7.95e-05 4.25e-06 8.02e-03 4.29e-06 2.29e-04 4.26e-06 6.67e-06 8.02e-05 8.02e-05 8.02e-03 8.02e-05 2.29e-04 8.02e-05 8.02e-05
63705 1.27280e+04 -3.42388e+00 9.17892e-04 5.11720e-03 7.24e-05 2.15e-06 3.42e-03 7.75e-04 3.20e-04 1.88e-07 1.21e-06 7.95e-05 4.25e-06 8.02e-03 4.29e-06 2.28e-04 4.26e-06 6.67e-06 8.02e-05 8.02e-05 8.02e-03 8.02e-05 2.28e-04 8.02e-05 8.02e-05
63755 1.27380e+04 -3.92967e+00 5.71480e-04 1.96353e-03 4.89e-05 1.60e-06 2.34e-03 2.93e-04 1.72e-04 1.88e-07 2.04e-06 7.95e-05 4.25e-06 7.99e-03 4.29e-06 2.28e-04 4.26e-06 6.67e-06 7.99e-05 7.99e-05 7.99e-03 7.99e-05 2.28e-04 7.99e-05 7.99e-05
63805 1.27480e+04 -3.90194e+00 6.09314e-04 3.63642e-03 5.26e-05 1.53e-06 2.44e-03 2.89e-04 2.62e-04 1.53e-07 1.14e-06 7.95e-05 4.25e-06 7.99e-03 4.29e-06 2.28e-04 4.26e-06 6.67e-06 7.99e-05 7.99e-05 7.99e-03 7.99e-05 2.28e-04 7.99e-05 7.99e-05
63855 1.27580e+04 -3.70220e+00 6.25045e-04 1.02579e-03 1.03e-04 2.45e-06 2.25e-03 4.37e-04 3.35e-04 1.43e-07 1.17e-06 7.95e-05 4.25e-06 8.01e-03 4.29e-06 2.29e-04 4.26e-06 6.67e-06 8.01e-05 8.01e-05 8.01e-03 8.01e-05 2.29e-04 8.01e-05 8.01e-05
63905 1.27680e+04 -3.82913e+00 5.98725e-04 1.24866e-03 1.23e-04 1.66e-06 2.34e-03 3.21e-04 2.03e-04 1.14e-07 9.09e-07 7.95e-05 4.25e-06 8.04e-03 4.29e-06 2.29e-04 4.26e-06 6.67e-06 8.04e-05 8.04e-05 8.04e-03 8.04e-05 2.29e-04 8.04e-05 8.04e-05
63955 1.27780e+04 -3.89245e+00 6.30480e-04 1.86281e-03 1.05e-04 1.57e-06 2.58e-03 2.64e-04 2.04e-04 1.34e-07 2.34e-06 7.95e-05 4.25e-06 8.03e-03 4.29e-06 2.28e-04 4.26e-06 6.67e-06 8.03e-05 8.03e-05 8.03e-03 8.03e-05 2.28e-04 8.03e-05 8.03e-05
64005 1.27880e+04 -3.83730e+00 6.03855e-04 3.84693e-04 1.96e-04 1.45e-06 2.38e-03 2.39e-04 2.04e-04 2.42e-07 1.32e-06 7.95e-05 4.25e-06 7.99e-03 4.29e-06 2.28e-04 4.26e-06 6.67e-06 7.99e-05 7.99e-05 7.99e-03 7.99e-05 2.28e-04 7.99e-05 7.99e-05
64055 1.27980e+04 -3.83731e+00 7.16599e-04 1.81593e-04 4.70e-05 1.20e-06 2.85e-03 3.30e-04 3.51e-04 1.10e-07 3.22e-06 7.95e-05 4.25e-06 7.95e-03 4.29e-06 2.27e-04 4.26e-06 6.67e-06 7.95e-05 7.95e-05 7.95e-03 7.95e-05 2.27e-04 7.95e-05 7.95e-05
64105 1.28080e+04 -3.84381e+00 5.89675e-04 4.45566e-03 8.23e-05 1.70e-06 2.27e-03 3.22e-04 2.74e-04 1.53e-07 1.39e-06 7.95e-05 4.25e-06 7.95e-03 4.29e-06 2.28e-04 4.26e-06 6.67e-06 7.95e-05 7.95e-05 7.95e-03 7.95e-05 2.28e-04 7.95e-05 7.95e-05
64155 1.28180e+04 -3.86003e+00 6.06742e-04 3.58301e-03 9.88e-05 1.41e-06 2.41e-03 3.05e-04 2.14e-04 1.56e-07 3.33e-06 7.95e-05 4.25e-06 7.94e-03 4.29e-06 2.28e-04 4.26e-06 6.67e-06 7.95e-05 7.94e-05 7.94e-03 7.94e-05 2.28e-04 7.94e-05 7.94e-05
64205 1.28280e+04 -3.91631e+00 6.00676e-04 2.24147e-03 7.69e-05 1.57e-06 2.46e-03 2.72e-04 1.98e-04 1.34e-07 1.09e-06 7.94e-05 4.25e-06 7.91e-03 4.29e-06 2.28e-04 4.26e-06 6.67e-06 7.94e-05 7.91e-05 7.91e-03 7.91e-05 2.28e-04 7.91e-05 7.91e-05
64255 1.28380e+04 -3.93175e+00 6.07388e-04 8.59593e-04 5.43e-05 1.52e-06 2.51e-03 2.79e-04 1.92e-04 1.13e-07 1.23e-06 7.95e-05 4.25e-06 7.88e-03 4.29e-06 2.28e-04 4.26e-06 6.67e-06 7.95e-05 7.88e-05 7.88e-03 7.88e-05 2.28e-04 7.88e-05 7.88e-05
64305 1.28480e+04 -3.72096e+00 7.82853e-04 5.76625e-04 6.97e-05 1.44e-06 3.05e-03 4.35e-04 3.53e-04 1.81e-07 8.79e-07 7.94e-05 4.25e-06 7.87e-03 4.29e-06 2.28e-04 4.26e-06 6.67e-06 7.94e-05 7.87e-05 7.87e-03 7.87e-05 2.28e-04 7.87e-05 7.87e-05
64355 1.28580e+04 -3.90410e+00 6.16119e-04 2.62536e-03 1.13e-04 1.30e-06 2.53e-03 2.54e-04 1.83e-04 1.72e-07 1.10e-06 7.91e-05 4.25e-06 7.87e-03 4.29e-06 2.28e-04 4.26e-06 6.67e-06 7.91e-05 7.87e-05 7.87e-03 7.87e-05 2.28e-04 7.87e-05 7.87e-05
64405 1.28680e+04 -3.86307e+00 6.35129e-04 1.15987e-04 5.28e-05 1.45e-06 2.57e-03 3.52e-04 2.04e-04 2.65e-07 9.62e-07 7.90e-05 4.25e-06 7.87e-03 4.29e-06 2.28e-04 4.26e-06 6.67e-06 7.90e-05 7.87e-05 7.87e-03 7.87e-05 2.28e-04 7.87e-05 7.87e-05
64455 1.28780e+04 -3.91667e+00 5.84491e-04 3.35579e-03 8.26e-05 1.34e-06 2.36e-03 2.58e-04 2.23e-04 2.16e-07 1.22e-06 7.89e-05 4.25e-06 7.88e-03 4.29e-06 2.28e-04 4.26e-06 6.67e-06 7.89e-05 7.88e-05 7.88e-03 7.88e-05 2.28e-04 7.88e-05 7.88e-05
64505 1.28880e+04 -3.65062e+00 8.09265e-04 8.09236e-04 4.93e-05 2.81e-06 3.18e-03 5.70e-04 2.39e-04 1.36e-07 8.79e-07 7.90e-05 4.25e-06 7.89e-03 4.29e-06 2.29e-04 4.26e-06 6.67e-06 7.90e-05 7.89e-05 7.89e-03 7.89e-05 2.29e-04 7.89e-05 7.89e-05
64555 1.28980e+04 -3.80892e+00 6.18597e-04 4.43649e-04 1.31e-04 1.87e-06 2.38e-03 3.10e-04 2.72e-04 1.28e-07 2.80e-06 7.88e-05 4.25e-06 7.91e-03 4.29e-06 2.30e-04 4.26e-06 6.67e-06 7.91e-05 7.91e-05 7.91e-03 7.91e-05 2.30e-04 7.91e-05 7.91e-05
64605 1.29080e+04 -3.88032e+00 6.03078e-04 2.17122e-03 8.26e-05 1.62e-06 2.39e-03 2.85e-04 2.57e-04 1.25e-07 1.88e-06 7.88e-05 4.25e-06 7.92e-03 4.29e-06 2.30e-04 4.26e-06 6.67e-06 7.92e-05 7.92e-05 7.92e-03 7.92e-05 2.30e-04 7.92e-05 7.92e-05
64655 1.29180e+04 -3.82332e+00 6.46846e-04 1.74076e-04 6.04e-05 1.96e-06 2.53e-03 3.62e-04 2.77e-04 2.30e-07 1.38e-06 7.88e-05 4.25e-06 7.92e-03 4.29e-06 2.30e-04 4.26e-06 6.67e-06 7.92e-05 7.92e-05 7.92e-03 7.92e-05 2.30e-04 7.92e-05 7.92e-05
64705 1.29280e+04 -3.87096e+00 5.95085e-04 4.58810e-04 8.00e-05 1.73e-06 2.35e-03 3.06e-04 2.37e-04 1.14e-07 1.12e-06 7.88e-05 4.25e-06 7.95e-03 4.29e-06 2.31e-04 4.26e-06 6.67e-06 7.95e-05 7.95e-05 7.95e-03 7.95e-05 2.31e-04 7.95e-05 7.95e-05
64755 1.29380e+04 -3.93816e+00 5.94659e-04 7.91563e-04 7.89e-05 1.41e-06 2.46e-03 2.49e-04 1.86e-04 1.59e-07 1.88e-06 7.88e-05 4.25e-06 7.94e-03 4.29e-06 2.31e-04 4.26e-06 6.67e-06 7.94e-05 7.94e-05 7.94e-03 7.94e-05 2.31e-04 7.94e-05 7.94e-05
64805 1.29480e+04 -3.80115e+00 6.05689e-04 3.03396e-04 1.01e-04 1.87e-06 2.34e-03 3.70e-04 2.13e-04 1.63e-07 1.62e-06 7.88e-05 4.25e-06 7.93e-03 4.29e-06 2.31e-04 4.26e-06 6.67e-06 7.93e-05 7.93e-05 7.93e-03 7.93e-05 2.31e-04 7.93e-05 7.93e-05
64855 1.29580e+04 -3.83586e+00 6.17140e-04 1.15164e-04 9.42e-05 1.85e-06 2.39e-03 3.15e-04 2.81e-04 1.23e-07 1.08e-06 7.88e-05 4.25e-06 7.96e-03 4.29e-06 2.32e-04 4.26e-06 6.67e-06 7.96e-05 7.96e-05 7.96e-03 7.96e-05 2.32e-04 7.96e-05 7.96e-05
64905 1.29680e+04 -3.92760e+00 6.79385e-04 1.21382e-04 6.37e-05 1.27e-06 2.86e-03 2.65e-04 2.06e-04 1.59e-07 1.40e-06 7.88e-05 4.25e-06 7.96e-03 4.29e-06 2.32e-04 4.26e-06 6.67e-06 7.96e-05 7.96e-05 7.96e-03 7.96e-05 2.32e-04 7.96e-05 7.96e-05
64955 1.29780e+04 -3.93916e+00 6.10129e-04 2.22346e-04 9.48e-05 1.59e-06 2.54e-03 2.32e-04 1.81e-04 2.55e-07 1.89e-06 7.88e-05 4.25e-06 7.92e-03 4.29e-06 2.31e-04 4.26e-06 6.67e-06 7.92e-05 7.92e-05 7.92e-03 7.92e-05 2.31e-04 7.92e-05 7.92e-05
65005 1.29870e+04 -3.65169e+00 6.67473e-04 1.48584e-04 7.39e-05 2.12e-06 2.44e-03 5.35e-04 2.90e-04 2.64e-07 1.33e-06 7.88e-05 4.25e-06 7.91e-03 4.29e-06 2.31e-04 4.26e-06 6.67e-06 7.91e-05 7.91e-05 7.91e-03 7.91e-05 2.31e-04 7.91e-05 7.91e-05
65055 1.29970e+04 -3.68174e+00 6.93549e-04 9.53570e-05 1.06e-04 1.90e-06 2.65e-03 4.92e-04 2.22e-04 1.26e-07 9.53e-07 7.88e-05 4.25e-06 7.91e-03 4.29e-06 2.31e-04 4.26e-06 6.67e-06 7.91e-05 7.91e-05 7.91e-03 7.91e-05 2.31e-04 7.91e-05 7.91e-05
65105 1.30070e+04 -3.66049e+00 7.66571e-04 6.66596e-05 7.24e-05 1.43e-06 2.94e-03 5.20e-04 2.98e-04 1.60e-07 1.99e-06 7.88e-05 4.25e-06 7.91e-03 4.29e-06 2.31e-04 4.26e-06 6.67e-06 7.91e-05 7.91e-05 7.91e-03 7.91e-05 2.31e-04 7.91e-05 7.91e-05
65155 1.30170e+04 -3.75213e+00 6.27611e-04 2.49090e-04 8.38e-05 2.03e-06 2.40e-03 4.44e-04 2.05e-04 1.01e-07 1.12e-06 7.88e-05 4.25e-06 7.92e-03 4.29e-06 2.31e-04 4.26e-06 6.67e-06 7.92e-05 7.92e-05 7.92e-03 7.92e-05 2.31e-04 7.92e-05 7.92e-05
65205 1.30270e+04 -3.68780e+00 7.71056e-04 5.18482e-04 9.91e-05 1.45e-06 3.04e-03 4.85e-04 2.33e-04 1.07e-07 1.16e-06 7.88e-05 4.25e-06 7.92e-03 4.29e-06 2.31e-04 4.26e-06 6.67e-06 7.92e-05 7.92e-05 7.92e-03 7.92e-05 2.31e-04 7.92e-05 7.92e-05
65255 1.30370e+04 -3.67357e+00 7.93860e-04 2.10566e-04 6.09e-05 1.42e-06 3.08e-03 5.10e-04 3.17e-04 9.73e-08 9.51e-07 7.88e-05 4.25e-06 7.92e-03 4.29e-06 2.31e-04 4.26e-06 6.67e-06 7.92e-05 7.92e-05 7.92e-03 7.92e-05 2.31e-04 7.92e-05 7.92e-05
65305 1.30470e+04 -3.71220e+00 6.95045e-04 2.25804e-04 8.70e-05 2.03e-06 2.66e-03 4.61e-04 2.69e-04 1.05e-07 8.19e-07 7.88e-05 4.25e-06 7.93e-03 4.29e-06 2.31e-04 4.26e-06 6.67e-06 7.93e-05 7.93e-05 7.93e-03 7.93e-05 2.31e-04 7.93e-05 7.93e-05
65355 1.30570e+04 -3.73996e+00 6.51924e-04 7.19945e-05 9.78e-05 1.62e-06 2.51e-03 4.40e-04 2.15e-04 1.03e-07 9.25e-07 7.88e-05 4.25e-06 7.93e-03 4.29e-06 2.31e-04 4.26e-06 6.67e-06 7.93e-05 7.93e-05 7.93e-03 7.93e-05 2.31e-04 7.93e-05 7.93e-05
65405 1.30670e+04 -3.82622e+00 6.27973e-04 8.07201e-04 9.77e-05 1.71e-06 2.49e-03 3.50e-04 1.97e-04 1.03e-07 9.43e-07 7.88e-05 4.25e-06 7.94e-03 4.29e-06 2.31e-04 4.26e-06 6.67e-06 7.94e-05 7.94e-05 7.94e-03 7.94e-05 2.31e-04 7.94e-05 7.94e-05
65455 1.30770e+04 -3.83505e+00 6.43319e-04 9.68290e-04 8.96e-05 1.87e-06 2.59e-03 3.51e-04 1.88e-04 1.04e-07 8.52e-07 7.88e-05 4.25e-06 7.94e-03 4.29e-06 2.31e-04 4.26e-06 6.67e-06 7.94e-05 7.94e-05 7.94e-03 7.94e-05 2.31e-04 7.94e-05 7.94e-05
65505 1.30870e+04 -3.84371e+00 5.91626e-04 5.89827e-04 9.16e-05 1.76e-06 2.32e-03 3.34e-04 2.11e-04 1.08e-07 1.15e-06 7.88e-05 4.25e-06 7.94e-03 4.29e-06 2.31e-04 4.26e-06 6.67e-06 7.94e-05 7.94e-05 7.94e-03 7.94e-05 2.31e-04 7.94e-05 7.94e-05
65555 1.30970e+04 -3.88668e+00 5.82195e-04 7.02988e-04 9.55e-05 1.27e-06 2.30e-03 2.70e-04 2.48e-04 1.35e-07 1.18e-06 7.88e-05 4.25e-06 7.94e-03 4.29e-06 2.31e-04 4.26e-06 6.67e-06 7.94e-05 7.94e-05 7.94e-03 7.94e-05 2.31e-04 7.94e-05 7.94e-05
65605 1.31070e+04 -3.90180e+00 6.05191e-04 2.84329e-04 1.02e-04 1.42e-06 2.45e-03 2.58e-04 2.11e-04 9.78e-08 1.07e-06 7.88e-05 4.25e-06 7.93e-03 4.29e-06 2.31e-04 4.26e-06 6.67e-06 7.93e-05 7.93e-05 7.93e-03 7.93e-05 2.31e-04 7.93e-05 7.93e-05
65655 1.31170e+04 -3.90311e+00 6.11260e-04 1.57033e-03 1.05e-04 1.19e-06 2.49e-03 2.56e-04 2.03e-04 1.19e-07 1.19e-06 7.88e-05 4.25e-06 7.93e-03 4.29e-06 2.31e-04 4.26e-06 6.67e-06 7.93e-05 7.93e-05 7.93e-03 7.93e-05 2.31e-04 7.93e-05 7.93e-05
65705 1.31270e+04 -3.93305e+00 6.35233e-04 4.27478e-04 9.05e-05 1.16e-06 2.66e-03 2.44e-04 1.76e-04 1.02e-07 2.07e-06 7.88e-05 4.25e-06 7.93e-03 4.29e-06 2.31e-04 4.26e-06 6.67e-06 7.93e-05 7.93e-05 7.93e-03 7.93e-05 2.31e-04 7.93e-05 7.93e-05
65755 1.31370e+04 -3.94419e+00 6.13769e-04 5.10481e-04 9.88e-05 1.09e-06 2.57e-03 2.25e-04 1.78e-04 1.13e-07 1.30e-06 7.88e-05 4.25e-06 7.92e-03 4.29e-06 2.31e-04 4.26e-06 6.67e-06 7.92e-05 7.92e-05 7.92e-03 7.92e-05 2.31e-04 7.92e-05 7.92e-05
65805 1.31470e+04 -3.90537e+00 6.18249e-04 7.08287e-04 1.09e-04 1.30e-06 2.51e-03 2.42e-04 2.24e-04 9.76e-08 9.61e-07 7.88e-05 4.25e-06 7.92e-03 4.29e-06 2.31e-04 4.26e-06 6.67e-06 7.92e-05 7.92e-05 7.92e-03 7.92e-05 2.31e-04 7.92e-05 7.92e-05
65855 1.31570e+04 -3.91472e+00 6.52895e-04 1.31052e-04 1.04e-04 1.18e-06 2.72e-03 2.45e-04 1.95e-04 1.00e-07 1.48e-06 7.88e-05 4.25e-06 7.91e-03 4.29e-06 2.31e-04 4.26e-06 6.67e-06 7.91e-05 7.91e-05 7.91e-03 7.91e-05 2.31e-04 7.91e-05 7.91e-05
65905 1.31670e+04 -3.87952e+00 6.72318e-04 1.30912e-04 1.20e-04 1.15e-06 2.78e-03 2.69e-04 1.87e-04 8.71e-08 1.46e-06 7.88e-05 4.25e-06 7.91e-03 4.29e-06 2.31e-04 4.26e-06 6.67e-06 7.91e-05 7.91e-05 7.91e-03 7.91e-05 2.31e-04 7.91e-05 7.91e-05
65955 1.31770e+04 -3.79232e+00 7.44085e-04 6.88233e-05 8.62e-05 1.24e-06 3.03e-03 3.87e-04 2.21e-04 1.16e-07 9.28e-07 7.88e-05 4.25e-06 7.91e-03 4.29e-06 2.31e-04 4.26e-06 6.67e-06 7.91e-05 7.91e-05 7.91e-03 7.91e-05 2.31e-04 7.91e-05 7.91e-05
66005 1.31870e+04 -3.63504e+00 6.83286e-04 4.01441e-04 9.38e-05 1.82e-06 2.55e-03 5.61e-04 2.08e-04 1.06e-07 1.55e-06 7.88e-05 4.25e-06 7.92e-03 4.29e-06 2.31e-04 4.26e-06 6.67e-06 7.92e-05 7.92e-05 7.92e-03 7.92e-05 2.31e-04 7.92e-05 7.92e-05
66055 1.31970e+04 -3.65785e+00 6.80368e-04 5.88242e-05 8.52e-05 1.92e-06 2.48e-03 5.03e-04 3.30e-04 9.26e-08 1.71e-06 7.88e-05 4.25e-06 7.92e-03 4.29e-06 2.31e-04 4.26e-06 6.67e-06 7.92e-05 7.92e-05 7.92e-03 7.92e-05 2.31e-04 7.92e-05 7.92e-05
66105 1.32070e+04 -3.72105e+00 7.69271e-04 4.78864e-04 7.29e-05 1.42e-06 3.07e-03 4.77e-04 2.24e-04 1.27e-07 8.56e-07 7.88e-05 4.25e-06 7.92e-03 4.29e-06 2.31e-04 4.26e-06 6.67e-06 7.92e-05 7.92e-05 7.92e-03 7.92e-05 2.31e-04 7.92e-05 7.92e-05
66155 1.32170e+04 -3.67474e+00 7.69398e-04 1.34284e-04 7.20e-05 1.38e-06 3.00e-03 5.21e-04 2.52e-04 1.14e-07 1.01e-06 7.88e-05 4.25e-06 7.93e-03 4.29e-06 2.31e-04 4.26e-06 6.67e-06 7.93e-05 7.93e-05 7.93e-03 7.93e-05 2.31e-04 7.93e-05 7.93e-05
66205 1.32270e+04 -3.70825e+00 7.76644e-04 1.68071e-04 7.49e-05 1.56e-06 3.09e-03 4.89e-04 2.24e-04 1.11e-07 1.05e-06 7.88e-05 4.25e-06 7.93e-03 4.29e-06 2.31e-04 4.26e-06 6.67e-06 7.93e-05 7.93e-05 7.93e-03 7.93e-05 2.31e-04 7.93e-05 7.93e-05
66255 1.32370e+04 -3.80173e+00 6.52942e-04 7.62076e-05 6.27e-05 1.96e-06 2.59e-03 4.12e-04 1.94e-04 1.42e-07 8.54e-07 7.88e-05 4.25e-06 7.94e-03 4.29e-06 2.31e-04 4.26e-06 6.67e-06 7.94e-05 7.94e-05 7.94e-03 7.94e-05 2.31e-04 7.94e-05 7.94e-05
66305 1.32470e+04 -3.71596e+00 7.45969e-04 5.19140e-04 6.45e-05 1.40e-06 2.96e-03 4.97e-04 2.11e-04 1.22e-07 1.17e-06 7.88e-05 4.25e-06 7.94e-03 4.29e-06 2.31e-04 4.26e-06 6.67e-06 7.94e-05 7.94e-05 7.94e-03 7.94e-05 2.31e-04 7.94e-05 7.94e-05
66355 1.32570e+04 -3.58435e+00 8.21343e-04 2.65059e-04 1.03e-04 1.48e-06 3.13e-03 5.73e-04 2.98e-04 1.08e-07 1.86e-06 7.88e-05 4.25e-06 7.94e-03 4.29e-06 2.31e-04 4.26e-06 6.67e-06 7.94e-05 7.94e-05 7.94e-03 7.94e-05 2.31e-04 7.94e-05 7.94e-05
66405 1.32670e+04 -3.78042e+00 6.20868e-04 1.24221e-03 8.67e-05 2.05e-06 2.35e-03 3.86e-04 2.77e-04 1.28e-07 1.57e-06 7.88e-05 4.25e-06 7.94e-03 4.29e-06 2.31e-04 4.26e-06 6.67e-06 7.94e-05 7.94e-05 7.94e-03 7.94e-05 2.31e-04 7.94e-05 7.94e-05
66455 1.32770e+04 -3.50022e+00 8.36977e-04 5.36025e-04 1.14e-04 1.34e-06 3.06e-03 6.30e-04 3.75e-04 1.45e-07 1.12e-06 7.88e-05 4.25e-06 7.95e-03 4.29e-06 2.31e-04 4.26e-06 6.67e-06 7.95e-05 7.95e-05 7.95e-03 7.95e-05 2.31e-04 7.95e-05 7.95e-05
66505 1.32870e+04 -3.80316e+00 6.39949e-04 1.42480e-03 1.06e-04 2.07e-06 2.51e-03 3.57e-04 2.28e-04 1.67e-07 1.20e-06 7.88e-05 4.25e-06 7.95e-03 4.29e-06 2.31e-04 4.26e-06 6.67e-06 7.95e-05 7.95e-05 7.95e-03 7.95e-05 2.31e-04 7.95e-05 7.95e-05
66555 1.32970e+04 -3.86296e+00 6.02852e-04 4.71913e-04 8.58e-05 2.02e-06 2.40e-03 3.20e-04 2.04e-04 1.49e-07 1.04e-06 7.88e-05 4.25e-06 7.95e-03 4.29e-06 2.31e-04 4.26e-06 6.67e-06 7.95e-05 7.95e-05 7.95e-03 7.95e-05 2.31e-04 7.95e-05 7.95e-05
66605 1.33070e+04 -3.84089e+00 6.02992e-04 9.88810e-04 9.46e-05 1.62e-06 2.39e-03 3.40e-04 1.93e-04 1.53e-07 1.08e-06 7.88e-05 4.25e-06 7.95e-03 4.29e-06 2.31e-04 4.26e-06 6.67e-06 7.95e-05 7.95e-05 7.95e-03 7.95e-05 2.31e-04 7.95e-05 7.95e-05
66655 1.33170e+04 -3.87357e+00 5.97854e-04 8.40490e-04 6.41e-05 1.62e-06 2.39e-03 3.32e-04 1.98e-04 1.89e-07 1.01e-06 7.88e-05 4.25e-06 7.95e-03 4.29e-06 2.31e-04 4.26e-06 6.67e-06 7.95e-05 7.95e-05 7.95e-03 7.95e-05 2.31e-04 7.95e-05 7.95e-05
66705 1.33270e+04 -3.81569e+00 6.18405e-04 1.23273e-03 1.14e-04 1.85e-06 2.43e-03 3.44e-04 2.05e-04 1.89e-07 1.06e-06 7.88e-05 4.25e-06 7.95e-03 4.29e-06 2.31e-04 4.26e-06 6.67e-06 7.95e-05 7.95e-05 7.95e-03 7.95e-05 2.31e-04 7.95e-05 7.95e-05
66755 1.33370e+04 -3.79941e+00 6.21049e-04 1.98624e-03 1.32e-04 1.76e-06 2.41e-03 3.35e-04 2.31e-04 1.57e-07 1.37e-06 7.88e-05 4.25e-06 7.96e-03 4.29e-06 2.31e-04 4.26e-06 6.67e-06 7.96e-05 7.96e-05 7.96e-03 7.96e-05 2.31e-04 7.96e-05 7.96e-05
66805 1.33470e+04 -3.88130e+00 5.99553e-04 1.23545e-03 7.38e-05 1.68e-06 2.42e-03 3.16e-04 1.89e-04 1.58e-07 1.18e-06 7.88e-05 4.25e-06 7.96e-03 4.29e-06 2.31e-04 4.26e-06 6.67e-06 7.96e-05 7.96e-05 7.96e-03 7.96e-05 2.31e-04 7.96e-05 7.96e-05
66855 1.33570e+04 -3.37798e+00 8.64043e-04 4.42788e-03 1.00e-04 1.68e-06 3.14e-03 8.18e-04 2.63e-04 1.35e-07 1.60e-06 7.88e-05 4.25e-06 7.95e-03 4.29e-06 2.31e-04 4.26e-06 6.67e-06 7.95e-05 7.95e-05 7.95e-03 7.95e-05 2.31e-04 7.95e-05 7.95e-05
66905 1.33670e+04 -3.89406e+00 5.81845e-04 1.50800e-03 6.86e-05 1.75e-06 2.33e-03 3.04e-04 2.01e-04 1.27e-07 1.44e-06 7.88e-05 4.25e-06 7.95e-03 4.29e-06 2.31e-04 4.26e-06 6.67e-06 7.95e-05 7.95e-05 7.95e-03 7.95e-05 2.31e-04 7.95e-05 7.95e-05
66955 1.33770e+04 -3.86437e+00 6.32525e-04 1.94041e-03 8.02e-05 1.55e-06 2.56e-03 3.27e-04 1.90e-04 2.00e-07 1.06e-06 7.88e-05 4.25e-06 7.95e-03 4.29e-06 2.31e-04 4.26e-06 6.67e-06 7.95e-05 7.95e-05 7.95e-03 7.95e-05 2.31e-04 7.95e-05 7.95e-05
67005 1.33870e+04 -3.87250e+00 6.17184e-04 3.26106e-03 7.00e-05 1.82e-06 2.46e-03 3.11e-04 2.42e-04 1.69e-07 1.11e-06 7.88e-05 4.25e-06 7.95e-03 4.29e-06 2.31e-04 4.26e-06 6.67e-06 7.95e-05 7.95e-05 7.95e-03 7.95e-05 2.31e-04 7.95e-05 7.95e-05
67055 1.33970e+04 -3.91341e+00 6.06022e-04 4.05646e-03 7.34e-05 1.48e-06 2.46e-03 2.69e-04 2.24e-04 1.75e-07 9.42e-07 7.88e-05 4.25e-06 7.95e-03 4.29e-06 2.31e-04 4.26e-06 6.67e-06 7.95e-05 7.95e-05 7.95e-03 7.95e-05 2.31e-04 7.95e-05 7.95e-05
67105 1.34070e+04 -3.89349e+00 6.34577e-04 2.10813e-03 6.46e-05 1.14e-06 2.59e-03 3.00e-04 2.19e-04 1.70e-07 2.02e-06 7.88e-05 4.25e-06 7.95e-03 4.29e-06 2.31e-04 4.26e-06 6.67e-06 7.95e-05 7.95e-05 7.95e-03 7.95e-05 2.31e-04 7.95e-05 7.95e-05
67155 1.34170e+04 -3.74873e+00 7.12993e-04 1.52493e-03 1.74e-04 1.39e-06 2.84e-03 3.55e-04 1.92e-04 1.35e-07 4.79e-06 7.88e-05 4.25e-06 7.95e-03 4.29e-06 2.31e-04 4.26e-06 6.67e-06 7.95e-05 7.95e-05 7.95e-03 7.95e-05 2.31e-04 7.95e-05 7.95e-05
67205 1.34270e+04 -3.77786e+00 6.38538e-04 7.31209e-04 5.14e-05 1.82e-06 2.47e-03 4.40e-04 2.26e-04 1.36e-07 1.58e-06 7.88e-05 4.25e-06 7.95e-03 4.29e-06 2.31e-04 4.26e-06 6.67e-06 7.95e-05 7.95e-05 7.95e-03 7.95e-05 2.31e-04 7.95e-05 7.95e-05
67255 1.34370e+04 -3.75886e+00 6.40917e-04 3.09426e-04 4.83e-05 1.97e-06 2.47e-03 4.70e-04 2.11e-04 1.19e-07 1.37e-06 7.88e-05 4.25e-06 7.95e-03 4.29e-06 2.31e-04 4.26e-06 6.67e-06 7.95e-05 7.95e-05 7.95e-03 7.95e-05 2.31e-04 7.95e-05 7.95e-05
67305 1.34470e+04 -3.65847e+00 8.18789e-04 2.13491e-04 6.21e-05 1.40e-06 3.18e-03 5.22e-04 3.24e-04 1.17e-07 1.40e-06 7.88e-05 4.25e-06 7.95e-03 4.29e-06 2.31e-04 4.26e-06 6.67e-06 7.95e-05 7.95e-05 7.95e-03 7.95e-05 2.31e-04 7.95e-05 7.95e-05
67355 1.34570e+04 -3.70792e+00 6.60688e-04 9.22543e-04 1.55e-04 1.97e-06 2.50e-03 4.12e-04 2.33e-04 1.28e-07 1.64e-06 7.88e-05 4.25e-06 7.96e-03 4.29e-06 2.31e-04 4.26e-06 6.67e-06 7.96e-05 7.96e-05 7.96e-03 7.96e-05 2.31e-04 7.96e-05 7.96e-05
67405 1.34670e+04 -3.60793e+00 8.32136e-04 1.71192e-04 7.41e-05 1.50e-06 3.15e-03 5.47e-04 3.83e-04 1.63e-07 1.05e-06 7.88e-05 4.25e-06 7.96e-03 4.29e-06 2.31e-04 4.26e-06 6.67e-06 7.96e-05 7.96e-05 7.96e-03 7.96e-05 2.31e-04 7.96e-05 7.96e-05
67455 1.34770e+04 -3.63915e+00 7.49322e-04 6.58460e-04 1.07e-04 1.68e-06 2.86e-03 5.30e-04 2.44e-04 1.31e-07 1.12e-06 7.88e-05 4.25e-06 7.97e-03 4.29e-06 2.31e-04 4.26e-06 6.67e-06 7.97e-05 7.97e-05 7.97e-03 7.97e-05 2.31e-04 7.97e-05 7.97e-05
67505 1.34870e+04 -3.73313e+00 6.51590e-04 1.04625e-04 1.18e-04 1.65e-06 2.51e-03 4.36e-04 1.92e-04 1.44e-07 1.30e-06 7.88e-05 4.25e-06 7.97e-03 4.29e-06 2.31e-04 4.26e-06 6.67e-06 7.97e-05 7.97e-05 7.97e-03 7.97e-05 2.31e-04 7.97e-05 7.97e-05
67555 1.34970e+04 -3.80181e+00 6.29866e-04 4.55825e-04 8.82e-05 1.85e-06 2.45e-03 3.76e-04 2.29e-04 1.30e-07 1.10e-06 7.88e-05 4.25e-06 7.97e-03 4.29e-06 2.32e-04 4.26e-06 6.67e-06 7.97e-05 7.97e-05 7.97e-03 7.97e-05 2.32e-04 7.97e-05 7.97e-05
67605 1.35070e+04 -3.76313e+00 6.40822e-04 8.25319e-04 9.42e-05 1.75e-06 2.43e-03 3.95e-04 2.85e-04 1.42e-07 1.17e-06 7.88e-05 4.25e-06 7.98e-03 4.29e-06 2.32e-04 4.26e-06 6.67e-06 7.98e-05 7.98e-05 7.98e-03 7.98e-05 2.32e-04 7.98e-05 7.98e-05
67655 1.35170e+04 -3.79705e+00 6.02455e-04 8.01108e-05 7.34e-05 1.86e-06 2.33e-03 4.09e-04 1.93e-04 1.59e-07 1.68e-06 7.88e-05 4.25e-06 7.98e-03 4.29e-06 2.32e-04 4.26e-06 6.67e-06 7.98e-05 7.98e-05 7.98e-03 7.98e-05 2.32e-04 7.98e-05 7.98e-05
67705 1.35270e+04 -3.59645e+00 7.83135e-04 9.71855e-04 9.64e-05 1.50e-06 2.98e-03 5.83e-04 2.56e-04 1.46e-07 1.25e-06 7.88e-05 4.25e-06 7.98e-03 4.29e-06 2.32e-04 4.26e-06 6.67e-06 7.98e-05 7.98e-05 7.98e-03 7.98e-05 2.32e-04 7.98e-05 7.98e-05
67755 1.35370e+04 -3.59971e+00 8.10795e-04 1.81838e-04 7.42e-05 1.38e-06 3.05e-03 5.63e-04 3.69e-04 1.64e-07 1.06e-06 7.88e-05 4.25e-06 7.99e-03 4.29e-06 2.32e-04 4.26e-06 6.67e-06 7.99e-05 7.99e-05 7.99e-03 7.99e-05 2.32e-04 7.99e-05 7.99e-05
67805 1.35470e+04 -3.76003e+00 6.10305e-04 3.89320e-04 1.13e-04 1.71e-06 2.32e-03 4.08e-04 2.05e-04 1.57e-07 9.85e-07 7.88e-05 4.25e-06 7.99e-03 4.29e-06 2.32e-04 4.26e-06 6.67e-06 7.99e-05 7.99e-05 7.99e-03 7.99e-05 2.32e-04 7.99e-05 7.99e-05
67855 1.35570e+04 -3.77211e+00 6.19887e-04 1.35031e-03 1.12e-04 1.76e-06 2.38e-03 3.92e-04 2.10e-04 1.45e-07 2.10e-06 7.88e-05 4.25e-06 7.99e-03 4.29e-06 2.32e-04 4.26e-06 6.67e-06 7.99e-05 7.99e-05 7.99e-03 7.99e-05 2.32e-04 7.99e-05 7.99e-05
67905 1.35670e+04 -3.78196e+00 6.45842e-04 8.82645e-04 9.03e-05 1.87e-06 2.47e-03 3.76e-04 2.88e-04 1.77e-07 1.26e-06 7.88e-05 4.25e-06 7.99e-03 4.29e-06 2.32e-04 4.26e-06 6.67e-06 7.99e-05 7.99e-05 7.99e-03 7.99e-05 2.32e-04 7.99e-05 7.99e-05
67955 1.35770e+04 -3.84297e+00 6.02104e-04 5.89710e-04 8.80e-05 1.76e-06 2.39e-03 3.46e-04 1.87e-04 1.60e-07 9.83e-07 7.88e-05 4.25e-06 8.00e-03 4.29e-06 2.32e-04 4.26e-06 6.67e-06 8.00e-05 8.00e-05 8.00e-03 8.00e-05 2.32e-04 8.00e-05 8.00e-05
68005 1.35870e+04 -3.83200e+00 6.27318e-04 3.00262e-04 9.97e-05 1.49e-06 2.51e-03 3.50e-04 1.72e-04 1.38e-07 1.39e-06 7.88e-05 4.25e-06 8.00e-03 4.29e-06 2.32e-04 4.26e-06 6.67e-06 8.00e-05 8.00e-05 8.00e-03 8.00e-05 2.32e-04 8.00e-05 8.00e-05
68055 1.35970e+04 -3.79190e+00 6.33405e-04 1.34189e-03 1.08e-04 1.63e-06 2.44e-03 3.56e-04 2.63e-04 1.20e-07 9.58e-07 7.88e-05 4.25e-06 8.00e-03 4.29e-06 2.32e-04 4.26e-06 6.67e-06 8.00e-05 8.00e-05 8.00e-03 8.00e-05 2.32e-04 8.00e-05 8.00e-05
68105 1.36070e+04 -3.78392e+00 6.07522e-04 4.44413e-04 1.02e-04 1.73e-06 2.33e-03 3.89e-04 2.13e-04 1.35e-07 1.00e-06 7.88e-05 4.25e-06 8.00e-03 4.29e-06 2.32e-04 4.26e-06 6.67e-06 8.00e-05 8.00e-05 8.00e-03 8.00e-05 2.32e-04 8.00e-05 8.00e-05
68155 1.36170e+04 -3.76622e+00 6.20189e-04 1.31139e-03 1.02e-04 1.70e-06 2.33e-03 3.83e-04 2.89e-04 1.36e-07 1.17e-06 7.88e-05 4.25e-06 8.01e-03 4.29e-06 2.32e-04 4.26e-06 6.67e-06 8.01e-05 8.01e-05 8.01e-03 8.01e-05 2.32e-04 8.01e-05 8.01e-05
68205 1.36270e+04 -3.80220e+00 5.93321e-04 2.92978e-04 9.00e-05 2.05e-06 2.30e-03 3.86e-04 1.93e-04 1.93e-07 2.66e-06 7.88e-05 4.25e-06 8.01e-03 4.29e-06 2.32e-04 4.26e-06 6.67e-06 8.01e-05 8.01e-05 8.01e-03 8.01e-05 2.32e-04 8.01e-05 8.01e-05
68255 1.36370e+04 -3.76998e+00 6.21050e-04 2.03120e-04 1.28e-04 1.67e-06 2.40e-03 3.85e-04 1.95e-04 1.48e-07 9.66e-07 7.88e-05 4.25e-06 8.01e-03 4.29e-06 2.32e-04 4.26e-06 6.67e-06 8.01e-05 8.01e-05 8.01e-03 8.01e-05 2.32e-04 8.01e-05 8.01e-05
68305 1.36470e+04 -3.75378e+00 6.42460e-04 1.61347e-03 1.29e-04 1.82e-06 2.42e-03 3.68e-04 2.92e-04 1.52e-07 1.18e-06 7.88e-05 4.25e-06 8.01e-03 4.29e-06 2.32e-04 4.26e-06 6.67e-06 8.01e-05 8.01e-05 8.01e-03 8.01e-05 2.32e-04 8.01e-05 8.01e-05
68355 1.36570e+04 -3.63082e+00 8.15608e-04 1.11803e-03 5.07e-05 1.42e-06 3.17e-03 5.83e-04 2.75e-04 1.56e-07 9.69e-07 7.88e-05 4.25e-06 8.02e-03 4.29e-06 2.32e-04 4.26e-06 6.67e-06 8.02e-05 8.02e-05 8.02e-03 8.02e-05 2.32e-04 8.02e-05 8.02e-05
68405 1.36670e+04 -3.55085e+00 8.27551e-04 1.34633e-03 1.35e-04 1.45e-06 3.15e-03 5.96e-04 2.53e-04 1.63e-07 1.52e-06 7.88e-05 4.25e-06 8.02e-03 4.29e-06 2.32e-04 4.26e-06 6.67e-06 8.02e-05 8.02e-05 8.02e-03 8.02e-05 2.32e-04 8.02e-05 8.02e-05
68455 1.36770e+04 -3.51701e+00 8.55178e-04 5.41240e-04 1.25e-04 1.69e-06 3.13e-03 5.77e-04 4.46e-04 1.22e-07 1.97e-06 7.88e-05 4.25e-06 8.02e-03 4.29e-06 2.32e-04 4.26e-06 6.67e-06 8.02e-05 8.02e-05 8.02e-03 8.02e-05 2.32e-04 8.02e-05 8.02e-05
68505 1.36870e+04 -3.82703e+00 6.12696e-04 9.50945e-04 7.48e-05 1.50e-06 2.39e-03 3.58e-04 2.43e-04 1.48e-07 1.00e-06 7.88e-05 4.25e-06 8.02e-03 4.29e-06 2.32e-04 4.26e-06 6.67e-06 8.02e-05 8.02e-05 8.02e-03 8.02e-05 2.32e-04 8.02e-05 8.02e-05
68555 1.36970e+04 -3.78959e+00 6.17074e-04 1.79937e-03 1.15e-04 1.58e-06 2.35e-03 3.49e-04 2.73e-04 1.45e-07 1.18e-06 7.88e-05 4.25e-06 8.03e-03 4.29e-06 2.32e-04 4.26e-06 6.67e-06 8.03e-05 8.03e-05 8.03e-03 8.03e-05 2.32e-04 8.03e-05 8.03e-05
68605 1.37070e+04 -3.78926e+00 6.26981e-04 1.18518e-03 9.35e-05 1.78e-06 2.42e-03 3.81e-04 2.43e-04 1.44e-07 1.10e-06 7.88e-05 4.25e-06 8.03e-03 4.29e-06 2.32e-04 4.26e-06 6.67e-06 8.03e-05 8.03e-05 8.03e-03 8.03e-05 2.32e-04 8.03e-05 8.03e-05
68655 1.37170e+04 -3.79071e+00 6.09627e-04 1.99133e-03 9.95e-05 2.11e-06 2.34e-03 3.78e-04 2.31e-04 1.85e-07 1.04e-06 7.88e-05 4.25e-06 8.03e-03 4.29e-06 2.32e-04 4.26e-06 6.67e-06 8.03e-05 8.03e-05 8.03e-03 8.03e-05 2.32e-04 8.03e-05 8.03e-05
68705 1.37270e+04 -3.79572e+00 6.15883e-04 1.65991e-03 8.56e-05 1.80e-06 2.35e-03 3.75e-04 2.65e-04 1.67e-07 1.05e-06 7.88e-05 4.25e-06 8.03e-03 4.29e-06 2.32e-04 4.26e-06 6.67e-06 8.03e-05 8.03e-05 8.03e-03 8.03e-05 2.32e-04 8.03e-05 8.03e-05
68755 1.37370e+04 -3.53181e+00 8.55366e-04 1.75058e-03 1.29e-04 1.49e-06 3.26e-03 6.17e-04 2.72e-04 1.71e-07 1.15e-06 7.88e-05 4.25e-06 8.04e-03 4.29e-06 2.32e-04 4.26e-06 6.67e-06 8.04e-05 8.04e-05 8.04e-03 8.04e-05 2.32e-04 8.04e-05 8.04e-05
68805 1.37470e+04 -3.83899e+00 6.19572e-04 4.19457e-04 1.06e-04 1.55e-06 2.47e-03 3.30e-04 1.93e-04 1.75e-07 1.25e-06 7.88e-05 4.25e-06 8.04e-03 4.29e-06 2.32e-04 4.26e-06 6.67e-06 8.04e-05 8.04e-05 8.04e-03 8.04e-05 2.32e-04 8.04e-05 8.04e-05
68855 1.37570e+04 -3.60595e+00 8.63171e-04 2.91045e-04 5.10e-05 1.63e-06 3.32e-03 5.78e-04 3.65e-04 1.88e-07 1.27e-06 7.88e-05 4.25e-06 8.04e-03 4.29e-06 2.32e-04 4.26e-06 6.67e-06 8.04e-05 8.04e-05 8.04e-03 8.04e-05 2.32e-04 8.04e-05 8.04e-05
68905 1.37670e+04 -3.59108e+00 8.04526e-04 3.00315e-04 4.92e-05 1.71e-06 3.00e-03 5.98e-04 3.73e-04 1.68e-07 1.04e-06 7.88e-05 4.25e-06 8.04e-03 4.29e-06 2.32e-04 4.26e-06 6.67e-06 8.04e-05 8.04e-05 8.04e-03 8.04e-05 2.32e-04 8.04e-05 8.04e-05
68955 1.37770e+04 -3.84257e+00 6.18083e-04 1.46676e-03 4.81e-05 1.46e-06 2.44e-03 3.71e-04 2.31e-04 1.77e-07 9.92e-07 7.88e-05 4.25e-06 8.04e-03 4.29e-06 2.32e-04 4.26e-06 6.67e-06 8.04e-05 8.04e-05 8.04e-03 8.04e-05 2.32e-04 8.04e-05 8.04e-05
69005 1.37870e+04 -3.65399e+00 8.21848e-04 1.34847e-03 4.75e-05 1.53e-06 3.28e-03 5.88e-04 1.94e-04 1.66e-07 9.80e-07 7.88e-05 4.25e-06 8.05e-03 4.29e-06 2.32e-04 4.26e-06 6.67e-06 8.05e-05 8.05e-05 8.05e-03 8.05e-05 2.32e-04 8.05e-05 8.05e-05
69055 1.37970e+04 -3.83687e+00 6.17231e-04 2.14633e-04 5.86e-05 1.37e-06 2.46e-03 3.82e-04 1.87e-04 1.94e-07 1.16e-06 7.88e-05 4.25e-06 8.05e-03 4.29e-06 2.32e-04 4.26e-06 6.67e-06 8.05e-05 8.05e-05 8.05e-03 8.05e-05 2.32e-04 8.05e-05 8.05e-05
69105 1.38070e+04 -3.75905e+00 6.21342e-04 1.42797e-03 1.25e-04 1.54e-06 2.35e-03 3.80e-04 2.55e-04 1.73e-07 1.08e-06 7.88e-05 4.25e-06 8.05e-03 4.29e-06 2.32e-04 4.26e-06 6.67e-06 8.05e-05 8.05e-05 8.05e-03 8.05e-05 2.32e-04 8.05e-05 8.05e-05
69155 1.38170e+04 -3.76907e+00 6.34681e-04 2.07097e-03 9.77e-05 1.89e-06 2.38e-03 3.74e-04 3.19e-04 1.51e-07 1.02e-06 7.88e-05 4.25e-06 8.05e-03 4.29e-06 2.32e-04 4.26e-06 6.67e-06 8.05e-05 8.05e-05 8.05e-03 8.05e-05 2.32e-04 8.05e-05 8.05e-05
69205 1.38270e+04 -3.65035e+00 7.99814e-04 1.42499e-03 6.91e-05 1.56e-06 3.15e-03 5.63e-04 2.20e-04 1.52e-07 1.29e-06 7.88e-05 4.25e-06 8.05e-03 4.29e-06 2.32e-04 4.26e-06 6.67e-06 8.05e-05 8.05e-05 8.05e-03 8.05e-05 2.32e-04 8.05e-05 8.05e-05
69255 1.38370e+04 -3.85305e+00 5.85990e-04 8.01438e-04 7.36e-05 1.80e-06 2.32e-03 3.52e-04 1.78e-04 2.03e-07 1.24e-06 7.88e-05 4.25e-06 8.06e-03 4.29e-06 2.32e-04 4.26e-06 6.67e-06 8.06e-05 8.06e-05 8.06e-03 8.06e-05 2.32e-04 8.06e-05 8.06e-05
69305 1.38470e+04 -3.65186e+00 7.74747e-04 1.63535e-03 8.41e-05 1.43e-06 3.02e-03 5.49e-04 2.16e-04 1.47e-07 1.29e-06 7.88e-05 4.25e-06 8.06e-03 4.29e-06 2.32e-04 4.26e-06 6.67e-06 8.06e-05 8.06e-05 8.06e-03 8.06e-05 2.32e-04 8.06e-05 8.06e-05
69355 1.38570e+04 -3.83596e+00 6.22547e-04 6.99843e-04 5.58e-05 1.82e-06 2.47e-03 3.75e-04 2.15e-04 1.64e-07 1.47e-06 7.88e-05 4.25e-06 8.06e-03 4.29e-06 2.32e-04 4.26e-06 6.67e-06 8.06e-05 8.06e-05 8.06e-03 8.06e-05 2.32e-04 8.06e-05 8.06e-05
69405 1.38670e+04 -3.51353e+00 8.29145e-04 8.90430e-04 1.41e-04 1.55e-06 3.11e-03 6.31e-04 2.61e-04 1.44e-07 1.27e-06 7.88e-05 4.25e-06 8.06e-03 4.29e-06 2.32e-04 4.26e-06 6.67e-06 8.06e-05 8.06e-05 8.06e-03 8.06e-05 2.32e-04 8.06e-05 8.06e-05
69455 1.38770e+04 -3.62621e+00 8.30878e-04 7.00285e-04 6.55e-05 1.57e-06 3.25e-03 5.77e-04 2.65e-04 1.51e-07 1.62e-06 7.88e-05 4.25e-06 8.07e-03 4.29e-06 2.32e-04 4.26e-06 6.67e-06 8.07e-05 8.07e-05 8.07e-03 8.07e-05 2.32e-04 8.07e-05 8.07e-05
69505 1.38870e+04 -3.63301e+00 8.18728e-04 6.64356e-04 8.83e-05 1.47e-06 3.20e-03 5.50e-04 2.56e-04 1.56e-07 1.28e-06 7.88e-05 4.25e-06 8.07e-03 4.29e-06 2.32e-04 4.26e-06 6.67e-06 8.07e-05 8.07e-05 8.07e-03 8.07e-05 2.32e-04 8.07e-05 8.07e-05
69555 1.38970e+04 -3.77747e+00 6.43827e-04 5.93887e-04 1.06e-04 1.87e-06 2.47e-03 3.71e-04 2.71e-04 1.21e-07 1.47e-06 7.88e-05 4.25e-06 8.07e-03 4.29e-06 2.32e-04 4.26e-06 6.67e-06 8.07e-05 8.07e-05 8.07e-03 8.07e-05 2.32e-04 8.07e-05 8.07e-05
69605 1.39070e+04 -3.82221e+00 6.23182e-04 1.95795e-04 8.18e-05 1.89e-06 2.47e-03 3.75e-04 1.82e-04 1.59e-07 1.46e-06 7.88e-05 4.25e-06 8.07e-03 4.29e-06 2.32e-04 4.26e-06 6.67e-06 8.07e-05 8.07e-05 8.07e-03 8.07e-05 2.32e-04 8.07e-05 8.07e-05
69655 1.39170e+04 -3.61468e+00 8.00446e-04 1.12154e-03 7.37e-05 1.51e-06 3.07e-03 5.78e-04 2.81e-04 1.59e-07 2.24e-06 7.88e-05 4.25e-06 8.08e-03 4.29e-06 2.33e-04 4.26e-06 6.67e-06 8.08e-05 8.08e-05 8.08e-03 8.08e-05 2.33e-04 8.08e-05 8.08e-05
69705 1.39270e+04 -3.59533e+00 7.91926e-04 1.15998e-03 6.31e-05 1.63e-06 3.02e-03 6.21e-04 2.54e-04 1.88e-07 1.29e-06 7.88e-05 4.25e-06 8.08e-03 4.29e-06 2.33e-04 4.26e-06 6.67e-06 8.08e-05 8.08e-05 8.08e-03 8.08e-05 2.33e-04 8.08e-05 8.08e-05
69755 1.39370e+04 -3.85405e+00 6.05424e-04 1.21075e-03 6.41e-05 1.91e-06 2.38e-03 3.39e-04 2.38e-04 1.51e-07 1.35e-06 7.88e-05 4.25e-06 8.08e-03 4.29e-06 2.33e-04 4.26e-06 6.67e-06 8.08e-05 8.08e-05 8.08e-03 8.08e-05 2.33e-04 8.08e-05 8.08e-05
69805 1.39470e+04 -3.60267e+00 8.23197e-04 7.16873e-04 7.23e-05 1.88e-06 3.19e-03 6.04e-04 2.44e-04 1.36e-07 1.74e-06 7.88e-05 4.25e-06 8.08e-03 4.29e-06 2.33e-04 4.26e-06 6.67e-06 8.08e-05 8.08e-05 8.08e-03 8.08e-05 2.33e-04 8.08e-05 8.08e-05
69855 1.39570e+04 -3.83906e+00 6.25859e-04 1.16133e-03 7.89e-05 2.05e-06 2.48e-03 3.43e-04 2.23e-04 1.49e-07 2.97e-06 7.88e-05 4.25e-06 8.08e-03 4.29e-06 2.33e-04 4.26e-06 6.67e-06 8.08e-05 8.08e-05 8.08e-03 8.08e-05 2.33e-04 8.08e-05 8.08e-05
69905 1.39670e+04 -3.82987e+00 6.41892e-04 1.05707e-03 6.61e-05 1.88e-06 2.55e-03 3.66e-04 2.28e-04 1.31e-07 1.44e-06 7.88e-05 4.25e-06 8.09e-03 4.29e-06 2.33e-04 4.26e-06 6.67e-06 8.09e-05 8.09e-05 8.09e-03 8.09e-05 2.33e-04 8.09e-05 8.09e-05
69955 1.39770e+04 -3.54318e+00 8.40183e-04 2.35286e-04 6.19e-05 1.86e-06 3.05e-03 6.00e-04 4.86e-04 1.45e-07 1.28e-06 7.88e-05 4.25e-06 8.09e-03 4.29e-06 2.33e-04 4.26e-06 6.67e-06 8.09e-05 8.09e-05 8.09e-03 8.09e-05 2.33e-04 8.09e-05 8.09e-05
70005 1.39860e+04 -3.81774e+00 6.38390e-04 6.31328e-04 8.19e-05 1.60e-06 2.54e-03 3.76e-04 1.93e-04 1.40e-07 1.47e-06 7.88e-05 4.25e-06 8.09e-03 4.29e-06 2.33e-04 4.26e-06 6.67e-06 8.09e-05 8.09e-05 8.09e-03 8.09e-05 2.33e-04 8.09e-05 8.09e-05
70055 1.39960e+04 -3.84183e+00 6.23892e-04 4.50266e-04 9.26e-05 1.67e-06 2.51e-03 3.42e-04 1.78e-04 1.60e-07 3.25e-06 7.88e-05 4.25e-06 8.09e-03 4.29e-06 2.33e-04 4.26e-06 6.67e-06 8.09e-05 8.09e-05 8.09e-03 8.09e-05 2.33e-04 8.09e-05 8.09e-05
70105 1.40060e+04 -3.84771e+00 6.16422e-04 3.35403e-04 8.60e-05 1.63e-06 2.48e-03 3.46e-04 1.72e-04 1.55e-07 1.22e-06 7.88e-05 4.25e-06 8.09e-03 4.29e-06 2.33e-04 4.26e-06 6.67e-06 8.09e-05 8.09e-05 8.09e-03 8.09e-05 2.33e-04 8.09e-05 8.09e-05
70155 1.40160e+04 -3.84536e+00 6.10952e-04 8.30905e-04 7.55e-05 1.47e-06 2.42e-03 3.46e-04 2.12e-04 2.01e-07 1.08e-06 7.88e-05 4.25e-06 8.09e-03 4.29e-06 2.33e-04 4.26e-06 6.67e-06 8.09e-05 8.09e-05 8.09e-03 8.09e-05 2.33e-04 8.09e-05 8.09e-05
70205 1.40260e+04 -3.85163e+00 6.37700e-04 1.02529e-03 6.58e-05 1.49e-06 2.53e-03 3.30e-04 2.62e-04 2.04e-07 1.35e-06 7.88e-05 4.25e-06 8.10e-03 4.29e-06 2.33e-04 4.26e-06 6.67e-06 8.10e-05 8.10e-05 8.10e-03 8.10e-05 2.33e-04 8.10e-05 8.10e-05
70255 1.40360e+04 -3.75675e+00 6.50636e-04 3.84292e-04 1.71e-04 1.67e-06 2.53e-03 3.57e-04 1.88e-04 1.52e-07 1.47e-06 7.88e-05 4.25e-06 8.10e-03 4.29e-06 2.33e-04 4.26e-06 6.67e-06 8.10e-05 8.10e-05 8.10e-03 8.10e-05 2.33e-04 8.10e-05 8.10e-05
70305 1.40460e+04 -3.84700e+00 6.04592e-04 1.12955e-03 6.17e-05 1.42e-06 2.38e-03 3.54e-04 2.24e-04 2.02e-07 1.27e-06 7.88e-05 4.25e-06 8.10e-03 4.29e-06 2.33e-04 4.26e-06 6.67e-06 8.10e-05 8.10e-05 8.10e-03 8.10e-05 2.33e-04 8.10e-05 8.10e-05
70355 1.40560e+04 -3.85799e+00 6.14800e-04 1.96824e-03 6.17e-05 1.60e-06 2.42e-03 3.30e-04 2.57e-04 1.90e-07 1.19e-06 7.88e-05 4.25e-06 8.10e-03 4.29e-06 2.33e-04 4.26e-06 6.67e-06 8.10e-05 8.10e-05 8.10e-03 8.10e-05 2.33e-04 8.10e-05 8.10e-05
70405 1.40660e+04 -3.52245e+00 8.34941e-04 2.45180e-04 6.35e-05 1.43e-06 3.02e-03 6.35e-04 4.50e-04 1.53e-07 1.43e-06 7.88e-05 4.25e-06 8.10e-03 4.29e-06 2.33e-04 4.26e-06 6.67e-06 8.10e-05 8.10e-05 8.10e-03 8.10e-05 2.33e-04 8.10e-05 8.10e-05
70455 1.40760e+04 -3.89219e+00 5.91174e-04 5.66292e-04 6.27e-05 1.66e-06 2.38e-03 3.12e-04 1.95e-04 1.45e-07 1.51e-06 7.88e-05 4.25e-06 8.10e-03 4.29e-06 2.33e-04 4.26e-06 6.67e-06 8.10e-05 8.10e-05 8.10e-03 8.10e-05 2.33e-04 8.10e-05 8.10e-05
70505 1.40860e+04 -3.86399e+00 6.23482e-04 3.11524e-04 7.21e-05 1.51e-06 2.52e-03 3.36e-04 1.87e-04 1.63e-07 1.26e-06 7.88e-05 4.25e-06 8.10e-03 4.29e-06 2.33e-04 4.26e-06 6.67e-06 8.10e-05 8.10e-05 8.10e-03 8.10e-05 2.33e-04 8.10e-05 8.10e-05
70555 1.40960e+04 -3.84101e+00 6.15983e-04 5.96718e-04 1.02e-04 1.42e-06 2.45e-03 3.30e-04 1.95e-04 1.66e-07 1.28e-06 7.88e-05 4.25e-06 8.10e-03 4.29e-06 2.33e-04 4.26e-06 6.67e-06 8.10e-05 8.10e-05 8.10e-03 8.10e-05 2.33e-04 8.10e-05 8.10e-05
70605 1.41060e+04 -3.88881e+00 6.21297e-04 1.04070e-03 8.08e-05 1.45e-06 2.53e-03 2.97e-04 1.92e-04 1.85e-07 1.52e-06 7.88e-05 4.25e-06 8.10e-03 4.29e-06 2.33e-04 4.26e-06 6.67e-06 8.10e-05 8.10e-05 8.10e-03 8.10e-05 2.33e-04 8.10e-05 8.10e-05
70655 1.41160e+04 -3.89330e+00 6.10279e-04 6.77879e-04 5.64e-05 1.42e-06 2.49e-03 3.22e-04 1.78e-04 1.62e-07 1.12e-06 7.88e-05 4.25e-06 8.10e-03 4.29e-06 2.33e-04 4.26e-06 6.67e-06 8.10e-05 8.10e-05 8.10e-03 8.10e-05 2.33e-04 8.10e-05 8.10e-05
70705 1.41260e+04 -3.87810e+00 5.96087e-04 1.55936e-03 6.05e-05 1.48e-06 2.35e-03 3.09e-04 2.56e-04 1.52e-07 1.29e-06 7.88e-05 4.25e-06 8.10e-03 4.29e-06 2.33e-04 4.26e-06 6.67e-06 8.10e-05 8.10e-05 8.10e-03 8.10e-05 2.33e-04 8.10e-05 8.10e-05
70755 1.41360e+04 -3.61896e+00 8.14761e-04 8.04101e-04 5.96e-05 1.68e-06 3.16e-03 5.94e-04 2.63e-04 1.71e-07 1.34e-06 7.88e-05 4.25e-06 8.10e-03 4.29e-06 2.33e-04 4.26e-06 6.67e-06 8.10e-05 8.10e-05 8.10e-03 8.10e-05 2.33e-04 8.10e-05 8.10e-05
70805 1.41460e+04 -3.86267e+00 5.82711e-04 4.30776e-04 6.75e-05 1.51e-06 2.30e-03 3.37e-04 2.10e-04 1.68e-07 1.03e-06 7.88e-05 4.25e-06 8.11e-03 4.29e-06 2.33e-04 4.26e-06 6.67e-06 8.11e-05 8.11e-05 8.11e-03 8.11e-05 2.33e-04 8.11e-05 8.11e-05
70855 1.41560e+04 -3.87662e+00 6.10394e-04 5.13686e-04 5.69e-05 1.78e-06 2.48e-03 3.42e-04 1.74e-04 1.98e-07 9.30e-07 7.88e-05 4.25e-06 8.11e-03 4.29e-06 2.33e-04 4.26e-06 6.67e-06 8.11e-05 8.11e-05 8.11e-03 8.11e-05 2.33e-04 8.11e-05 8.11e-05
70905 1.41660e+04 -3.84295e+00 6.31434e-04 1.35127e-03 8.37e-05 1.65e-06 2.52e-03 3.38e-04 2.16e-04 1.99e-07 9.14e-07 7.88e-05 4.25e-06 8.11e-03 4.29e-06 2.33e-04 4.26e-06 6.67e-06 8.11e-05 8.11e-05 8.11e-03 8.11e-05 2.33e-04 8.11e-05 8.11e-05
70955 1.41760e+04 -3.85137e+00 6.17954e-04 9.25251e-04 7.36e-05 1.66e-06 2.49e-03 3.54e-04 1.73e-04 1.45e-07 9.86e-07 7.88e-05 4.25e-06 8.11e-03 4.29e-06 2.33e-04 4.26e-06 6.67e-06 8.11e-05 8.11e-05 8.11e-03 8.11e-05 2.33e-04 8.11e-05 8.11e-05
71005 1.41860e+04 -3.52338e+00 8.75046e-04 9.82004e-04 6.54e-05 1.44e-06 3.30e-03 6.67e-04 3.43e-04 1.63e-07 1.44e-06 7.88e-05 4.25e-06 8.11e-03 4.29e-06 2.33e-04 4.26e-06 6.67e-06 8.11e-05 8.11e-05 8.11e-03 8.11e-05 2.33e-04 8.11e-05 8.11e-05
71055 1.41960e+04 -3.87891e+00 6.04557e-04 4.39513e-04 6.07e-05 1.57e-06 2.45e-03 3.37e-04 1.71e-04 1.51e-07 9.39e-07 7.88e-05 4.25e-06 8.11e-03 4.29e-06 2.33e-04 4.26e-06 6.67e-06 8.11e-05 8.11e-05 8.11e-03 8.11e-05 2.33e-04 8.11e-05 8.11e-05
71105 1.42060e+04 -3.87896e+00 6.34652e-04 8.63938e-04 5.61e-05 1.58e-06 2.60e-03 3.32e-04 1.88e-04 1.37e-07 2.94e-06 7.88e-05 4.25e-06 8.11e-03 4.29e-06 2.33e-04 4.26e-06 6.67e-06 8.11e-05 8.11e-05 8.11e-03 8.11e-05 2.33e-04 8.11e-05 8.11e-05
71155 1.42160e+04 -3.84852e+00 5.98999e-04 1.12493e-03 9.35e-05 1.77e-06 2.38e-03 3.33e-04 1.89e-04 1.21e-07 8.16e-07 7.88e-05 4.25e-06 8.11e-03 4.29e-06 2.33e-04 4.26e-06 6.67e-06 8.11e-05 8.11e-05 8.11e-03 8.11e-05 2.33e-04 8.11e-05 8.11e-05
71205 1.42260e+04 -3.80015e+00 6.13167e-04 1.81835e-03 1.03e-04 1.80e-06 2.33e-03 3.47e-04 2.80e-04 1.12e-07 1.53e-06 7.88e-05 4.25e-06 8.11e-03 4.29e-06 2.33e-04 4.26e-06 6.67e-06 8.11e-05 8.11e-05 8.11e-03 8.11e-05 2.33e-04 8.11e-05 8.11e-05
71255 1.42360e+04 -3.83825e+00 6.03769e-04 3.94457e-04 9.66e-05 1.93e-06 2.40e-03 3.46e-04 1.75e-04 1.15e-07 9.81e-07 7.88e-05 4.25e-06 8.12e-03 4.29e-06 2.33e-04 4.26e-06 6.67e-06 8.12e-05 8.12e-05 8.12e-03 8.12e-05 2.33e-04 8.12e-05 8.12e-05
71305 1.42460e+04 -3.85404e+00 5.84606e-04 2.70384e-04 9.58e-05 1.80e-06 2.31e-03 3.26e-04 1.87e-04 1.16e-07 1.15e-06 7.88e-05 4.25e-06 8.12e-03 4.29e-06 2.33e-04 4.26e-06 6.67e-06 8.12e-05 8.12e-05 8.12e-03 8.12e-05 2.33e-04 8.12e-05 8.12e-05
71355 1.42560e+04 -3.82827e+00 5.98529e-04 1.12638e-03 9.09e-05 1.68e-06 2.31e-03 3.37e-04 2.53e-04 9.87e-08 1.08e-06 7.88e-05 4.25e-06 8.12e-03 4.29e-06 2.33e-04 4.26e-06 6.67e-06 8.12e-05 8.12e-05 8.12e-03 8.12e-05 2.33e-04 8.12e-05 8.12e-05
71405 1.42660e+04 -3.84252e+00 5.88322e-04 4.60367e-04 9.25e-05 1.59e-06 2.31e-03 3.40e-04 1.95e-04 9.68e-08 1.18e-06 7.88e-05 4.25e-06 8.12e-03 4.29e-06 2.33e-04 4.26e-06 6.67e-06 8.12e-05 8.12e-05 8.12e-03 8.12e-05 2.33e-04 8.12e-05 8.12e-05
71455 1.42760e+04 -3.61806e+00 8.19236e-04 6.17180e-04 6.07e-05 1.92e-06 3.17e-03 5.89e-04 2.77e-04 1.56e-07 9.06e-07 7.88e-05 4.25e-06 8.12e-03 4.29e-06 2.33e-04 4.26e-06 6.67e-06 8.12e-05 8.12e-05 8.12e-03 8.12e-05 2.33e-04 8.12e-05 8.12e-05
71505 1.42860e+04 -3.80898e+00 6.04231e-04 7.49567e-04 1.28e-04 1.48e-06 2.36e-03 3.43e-04 1.90e-04 1.14e-07 1.02e-06 7.88e-05 4.25e-06 8.12e-03 4.29e-06 2.33e-04 4.26e-06 6.67e-06 8.12e-05 8.12e-05 8.12e-03 8.12e-05 2.33e-04 8.12e-05 8.12e-05
71555 1.42960e+04 -3.83689e+00 6.23520e-04 6.06060e-04 8.04e-05 1.81e-06 2.49e-03 3.58e-04 1.90e-04 1.16e-07 1.30e-06 7.88e-05 4.25e-06 8.13e-03 4.29e-06 2.33e-04 4.26e-06 6.67e-06 8.13e-05 8.13e-05 8.13e-03 8.13e-05 2.33e-04 8.13e-05 8.13e-05
71605 1.43060e+04 -3.80160e+00 6.09045e-04 1.58173e-03 5.79e-05 1.97e-06 2.28e-03 3.71e-04 3.36e-04 1.20e-07 1.02e-06 7.88e-05 4.25e-06 8.13e-03 4.29e-06 2.33e-04 4.26e-06 6.67e-06 8.13e-05 8.13e-05 8.13e-03 8.13e-05 2.33e-04 8.13e-05 8.13e-05
71655 1.43160e+04 -3.78407e+00 6.47679e-04 6.15445e-04 1.27e-04 1.68e-06 2.53e-03 3.58e-04 2.20e-04 1.34e-07 3.45e-06 7.88e-05 4.25e-06 8.13e-03 4.29e-06 2.33e-04 4.26e-06 6.67e-06 8.13e-05 8.13e-05 8.13e-03 8.13e-05 2.33e-04 8.13e-05 8.13e-05
71705 1.43260e+04 -3.80253e+00 6.36764e-04 1.59795e-03 8.03e-05 1.57e-06 2.48e-03 3.77e-04 2.45e-04 1.17e-07 2.68e-06 7.88e-05 4.25e-06 8.13e-03 4.29e-06 2.33e-04 4.26e-06 6.67e-06 8.13e-05 8.13e-05 8.13e-03 8.13e-05 2.33e-04 8.13e-05 8.13e-05
71755 1.43360e+04 -3.81319e+00 5.97401e-04 8.78995e-04 1.10e-04 1.51e-06 2.32e-03 3.51e-04 2.06e-04 1.29e-07 1.66e-06 7.88e-05 4.25e-06 8.13e-03 4.29e-06 2.33e-04 4.26e-06 6.67e-06 8.13e-05 8.13e-05 8.13e-03 8.13e-05 2.33e-04 8.13e-05 8.13e-05
71805 1.43460e+04 -3.48407e+00 8.78678e-04 3.40609e-04 6.74e-05 2.10e-06 3.18e-03 6.65e-04 4.76e-04 1.43e-07 1.31e-06 7.88e-05 4.25e-06 8.13e-03 4.29e-06 2.33e-04 4.26e-06 6.67e-06 8.13e-05 8.13e-05 8.13e-03 8.13e-05 2.33e-04 8.13e-05 8.13e-05
71855 1.43560e+04 -3.50518e+00 8.15536e-04 1.37122e-03 1.27e-04 1.51e-06 3.02e-03 6.56e-04 2.68e-04 1.39e-07 1.63e-06 7.88e-05 4.25e-06 8.14e-03 4.29e-06 2.33e-04 4.26e-06 6.67e-06 8.14e-05 8.14e-05 8.14e-03 8.14e-05 2.33e-04 8.14e-05 8.14e-05
71905 1.43660e+04 -3.54415e+00 8.22654e-04 1.36193e-03 6.79e-05 1.60e-06 3.11e-03 6.73e-04 2.60e-04 1.56e-07 1.07e-06 7.88e-05 4.25e-06 8.14e-03 4.29e-06 2.33e-04 4.26e-06 6.67e-06 8.14e-05 8.14e-05 8.14e-03 8.14e-05 2.33e-04 8.14e-05 8.14e-05
71955 1.43760e+04 -3.82897e+00 6.20598e-04 1.86603e-03 1.22e-04 1.51e-06 2.45e-03 3.17e-04 2.17e-04 1.34e-07 9.45e-07 7.88e-05 4.25e-06 8.14e-03 4.29e-06 2.33e-04 4.26e-06 6.67e-06 8.14e-05 8.14e-05 8.14e-03 8.14e-05 2.33e-04 8.14e-05 8.14e-05
72005 1.43860e+04 -3.87679e+00 5.99702e-04 1.63286e-03 6.63e-05 1.58e-06 2.41e-03 3.26e-04 1.93e-04 1.50e-07 1.42e-06 7.88e-05 4.25e-06 8.14e-03 4.29e-06 2.33e-04 4.26e-06 6.67e-06 8.14e-05 8.14e-05 8.14e-03 8.14e-05 2.33e-04 8.14e-05 8.14e-05
72055 1.43960e+04 -3.85771e+00 5.85289e-04 2.02536e-03 8.27e-05 1.65e-06 2.31e-03 3.27e-04 2.09e-04 1.27e-07 1.09e-06 7.88e-05 4.25e-06 8.14e-03 4.29e-06 2.33e-04 4.26e-06 6.67e-06 8.14e-05 8.14e-05 8.14e-03 8.14e-05 2.33e-04 8.14e-05 8.14e-05
72105 1.44060e+04 -3.48455e+00 8.57522e-04 1.73951e-03 6.46e-05 1.78e-06 3.19e-03 7.30e-04 2.99e-04 1.60e-07 9.83e-07 7.88e-05 4.25e-06 8.14e-03 4.29e-06 2.33e-04 4.26e-06 6.67e-06 8.14e-05 8.14e-05 8.14e-03 8.14e-05 2.33e-04 8.14e-05 8.14e-05
72155 1.44160e+04 -3.39784e+00 8.93448e-04 1.12421e-03 1.14e-04 1.45e-06 3.18e-03 7.32e-04 4.35e-04 1.70e-07 9.68e-07 7.88e-05 4.25e-06 8.14e-03 4.29e-06 2.33e-04 4.26e-06 6.67e-06 8.14e-05 8.14e-05 8.14e-03 8.14e-05 2.33e-04 8.14e-05 8.14e-05
72205 1.44260e+04 -3.86058e+00 6.07053e-04 2.79667e-03 8.08e-05 1.53e-06 2.41e-03 3.22e-04 2.17e-04 1.75e-07 1.26e-06 7.88e-05 4.25e-06 8.14e-03 4.29e-06 2.33e-04 4.26e-06 6.67e-06 8.14e-05 8.14e-05 8.14e-03 8.14e-05 2.33e-04 8.14e-05 8.14e-05
72255 1.44360e+04 -3.82559e+00 5.89404e-04 1.41349e-03 1.32e-04 1.49e-06 2.30e-03 3.21e-04 1.90e-04 1.26e-07 1.37e-06 7.88e-05 4.25e-06 8.14e-03 4.29e-06 2.33e-04 4.26e-06 6.67e-06 8.14e-05 8.14e-05 8.14e-03 8.14e-05 2.33e-04 8.14e-05 8.14e-05
72305 1.44460e+04 -3.82922e+00 6.05398e-04 1.34224e-03 1.23e-04 1.49e-06 2.38e-03 3.21e-04 2.02e-04 1.40e-07 1.45e-06 7.88e-05 4.25e-06 8.14e-03 4.29e-06 2.33e-04 4.26e-06 6.67e-06 8.14e-05 8.14e-05 8.14e-03 8.14e-05 2.33e-04 8.14e-05 8.14e-05
72355 1.44560e+04 -3.83343e+00 6.19179e-04 2.39757e-03 1.23e-04 1.42e-06 2.46e-03 3.18e-04 1.93e-04 1.40e-07 1.45e-06 7.88e-05 4.25e-06 8.14e-03 4.29e-06 2.33e-04 4.26e-06 6.67e-06 8.14e-05 8.14e-05 8.14e-03 8.14e-05 2.33e-04 8.14e-05 8.14e-05
72405 1.44660e+04 -3.47101e+00 8.60364e-04 1.55721e-03 1.06e-04 1.65e-06 3.18e-03 6.96e-04 3.20e-04 1.49e-07 2.02e-06 7.88e-05 4.25e-06 8.14e-03 4.29e-06 2.33e-04 4.26e-06 6.67e-06 8.14e-05 8.14e-05 8.14e-03 8.14e-05 2.33e-04 8.14e-05 8.14e-05
72455 1.44760e+04 -3.81163e+00 6.18142e-04 2.27908e-03 1.03e-04 1.66e-06 2.42e-03 3.57e-04 2.07e-04 1.49e-07 2.20e-06 7.88e-05 4.25e-06 8.14e-03 4.29e-06 2.33e-04 4.26e-06 6.67e-06 8.14e-05 8.14e-05 8.14e-03 8.14e-05 2.33e-04 8.14e-05 8.14e-05
72505 1.44860e+04 -3.82870e+00 5.93765e-04 1.97886e-03 8.00e-05 1.39e-06 2.31e-03 3.57e-04 2.25e-04 1.29e-07 1.34e-06 7.88e-05 4.25e-06 8.15e-03 4.29e-06 2.33e-04 4.26e-06 6.67e-06 8.15e-05 8.15e-05 8.15e-03 8.15e-05 2.33e-04 8.15e-05 8.15e-05
72555 1.44960e+04 -3.80691e+00 6.24041e-04 1.86093e-03 9.30e-05 1.36e-06 2.41e-03 3.58e-04 2.55e-04 1.39e-07 9.86e-07 7.88e-05 4.25e-06 8.15e-03 4.29e-06 2.33e-04 4.26e-06 6.67e-06 8.15e-05 8.15e-05 8.15e-03 8.15e-05 2.33e-04 8.15e-05 8.15e-05
72605 1.45060e+04 -3.76250e+00 6.20757e-04 3.39574e-03 1.05e-04 1.51e-06 2.33e-03 3.88e-04 2.80e-04 1.30e-07 7.77e-07 7.88e-05 4.25e-06 8.15e-03 4.29e-06 2.33e-04 4.26e-06 6.67e-06 8.15e-05 8.15e-05 8.15e-03 8.15e-05 2.33e-04 8.15e-05 8.15e-05
72655 1.45160e+04 -3.86255e+00 5.79562e-04 1.09861e-03 8.55e-05 1.58e-06 2.27e-03 3.11e-04 2.32e-04 1.57e-07 1.03e-06 7.88e-05 4.25e-06 8.15e-03 4.29e-06 2.33e-04 4.26e-06 6.67e-06 8.15e-05 8.15e-05 8.15e-03 8.15e-05 2.33e-04 8.15e-05 8.15e-05
72705 1.45260e+04 -3.82603e+00 6.05727e-04 2.07883e-04 1.04e-04 1.54e-06 2.40e-03 3.54e-04 1.72e-04 1.49e-07 1.01e-06 7.88e-05 4.25e-06 8.15e-03 4.29e-06 2.33e-04 4.26e-06 6.67e-06 8.15e-05 8.15e-05 8.15e-03 8.15e-05 2.33e-04 8.15e-05 8.15e-05
72755 1.45360e+04 -3.81602e+00 6.20190e-04 8.16298e-04 1.02e-04 1.65e-06 2.46e-03 3.66e-04 1.73e-04 1.30e-07 1.54e-06 7.88e-05 4.25e-06 8.16e-03 4.29e-06 2.33e-04 4.26e-06 6.67e-06 8.16e-05 8.16e-05 8.16e-03 8.16e-05 2.33e-04 8.16e-05 8.16e-05
72805 1.45460e+04 -3.60383e+00 8.59845e-04 1.85588e-03 7.87e-05 1.43e-06 3.35e-03 5.84e-04 2.86e-04 1.38e-07 8.58e-07 7.88e-05 4.25e-06 8.16e-03 4.29e-06 2.33e-04 4.26e-06 6.67e-06 8.16e-05 8.16e-05 8.16e-03 8.16e-05 2.33e-04 8.16e-05 8.16e-05
72855 1.45560e+04 -3.85259e+00 5.93792e-04 1.81111e-03 8.93e-05 1.36e-06 2.35e-03 3.25e-04 2.07e-04 1.36e-07 2.57e-06 7.88e-05 4.25e-06 8.16e-03 4.29e-06 2.33e-04 4.26e-06 6.67e-06 8.16e-05 8.16e-05 8.16e-03 8.16e-05 2.33e-04 8.16e-05 8.16e-05
72905 1.45660e+04 -3.81062e+00 6.01390e-04 7.32448e-04 7.97e-05 1.57e-06 2.33e-03 3.83e-04 2.09e-04 1.23e-07 1.42e-06 7.88e-05 4.25e-06 8.16e-03 4.29e-06 2.33e-04 4.26e-06 6.67e-06 8.16e-05 8.16e-05 8.16e-03 8.16e-05 2.33e-04 8.16e-05 8.16e-05
72955 1.45760e+04 -3.83136e+00 5.89759e-04 1.30929e-03 7.02e-05 1.71e-06 2.29e-03 3.65e-04 2.20e-04 1.33e-07 1.86e-06 7.88e-05 4.25e-06 8.16e-03 4.29e-06 2.33e-04 4.26e-06 6.67e-06 8.16e-05 8.16e-05 8.16e-03 8.16e-05 2.33e-04 8.16e-05 8.16e-05
73005 1.45860e+04 -3.79444e+00 6.38383e-04 2.70881e-04 1.06e-04 1.69e-06 2.52e-03 3.82e-04 1.84e-04 1.53e-07 1.16e-06 7.88e-05 4.25e-06 8.17e-03 4.29e-06 2.33e-04 4.26e-06 6.67e-06 8.17e-05 8.17e-05 8.17e-03 8.17e-05 2.33e-04 8.17e-05 8.17e-05
73055 1.45960e+04 -3.76514e+00 6.30742e-04 2.50563e-03 6.84e-05 1.49e-06 2.35e-03 4.05e-04 3.27e-04 1.76e-07 1.55e-06 7.88e-05 4.25e-06 8.17e-03 4.29e-06 2.33e-04 4.26e-06 6.67e-06 8.17e-05 8.17e-05 8.17e-03 8.17e-05 2.33e-04 8.17e-05 8.17e-05
73105 1.46060e+04 -3.77626e+00 6.33344e-04 1.02272e-03 9.84e-05 1.70e-06 2.47e-03 4.11e-04 1.83e-04 1.28e-07 1.52e-06 7.88e-05 4.25e-06 8.17e-03 4.29e-06 2.33e-04 4.26e-06 6.67e-06 8.17e-05 8.17e-05 8.17e-03 8.17e-05 2.33e-04 8.17e-05 8.17e-05
73155 1.46160e+04 -3.76109e+00 6.35404e-04 1.13540e-03 9.11e-05 1.59e-06 2.42e-03 4.09e-04 2.59e-04 1.31e-07 2.46e-06 7.88e-05 4.25e-06 8.17e-03 4.29e-06 2.33e-04 4.26e-06 6.67e-06 8.17e-05 8.17e-05 8.17e-03 8.17e-05 2.33e-04 8.17e-05 8.17e-05
73205 1.46260e+04 -3.67396e+00 8.18814e-04 1.79453e-03 7.09e-05 1.36e-06 3.26e-03 5.32e-04 2.29e-04 1.35e-07 1.34e-06 7.88e-05 4.25e-06 8.18e-03 4.29e-06 2.33e-04 4.26e-06 6.67e-06 8.18e-05 8.18e-05 8.18e-03 8.18e-05 2.33e-04 8.18e-05 8.18e-05
73255 1.46360e+04 -3.84549e+00 6.01420e-04 5.09749e-04 8.54e-05 1.56e-06 2.40e-03 3.50e-04 1.72e-04 1.37e-07 1.47e-06 7.88e-05 4.25e-06 8.18e-03 4.29e-06 2.33e-04 4.26e-06 6.67e-06 8.18e-05 8.18e-05 8.18e-03 8.18e-05 2.33e-04 8.18e-05 8.18e-05
73305 1.46460e+04 -3.77973e+00 6.32444e-04 1.73545e-03 9.37e-05 1.68e-06 2.43e-03 3.89e-04 2.49e-04 1.44e-07 1.50e-06 7.88e-05 4.25e-06 8.18e-03 4.29e-06 2.33e-04 4.26e-06 6.67e-06 8.18e-05 8.18e-05 8.18e-03 8.18e-05 2.33e-04 8.18e-05 8.18e-05
73355 1.46560e+04 -3.60240e+00 8.20648e-04 6.77862e-04 1.30e-04 1.42e-06 3.13e-03 5.25e-04 3.16e-04 1.36e-07 2.11e-06 7.88e-05 4.25e-06 8.18e-03 4.29e-06 2.33e-04 4.26e-06 6.67e-06 8.18e-05 8.18e-05 8.18e-03 8.18e-05 2.33e-04 8.18e-05 8.18e-05
73405 1.46660e+04 -3.78649e+00 6.34996e-04 6.09162e-04 9.82e-05 1.84e-06 2.48e-03 3.95e-04 1.95e-04 1.59e-07 1.51e-06 7.88e-05 4.25e-06 8.19e-03 4.29e-06 2.33e-04 4.26e-06 6.67e-06 8.19e-05 8.19e-05 8.19e-03 8.19e-05 2.33e-04 8.19e-05 8.19e-05
73455 1.46760e+04 -3.79103e+00 6.26747e-04 1.21190e-04 1.18e-04 1.72e-06 2.44e-03 3.69e-04 2.00e-04 1.22e-07 9.79e-07 7.88e-05 4.25e-06 8.19e-03 4.29e-06 2.33e-04 4.26e-06 6.67e-06 8.19e-05 8.19e-05 8.19e-03 8.19e-05 2.33e-04 8.19e-05 8.19e-05
73505 1.46860e+04 -3.61098e+00 8.42416e-04 6.91707e-04 7.97e-05 1.32e-06 3.22e-03 5.52e-04 3.58e-04 1.36e-07 1.05e-06 7.88e-05 4.25e-06 8.19e-03 4.29e-06 2.33e-04 4.26e-06 6.67e-06 8.19e-05 8.19e-05 8.19e-03 8.19e-05 2.33e-04 8.19e-05 8.19e-05
73555 1.46960e+04 -3.74571e+00 6.62130e-04 2.23122e-03 9.00e-05 1.54e-06 2.45e-03 3.86e-04 3.80e-04 1.49e-07 1.45e-06 7.88e-05 4.25e-06 8.19e-03 4.29e-06 2.33e-04 4.26e-06 6.67e-06 8.19e-05 8.19e-05 8.19e-03 8.19e-05 2.33e-04 8.19e-05 8.19e-05
73605 1.47060e+04 -3.82716e+00 5.83559e-04 3.90137e-04 1.25e-04 1.49e-06 2.27e-03 3.26e-04 1.92e-04 1.46e-07 9.42e-07 7.88e-05 4.25e-06 8.20e-03 4.29e-06 2.34e-04 4.26e-06 6.67e-06 8.20e-05 8.20e-05 8.20e-03 8.20e-05 2.34e-04 8.20e-05 8.20e-05
73655 1.47160e+04 -3.79774e+00 6.55390e-04 2.54962e-03 6.27e-05 1.77e-06 2.53e-03 3.81e-04 3.00e-04 1.80e-07 9.74e-07 7.88e-05 4.25e-06 8.20e-03 4.29e-06 2.34e-04 4.26e-06 6.67e-06 8.20e-05 8.20e-05 8.20e-03 8.20e-05 2.34e-04 8.20e-05 8.20e-05
73705 1.47260e+04 -3.82894e+00 6.34192e-04 1.33120e-03 6.84e-05 1.58e-06 2.49e-03 3.53e-04 2.63e-04 1.88e-07 1.33e-06 7.88e-05 4.25e-06 8.20e-03 4.29e-06 2.34e-04 4.26e-06 6.67e-06 8.20e-05 8.20e-05 8.20e-03 8.20e-05 2.34e-04 8.20e-05 8.20e-05
73755 1.47360e+04 -3.64220e+00 8.00181e-04 1.53922e-03 1.10e-04 1.32e-06 3.12e-03 5.24e-04 2.50e-04 1.48e-07 9.39e-07 7.88e-05 4.25e-06 8.20e-03 4.29e-06 2.33e-04 4.26e-06 6.67e-06 8.20e-05 8.20e-05 8.20e-03 8.20e-05 2.33e-04 8.20e-05 8.20e-05
73805 1.47460e+04 -3.78301e+00 6.30871e-04 1.43905e-03 1.01e-04 1.71e-06 2.41e-03 3.70e-04 2.74e-04 1.79e-07 1.47e-06 7.88e-05 4.25e-06 8.20e-03 4.29e-06 2.34e-04 4.26e-06 6.67e-06 8.20e-05 8.20e-05 8.20e-03 8.20e-05 2.34e-04 8.20e-05 8.20e-05
73855 1.47560e+04 -3.73862e+00 6.31282e-04 2.17450e-03 1.03e-04 1.58e-06 2.30e-03 3.91e-04 3.57e-04 1.62e-07 1.54e-06 7.88e-05 4.25e-06 8.20e-03 4.29e-06 2.34e-04 4.26e-06 6.67e-06 8.20e-05 8.20e-05 8.20e-03 8.20e-05 2.34e-04 8.20e-05 8.20e-05
73905 1.47660e+04 -3.77726e+00 6.54259e-04 1.84735e-03 9.69e-05 1.75e-06 2.52e-03 3.80e-04 2.73e-04 1.73e-07 8.64e-07 7.88e-05 4.25e-06 8.21e-03 4.29e-06 2.34e-04 4.26e-06 6.67e-06 8.21e-05 8.21e-05 8.21e-03 8.21e-05 2.34e-04 8.21e-05 8.21e-05
73955 1.47760e+04 -3.76739e+00 6.44647e-04 1.66200e-03 1.26e-04 1.89e-06 2.46e-03 3.66e-04 2.65e-04 1.46e-07 7.29e-07 7.88e-05 4.25e-06 8.21e-03 4.29e-06 2.34e-04 4.26e-06 6.67e-06 8.21e-05 8.21e-05 8.21e-03 8.21e-05 2.34e-04 8.21e-05 8.21e-05
74005 1.47860e+04 -3.78000e+00 6.30304e-04 1.39628e-03 1.35e-04 1.53e-06 2.41e-03 3.44e-04 2.62e-04 1.36e-07 8.42e-07 7.88e-05 4.25e-06 8.21e-03 4.29e-06 2.34e-04 4.26e-06 6.67e-06 8.21e-05 8.21e-05 8.21e-03 8.21e-05 2.34e-04 8.21e-05 8.21e-05
74055 1.47960e+04 -3.81102e+00 6.26554e-04 1.08475e-03 7.98e-05 1.67e-06 2.41e-03 3.56e-04 2.81e-04 1.66e-07 1.57e-06 7.88e-05 4.25e-06 8.21e-03 4.29e-06 2.34e-04 4.26e-06 6.67e-06 8.21e-05 8.21e-05 8.21e-03 8.21e-05 2.34e-04 8.21e-05 8.21e-05
74105 1.48060e+04 -3.77024e+00 6.29264e-04 1.81767e-03 1.35e-04 1.68e-06 2.39e-03 3.52e-04 2.71e-04 1.81e-07 1.05e-06 7.88e-05 4.25e-06 8.21e-03 4.29e-06 2.34e-04 4.26e-06 6.67e-06 8.21e-05 8.21e-05 8.21e-03 8.21e-05 2.34e-04 8.21e-05 8.21e-05
74155 1.48160e+04 -3.59819e+00 8.13305e-04 2.27085e-03 6.82e-05 1.78e-06 3.12e-03 6.11e-04 2.64e-04 1.55e-07 2.04e-06 7.88e-05 4.25e-06 8.21e-03 4.29e-06 2.34e-04 4.26e-06 6.67e-06 8.21e-05 8.21e-05 8.21e-03 8.21e-05 2.34e-04 8.21e-05 8.21e-05
74205 1.48260e+04 -3.59017e+00 8.09710e-04 2.03333e-03 6.19e-05 1.25e-06 3.12e-03 6.42e-04 2.25e-04 1.78e-07 8.81e-07 7.88e-05 4.25e-06 8.21e-03 4.29e-06 2.34e-04 4.26e-06 6.67e-06 8.21e-05 8.21e-05 8.21e-03 8.21e-05 2.34e-04 8.21e-05 8.21e-05
74255 1.48360e+04 -3.78198e+00 6.18353e-04 1.69432e-03 1.14e-04 1.59e-06 2.36e-03 3.66e-04 2.53e-04 1.50e-07 2.13e-06 7.88e-05 4.25e-06 8.22e-03 4.29e-06 2.34e-04 4.26e-06 6.67e-06 8.22e-05 8.22e-05 8.22e-03 8.22e-05 2.34e-04 8.22e-05 8.22e-05
74305 1.48460e+04 -3.61986e+00 8.08422e-04 1.69028e-03 6.23e-05 1.53e-06 3.14e-03 6.03e-04 2.33e-04 1.59e-07 1.47e-06 7.88e-05 4.25e-06 8.22e-03 4.29e-06 2.34e-04 4.26e-06 6.67e-06 8.22e-05 8.22e-05 8.22e-03 8.22e-05 2.34e-04 8.22e-05 8.22e-05
74355 1.48560e+04 -3.80060e+00 6.35129e-04 1.29864e-03 1.22e-04 1.74e-06 2.49e-03 3.48e-04 2.16e-04 1.81e-07 1.34e-06 7.88e-05 4.25e-06 8.22e-03 4.29e-06 2.34e-04 4.26e-06 6.67e-06 8.22e-05 8.22e-05 8.22e-03 8.22e-05 2.34e-04 8.22e-05 8.22e-05
74405 1.48660e+04 -3.55327e+00 8.51936e-04 4.78378e-04 7.57e-05 1.49e-06 3.16e-03 6.02e-04 4.18e-04 1.64e-07 1.15e-06 7.88e-05 4.25e-06 8.22e-03 4.29e-06 2.34e-04 4.26e-06 6.67e-06 8.22e-05 8.22e-05 8.22e-03 8.22e-05 2.34e-04 8.22e-05 8.22e-05
74455 1.48760e+04 -3.82526e+00 6.33576e-04 2.01040e-03 8.33e-05 1.59e-06 2.48e-03 3.44e-04 2.59e-04 1.74e-07 9.84e-07 7.88e-05 4.25e-06 8.22e-03 4.29e-06 2.34e-04 4.26e-06 6.67e-06 8.22e-05 8.22e-05 8.22e-03 8.22e-05 2.34e-04 8.22e-05 8.22e-05
74505 1.48860e+04 -3.83348e+00 6.43688e-04 1.84276e-03 7.36e-05 1.52e-06 2.57e-03 3.61e-04 2.09e-04 1.97e-07 9.40e-07 7.88e-05 4.25e-06 8.22e-03 4.29e-06 2.34e-04 4.26e-06 6.67e-06 8.22e-05 8.22e-05 8.22e-03 8.22e-05 2.34e-04 8.22e-05 8.22e-05
74555 1.48960e+04 -3.86855e+00 5.67579e-04 2.19401e-03 6.05e-05 1.34e-06 2.21e-03 3.27e-04 2.38e-04 1.98e-07 1.29e-06 7.88e-05 4.25e-06 8.22e-03 4.29e-06 2.34e-04 4.26e-06 6.67e-06 8.22e-05 8.22e-05 8.22e-03 8.22e-05 2.34e-04 8.22e-05 8.22e-05
74605 1.49060e+04 -3.79684e+00 6.06523e-04 2.70518e-03 1.36e-04 1.59e-06 2.31e-03 3.26e-04 2.58e-04 1.90e-07 1.02e-06 7.88e-05 4.25e-06 8.22e-03 4.29e-06 2.34e-04 4.26e-06 6.67e-06 8.22e-05 8.22e-05 8.22e-03 8.22e-05 2.34e-04 8.22e-05 8.22e-05
74655 1.49160e+04 -3.84896e+00 6.36750e-04 2.99275e-03 7.97e-05 1.58e-06 2.56e-03 3.40e-04 2.00e-04 2.19e-07 1.36e-06 7.88e-05 4.25e-06 8.22e-03 4.29e-06 2.34e-04 4.26e-06 6.67e-06 8.22e-05 8.22e-05 8.22e-03 8.22e-05 2.34e-04 8.22e-05 8.22e-05
74705 1.49260e+04 -3.55265e+00 8.42184e-04 2.52985e-03 7.37e-05 1.41e-06 3.20e-03 6.49e-04 2.92e-04 2.42e-07 1.12e-06 7.88e-05 4.25e-06 8.22e-03 4.29e-06 2.34e-04 4.26e-06 6.67e-06 8.22e-05 8.22e-05 8.22e-03 8.22e-05 2.34e-04 8.22e-05 8.22e-05
74755 1.49360e+04 -3.79107e+00 6.29045e-04 3.36278e-03 1.32e-04 1.64e-06 2.42e-03 3.37e-04 2.54e-04 2.13e-07 1.05e-06 7.88e-05 4.25e-06 8.23e-03 4.29e-06 2.34e-04 4.26e-06 6.67e-06 8.23e-05 8.23e-05 8.23e-03 8.23e-05 2.34e-04 8.23e-05 8.23e-05
74805 1.49460e+04 -3.87910e+00 5.74424e-04 1.77048e-03 1.02e-04 1.57e-06 2.28e-03 2.86e-04 1.98e-04 2.51e-07 1.05e-06 7.88e-05 4.25e-06 8.23e-03 4.29e-06 2.34e-04 4.26e-06 6.67e-06 8.23e-05 8.23e-05 8.23e-03 8.23e-05 2.34e-04 8.23e-05 8.23e-05
74855 1.49560e+04 -3.87050e+00 6.00969e-04 4.10457e-03 8.38e-05 1.43e-06 2.41e-03 3.13e-04 1.99e-04 2.32e-07 1.22e-06 7.88e-05 4.25e-06 8.23e-03 4.29e-06 2.34e-04 4.26e-06 6.67e-06 8.23e-05 8.23e-05 8.23e-03 8.23e-05 2.34e-04 8.23e-05 8.23e-05
74905 1.49660e+04 -3.88577e+00 5.76745e-04 2.66213e-03 9.53e-05 1.51e-06 2.32e-03 2.93e-04 1.76e-04 2.12e-07 1.01e-06 7.88e-05 4.25e-06 8.23e-03 4.29e-06 2.34e-04 4.26e-06 6.67e-06 8.23e-05 8.23e-05 8.23e-03 8.23e-05 2.34e-04 8.23e-05 8.23e-05
74955 1.49760e+04 -3.82956e+00 5.81597e-04 3.03935e-03 1.12e-04 1.42e-06 2.26e-03 3.30e-04 2.09e-04 1.90e-07 9.70e-07 7.88e-05 4.25e-06 8.23e-03 4.29e-06 2.34e-04 4.26e-06 6.67e-06 8.23e-05 8.23e-05 8.23e-03 8.23e-05 2.34e-04 8.23e-05 8.23e-05
75005 1.49850e+04 -3.79254e+00 6.07703e-04 1.46133e-03 1.35e-04 1.66e-06 2.34e-03 3.48e-04 2.09e-04 2.06e-07 1.08e-06 7.88e-05 4.25e-06 8.23e-03 4.29e-06 2.34e-04 4.26e-06 6.67e-06 8.23e-05 8.23e-05 8.23e-03 8.23e-05 2.34e-04 8.23e-05 8.23e-05
75055 1.49950e+04 -3.85211e+00 5.68814e-04 3.63946e-03 9.01e-05 1.44e-06 2.22e-03 3.28e-04 2.06e-04 1.89e-07 1.01e-06 7.88e-05 4.25e-06 8.23e-03 4.29e-06 2.34e-04 4.26e-06 6.67e-06 8.23e-05 8.23e-05 8.23e-03 8.23e-05 2.34e-04 8.23e-05 8.23e-05
75105 1.50050e+04 -3.81876e+00 6.33750e-04 4.17857e-03 9.83e-05 1.65e-06 2.48e-03 3.38e-04 2.54e-04 1.78e-07 1.08e-06 7.88e-05 4.25e-06 8.23e-03 4.29e-06 2.34e-04 4.26e-06 6.67e-06 8.23e-05 8.23e-05 8.23e-03 8.23e-05 2.34e-04 8.23e-05 8.23e-05
75155 1.50150e+04 -3.47664e+00 8.57540e-04 3.44382e-03 9.22e-05 1.36e-06 3.17e-03 7.08e-04 3.20e-04 2.17e-07 1.51e-06 7.88e-05 4.25e-06 8.23e-03 4.29e-06 2.34e-04 4.26e-06 6.67e-06 8.23e-05 8.23e-05 8.23e-03 8.23e-05 2.34e-04 8.23e-05 8.23e-05
75205 1.50250e+04 -3.48882e+00 8.96563e-04 4.16172e-03 9.80e-05 1.39e-06 3.40e-03 6.99e-04 2.82e-04 2.14e-07 1.66e-06 7.88e-05 4.25e-06 8.23e-03 4.29e-06 2.34e-04 4.26e-06 6.67e-06 8.23e-05 8.23e-05 8.23e-03 8.23e-05 2.34e-04 8.23e-05 8.23e-05
75255 1.50350e+04 -3.42657e+00 9.25630e-04 2.31163e-03 1.06e-04 1.74e-06 3.37e-03 7.07e-04 4.41e-04 2.10e-07 1.30e-06 7.88e-05 4.25e-06 8.23e-03 4.29e-06 2.34e-04 4.26e-06 6.67e-06 8.23e-05 8.23e-05 8.23e-03 8.23e-05 2.34e-04 8.23e-05 8.23e-05
75305 1.50450e+04 -3.86989e+00 6.12648e-04 1.26626e-03 9.37e-05 1.45e-06 2.47e-03 3.06e-04 1.91e-04 2.08e-07 1.13e-06 7.88e-05 4.25e-06 8.23e-03 4.29e-06 2.34e-04 4.26e-06 6.67e-06 8.23e-05 8.23e-05 8.23e-03 8.23e-05 2.34e-04 8.23e-05 8.23e-05
75355 1.50550e+04 -3.45302e+00 8.89081e-04 3.99663e-03 1.43e-04 1.52e-06 3.35e-03 7.12e-04 2.37e-04 1.84e-07 9.80e-07 7.88e-05 4.25e-06 8.23e-03 4.29e-06 2.34e-04 4.26e-06 6.67e-06 8.23e-05 8.23e-05 8.23e-03 8.23e-05 2.34e-04 8.23e-05 8.23e-05
75405 1.50650e+04 -3.86736e+00 6.04448e-04 2.24568e-03 7.61e-05 1.37e-06 2.43e-03 3.26e-04 1.92e-04 1.87e-07 1.46e-06 7.88e-05 4.25e-06 8.23e-03 4.29e-06 2.34e-04 4.26e-06 6.67e-06 8.23e-05 8.23e-05 8.23e-03 8.23e-05 2.34e-04 8.23e-05 8.23e-05
75455 1.50750e+04 -3.84965e+00 6.35046e-04 3.74390e-03 8.16e-05 1.42e-06 2.55e-03 3.33e-04 2.13e-04 1.87e-07 1.14e-06 7.88e-05 4.25e-06 8.23e-03 4.29e-06 2.34e-04 4.26e-06 6.67e-06 8.23e-05 8.23e-05 8.23e-03 8.23e-05 2.34e-04 8.23e-05 8.23e-05
75505 1.50850e+04 -3.78002e+00 6.31261e-04 4.04845e-03 1.21e-04 1.47e-06 2.38e-03 3.42e-04 3.08e-04 1.98e-07 1.25e-06 7.88e-05 4.25e-06 8.23e-03 4.29e-06 2.34e-04 4.26e-06 6.67e-06 8.23e-05 8.23e-05 8.23e-03 8.23e-05 2.34e-04 8.23e-05 8.23e-05
75555 1.50950e+04 -3.84245e+00 6.01018e-04 3.49853e-03 9.74e-05 1.57e-06 2.37e-03 3.30e-04 2.05e-04 2.02e-07 1.11e-06 7.88e-05 4.25e-06 8.23e-03 4.29e-06 2.34e-04 4.26e-06 6.67e-06 8.23e-05 8.23e-05 8.23e-03 8.23e-05 2.34e-04 8.23e-05 8.23e-05
75605 1.51050e+04 -3.89217e+00 6.11743e-04 5.37678e-03 8.37e-05 1.49e-06 2.48e-03 2.86e-04 2.03e-04 2.03e-07 1.51e-06 7.88e-05 4.25e-06 8.23e-03 4.29e-06 2.34e-04 4.26e-06 6.67e-06 8.23e-05 8.23e-05 8.23e-03 8.23e-05 2.34e-04 8.23e-05 8.23e-05
75655 1.51150e+04 -3.87255e+00 5.90218e-04 3.81183e-03 8.83e-05 1.51e-06 2.36e-03 3.11e-04 1.85e-04 2.15e-07 1.21e-06 7.88e-05 4.25e-06 8.23e-03 4.29e-06 2.34e-04 4.26e-06 6.67e-06 8.23e-05 8.23e-05 8.23e-03 8.23e-05 2.34e-04 8.23e-05 8.23e-05
75705 1.51250e+04 -3.37042e+00 8.79545e-04 4.42687e-03 1.41e-04 1.63e-06 3.19e-03 8.02e-04 2.64e-04 2.01e-07 1.07e-06 7.88e-05 4.25e-06 8.23e-03 4.29e-06 2.34e-04 4.26e-06 6.67e-06 8.23e-05 8.23e-05 8.23e-03 8.23e-05 2.34e-04 8.23e-05 8.23e-05
75755 1.51350e+04 -3.87226e+00 6.16697e-04 3.25043e-03 9.82e-05 1.53e-06 2.50e-03 2.99e-04 1.90e-04 2.21e-07 1.37e-06 7.88e-05 4.25e-06 8.24e-03 4.29e-06 2.34e-04 4.26e-06 6.67e-06 8.24e-05 8.24e-05 8.24e-03 8.24e-05 2.34e-04 8.24e-05 8.24e-05
75805 1.51450e+04 -3.83013e+00 6.30036e-04 5.50237e-03 1.07e-04 1.34e-06 2.48e-03 3.23e-04 2.36e-04 2.15e-07 1.10e-06 7.88e-05 4.25e-06 8.24e-03 4.29e-06 2.34e-04 4.26e-06 6.67e-06 8.24e-05 8.24e-05 8.24e-03 8.24e-05 2.34e-04 8.24e-05 8.24e-05
75855 1.51550e+04 -3.89516e+00 5.92213e-04 3.73144e-03 8.05e-05 1.59e-06 2.42e-03 3.00e-04 1.63e-04 2.31e-07 1.03e-06 7.88e-05 4.25e-06 8.24e-03 4.29e-06 2.34e-04 4.26e-06 6.67e-06 8.24e-05 8.24e-05 8.24e-03 8.24e-05 2.34e-04 8.24e-05 8.24e-05
75905 1.51650e+04 -3.43523e+00 9.21514e-04 2.87137e-03 9.21e-05 1.62e-06 3.37e-03 7.14e-04 4.32e-04 1.95e-07 1.75e-06 7.88e-05 4.25e-06 8.24e-03 4.29e-06 2.34e-04 4.26e-06 6.67e-06 8.24e-05 8.24e-05 8.24e-03 8.24e-05 2.34e-04 8.24e-05 8.24e-05
75955 1.51750e+04 -3.83445e+00 6.04451e-04 2.80396e-03 1.19e-04 1.55e-06 2.39e-03 3.24e-04 1.87e-04 1.74e-07 1.21e-06 7.88e-05 4.25e-06 8.24e-03 4.29e-06 2.34e-04 4.26e-06 6.67e-06 8.24e-05 8.24e-05 8.24e-03 8.24e-05 2.34e-04 8.24e-05 8.24e-05
76005 1.51850e+04 -3.87735e+00 5.76816e-04 3.12111e-03 9.43e-05 1.29e-06 2.30e-03 3.01e-04 1.84e-04 1.91e-07 1.12e-06 7.88e-05 4.25e-06 8.24e-03 4.29e-06 2.34e-04 4.26e-06 6.67e-06 8.24e-05 8.24e-05 8.24e-03 8.24e-05 2.34e-04 8.24e-05 8.24e-05
76055 1.51950e+04 -3.85830e+00 5.85393e-04 3.79686e-03 7.50e-05 1.55e-06 2.31e-03 3.34e-04 2.05e-04 2.36e-07 1.56e-06 7.88e-05 4.25e-06 8.24e-03 4.29e-06 2.34e-04 4.26e-06 6.67e-06 8.24e-05 8.24e-05 8.24e-03 8.24e-05 2.34e-04 8.24e-05 8.24e-05
76105 1.52050e+04 -3.89191e+00 5.72776e-04 3.37931e-03 6.50e-05 1.50e-06 2.31e-03 3.19e-04 1.67e-04 2.39e-07 1.38e-06 7.88e-05 4.25e-06 8.24e-03 4.29e-06 2.34e-04 4.26e-06 6.67e-06 8.24e-05 8.24e-05 8.24e-03 8.24e-05 2.34e-04 8.24e-05 8.24e-05
76155 1.52150e+04 -3.83225e+00 6.15931e-04 3.60501e-03 1.28e-04 1.50e-06 2.44e-03 3.13e-04 1.96e-04 2.30e-07 1.16e-06 7.88e-05 4.25e-06 8.24e-03 4.29e-06 2.34e-04 4.26e-06 6.67e-06 8.24e-05 8.24e-05 8.24e-03 8.24e-05 2.34e-04 8.24e-05 8.24e-05
76205 1.52250e+04 -3.86301e+00 6.12417e-04 5.47338e-03 7.67e-05 1.52e-06 2.43e-03 3.11e-04 2.47e-04 2.84e-07 1.20e-06 7.88e-05 4.25e-06 8.24e-03 4.29e-06 2.34e-04 4.26e-06 6.67e-06 8.24e-05 8.24e-05 8.24e-03 8.24e-05 2.34e-04 8.24e-05 8.24e-05
76255 1.52350e+04 -3.86243e+00 5.80448e-04 5.11407e-03 8.23e-05 1.38e-06 2.27e-03 3.11e-04 2.39e-04 2.11e-07 1.09e-06 7.88e-05 4.25e-06 8.24e-03 4.29e-06 2.34e-04 4.26e-06 6.67e-06 8.24e-05 8.24e-05 8.24e-03 8.24e-05 2.34e-04 8.24e-05 8.24e-05
76305 1.52450e+04 -3.89280e+00 5.60035e-04 4.54458e-03 8.08e-05 1.59e-06 2.20e-03 2.76e-04 2.42e-04 2.19e-07 2.47e-06 7.88e-05 4.25e-06 8.24e-03 4.29e-06 2.34e-04 4.26e-06 6.67e-06 8.24e-05 8.24e-05 8.24e-03 8.24e-05 2.34e-04 8.24e-05 8.24e-05
76355 1.52550e+04 -3.91941e+00 5.33955e-04 2.00520e-03 6.06e-05 1.40e-06 2.14e-03 2.90e-04 1.78e-04 2.45e-07 1.31e-06 7.88e-05 4.25e-06 8.24e-03 4.29e-06 2.34e-04 4.26e-06 6.67e-06 8.24e-05 8.24e-05 8.24e-03 8.24e-05 2.34e-04 8.24e-05 8.24e-05
76405 1.52650e+04 -3.42913e+00 8.98375e-04 4.21664e-03 1.30e-04 1.29e-06 3.36e-03 7.50e-04 2.47e-04 2.23e-07 1.32e-06 7.88e-05 4.25e-06 8.24e-03 4.29e-06 2.34e-04 4.26e-06 6.67e-06 8.24e-05 8.24e-05 8.24e-03 8.24e-05 2.34e-04 8.24e-05 8.24e-05
76455 1.52750e+04 -3.82284e+00 5.98729e-04 2.11413e-03 1.34e-04 1.42e-06 2.35e-03 3.24e-04 1.83e-04 2.08e-07 1.21e-06 7.88e-05 4.25e-06 8.24e-03 4.29e-06 2.34e-04 4.26e-06 6.67e-06 8.24e-05 8.24e-05 8.24e-03 8.24e-05 2.34e-04 8.24e-05 8.24e-05
76505 1.52850e+04 -3.87661e+00 5.59920e-04 3.29490e-03 7.00e-05 1.46e-06 2.20e-03 3.16e-04 2.14e-04 2.19e-07 1.70e-06 7.88e-05 4.25e-06 8.24e-03 4.29e-06 2.34e-04 4.26e-06 6.67e-06 8.24e-05 8.24e-05 8.24e-03 8.24e-05 2.34e-04 8.24e-05 8.24e-05
76555 1.52950e+04 -3.52638e+00 8.47804e-04 5.50833e-03 6.61e-05 1.31e-06 3.22e-03 7.03e-04 2.46e-04 2.51e-07 1.16e-06 7.88e-05 4.25e-06 8.24e-03 4.29e-06 2.34e-04 4.26e-06 6.67e-06 8.24e-05 8.24e-05 8.24e-03 8.24e-05 2.34e-04 8.24e-05 8.24e-05
76605 1.53050e+04 -3.44535e+00 9.05448e-04 3.27615e-03 1.29e-04 1.27e-06 3.32e-03 6.75e-04 4.06e-04 2.45e-07 2.30e-06 7.88e-05 4.25e-06 8.24e-03 4.29e-06 2.34e-04 4.26e-06 6.67e-06 8.24e-05 8.24e-05 8.24e-03 8.24e-05 2.34e-04 8.24e-05 8.24e-05
76655 1.53150e+04 -3.82368e+00 6.23498e-04 3.36627e-03 1.14e-04 1.52e-06 2.45e-03 3.29e-04 2.21e-04 2.45e-07 1.40e-06 7.88e-05 4.25e-06 8.24e-03 4.29e-06 2.34e-04 4.26e-06 6.67e-06 8.24e-05 8.24e-05 8.24e-03 8.24e-05 2.34e-04 8.24e-05 8.24e-05
76705 1.53250e+04 -3.90253e+00 5.81999e-04 5.92823e-03 9.41e-05 1.49e-06 2.34e-03 2.64e-04 2.06e-04 2.34e-07 1.19e-06 7.88e-05 4.25e-06 8.24e-03 4.29e-06 2.34e-04 4.26e-06 6.67e-06 8.24e-05 8.24e-05 8.24e-03 8.24e-05 2.34e-04 8.24e-05 8.24e-05
76755 1.53350e+04 -3.85414e+00 6.10555e-04 4.99720e-03 7.82e-05 1.66e-06 2.44e-03 3.36e-04 2.01e-04 2.17e-07 1.20e-06 7.88e-05 4.25e-06 8.24e-03 4.29e-06 2.34e-04 4.26e-06 6.67e-06 8.24e-05 8.24e-05 8.24e-03 8.24e-05 2.34e-04 8.24e-05 8.24e-05
76805 1.53450e+04 -3.81850e+00 6.08827e-04 7.12416e-03 1.27e-04 1.29e-06 2.33e-03 3.02e-04 2.79e-04 1.91e-07 1.15e-06 7.88e-05 4.25e-06 8.24e-03 4.29e-06 2.34e-04 4.26e-06 6.67e-06 8.24e-05 8.24e-05 8.24e-03 8.24e-05 2.34e-04 8.24e-05 8.24e-05
76855 1.53550e+04 -3.86775e+00 5.76627e-04 3.65070e-03 9.48e-05 1.38e-06 2.29e-03 3.10e-04 1.88e-04 1.99e-07 1.73e-06 7.88e-05 4.25e-06 8.24e-03 4.29e-06 2.34e-04 4.26e-06 6.67e-06 8.24e-05 8.24e-05 8.24e-03 8.24e-05 2.34e-04 8.24e-05 8.24e-05
76905 1.53650e+04 -3.87889e+00 5.83928e-04 4.05750e-03 8.68e-05 1.43e-06 2.33e-03 2.99e-04 2.04e-04 2.01e-07 1.70e-06 7.88e-05 4.25e-06 8.24e-03 4.29e-06 2.33e-04 4.26e-06 6.67e-06 8.24e-05 8.24e-05 8.24e-03 8.24e-05 2.33e-04 8.24e-05 8.24e-05
76955 1.53750e+04 -3.41779e+00 8.89009e-04 2.70475e-03 7.52e-05 1.48e-06 3.20e-03 7.63e-04 4.07e-04 2.80e-07 1.15e-06 7.88e-05 4.25e-06 8.24e-03 4.29e-06 2.33e-04 4.26e-06 6.67e-06 8.24e-05 8.24e-05 8.24e-03 8.24e-05 2.33e-04 8.24e-05 8.24e-05
77005 1.53850e+04 -3.83859e+00 5.62412e-04 5.40939e-03 1.08e-04 1.73e-06 2.17e-03 3.25e-04 2.06e-04 2.05e-07 1.12e-06 7.88e-05 4.25e-06 8.24e-03 4.29e-06 2.33e-04 4.26e-06 6.67e-06 8.24e-05 8.24e-05 8.24e-03 8.24e-05 2.33e-04 8.24e-05 8.24e-05
77055 1.53950e+04 -3.85937e+00 5.90232e-04 3.79320e-03 9.74e-05 1.43e-06 2.35e-03 3.15e-04 1.92e-04 2.09e-07 1.75e-06 7.88e-05 4.25e-06 8.24e-03 4.29e-06 2.33e-04 4.26e-06 6.67e-06 8.24e-05 8.24e-05 8.24e-03 8.24e-05 2.33e-04 8.24e-05 8.24e-05
77105 1.54050e+04 -3.85507e+00 5.60104e-04 4.55222e-03 1.12e-04 1.39e-06 2.19e-03 3.06e-04 1.94e-04 1.89e-07 1.28e-06 7.88e-05 4.25e-06 8.24e-03 4.29e-06 2.33e-04 4.26e-06 6.67e-06 8.24e-05 8.24e-05 8.24e-03 8.24e-05 2.33e-04 8.24e-05 8.24e-05
77155 1.54150e+04 -3.82295e+00 6.16499e-04 4.89065e-03 1.23e-04 1.46e-06 2.41e-03 3.14e-04 2.37e-04 1.61e-07 2.49e-06 7.88e-05 4.25e-06 8.24e-03 4.29e-06 2.33e-04 4.26e-06 6.67e-06 8.24e-05 8.24e-05 8.24e-03 8.24e-05 2.33e-04 8.24e-05 8.24e-05
77205 1.54250e+04 -3.86660e+00 5.97504e-04 6.56197e-03 9.09e-05 1.36e-06 2.38e-03 3.09e-04 2.02e-04 2.02e-07 1.43e-06 7.88e-05 4.25e-06 8.25e-03 4.29e-06 2.33e-04 4.26e-06 6.67e-06 8.25e-05 8.25e-05 8.25e-03 8.25e-05 2.33e-04 8.25e-05 8.25e-05
77255 1.54350e+04 -3.85626e+00 5.80773e-04 4.31580e-03 1.11e-04 1.61e-06 2.27e-03 2.96e-04 2.22e-04 1.90e-07 1.35e-06 7.88e-05 4.25e-06 8.24e-03 4.29e-06 2.33e-04 4.26e-06 6.67e-06 8.24e-05 8.24e-05 8.24e-03 8.24e-05 2.33e-04 8.24e-05 8.24e-05
77305 1.54450e+04 -3.86277e+00 5.90747e-04 5.36229e-03 1.08e-04 1.40e-06 2.33e-03 2.89e-04 2.26e-04 1.88e-07 1.12e-06 7.88e-05 4.25e-06 8.24e-03 4.29e-06 2.33e-04 4.26e-06 6.67e-06 8.24e-05 8.24e-05 8.24e-03 8.24e-05 2.33e-04 8.24e-05 8.24e-05
77355 1.54550e+04 -3.91014e+00 5.90000e-04 4.61078e-03 8.17e-05 1.49e-06 2.40e-03 2.71e-04 1.95e-04 1.87e-07 1.16e-06 7.88e-05 4.25e-06 8.24e-03 4.29e-06 2.33e-04 4.26e-06 6.67e-06 8.24e-05 8.24e-05 8.24e-03 8.24e-05 2.33e-04 8.24e-05 8.24e-05
77405 1.54650e+04 -3.92339e+00 5.80538e-04 3.40786e-03 7.23e-05 1.52e-06 2.38e-03 2.69e-04 1.85e-04 1.87e-07 1.21e-06 7.88e-05 4.25e-06 8.24e-03 4.29e-06 2.33e-04 4.26e-06 6.67e-06 8.24e-05 8.24e-05 8.24e-03 8.24e-05 2.33e-04 8.24e-05 8.24e-05
77455 1.54750e+04 -3.87193e+00 5.97142e-04 2.34731e-03 1.24e-04 1.40e-06 2.40e-03 2.76e-04 1.87e-04 1.65e-07 1.14e-06 7.88e-05 4.25e-06 8.24e-03 4.29e-06 2.33e-04 4.26e-06 6.67e-06 8.24e-05 8.24e-05 8.24e-03 8.24e-05 2.33e-04 8.24e-05 8.24e-05
77505 1.54850e+04 -3.50928e+00 8.79053e-04 3.13290e-03 5.79e-05 1.50e-06 3.30e-03 6.95e-04 3.42e-04 2.30e-07 1.80e-06 7.88e-05 4.25e-06 8.24e-03 4.29e-06 2.33e-04 4.26e-06 6.67e-06 8.24e-05 8.24e-05 8.24e-03 8.24e-05 2.33e-04 8.24e-05 8.24e-05
77555 1.54950e+04 -3.80683e+00 5.96720e-04 2.93641e-03 1.32e-04 1.71e-06 2.31e-03 3.39e-04 1.99e-04 1.93e-07 1.48e-06 7.88e-05 4.25e-06 8.24e-03 4.29e-06 2.33e-04 4.26e-06 6.67e-06 8.24e-05 8.24e-05 8.24e-03 8.24e-05 2.33e-04 8.24e-05 8.24e-05
77605 1.55050e+04 -3.88790e+00 5.75281e-04 4.85009e-03 7.07e-05 1.51e-06 2.27e-03 2.93e-04 2.38e-04 1.60e-07 1.77e-06 7.88e-05 4.25e-06 8.24e-03 4.29e-06 2.33e-04 4.26e-06 6.67e-06 8.24e-05 8.24e-05 8.24e-03 8.24e-05 2.33e-04 8.24e-05 8.24e-05
77655 1.55150e+04 -3.88203e+00 5.98029e-04 1.62144e-03 6.61e-05 1.37e-06 2.41e-03 3.21e-04 1.90e-04 1.60e-07 1.11e-06 7.88e-05 4.25e-06 8.24e-03 4.29e-06 2.33e-04 4.26e-06 6.67e-06 8.24e-05 8.24e-05 8.24e-03 8.24e-05 2.33e-04 8.24e-05 8.24e-05
77705 1.55250e+04 -3.79793e+00 6.27904e-04 5.82096e-03 1.11e-04 1.41e-06 2.41e-03 3.40e-04 2.82e-04 1.83e-07 1.18e-06 7.88e-05 4.25e-06 8.24e-03 4.29e-06 2.33e-04 4.26e-06 6.67e-06 8.24e-05 8.24e-05 8.24e-03 8.24e-05 2.33e-04 8.24e-05 8.24e-05
77755 1.55350e+04 -3.46932e+00 8.56971e-04 6.04872e-03 1.41e-04 1.26e-06 3.22e-03 7.04e-04 2.20e-04 1.78e-07 1.10e-06 7.88e-05 4.25e-06 8.24e-03 4.29e-06 2.33e-04 4.26e-06 6.67e-06 8.24e-05 8.24e-05 8.24e-03 8.24e-05 2.33e-04 8.24e-05 8.24e-05
77805 1.55450e+04 -3.53251e+00 8.09483e-04 4.72531e-03 7.88e-05 1.42e-06 3.07e-03 7.01e-04 1.99e-04 1.66e-07 1.27e-06 7.88e-05 4.25e-06 8.25e-03 4.29e-06 2.33e-04 4.26e-06 6.67e-06 8.25e-05 8.25e-05 8.25e-03 8.25e-05 2.33e-04 8.25e-05 8.25e-05
77855 1.55550e+04 -3.86842e+00 6.02934e-04 2.80640e-03 7.82e-05 1.64e-06 2.43e-03 3.28e-04 1.73e-04 1.98e-07 2.51e-06 7.88e-05 4.25e-06 8.25e-03 4.29e-06 2.33e-04 4.26e-06 6.67e-06 8.25e-05 8.25e-05 8.25e-03 8.25e-05 2.33e-04 8.25e-05 8.25e-05
77905 1.55650e+04 -3.83525e+00 6.43318e-04 4.99176e-03 9.87e-05 1.57e-06 2.55e-03 3.18e-04 2.53e-04 2.31e-07 1.33e-06 7.88e-05 4.25e-06 8.25e-03 4.29e-06 2.33e-04 4.26e-06 6.67e-06 8.25e-05 8.25e-05 8.25e-03 8.25e-05 2.33e-04 8.25e-05 8.25e-05
77955 1.55750e+04 -3.43343e+00 9.11584e-04 4.35130e-03 1.24e-04 1.34e-06 3.37e-03 7.16e-04 3.43e-04 1.84e-07 1.82e-06 7.88e-05 4.25e-06 8.25e-03 4.29e-06 2.33e-04 4.26e-06 6.67e-06 8.25e-05 8.25e-05 8.25e-03 8.25e-05 2.33e-04 8.25e-05 8.25e-05
78005 1.55850e+04 -3.86026e+00 6.01004e-04 2.41174e-03 8.69e-05 1.55e-06 2.40e-03 3.26e-04 1.87e-04 1.94e-07 1.07e-06 7.88e-05 4.25e-06 8.25e-03 4.29e-06 2.33e-04 4.26e-06 6.67e-06 8.25e-05 8.25e-05 8.25e-03 8.25e-05 2.33e-04 8.25e-05 8.25e-05
78055 1.55950e+04 -3.48232e+00 8.84318e-04 6.32837e-03 7.10e-05 1.49e-06 3.36e-03 7.48e-04 2.45e-04 2.03e-07 1.31e-06 7.88e-05 4.25e-06 8.25e-03 4.29e-06 2.33e-04 4.26e-06 6.67e-06 8.25e-05 8.25e-05 8.25e-03 8.25e-05 2.33e-04 8.25e-05 8.25e-05
78105 1.56050e+04 -3.89069e+00 6.04069e-04 3.75821e-03 6.90e-05 1.48e-06 2.46e-03 3.08e-04 1.86e-04 2.22e-07 1.88e-06 7.88e-05 4.25e-06 8.25e-03 4.29e-06 2.33e-04 4.26e-06 6.67e-06 8.25e-05 8.25e-05 8.25e-03 8.25e-05 2.33e-04 8.25e-05 8.25e-05
78155 1.56150e+04 -3.39683e+00 9.13137e-04 3.21199e-03 7.58e-05 1.44e-06 3.20e-03 7.36e-04 5.49e-04 2.21e-07 1.48e-06 7.88e-05 4.25e-06 8.25e-03 4.29e-06 2.33e-04 4.26e-06 6.67e-06 8.25e-05 8.25e-05 8.25e-03 8.25e-05 2.33e-04 8.25e-05 8.25e-05
78205 1.56250e+04 -3.37852e+00 9.21397e-04 3.87408e-03 1.43e-04 1.56e-06 3.36e-03 7.63e-04 3.36e-04 1.85e-07 1.18e-06 7.88e-05 4.25e-06 8.25e-03 4.29e-06 2.33e-04 4.26e-06 6.67e-06 8.25e-05 8.25e-05 8.25e-03 8.25e-05 2.33e-04 8.25e-05 8.25e-05
78255 1.56350e+04 -3.90208e+00 5.81764e-04 3.44443e-03 7.57e-05 1.30e-06 2.36e-03 2.90e-04 1.85e-04 1.60e-07 1.60e-06 7.88e-05 4.25e-06 8.25e-03 4.29e-06 2.33e-04 4.26e-06 6.67e-06 8.25e-05 8.25e-05 8.25e-03 8.25e-05 2.33e-04 8.25e-05 8.25e-05
78305 1.56450e+04 -3.88208e+00 5.75035e-04 4.19738e-03 6.37e-05 1.49e-06 2.30e-03 3.24e-04 1.90e-04 1.89e-07 1.04e-06 7.88e-05 4.25e-06 8.25e-03 4.29e-06 2.33e-04 4.26e-06 6.67e-06 8.25e-05 8.25e-05 8.25e-03 8.25e-05 2.33e-04 8.25e-05 8.25e-05
78355 1.56550e+04 -3.89272e+00 5.69391e-04 2.77000e-03 8.27e-05 1.36e-06 2.28e-03 2.93e-04 1.88e-04 1.78e-07 1.51e-06 7.88e-05 4.25e-06 8.25e-03 4.29e-06 2.33e-04 4.26e-06 6.67e-06 8.25e-05 8.25e-05 8.25e-03 8.25e-05 2.33e-04 8.25e-05 8.25e-05
78405 1.56650e+04 -3.89629e+00 5.76765e-04 3.96000e-03 8.46e-05 1.49e-06 2.33e-03 2.88e-04 1.83e-04 1.61e-07 1.36e-06 7.88e-05 4.25e-06 8.25e-03 4.29e-06 2.33e-04 4.26e-06 6.67e-06 8.25e-05 8.25e-05 8.25e-03 8.25e-05 2.33e-04 8.25e-05 8.25e-05
78455 1.56750e+04 -3.87928e+00 6.13469e-04 5.29385e-03 7.30e-05 1.33e-06 2.46e-03 3.04e-04 2.24e-04 1.90e-07 1.01e-06 7.88e-05 4.25e-06 8.25e-03 4.29e-06 2.33e-04 4.26e-06 6.67e-06 8.25e-05 8.25e-05 8.25e-03 8.25e-05 2.33e-04 8.25e-05 8.25e-05
78505 1.56850e+04 -3.89867e+00 5.80921e-04 6.67527e-03 7.87e-05 1.56e-06 2.33e-03 2.84e-04 2.06e-04 2.16e-07 1.21e-06 7.88e-05 4.25e-06 8.25e-03 4.29e-06 2.33e-04 4.26e-06 6.67e-06 8.25e-05 8.25e-05 8.25e-03 8.25e-05 2.33e-04 8.25e-05 8.25e-05
78555 1.56950e+04 -3.89930e+00 5.97012e-04 7.09631e-03 8.06e-05 1.53e-06 2.41e-03 2.79e-04 2.09e-04 2.32e-07 1.04e-06 7.88e-05 4.25e-06 8.24e-03 4.29e-06 2.33e-04 4.26e-06 6.67e-06 8.24e-05 8.24e-05 8.24e-03 8.24e-05 2.33e-04 8.24e-05 8.24e-05
78605 1.57050e+04 -3.91180e+00 5.76097e-04 7.18327e-03 7.62e-05 1.26e-06 2.32e-03 2.70e-04 2.10e-04 2.04e-07 9.82e-07 7.88e-05 4.25e-06 8.24e-03 4.29e-06 2.33e-04 4.26e-06 6.67e-06 8.24e-05 8.24e-05 8.24e-03 8.24e-05 2.33e-04 8.24e-05 8.24e-05
78655 1.57150e+04 -3.88350e+00 5.68151e-04 2.91094e-03 9.55e-05 1.65e-06 2.26e-03 2.90e-04 1.94e-04 1.54e-07 9.49e-07 7.88e-05 4.25e-06 8.24e-03 4.29e-06 2.33e-04 4.26e-06 6.67e-06 8.24e-05 8.24e-05 8.24e-03 8.24e-05 2.33e-04 8.24e-05 8.24e-05
78705 1.57250e+04 -3.91213e+00 5.98097e-04 4.39360e-03 7.04e-05 1.51e-06 2.45e-03 2.83e-04 1.83e-04 1.71e-07 1.48e-06 7.88e-05 4.25e-06 8.24e-03 4.29e-06 2.33e-04 4.26e-06 6.67e-06 8.24e-05 8.24e-05 8.24e-03 8.24e-05 2.33e-04 8.24e-05 8.24e-05
78755 1.57350e+04 -3.88996e+00 5.84386e-04 3.14928e-03 8.09e-05 1.36e-06 2.35e-03 2.98e-04 1.89e-04 1.50e-07 1.22e-06 7.88e-05 4.25e-06 8.24e-03 4.29e-06 2.33e-04 4.26e-06 6.67e-06 8.24e-05 8.24e-05 8.24e-03 8.24e-05 2.33e-04 8.24e-05 8.24e-05
78805 1.57450e+04 -3.86743e+00 5.90020e-04 6.01740e-03 9.77e-05 1.37e-06 2.32e-03 2.88e-04 2.42e-04 2.00e-07 1.50e-06 7.88e-05 4.25e-06 8.24e-03 4.29e-06 2.33e-04 4.26e-06 6.67e-06 8.24e-05 8.24e-05 8.24e-03 8.24e-05 2.33e-04 8.24e-05 8.24e-05
78855 1.57550e+04 -3.86871e+00 5.92035e-04 4.97351e-03 9.75e-05 1.65e-06 2.36e-03 3.02e-04 1.94e-04 1.78e-07 2.10e-06 7.88e-05 4.25e-06 8.24e-03 4.29e-06 2.33e-04 4.26e-06 6.67e-06 8.24e-05 8.24e-05 8.24e-03 8.24e-05 2.33e-04 8.24e-05 8.24e-05
78905 1.57650e+04 -3.82186e+00 6.23716e-04 6.11441e-03 1.18e-04 1.38e-06 2.43e-03 3.14e-04 2.58e-04 1.60e-07 1.52e-06 7.88e-05 4.25e-06 8.24e-03 4.29e-06 2.33e-04 4.26e-06 6.67e-06 8.24e-05 8.24e-05 8.24e-03 8.24e-05 2.33e-04 8.24e-05 8.24e-05
78955 1.57750e+04 -3.41357e+00 8.99624e-04 6.49582e-03 1.20e-04 1.47e-06 3.32e-03 7.59e-04 3.00e-04 1.73e-07 1.64e-06 7.88e-05 4.25e-06 8.24e-03 4.29e-06 2.33e-04 4.26e-06 6.67e-06 8.24e-05 8.24e-05 8.24e-03 8.24e-05 2.33e-04 8.24e-05 8.24e-05
79005 1.57850e+04 -3.87161e+00 5.77120e-04 4.11571e-03 9.64e-05 1.71e-06 2.30e-03 3.06e-04 1.84e-04 1.97e-07 8.03e-07 7.88e-05 4.25e-06 8.24e-03 4.29e-06 2.33e-04 4.26e-06 6.67e-06 8.24e-05 8.24e-05 8.24e-03 8.24e-05 2.33e-04 8.24e-05 8.24e-05
79055 1.57950e+04 -3.90281e+00 5.67264e-04 3.78747e-03 8.94e-05 1.58e-06 2.27e-03 2.71e-04 2.01e-04 1.56e-07 8.12e-07 7.88e-05 4.25e-06 8.24e-03 4.29e-06 2.33e-04 4.26e-06 6.67e-06 8.24e-05 8.24e-05 8.24e-03 8.24e-05 2.33e-04 8.24e-05 8.24e-05
79105 1.58050e+04 -3.86616e+00 5.87360e-04 4.66646e-03 9.19e-05 1.34e-06 2.34e-03 3.15e-04 1.84e-04 1.84e-07 1.70e-06 7.88e-05 4.25e-06 8.24e-03 4.29e-06 2.33e-04 4.26e-06 6.67e-06 8.24e-05 8.24e-05 8.24e-03 8.24e-05 2.33e-04 8.24e-05 8.24e-05
79155 1.58150e+04 -3.84343e+00 5.99101e-04 5.49760e-03 9.53e-05 1.52e-06 2.37e-03 3.32e-04 2.00e-04 1.87e-07 1.32e-06 7.88e-05 4.25e-06 8.24e-03 4.29e-06 2.33e-04 4.26e-06 6.67e-06 8.24e-05 8.24e-05 8.24e-03 8.24e-05 2.33e-04 8.24e-05 8.24e-05
79205 1.58250e+04 -3.89466e+00 5.64547e-04 4.52621e-03 8.11e-05 1.55e-06 2.25e-03 2.90e-04 1.96e-04 1.87e-07 1.03e-06 7.88e-05 4.25e-06 8.24e-03 4.29e-06 2.33e-04 4.26e-06 6.67e-06 8.24e-05 8.24e-05 8.24e-03 8.24e-05 2.33e-04 8.24e-05 8.24e-05
79255 1.58350e+04 -3.85657e+00 5.77492e-04 3.27240e-03 1.05e-04 1.76e-06 2.27e-03 3.09e-04 2.01e-04 1.78e-07 7.66e-07 7.88e-05 4.25e-06 8.24e-03 4.29e-06 2.33e-04 4.26e-06 6.67e-06 8.24e-05 8.24e-05 8.24e-03 8.24e-05 2.33e-04 8.24e-05 8.24e-05
79305 1.58450e+04 -3.46596e+00 8.88286e-04 5.12981e-03 7.69e-05 1.39e-06 3.31e-03 7.35e-04 3.17e-04 1.56e-07 2.01e-06 7.88e-05 4.25e-06 8.24e-03 4.29e-06 2.33e-04 4.26e-06 6.67e-06 8.24e-05 8.24e-05 8.24e-03 8.24e-05 2.33e-04 8.24e-05 8.24e-05
79355 1.58550e+04 -3.84905e+00 5.72694e-04 3.94612e-03 1.33e-04 1.58e-06 2.24e-03 2.89e-04 2.03e-04 1.79e-07 1.09e-06 7.88e-05 4.25e-06 8.24e-03 4.29e-06 2.33e-04 4.26e-06 6.67e-06 8.24e-05 8.24e-05 8.24e-03 8.24e-05 2.33e-04 8.24e-05 8.24e-05
79405 1.58650e+04 -3.83201e+00 6.01207e-04 6.31456e-03 1.09e-04 1.65e-06 2.36e-03 3.30e-04 2.07e-04 2.07e-07 9.30e-07 7.88e-05 4.25e-06 8.24e-03 4.29e-06 2.33e-04 4.26e-06 6.67e-06 8.24e-05 8.24e-05 8.24e-03 8.24e-05 2.33e-04 8.24e-05 8.24e-05
79455 1.58750e+04 -3.85461e+00 5.79041e-04 5.41147e-03 1.22e-04 1.72e-06 2.26e-03 2.84e-04 2.28e-04 1.88e-07 1.25e-06 7.88e-05 4.25e-06 8.24e-03 4.29e-06 2.33e-04 4.26e-06 6.67e-06 8.24e-05 8.24e-05 8.24e-03 8.24e-05 2.33e-04 8.24e-05 8.24e-05
79505 1.58850e+04 -3.51009e+00 9.00434e-04 5.22879e-03 9.21e-05 1.41e-06 3.42e-03 6.68e-04 3.19e-04 1.82e-07 1.07e-06 7.88e-05 4.25e-06 8.24e-03 4.29e-06 2.33e-04 4.26e-06 6.67e-06 8.24e-05 8.24e-05 8.24e-03 8.24e-05 2.33e-04 8.24e-05 8.24e-05
79555 1.58950e+04 -3.86738e+00 5.80359e-04 4.01044e-03 8.99e-05 1.41e-06 2.31e-03 3.14e-04 1.90e-04 1.79e-07 1.42e-06 7.88e-05 4.25e-06 8.24e-03 4.29e-06 2.33e-04 4.26e-06 6.67e-06 8.24e-05 8.24e-05 8.24e-03 8.24e-05 2.33e-04 8.24e-05 8.24e-05
79605 1.59050e+04 -3.86421e+00 5.70567e-04 5.55390e-03 1.12e-04 1.38e-06 2.24e-03 2.89e-04 2.15e-04 1.69e-07 1.35e-06 7.88e-05 4.25e-06 8.24e-03 4.29e-06 2.33e-04 4.26e-06 6.67e-06 8.24e-05 8.24e-05 8.24e-03 8.24e-05 2.33e-04 8.24e-05 8.24e-05
79655 1.59150e+04 -3.84312e+00 5.78327e-04 6.28292e-03 1.08e-04 1.58e-06 2.24e-03 3.12e-04 2.26e-04 2.06e-07 8.39e-07 7.88e-05 4.25e-06 8.24e-03 4.29e-06 2.33e-04 4.26e-06 6.67e-06 8.24e-05 8.24e-05 8.24e-03 8.24e-05 2.33e-04 8.24e-05 8.24e-05
79705 1.59250e+04 -3.84439e+00 6.01885e-04 9.05536e-03 9.45e-05 1.62e-06 2.35e-03 3.13e-04 2.52e-04 1.82e-07 2.15e-06 7.88e-05 4.25e-06 8.24e-03 4.29e-06 2.33e-04 4.26e-06 6.67e-06 8.24e-05 8.24e-05 8.24e-03 8.24e-05 2.33e-04 8.24e-05 8.24e-05
79755 1.59350e+04 -3.49912e+00 8.82617e-04 9.06720e-03 1.02e-04 1.56e-06 3.38e-03 7.02e-04 2.32e-04 1.72e-07 1.24e-06 7.88e-05 4.25e-06 8.24e-03 4.29e-06 2.33e-04 4.26e-06 6.67e-06 8.24e-05 8.24e-05 8.24e-03 8.24e-05 2.33e-04 8.24e-05 8.24e-05
79805 1.59450e+04 -3.84795e+00 5.62011e-04 3.99566e-03 1.04e-04 1.42e-06 2.20e-03 3.31e-04 1.70e-04 1.85e-07 8.76e-07 7.88e-05 4.25e-06 8.24e-03 4.29e-06 2.33e-04 4.26e-06 6.67e-06 8.24e-05 8.24e-05 8.24e-03 8.24e-05 2.33e-04 8.24e-05 8.24e-05
79855 1.59550e+04 -3.82496e+00 6.07047e-04 5.16401e-03 1.17e-04 1.52e-06 2.33e-03 3.01e-04 2.88e-04 1.66e-07 1.51e-06 7.88e-05 4.25e-06 8.24e-03 4.29e-06 2.33e-04 4.26e-06 6.67e-06 8.24e-05 8.24e-05 8.24e-03 8.24e-05 2.33e-04 8.24e-05 8.24e-05
79905 1.59650e+04 -3.88119e+00 5.96268e-04 3.21332e-03 8.48e-05 1.60e-06 2.40e-03 3.03e-04 1.90e-04 1.46e-07 1.10e-06 7.88e-05 4.25e-06 8.24e-03 4.29e-06 2.33e-04 4.26e-06 6.67e-06 8.24e-05 8.24e-05 8.24e-03 8.24e-05 2.33e-04 8.24e-05 8.24e-05
79955 1.59750e+04 -3.52227e+00 8.58412e-04 4.66698e-03 1.44e-04 1.27e-06 3.27e-03 6.31e-04 2.42e-04 1.77e-07 1.07e-06 7.88e-05 4.25e-06 8.24e-03 4.29e-06 2.33e-04 4.26e-06 6.67e-06 8.24e-05 8.24e-05 8.24e-03 8.24e-05 2.33e-04 8.24e-05 8.24e-05
80005 1.59840e+04 -3.83764e+00 5.66632e-04 2.47708e-03 8.27e-05 1.84e-06 2.21e-03 3.61e-04 1.80e-04 1.32e-07 1.02e-06 7.88e-05 4.25e-06 8.25e-03 4.29e-06 2.33e-04 4.26e-06 6.67e-06 8.25e-05 8.25e-05 8.25e-03 8.25e-05 2.33e-04 8.25e-05 8.25e-05
80055 1.59940e+04 -3.46839e+00 9.07150e-04 2.10997e-03 1.31e-04 1.42e-06 3.36e-03 6.53e-04 3.91e-04 1.54e-07 8.86e-07 7.88e-05 4.25e-06 8.25e-03 4.29e-06 2.33e-04 4.26e-06 6.67e-06 8.25e-05 8.25e-05 8.25e-03 8.25e-05 2.33e-04 8.25e-05 8.25e-05
80105 1.60040e+04 -3.52502e+00 9.30952e-04 2.90623e-03 8.99e-05 1.28e-06 3.55e-03 6.26e-04 3.91e-04 1.98e-07 1.72e-06 7.88e-05 4.25e-06 8.25e-03 4.29e-06 2.33e-04 4.26e-06 6.67e-06 8.25e-05 8.25e-05 8.25e-03 8.25e-05 2.33e-04 8.25e-05 8.25e-05
80155 1.60140e+04 -3.86968e+00 6.00146e-04 5.96507e-03 8.47e-05 1.38e-06 2.38e-03 3.03e-04 2.29e-04 1.92e-07 8.15e-07 7.88e-05 4.25e-06 8.25e-03 4.29e-06 2.33e-04 4.26e-06 6.67e-06 8.25e-05 8.25e-05 8.25e-03 8.25e-05 2.33e-04 8.25e-05 8.25e-05
80205 1.60240e+04 -3.91808e+00 5.47988e-04 3.57916e-03 7.78e-05 1.52e-06 2.21e-03 2.72e-04 1.84e-04 1.50e-07 9.69e-07 7.88e-05 4.25e-06 8.25e-03 4.29e-06 2.33e-04 4.26e-06 6.67e-06 8.25e-05 8.25e-05 8.25e-03 8.25e-05 2.33e-04 8.25e-05 8.25e-05
80255 1.60340e+04 -3.81391e+00 5.90479e-04 2.25008e-03 1.32e-04 1.48e-06 2.29e-03 3.32e-04 1.98e-04 1.71e-07 1.33e-06 7.88e-05 4.25e-06 8.25e-03 4.29e-06 2.33e-04 4.26e-06 6.67e-06 8.25e-05 8.25e-05 8.25e-03 8.25e-05 2.33e-04 8.25e-05 8.25e-05
80305 1.60440e+04 -3.84871e+00 5.74299e-04 2.88882e-03 8.40e-05 1.44e-06 2.25e-03 3.41e-04 1.94e-04 1.22e-07 1.39e-06 7.88e-05 4.25e-06 8.25e-03 4.29e-06 2.34e-04 4.26e-06 6.67e-06 8.25e-05 8.25e-05 8.25e-03 8.25e-05 2.34e-04 8.25e-05 8.25e-05
80355 1.60540e+04 -3.85466e+00 6.06272e-04 4.42943e-03 8.83e-05 1.43e-06 2.36e-03 2.98e-04 2.82e-04 1.72e-07 1.08e-06 7.88e-05 4.25e-06 8.25e-03 4.29e-06 2.34e-04 4.26e-06 6.67e-06 8.25e-05 8.25e-05 8.25e-03 8.25e-05 2.34e-04 8.25e-05 8.25e-05
80405 1.60640e+04 -3.44081e+00 9.77500e-04 4.11627e-03 7.93e-05 1.54e-06 3.66e-03 7.19e-04 4.29e-04 1.73e-07 2.40e-06 7.88e-05 4.25e-06 8.25e-03 4.29e-06 2.34e-04 4.26e-06 6.67e-06 8.25e-05 8.25e-05 8.25e-03 8.25e-05 2.34e-04 8.25e-05 8.25e-05
80455 1.60740e+04 -3.82271e+00 5.86930e-04 4.89611e-03 1.12e-04 1.64e-06 2.23e-03 3.14e-04 2.75e-04 1.88e-07 1.03e-06 7.88e-05 4.25e-06 8.25e-03 4.29e-06 2.34e-04 4.26e-06 6.67e-06 8.25e-05 8.25e-05 8.25e-03 8.25e-05 2.34e-04 8.25e-05 8.25e-05
80505 1.60840e+04 -3.85683e+00 6.44497e-04 5.16450e-03 9.82e-05 1.60e-06 2.60e-03 3.06e-04 2.17e-04 1.82e-07 1.03e-06 7.88e-05 4.25e-06 8.25e-03 4.29e-06 2.34e-04 4.26e-06 6.67e-06 8.25e-05 8.25e-05 8.25e-03 8.25e-05 2.34e-04 8.25e-05 8.25e-05
80555 1.60940e+04 -3.48155e+00 8.78660e-04 5.29028e-03 1.28e-04 1.61e-06 3.32e-03 6.89e-04 2.53e-04 2.08e-07 1.53e-06 7.88e-05 4.25e-06 8.25e-03 4.29e-06 2.34e-04 4.26e-06 6.67e-06 8.25e-05 8.25e-05 8.25e-03 8.25e-05 2.34e-04 8.25e-05 8.25e-05
80605 1.61040e+04 -3.83959e+00 6.02188e-04 6.05808e-03 9.10e-05 1.47e-06 2.32e-03 3.13e-04 2.82e-04 1.97e-07 1.15e-06 7.88e-05 4.25e-06 8.25e-03 4.29e-06 2.34e-04 4.26e-06 6.67e-06 8.25e-05 8.25e-05 8.25e-03 8.25e-05 2.34e-04 8.25e-05 8.25e-05
80655 1.61140e+04 -3.84687e+00 5.83158e-04 3.13379e-03 9.30e-05 1.81e-06 2.30e-03 3.37e-04 1.84e-04 1.60e-07 9.78e-07 7.88e-05 4.25e-06 8.25e-03 4.29e-06 2.34e-04 4.26e-06 6.67e-06 8.25e-05 8.25e-05 8.25e-03 8.25e-05 2.34e-04 8.25e-05 8.25e-05
80705 1.61240e+04 -3.85286e+00 6.07723e-04 4.34186e-03 1.01e-04 1.36e-06 2.43e-03 3.19e-04 1.90e-04 1.71e-07 1.68e-06 7.88e-05 4.25e-06 8.25e-03 4.29e-06 2.34e-04 4.26e-06 6.67e-06 8.25e-05 8.25e-05 8.25e-03 8.25e-05 2.34e-04 8.25e-05 8.25e-05
80755 1.61340e+04 -3.84382e+00 5.86400e-04 4.22901e-03 1.10e-04 1.42e-06 2.30e-03 3.18e-04 2.01e-04 2.08e-07 1.03e-06 7.88e-05 4.25e-06 8.25e-03 4.29e-06 2.34e-04 4.26e-06 6.67e-06 8.25e-05 8.25e-05 8.25e-03 8.25e-05 2.34e-04 8.25e-05 8.25e-05
80805 1.61440e+04 -3.85099e+00 6.02256e-04 4.14705e-03 9.60e-05 1.55e-06 2.40e-03 3.27e-04 1.90e-04 1.94e-07 7.40e-07 7.88e-05 4.25e-06 8.25e-03 4.29e-06 2.34e-04 4.26e-06 6.67e-06 8.25e-05 8.25e-05 8.25e-03 8.25e-05 2.34e-04 8.25e-05 8.25e-05
80855 1.61540e+04 -3.83653e+00 6.10771e-04 4.40622e-03 1.05e-04 1.44e-06 2.43e-03 3.37e-04 1.82e-04 1.90e-07 7.65e-07 7.88e-05 4.25e-06 8.25e-03 4.29e-06 2.34e-04 4.26e-06 6.67e-06 8.25e-05 8.25e-05 8.25e-03 8.25e-05 2.34e-04 8.25e-05 8.25e-05
80905 1.61640e+04 -3.85254e+00 5.80517e-04 2.13448e-03 1.06e-04 1.54e-06 2.28e-03 3.09e-04 2.08e-04 2.11e-07 2.12e-06 7.88e-05 4.25e-06 8.25e-03 4.29e-06 2.34e-04 4.26e-06 6.67e-06 8.25e-05 8.25e-05 8.25e-03 8.25e-05 2.34e-04 8.25e-05 8.25e-05
80955 1.61740e+04 -3.87094e+00 6.00855e-04 4.90845e-03 1.08e-04 1.62e-06 2.39e-03 2.78e-04 2.30e-04 2.24e-07 7.27e-07 7.88e-05 4.25e-06 8.25e-03 4.29e-06 2.34e-04 4.26e-06 6.67e-06 8.25e-05 8.25e-05 8.25e-03 8.25e-05 2.34e-04 8.25e-05 8.25e-05
81005 1.61840e+04 -3.46658e+00 9.40685e-04 3.98087e-03 6.78e-05 1.46e-06 3.56e-03 7.29e-04 3.51e-04 1.90e-07 3.23e-06 7.88e-05 4.25e-06 8.25e-03 4.29e-06 2.34e-04 4.26e-06 6.67e-06 8.25e-05 8.25e-05 8.25e-03 8.25e-05 2.34e-04 8.25e-05 8.25e-05
81055 1.61940e+04 -3.87466e+00 5.60238e-04 4.04477e-03 8.40e-05 1.56e-06 2.21e-03 3.11e-04 1.96e-04 1.62e-07 7.76e-07 7.88e-05 4.25e-06 8.25e-03 4.29e-06 2.34e-04 4.26e-06 6.67e-06 8.25e-05 8.25e-05 8.25e-03 8.25e-05 2.34e-04 8.25e-05 8.25e-05
81105 1.62040e+04 -3.88051e+00 5.69445e-04 4.26922e-03 1.15e-04 1.63e-06 2.26e-03 2.69e-04 2.06e-04 1.85e-07 9.92e-07 7.88e-05 4.25e-06 8.25e-03 4.29e-06 2.34e-04 4.26e-06 6.67e-06 8.25e-05 8.25e-05 8.25e-03 8.25e-05 2.34e-04 8.25e-05 8.25e-05
81155 1.62140e+04 -3.86817e+00 5.87697e-04 5.99495e-03 9.91e-05 1.54e-06 2.33e-03 2.95e-04 2.16e-04 2.41e-07 1.04e-06 7.88e-05 4.25e-06 8.25e-03 4.29e-06 2.34e-04 4.26e-06 6.67e-06 8.25e-05 8.25e-05 8.25e-03 8.25e-05 2.34e-04 8.25e-05 8.25e-05
81205 1.62240e+04 -3.85833e+00 5.80098e-04 3.36978e-03 1.04e-04 1.38e-06 2.30e-03 3.12e-04 1.88e-04 2.19e-07 7.72e-07 7.88e-05 4.25e-06 8.25e-03 4.29e-06 2.34e-04 4.26e-06 6.67e-06 8.25e-05 8.25e-05 8.25e-03 8.25e-05 2.34e-04 8.25e-05 8.25e-05
81255 1.62340e+04 -3.85875e+00 5.92334e-04 3.47059e-03 9.26e-05 1.59e-06 2.34e-03 3.14e-04 2.13e-04 2.29e-07 7.92e-07 7.88e-05 4.25e-06 8.25e-03 4.29e-06 2.34e-04 4.26e-06 6.67e-06 8.25e-05 8.25e-05 8.25e-03 8.25e-05 2.34e-04 8.25e-05 8.25e-05
81305 1.62440e+04 -3.83771e+00 6.04477e-04 5.11922e-03 1.19e-04 1.65e-06 2.39e-03 3.17e-04 1.95e-04 2.53e-07 1.41e-06 7.88e-05 4.25e-06 8.25e-03 4.29e-06 2.34e-04 4.26e-06 6.67e-06 8.25e-05 8.25e-05 8.25e-03 8.25e-05 2.34e-04 8.25e-05 8.25e-05
81355 1.62540e+04 -3.86244e+00 5.89522e-04 2.53401e-03 8.95e-05 1.36e-06 2.33e-03 3.13e-04 2.14e-04 1.88e-07 8.05e-07 7.88e-05 4.25e-06 8.25e-03 4.29e-06 2.34e-04 4.26e-06 6.67e-06 8.25e-05 8.25e-05 8.25e-03 8.25e-05 2.34e-04 8.25e-05 8.25e-05
81405 1.62640e+04 -3.89042e+00 5.68448e-04 4.62096e-03 1.01e-04 1.32e-06 2.26e-03 2.71e-04 2.10e-04 2.78e-07 8.61e-07 7.88e-05 4.25e-06 8.25e-03 4.29e-06 2.34e-04 4.26e-06 6.67e-06 8.25e-05 8.25e-05 8.25e-03 8.25e-05 2.34e-04 8.25e-05 8.25e-05
81455 1.62740e+04 -3.42862e+00 9.29235e-04 4.18543e-03 1.07e-04 1.52e-06 3.44e-03 7.32e-04 3.63e-04 2.34e-07 1.76e-06 7.88e-05 4.25e-06 8.25e-03 4.29e-06 2.34e-04 4.26e-06 6.67e-06 8.25e-05 8.25e-05 8.25e-03 8.25e-05 2.34e-04 8.25e-05 8.25e-05
81505 1.62840e+04 -3.85564e+00 5.76210e-04 5.87591e-03 9.76e-05 1.42e-06 2.26e-03 3.16e-04 2.03e-04 1.88e-07 1.86e-06 7.88e-05 4.25e-06 8.25e-03 4.29e-06 2.34e-04 4.26e-06 6.67e-06 8.25e-05 8.25e-05 8.25e-03 8.25e-05 2.34e-04 8.25e-05 8.25e-05
81555 1.62940e+04 -3.89122e+00 5.96928e-04 3.47030e-03 8.84e-05 1.56e-06 2.41e-03 2.83e-04 2.04e-04 2.62e-07 7.23e-07 7.88e-05 4.25e-06 8.25e-03 4.29e-06 2.34e-04 4.26e-06 6.67e-06 8.25e-05 8.25e-05 8.25e-03 8.25e-05 2.34e-04 8.25e-05 8.25e-05
81605 1.63040e+04 -3.87813e+00 5.80248e-04 2.87934e-03 8.58e-05 1.35e-06 2.31e-03 3.04e-04 1.96e-04 2.17e-07 9.32e-07 7.88e-05 4.25e-06 8.25e-03 4.29e-06 2.34e-04 4.26e-06 6.67e-06 8.25e-05 8.25e-05 8.25e-03 8.25e-05 2.34e-04 8.25e-05 8.25e-05
81655 1.63140e+04 -3.85426e+00 5.94506e-04 4.63977e-03 1.00e-04 1.41e-06 2.36e-03 3.19e-04 1.89e-04 1.95e-07 1.58e-06 7.88e-05 4.25e-06 8.25e-03 4.29e-06 2.34e-04 4.26e-06 6.67e-06 8.25e-05 8.25e-05 8.25e-03 8.25e-05 2.34e-04 8.25e-05 8.25e-05
81705 1.63240e+04 -3.41264e+00 9.03084e-04 4.35079e-03 9.24e-05 1.64e-06 3.28e-03 7.59e-04 3.85e-04 2.21e-07 1.27e-06 7.88e-05 4.25e-06 8.25e-03 4.29e-06 2.34e-04 4.26e-06 6.67e-06 8.25e-05 8.25e-05 8.25e-03 8.25e-05 2.34e-04 8.25e-05 8.25e-05
81755 1.63340e+04 -3.85149e+00 5.92896e-04 4.24859e-03 9.70e-05 1.37e-06 2.34e-03 3.22e-04 2.01e-04 2.44e-07 1.27e-06 7.88e-05 4.25e-06 8.25e-03 4.29e-06 2.34e-04 4.26e-06 6.67e-06 8.25e-05 8.25e-05 8.25e-03 8.25e-05 2.34e-04 8.25e-05 8.25e-05
81805 1.63440e+04 -3.87613e+00 5.87081e-04 4.03886e-03 1.05e-04 1.52e-06 2.35e-03 2.87e-04 1.95e-04 2.27e-07 9.37e-07 7.88e-05 4.25e-06 8.25e-03 4.29e-06 2.34e-04 4.26e-06 6.67e-06 8.25e-05 8.25e-05 8.25e-03 8.25e-05 2.34e-04 8.25e-05 8.25e-05
81855 1.63540e+04 -3.89020e+00 5.51272e-04 4.16256e-03 1.06e-04 1.36e-06 2.18e-03 2.73e-04 1.92e-04 2.54e-07 8.50e-07 7.88e-05 4.25e-06 8.25e-03 4.29e-06 2.34e-04 4.26e-06 6.67e-06 8.25e-05 8.25e-05 8.25e-03 8.25e-05 2.34e-04 8.25e-05 8.25e-05
81905 1.63640e+04 -3.90061e+00 5.62589e-04 4.93162e-03 9.82e-05 1.54e-06 2.25e-03 2.67e-04 1.93e-04 2.44e-07 8.56e-07 7.88e-05 4.25e-06 8.25e-03 4.29e-06 2.34e-04 4.26e-06 6.67e-06 8.25e-05 8.25e-05 8.25e-03 8.25e-05 2.34e-04 8.25e-05 8.25e-05
81955 1.63740e+04 -3.85847e+00 5.94906e-04 6.11332e-03 1.03e-04 1.39e-06 2.36e-03 3.08e-04 2.02e-04 1.96e-07 6.90e-07 7.88e-05 4.25e-06 8.25e-03 4.29e-06 2.34e-04 4.26e-06 6.67e-06 8.25e-05 8.25e-05 8.25e-03 8.25e-05 2.34e-04 8.25e-05 8.25e-05
82005 1.63840e+04 -3.88873e+00 5.65839e-04 3.14231e-03 7.69e-05 1.67e-06 2.24e-03 2.97e-04 2.10e-04 1.87e-07 7.55e-07 7.88e-05 4.25e-06 8.25e-03 4.29e-06 2.34e-04 4.26e-06 6.67e-06 8.25e-05 8.25e-05 8.25e-03 8.25e-05 2.34e-04 8.25e-05 8.25e-05
82055 1.63940e+04 -3.86810e+00 6.16303e-04 5.20949e-03 7.94e-05 1.70e-06 2.48e-03 3.19e-04 2.01e-04 2.41e-07 8.07e-07 7.88e-05 4.25e-06 8.25e-03 4.29e-06 2.34e-04 4.26e-06 6.67e-06 8.25e-05 8.25e-05 8.25e-03 8.25e-05 2.34e-04 8.25e-05 8.25e-05
82105 1.64040e+04 -3.87275e+00 5.89851e-04 5.46146e-03 9.54e-05 1.73e-06 2.36e-03 3.01e-04 1.95e-04 2.22e-07 6.76e-07 7.88e-05 4.25e-06 8.25e-03 4.29e-06 2.34e-04 4.26e-06 6.67e-06 8.25e-05 8.25e-05 8.25e-03 8.25e-05 2.34e-04 8.25e-05 8.25e-05
82155 1.64140e+04 -3.82978e+00 6.14930e-04 5.65462e-03 9.19e-05 1.72e-06 2.38e-03 3.22e-04 2.83e-04 2.36e-07 1.20e-06 7.88e-05 4.25e-06 8.25e-03 4.29e-06 2.34e-04 4.26e-06 6.67e-06 8.25e-05 8.25e-05 8.25e-03 8.25e-05 2.34e-04 8.25e-05 8.25e-05
82205 1.64240e+04 -3.51953e+00 9.32471e-04 5.91834e-03 9.96e-05 1.45e-06 3.62e-03 6.62e-04 2.78e-04 2.33e-07 1.48e-06 7.88e-05 4.25e-06 8.25e-03 4.29e-06 2.34e-04 4.26e-06 6.67e-06 8.25e-05 8.25e-05 8.25e-03 8.25e-05 2.34e-04 8.25e-05 8.25e-05
82255 1.64340e+04 -3.87620e+00 5.97243e-04 4.24364e-03 8.67e-05 1.40e-06 2.41e-03 3.09e-04 1.83e-04 2.48e-07 9.86e-07 7.88e-05 4.25e-06 8.25e-03 4.29e-06 2.34e-04 4.26e-06 6.67e-06 8.25e-05 8.25e-05 8.25e-03 8.25e-05 2.34e-04 8.25e-05 8.25e-05
82305 1.64440e+04 -3.82729e+00 6.01618e-04 8.78479e-03 1.03e-04 1.63e-06 2.30e-03 3.13e-04 2.87e-04 2.10e-07 1.11e-06 7.88e-05 4.25e-06 8.25e-03 4.29e-06 2.34e-04 4.26e-06 6.67e-06 8.25e-05 8.25e-05 8.25e-03 8.25e-05 2.34e-04 8.25e-05 8.25e-05
82355 1.64540e+04 -3.87579e+00 6.06445e-04 4.56167e-03 8.98e-05 1.54e-06 2.44e-03 3.02e-04 1.95e-04 2.62e-07 1.31e-06 7.88e-05 4.25e-06 8.25e-03 4.29e-06 2.34e-04 4.26e-06 6.67e-06 8.25e-05 8.25e-05 8.25e-03 8.25e-05 2.34e-04 8.25e-05 8.25e-05
82405 1.64640e+04 -3.85108e+00 6.27572e-04 7.19722e-03 9.42e-05 1.57e-06 2.46e-03 2.92e-04 2.87e-04 2.11e-07 1.77e-06 7.88e-05 4.25e-06 8.25e-03 4.29e-06 2.34e-04 4.26e-06 6.67e-06 8.25e-05 8.25e-05 8.25e-03 8.25e-05 2.34e-04 8.25e-05 8.25e-05
82455 1.64740e+04 -3.43700e+00 9.56582e-04 5.13171e-03 9.30e-05 1.58e-06 3.55e-03 7.15e-04 4.21e-04 2.35e-07 6.88e-07 7.88e-05 4.25e-06 8.26e-03 4.29e-06 2.34e-04 4.26e-06 6.67e-06 8.26e-05 8.26e-05 8.26e-03 8.26e-05 2.34e-04 8.26e-05 8.26e-05
82505 1.64840e+04 -3.43669e+00 9.12048e-04 4.01059e-03 9.28e-05 1.79e-06 3.32e-03 7.13e-04 4.33e-04 1.80e-07 1.57e-06 7.88e-05 4.25e-06 8.26e-03 4.29e-06 2.34e-04 4.26e-06 6.67e-06 8.26e-05 8.26e-05 8.26e-03 8.26e-05 2.34e-04 8.26e-05 8.26e-05
82555 1.64940e+04 -3.85492e+00 5.70577e-04 3.74877e-03 9.85e-05 1.49e-06 2.23e-03 3.16e-04 2.03e-04 1.83e-07 1.42e-06 7.88e-05 4.25e-06 8.26e-03 4.29e-06 2.34e-04 4.26e-06 6.67e-06 8.26e-05 8.26e-05 8.26e-03 8.26e-05 2.34e-04 8.26e-05 8.26e-05
82605 1.65040e+04 -3.86020e+00 6.04198e-04 4.75722e-03 1.10e-04 1.52e-06 2.41e-03 2.97e-04 2.04e-04 1.91e-07 8.35e-07 7.88e-05 4.25e-06 8.26e-03 4.29e-06 2.34e-04 4.26e-06 6.67e-06 8.26e-05 8.26e-05 8.26e-03 8.26e-05 2.34e-04 8.26e-05 8.26e-05
82655 1.65140e+04 -3.55756e+00 8.63121e-04 5.68088e-03 7.01e-05 1.45e-06 3.34e-03 6.64e-04 2.43e-04 2.02e-07 6.66e-07 7.88e-05 4.25e-06 8.26e-03 4.29e-06 2.34e-04 4.26e-06 6.67e-06 8.26e-05 8.26e-05 8.26e-03 8.26e-05 2.34e-04 8.26e-05 8.26e-05
82705 1.65240e+04 -3.47688e+00 9.04724e-04 4.84503e-03 7.89e-05 1.42e-06 3.33e-03 6.79e-04 4.31e-04 2.06e-07 3.29e-06 7.88e-05 4.25e-06 8.26e-03 4.29e-06 2.34e-04 4.26e-06 6.67e-06 8.26e-05 8.26e-05 8.26e-03 8.26e-05 2.34e-04 8.26e-05 8.26e-05
82755 1.65340e+04 -3.84456e+00 6.25890e-04 7.28764e-03 8.87e-05 1.38e-06 2.46e-03 3.14e-04 2.66e-04 1.74e-07 6.49e-07 7.88e-05 4.25e-06 8.26e-03 4.29e-06 2.34e-04 4.26e-06 6.67e-06 8.26e-05 8.26e-05 8.26e-03 8.26e-05 2.34e-04 8.26e-05 8.26e-05
82805 1.65440e+04 -3.86059e+00 5.74344e-04 4.08102e-03 6.98e-05 1.54e-06 2.24e-03 3.26e-04 2.35e-04 1.38e-07 2.47e-06 7.88e-05 4.25e-06 8.26e-03 4.29e-06 2.34e-04 4.26e-06 6.67e-06 8.26e-05 8.26e-05 8.26e-03 8.26e-05 2.34e-04 8.26e-05 8.26e-05
82855 1.65540e+04 -3.84610e+00 6.02811e-04 4.89242e-03 1.09e-04 1.75e-06 2.39e-03 3.18e-04 1.90e-04 1.72e-07 1.56e-06 7.88e-05 4.25e-06 8.26e-03 4.29e-06 2.34e-04 4.26e-06 6.67e-06 8.26e-05 8.26e-05 8.26e-03 8.26e-05 2.34e-04 8.26e-05 8.26e-05
82905 1.65640e+04 -3.83596e+00 5.97751e-04 2.88080e-03 1.18e-04 1.41e-06 2.35e-03 3.21e-04 1.95e-04 1.85e-07 6.32e-07 7.88e-05 4.25e-06 8.26e-03 4.29e-06 2.34e-04 4.26e-06 6.67e-06 8.26e-05 8.26e-05 8.26e-03 8.26e-05 2.34e-04 8.26e-05 8.26e-05
82955 1.65740e+04 -3.80326e+00 6.02073e-04 2.66834e-03 1.28e-04 1.90e-06 2.33e-03 3.46e-04 1.99e-04 1.73e-07 8.62e-07 7.88e-05 4.25e-06 8.26e-03 4.29e-06 2.34e-04 4.26e-06 6.67e-06 8.26e-05 8.26e-05 8.26e-03 8.26e-05 2.34e-04 8.26e-05 8.26e-05
83005 1.65840e+04 -3.89138e+00 5.82829e-04 2.50450e-03 7.63e-05 1.41e-06 2.34e-03 2.96e-04 2.01e-04 1.16e-07 1.56e-06 7.88e-05 4.25e-06 8.26e-03 4.29e-06 2.34e-04 4.26e-06 6.67e-06 8.26e-05 8.26e-05 8.26e-03 8.26e-05 2.34e-04 8.26e-05 8.26e-05
83055 1.65940e+04 -3.85129e+00 6.03314e-04 7.45563e-03 6.29e-05 1.31e-06 2.34e-03 3.24e-04 2.90e-04 2.20e-07 1.68e-06 7.88e-05 4.25e-06 8.26e-03 4.29e-06 2.34e-04 4.26e-06 6.67e-06 8.26e-05 8.26e-05 8.26e-03 8.26e-05 2.34e-04 8.26e-05 8.26e-05
83105 1.66040e+04 -3.81848e+00 6.17088e-04 3.64387e-03 1.19e-04 1.62e-06 2.37e-03 3.07e-04 2.87e-04 1.92e-07 8.17e-07 7.88e-05 4.25e-06 8.27e-03 4.29e-06 2.34e-04 4.26e-06 6.67e-06 8.27e-05 8.27e-05 8.27e-03 8.27e-05 2.34e-04 8.27e-05 8.27e-05
83155 1.66140e+04 -3.83861e+00 6.30131e-04 3.73185e-03 8.50e-05 1.67e-06 2.50e-03 3.36e-04 2.31e-04 1.90e-07 6.89e-07 7.88e-05 4.25e-06 8.27e-03 4.29e-06 2.34e-04 4.26e-06 6.67e-06 8.27e-05 8.27e-05 8.27e-03 8.27e-05 2.34e-04 8.27e-05 8.27e-05
83205 1.66240e+04 -3.91404e+00 5.54028e-04 4.59076e-03 6.22e-05 1.38e-06 2.23e-03 2.89e-04 1.90e-04 1.59e-07 9.33e-07 7.88e-05 4.25e-06 8.27e-03 4.29e-06 2.34e-04 4.26e-06 6.67e-06 8.27e-05 8.27e-05 8.27e-03 8.27e-05 2.34e-04 8.27e-05 8.27e-05
83255 1.66340e+04 -3.77543e+00 6.58051e-04 5.68581e-03 1.22e-04 1.58e-06 2.50e-03 3.35e-04 3.36e-04 2.42e-07 7.39e-07 7.88e-05 4.25e-06 8.27e-03 4.29e-06 2.34e-04 4.26e-06 6.67e-06 8.27e-05 8.27e-05 8.27e-03 8.27e-05 2.34e-04 8.27e-05 8.27e-05
83305 1.66440e+04 -3.89126e+00 5.82518e-04 5.40755e-03 8.43e-05 1.47e-06 2.33e-03 2.83e-04 2.17e-04 1.83e-07 7.22e-07 7.88e-05 4.25e-06 8.27e-03 4.29e-06 2.34e-04 4.26e-06 6.67e-06 8.27e-05 8.27e-05 8.27e-03 8.27e-05 2.34e-04 8.27e-05 8.27e-05
83355 1.66540e+04 -3.49968e+00 9.04187e-04 3.66053e-03 1.06e-04 1.23e-06 3.40e-03 6.53e-04 3.60e-04 2.12e-07 1.55e-06 7.88e-05 4.25e-06 8.27e-03 4.29e-06 2.34e-04 4.26e-06 6.67e-06 8.27e-05 8.27e-05 8.27e-03 8.27e-05 2.34e-04 8.27e-05 8.27e-05
83405 1.66640e+04 -3.48510e+00 9.11074e-04 4.83515e-03 6.66e-05 1.61e-06 3.45e-03 7.27e-04 3.09e-04 2.00e-07 7.20e-07 7.88e-05 4.25e-06 8.27e-03 4.29e-06 2.34e-04 4.26e-06 6.67e-06 8.27e-05 8.27e-05 8.27e-03 8.27e-05 2.34e-04 8.27e-05 8.27e-05
83455 1.66740e+04 -3.47690e+00 9.14530e-04 6.56499e-03 6.78e-05 1.39e-06 3.49e-03 7.53e-04 2.58e-04 2.39e-07 6.61e-07 7.88e-05 4.25e-06 8.26e-03 4.29e-06 2.34e-04 4.26e-06 6.67e-06 8.26e-05 8.26e-05 8.26e-03 8.26e-05 2.34e-04 8.26e-05 8.26e-05
83505 1.66840e+04 -3.85723e+00 5.77365e-04 3.39831e-03 1.15e-04 1.76e-06 2.26e-03 2.94e-04 2.14e-04 1.45e-07 8.65e-07 7.88e-05 4.25e-06 8.26e-03 4.29e-06 2.34e-04 4.26e-06 6.67e-06 8.26e-05 8.26e-05 8.26e-03 8.26e-05 2.34e-04 8.26e-05 8.26e-05
83555 1.66940e+04 -3.86377e+00 5.83632e-04 3.53301e-03 8.72e-05 1.65e-06 2.32e-03 3.24e-04 1.83e-04 1.56e-07 1.06e-06 7.88e-05 4.25e-06 8.26e-03 4.29e-06 2.34e-04 4.26e-06 6.67e-06 8.26e-05 8.26e-05 8.26e-03 8.26e-05 2.34e-04 8.26e-05 8.26e-05
83605 1.67040e+04 -3.86388e+00 5.82104e-04 2.89289e-03 7.16e-05 1.49e-06 2.31e-03 3.36e-04 1.92e-04 1.79e-07 1.30e-06 7.88e-05 4.25e-06 8.26e-03 4.29e-06 2.34e-04 4.26e-06 6.67e-06 8.26e-05 8.26e-05 8.26e-03 8.26e-05 2.34e-04 8.26e-05 8.26e-05
83655 1.67140e+04 -3.82851e+00 6.02936e-04 3.35389e-03 7.21e-05 1.31e-06 2.32e-03 3.47e-04 2.75e-04 1.70e-07 1.50e-06 7.88e-05 4.25e-06 8.27e-03 4.29e-06 2.34e-04 4.26e-06 6.67e-06 8.27e-05 8.27e-05 8.27e-03 8.27e-05 2.34e-04 8.27e-05 8.27e-05
83705 1.67240e+04 -3.88895e+00 5.81003e-04 2.56939e-03 7.03e-05 1.45e-06 2.34e-03 3.10e-04 1.87e-04 1.83e-07 1.01e-06 7.88e-05 4.25e-06 8.27e-03 4.29e-06 2.34e-04 4.26e-06 6.67e-06 8.27e-05 8.27e-05 8.27e-03 8.27e-05 2.34e-04 8.27e-05 8.27e-05
83755 1.67340e+04 -3.86234e+00 6.43732e-04 3.72862e-03 7.54e-05 1.51e-06 2.61e-03 3.27e-04 2.03e-04 1.83e-07 1.35e-06 7.88e-05 4.25e-06 8.27e-03 4.29e-06 2.34e-04 4.26e-06 6.67e-06 8.27e-05 8.27e-05 8.27e-03 8.27e-05 2.34e-04 8.27e-05 8.27e-05
83805 1.67440e+04 -3.87558e+00 6.01978e-04 4.72039e-03 7.07e-05 1.53e-06 2.38e-03 3.02e-04 2.51e-04 1.85e-07 9.50e-07 7.88e-05 4.25e-06 8.27e-03 4.29e-06 2.34e-04 4.26e-06 6.67e-06 8.27e-05 8.27e-05 8.27e-03 8.27e-05 2.34e-04 8.27e-05 8.27e-05
83855 1.67540e+04 -3.53407e+00 8.70062e-04 2.54409e-03 7.47e-05 1.30e-06 3.28e-03 6.50e-04 3.47e-04 1.57e-07 1.10e-06 7.88e-05 4.25e-06 8.27e-03 4.29e-06 2.34e-04 4.26e-06 6.67e-06 8.27e-05 8.27e-05 8.27e-03 8.27e-05 2.34e-04 8.27e-05 8.27e-05
83905 1.67640e+04 -3.77947e+00 6.19673e-04 6.07392e-03 1.34e-04 1.67e-06 2.32e-03 3.28e-04 3.15e-04 1.66e-07 9.54e-07 7.88e-05 4.25e-06 8.27e-03 4.29e-06 2.34e-04 4.26e-06 6.67e-06 8.27e-05 8.27e-05 8.27e-03 8.27e-05 2.34e-04 8.27e-05 8.27e-05
83955 1.67740e+04 -3.86467e+00 6.04098e-04 4.49059e-03 7.79e-05 1.55e-06 2.42e-03 3.24e-04 2.02e-04 2.09e-07 1.28e-06 7.88e-05 4.25e-06 8.27e-03 4.29e-06 2.34e-04 4.26e-06 6.67e-06 8.27e-05 8.27e-05 8.27e-03 8.27e-05 2.34e-04 8.27e-05 8.27e-05
84005 1.67840e+04 -3.46836e+00 8.86810e-04 1.74748e-03 1.52e-04 1.36e-06 3.29e-03 6.50e-04 3.45e-04 1.70e-07 1.34e-06 7.88e-05 4.25e-06 8.27e-03 4.29e-06 2.34e-04 4.26e-06 6.67e-06 8.27e-05 8.27e-05 8.27e-03 8.27e-05 2.34e-04 8.27e-05 8.27e-05
84055 1.67940e+04 -3.63501e+00 8.26287e-04 3.88497e-03 7.60e-05 1.46e-06 3.26e-03 5.79e-04 2.15e-04 1.58e-07 1.23e-06 7.88e-05 4.25e-06 8.27e-03 4.29e-06 2.34e-04 4.26e-06 6.67e-06 8.27e-05 8.27e-05 8.27e-03 8.27e-05 2.34e-04 8.27e-05 8.27e-05
84105 1.68040e+04 -3.86332e+00 5.82104e-04 2.67532e-03 7.44e-05 1.41e-06 2.32e-03 3.39e-04 1.79e-04 1.73e-07 1.08e-06 7.88e-05 4.25e-06 8.27e-03 4.29e-06 2.34e-04 4.26e-06 6.67e-06 8.27e-05 8.27e-05 8.27e-03 8.27e-05 2.34e-04 8.27e-05 8.27e-05
84155 1.68140e+04 -3.80237e+00 6.09972e-04 1.79612e-03 1.18e-04 1.54e-06 2.37e-03 3.59e-04 1.97e-04 1.89e-07 1.12e-06 7.88e-05 4.25e-06 8.28e-03 4.29e-06 2.34e-04 4.26e-06 6.67e-06 8.28e-05 8.28e-05 8.28e-03 8.28e-05 2.34e-04 8.28e-05 8.28e-05
84205 1.68240e+04 -3.83844e+00 6.00558e-04 2.05027e-03 1.00e-04 1.61e-06 2.37e-03 3.35e-04 1.95e-04 1.71e-07 8.80e-07 7.88e-05 4.25e-06 8.28e-03 4.29e-06 2.34e-04 4.26e-06 6.67e-06 8.28e-05 8.28e-05 8.28e-03 8.28e-05 2.34e-04 8.28e-05 8.28e-05
84255 1.68340e+04 -3.81275e+00 6.21065e-04 2.92444e-03 1.15e-04 1.67e-06 2.42e-03 3.39e-04 2.25e-04 1.73e-07 7.38e-07 7.88e-05 4.25e-06 8.28e-03 4.29e-06 2.34e-04 4.26e-06 6.67e-06 8.28e-05 8.28e-05 8.28e-03 8.28e-05 2.34e-04 8.28e-05 8.28e-05
84305 1.68440e+04 -3.85223e+00 6.11792e-04 4.67591e-03 7.31e-05 1.74e-06 2.39e-03 3.20e-04 2.70e-04 1.37e-07 6.93e-07 7.88e-05 4.25e-06 8.28e-03 4.29e-06 2.34e-04 4.26e-06 6.67e-06 8.28e-05 8.28e-05 8.28e-03 8.28e-05 2.34e-04 8.28e-05 8.28e-05
84355 1.68540e+04 -3.85508e+00 5.92191e-04 2.68583e-03 7.55e-05 1.66e-06 2.35e-03 3.42e-04 1.92e-04 1.81e-07 8.19e-07 7.88e-05 4.25e-06 8.28e-03 4.29e-06 2.34e-04 4.26e-06 6.67e-06 8.28e-05 8.28e-05 8.28e-03 8.28e-05 2.34e-04 8.28e-05 8.28e-05
84405 1.68640e+04 -3.86062e+00 5.99270e-04 3.09774e-03 6.57e-05 1.53e-06 2.39e-03 3.41e-04 2.00e-04 1.76e-07 1.52e-06 7.88e-05 4.25e-06 8.28e-03 4.29e-06 2.34e-04 4.26e-06 6.67e-06 8.28e-05 8.28e-05 8.28e-03 8.28e-05 2.34e-04 8.28e-05 8.28e-05
84455 1.68740e+04 -3.47148e+00 9.32729e-04 4.47667e-03 9.19e-05 1.40e-06 3.51e-03 6.96e-04 3.60e-04 1.96e-07 3.73e-06 7.88e-05 4.25e-06 8.28e-03 4.29e-06 2.34e-04 4.26e-06 6.67e-06 8.28e-05 8.28e-05 8.28e-03 8.28e-05 2.34e-04 8.28e-05 8.28e-05
84505 1.68840e+04 -3.87683e+00 5.75398e-04 3.41308e-03 1.03e-04 1.35e-06 2.29e-03 2.89e-04 1.97e-04 1.64e-07 9.40e-07 7.88e-05 4.25e-06 8.28e-03 4.29e-06 2.34e-04 4.26e-06 6.67e-06 8.28e-05 8.28e-05 8.28e-03 8.28e-05 2.34e-04 8.28e-05 8.28e-05
84555 1.68940e+04 -3.51787e+00 8.76767e-04 4.04787e-03 9.21e-05 1.81e-06 3.36e-03 6.88e-04 2.43e-04 2.17e-07 6.87e-07 7.88e-05 4.25e-06 8.28e-03 4.29e-06 2.34e-04 4.26e-06 6.67e-06 8.28e-05 8.28e-05 8.28e-03 8.28e-05 2.34e-04 8.28e-05 8.28e-05
84605 1.69040e+04 -3.52971e+00 8.41723e-04 4.07014e-03 1.27e-04 1.59e-06 3.20e-03 6.44e-04 2.35e-04 2.21e-07 6.94e-07 7.88e-05 4.25e-06 8.28e-03 4.29e-06 2.34e-04 4.26e-06 6.67e-06 8.28e-05 8.28e-05 8.28e-03 8.28e-05 2.34e-04 8.28e-05 8.28e-05
84655 1.69140e+04 -3.52708e+00 8.72974e-04 4.84147e-03 7.14e-05 1.63e-06 3.35e-03 6.97e-04 2.47e-04 1.78e-07 6.86e-07 7.88e-05 4.25e-06 8.28e-03 4.29e-06 2.34e-04 4.26e-06 6.67e-06 8.28e-05 8.28e-05 8.28e-03 8.28e-05 2.34e-04 8.28e-05 8.28e-05
84705 1.69240e+04 -3.84641e+00 5.90444e-04 4.47429e-03 7.33e-05 1.44e-06 2.32e-03 3.50e-04 2.05e-04 1.85e-07 7.63e-07 7.88e-05 4.25e-06 8.28e-03 4.29e-06 2.34e-04 4.26e-06 6.67e-06 8.28e-05 8.28e-05 8.28e-03 8.28e-05 2.34e-04 8.28e-05 8.28e-05
84755 1.69340e+04 -3.83636e+00 6.23484e-04 6.49262e-03 7.87e-05 1.81e-06 2.41e-03 3.19e-04 3.08e-04 2.38e-07 7.64e-07 7.88e-05 4.25e-06 8.28e-03 4.29e-06 2.34e-04 4.26e-06 6.67e-06 8.28e-05 8.28e-05 8.28e-03 8.28e-05 2.34e-04 8.28e-05 8.28e-05
84805 1.69440e+04 -3.84943e+00 6.06664e-04 6.42855e-03 7.35e-05 1.77e-06 2.37e-03 3.24e-04 2.68e-04 1.48e-07 7.02e-07 7.88e-05 4.25e-06 8.28e-03 4.29e-06 2.34e-04 4.26e-06 6.67e-06 8.28e-05 8.28e-05 8.28e-03 8.28e-05 2.34e-04 8.28e-05 8.28e-05
84855 1.69540e+04 -3.88766e+00 5.81639e-04 2.03247e-03 7.15e-05 1.72e-06 2.32e-03 2.99e-04 2.18e-04 1.58e-07 6.83e-07 7.88e-05 4.25e-06 8.28e-03 4.29e-06 2.34e-04 4.26e-06 6.67e-06 8.28e-05 8.28e-05 8.28e-03 8.28e-05 2.34e-04 8.28e-05 8.28e-05
84905 1.69640e+04 -3.44334e+00 8.80038e-04 2.84300e-03 1.57e-04 1.32e-06 3.20e-03 6.66e-04 3.71e-04 1.84e-07 9.22e-07 7.88e-05 4.25e-06 8.28e-03 4.29e-06 2.34e-04 4.26e-06 6.67e-06 8.28e-05 8.28e-05 8.28e-03 8.28e-05 2.34e-04 8.28e-05 8.28e-05
84955 1.69740e+04 -3.87209e+00 5.83937e-04 1.99123e-03 7.65e-05 1.79e-06 2.32e-03 3.17e-04 2.03e-04 1.82e-07 1.41e-06 7.88e-05 4.25e-06 8.28e-03 4.29e-06 2.34e-04 4.26e-06 6.67e-06 8.28e-05 8.28e-05 8.28e-03 8.28e-05 2.34e-04 8.28e-05 8.28e-05
85005 1.69830e+04 -3.83932e+00 5.82539e-04 2.45823e-03 6.38e-05 1.72e-06 2.26e-03 3.59e-04 2.28e-04 2.47e-07 1.40e-06 7.88e-05 4.25e-06 8.29e-03 4.29e-06 2.34e-04 4.26e-06 6.67e-06 8.29e-05 8.29e-05 8.29e-03 8.29e-05 2.34e-04 8.29e-05 8.29e-05
85055 1.69930e+04 -3.85071e+00 5.77498e-04 3.21813e-03 7.63e-05 1.71e-06 2.25e-03 3.38e-04 2.17e-04 1.69e-07 9.10e-07 7.88e-05 4.25e-06 8.29e-03 4.29e-06 2.35e-04 4.26e-06 6.67e-06 8.29e-05 8.29e-05 8.29e-03 8.29e-05 2.35e-04 8.29e-05 8.29e-05
85105 1.70030e+04 -3.83715e+00 5.96211e-04 4.97041e-03 9.17e-05 1.59e-06 2.31e-03 3.25e-04 2.55e-04 1.81e-07 8.41e-07 7.88e-05 4.25e-06 8.29e-03 4.29e-06 2.35e-04 4.26e-06 6.67e-06 8.29e-05 8.29e-05 8.29e-03 8.29e-05 2.35e-04 8.29e-05 8.29e-05
85155 1.70130e+04 -3.85716e+00 5.89619e-04 3.76727e-03 9.31e-05 1.78e-06 2.32e-03 3.10e-04 2.27e-04 2.21e-07 7.62e-07 7.88e-05 4.25e-06 8.29e-03 4.29e-06 2.35e-04 4.26e-06 6.67e-06 8.29e-05 8.29e-05 8.29e-03 8.29e-05 2.35e-04 8.29e-05 8.29e-05
85205 1.70230e+04 -3.84547e+00 6.10479e-04 5.28242e-03 1.01e-04 1.70e-06 2.40e-03 3.11e-04 2.37e-04 2.23e-07 7.36e-07 7.88e-05 4.25e-06 8.29e-03 4.29e-06 2.35e-04 4.26e-06 6.67e-06 8.29e-05 8.29e-05 8.29e-03 8.29e-05 2.35e-04 8.29e-05 8.29e-05
85255 1.70330e+04 -3.85467e+00 6.06260e-04 5.47155e-03 9.19e-05 1.60e-06 2.40e-03 3.12e-04 2.29e-04 2.36e-07 1.04e-06 7.88e-05 4.25e-06 8.29e-03 4.29e-06 2.35e-04 4.26e-06 6.67e-06 8.29e-05 8.29e-05 8.29e-03 8.29e-05 2.35e-04 8.29e-05 8.29e-05
85305 1.70430e+04 -3.87674e+00 5.78945e-04 4.60007e-03 1.12e-04 1.35e-06 2.30e-03 2.75e-04 2.11e-04 2.78e-07 6.56e-07 7.88e-05 4.25e-06 8.28e-03 4.29e-06 2.35e-04 4.26e-06 6.67e-06 8.28e-05 8.28e-05 8.28e-03 8.28e-05 2.35e-04 8.28e-05 8.28e-05
85355 1.70530e+04 -3.84856e+00 6.34779e-04 9.61779e-03 9.04e-05 1.53e-06 2.49e-03 2.96e-04 2.98e-04 2.25e-07 7.01e-07 7.88e-05 4.25e-06 8.28e-03 4.29e-06 2.35e-04 4.26e-06 6.67e-06 8.28e-05 8.28e-05 8.28e-03 8.28e-05 2.35e-04 8.28e-05 8.28e-05
85405 1.70630e+04 -3.85904e+00 6.01000e-04 4.46204e-03 1.04e-04 1.44e-06 2.39e-03 3.02e-04 2.09e-04 2.16e-07 7.86e-07 7.88e-05 4.25e-06 8.29e-03 4.29e-06 2.35e-04 4.26e-06 6.67e-06 8.29e-05 8.29e-05 8.29e-03 8.29e-05 2.35e-04 8.29e-05 8.29e-05
85455 1.70730e+04 -3.88598e+00 6.12460e-04 5.66182e-03 9.69e-05 1.48e-06 2.47e-03 2.72e-04 2.25e-04 2.02e-07 7.78e-07 7.88e-05 4.25e-06 8.29e-03 4.29e-06 2.35e-04 4.26e-06 6.67e-06 8.29e-05 8.29e-05 8.29e-03 8.29e-05 2.35e-04 8.29e-05 8.29e-05
85505 1.70830e+04 -3.85789e+00 6.25624e-04 4.45083e-03 8.89e-05 1.46e-06 2.48e-03 3.04e-04 2.49e-04 2.27e-07 6.55e-07 7.88e-05 4.25e-06 8.28e-03 4.29e-06 2.35e-04 4.26e-06 6.67e-06 8.28e-05 8.28e-05 8.28e-03 8.28e-05 2.35e-04 8.28e-05 8.28e-05
85555 1.70930e+04 -3.88453e+00 5.96087e-04 3.62600e-03 1.06e-04 1.67e-06 2.38e-03 2.64e-04 2.27e-04 1.69e-07 6.85e-07 7.88e-05 4.25e-06 8.28e-03 4.29e-06 2.35e-04 4.26e-06 6.67e-06 8.28e-05 8.28e-05 8.28e-03 8.28e-05 2.35e-04 8.28e-05 8.28e-05
85605 1.71030e+04 -3.83677e+00 6.25842e-04 3.23504e-03 1.11e-04 1.53e-06 2.46e-03 3.03e-04 2.58e-04 2.03e-07 7.53e-07 7.88e-05 4.25e-06 8.28e-03 4.29e-06 2.35e-04 4.26e-06 6.67e-06 8.28e-05 8.28e-05 8.28e-03 8.28e-05 2.35e-04 8.28e-05 8.28e-05
85655 1.71130e+04 -3.87452e+00 6.22249e-04 6.22035e-03 7.55e-05 1.58e-06 2.49e-03 3.00e-04 2.43e-04 1.87e-07 7.89e-07 7.88e-05 4.25e-06 8.28e-03 4.29e-06 2.35e-04 4.26e-06 6.67e-06 8.28e-05 8.28e-05 8.28e-03 8.28e-05 2.35e-04 8.28e-05 8.28e-05
85705 1.71230e+04 -3.89569e+00 5.73663e-04 4.47770e-03 8.10e-05 1.48e-06 2.27e-03 2.70e-04 2.48e-04 1.85e-07 7.84e-07 7.88e-05 4.25e-06 8.28e-03 4.29e-06 2.35e-04 4.26e-06 6.67e-06 8.28e-05 8.28e-05 8.28e-03 8.28e-05 2.35e-04 8.28e-05 8.28e-05
85755 1.71330e+04 -3.45359e+00 9.57696e-04 5.38028e-03 9.53e-05 1.40e-06 3.64e-03 7.30e-04 3.21e-04 2.63e-07 7.55e-07 7.88e-05 4.25e-06 8.28e-03 4.29e-06 2.35e-04 4.26e-06 6.67e-06 8.28e-05 8.28e-05 8.28e-03 8.28e-05 2.35e-04 8.28e-05 8.28e-05
85805 1.71430e+04 -3.84352e+00 6.21634e-04 4.45843e-03 1.11e-04 1.55e-06 2.44e-03 2.93e-04 2.66e-04 2.61e-07 7.37e-07 7.88e-05 4.25e-06 8.28e-03 4.29e-06 2.35e-04 4.26e-06 6.67e-06 8.28e-05 8.28e-05 8.28e-03 8.28e-05 2.35e-04 8.28e-05 8.28e-05
85855 1.71530e+04 -3.89426e+00 6.23005e-04 5.15535e-03 8.52e-05 1.38e-06 2.52e-03 2.68e-04 2.41e-04 2.75e-07 9.02e-07 7.88e-05 4.25e-06 8.28e-03 4.29e-06 2.35e-04 4.26e-06 6.67e-06 8.28e-05 8.28e-05 8.28e-03 8.28e-05 2.35e-04 8.28e-05 8.28e-05
85905 1.71630e+04 -3.87378e+00 6.06338e-04 6.29419e-03 1.04e-04 1.36e-06 2.41e-03 2.73e-04 2.44e-04 2.25e-07 1.01e-06 7.88e-05 4.25e-06 8.28e-03 4.29e-06 2.35e-04 4.26e-06 6.67e-06 8.28e-05 8.28e-05 8.28e-03 8.28e-05 2.35e-04 8.28e-05 8.28e-05
85955 1.71730e+04 -3.86958e+00 5.91745e-04 5.53462e-03 1.19e-04 1.36e-06 2.34e-03 2.68e-04 2.30e-04 2.03e-07 7.87e-07 7.88e-05 4.25e-06 8.27e-03 4.29e-06 2.35e-04 4.26e-06 6.67e-06 8.27e-05 8.27e-05 8.27e-03 8.27e-05 2.35e-04 8.27e-05 8.27e-05
86005 1.71830e+04 -3.88448e+00 5.74920e-04 8.09592e-03 1.02e-04 1.32e-06 2.26e-03 2.63e-04 2.49e-04 2.59e-07 1.01e-06 7.88e-05 4.25e-06 8.27e-03 4.29e-06 2.35e-04 4.26e-06 6.67e-06 8.27e-05 8.27e-05 8.27e-03 8.27e-05 2.35e-04 8.27e-05 8.27e-05
86055 1.71930e+04 -3.89595e+00 5.91325e-04 4.27980e-03 9.46e-05 1.45e-06 2.38e-03 2.66e-04 2.19e-04 1.98e-07 9.69e-07 7.88e-05 4.25e-06 8.27e-03 4.29e-06 2.35e-04 4.26e-06 6.67e-06 8.27e-05 8.27e-05 8.27e-03 8.27e-05 2.35e-04 8.27e-05 8.27e-05
86105 1.72030e+04 -3.84360e+00 6.26392e-04 5.99792e-03 1.07e-04 1.62e-06 2.46e-03 2.98e-04 2.61e-04 2.61e-07 1.24e-06 7.88e-05 4.25e-06 8.27e-03 4.29e-06 2.35e-04 4.26e-06 6.67e-06 8.27e-05 8.27e-05 8.27e-03 8.27e-05 2.35e-04 8.27e-05 8.27e-05
86155 1.72130e+04 -3.87607e+00 6.24948e-04 5.21668e-03 9.71e-05 1.54e-06 2.52e-03 2.85e-04 2.17e-04 2.18e-07 1.01e-06 7.88e-05 4.25e-06 8.26e-03 4.29e-06 2.35e-04 4.26e-06 6.67e-06 8.26e-05 8.26e-05 8.26e-03 8.26e-05 2.35e-04 8.26e-05 8.26e-05
86205 1.72230e+04 -3.85062e+00 6.21290e-04 5.98542e-03 1.17e-04 1.42e-06 2.43e-03 2.73e-04 2.81e-04 2.09e-07 1.11e-06 7.88e-05 4.25e-06 8.26e-03 4.29e-06 2.35e-04 4.26e-06 6.67e-06 8.26e-05 8.26e-05 8.26e-03 8.26e-05 2.35e-04 8.26e-05 8.26e-05
86255 1.72330e+04 -3.88506e+00 5.90339e-04 4.00244e-03 8.87e-05 1.42e-06 2.31e-03 2.60e-04 2.88e-04 1.97e-07 1.63e-06 7.88e-05 4.25e-06 8.26e-03 4.29e-06 2.35e-04 4.26e-06 6.67e-06 8.26e-05 8.26e-05 8.26e-03 8.26e-05 2.35e-04 8.26e-05 8.26e-05
86305 1.72430e+04 -3.87419e+00 5.86988e-04 4.73472e-03 1.04e-04 1.31e-06 2.31e-03 2.75e-04 2.40e-04 2.08e-07 8.85e-07 7.88e-05 4.25e-06 8.26e-03 4.29e-06 2.35e-04 4.26e-06 6.67e-06 8.26e-05 8.26e-05 8.26e-03 8.26e-05 2.35e-04 8.26e-05 8.26e-05
86355 1.72530e+04 -3.88307e+00 6.10130e-04 5.33866e-03 8.71e-05 1.38e-06 2.44e-03 2.79e-04 2.43e-04 2.13e-07 1.02e-06 7.88e-05 4.25e-06 8.25e-03 4.29e-06 2.35e-04 4.26e-06 6.67e-06 8.25e-05 8.25e-05 8.25e-03 8.25e-05 2.35e-04 8.25e-05 8.25e-05
86405 1.72630e+04 -3.82814e+00 6.51109e-04 5.26769e-03 1.24e-04 1.35e-06 2.53e-03 2.76e-04 3.24e-04 2.41e-07 1.28e-06 7.88e-05 4.25e-06 8.25e-03 4.29e-06 2.35e-04 4.26e-06 6.67e-06 8.25e-05 8.25e-05 8.25e-03 8.25e-05 2.35e-04 8.25e-05 8.25e-05
86455 1.72730e+04 -3.86754e+00 6.14234e-04 6.54276e-03 8.95e-05 1.31e-06 2.44e-03 2.93e-04 2.49e-04 2.07e-07 1.02e-06 7.88e-05 4.25e-06 8.25e-03 4.29e-06 2.35e-04 4.26e-06 6.67e-06 8.25e-05 8.25e-05 8.25e-03 8.25e-05 2.35e-04 8.25e-05 8.25e-05
86505 1.72830e+04 -3.84755e+00 6.40641e-04 3.41381e-03 1.04e-04 1.29e-06 2.53e-03 2.89e-04 2.84e-04 1.97e-07 8.57e-07 7.88e-05 4.25e-06 8.24e-03 4.29e-06 2.36e-04 4.26e-06 6.67e-06 8.24e-05 8.24e-05 8.24e-03 8.24e-05 2.36e-04 8.24e-05 8.24e-05
86555 1.72930e+04 -3.89363e+00 5.81492e-04 7.05228e-03 9.81e-05 1.30e-06 2.32e-03 2.62e-04 2.30e-04 2.51e-07 1.16e-06 7.88e-05 4.25e-06 8.24e-03 4.29e-06 2.36e-04 4.26e-06 6.67e-06 8.24e-05 8.24e-05 8.24e-03 8.24e-05 2.36e-04 8.24e-05 8.24e-05
86605 1.73030e+04 -3.89188e+00 5.64260e-04 6.19648e-03 9.31e-05 1.29e-06 2.21e-03 2.64e-04 2.49e-04 2.63e-07 1.03e-06 7.88e-05 4.25e-06 8.24e-03 4.29e-06 2.36e-04 4.26e-06 6.67e-06 8.24e-05 8.24e-05 8.24e-03 8.24e-05 2.36e-04 8.24e-05 8.24e-05
86655 1.73130e+04 -3.89129e+00 5.83979e-04 6.83582e-03 1.01e-04 1.24e-06 2.33e-03 2.65e-04 2.20e-04 2.68e-07 1.05e-06 7.88e-05 4.25e-06 8.24e-03 4.29e-06 2.36e-04 4.26e-06 6.67e-06 8.24e-05 8.24e-05 8.24e-03 8.24e-05 2.36e-04 8.24e-05 8.24e-05
86705 1.73230e+04 -3.87538e+00 5.97986e-04 4.75191e-03 1.03e-04 1.21e-06 2.37e-03 2.75e-04 2.40e-04 1.71e-07 8.72e-07 7.88e-05 4.25e-06 8.23e-03 4.29e-06 2.36e-04 4.26e-06 6.67e-06 8.23e-05 8.23e-05 8.23e-03 8.23e-05 2.36e-04 8.23e-05 8.23e-05
86755 1.73330e+04 -3.90063e+00 5.82320e-04 5.41536e-03 9.54e-05 1.27e-06 2.32e-03 2.53e-04 2.40e-04 2.14e-07 1.09e-06 7.88e-05 4.25e-06 8.23e-03 4.29e-06 2.36e-04 4.26e-06 6.67e-06 8.23e-05 8.23e-05 8.23e-03 8.23e-05 2.36e-04 8.23e-05 8.23e-05
86805 1.73430e+04 -3.89303e+00 5.82897e-04 2.43861e-03 7.61e-05 1.59e-06 2.33e-03 2.90e-04 2.14e-04 1.85e-07 9.10e-07 7.88e-05 4.25e-06 8.23e-03 4.29e-06 2.36e-04 4.26e-06 6.67e-06 8.23e-05 8.23e-05 8.23e-03 8.23e-05 2.36e-04 8.23e-05 8.23e-05
86855 1.73530e+04 -3.86442e+00 5.96908e-04 1.67213e-03 9.45e-05 1.41e-06 2.34e-03 2.91e-04 2.56e-04 1.53e-07 8.95e-07 7.88e-05 4.25e-06 8.22e-03 4.29e-06 2.36e-04 4.26e-06 6.67e-06 8.22e-05 8.22e-05 8.22e-03 8.22e-05 2.36e-04 8.22e-05 8.22e-05
86905 1.73630e+04 -3.87435e+00 6.07073e-04 3.81050e-03 8.26e-05 1.31e-06 2.41e-03 2.95e-04 2.42e-04 1.89e-07 1.35e-06 7.88e-05 4.25e-06 8.22e-03 4.29e-06 2.36e-04 4.26e-06 6.67e-06 8.22e-05 8.22e-05 8.22e-03 8.22e-05 2.36e-04 8.22e-05 8.22e-05
86955 1.73730e+04 -3.85129e+00 5.70782e-04 5.34255e-03 1.07e-04 1.60e-06 2.20e-03 2.98e-04 2.43e-04 2.51e-07 1.50e-06 7.88e-05 4.25e-06 8.22e-03 4.29e-06 2.36e-04 4.26e-06 6.67e-06 8.22e-05 8.22e-05 8.22e-03 8.22e-05 2.36e-04 8.22e-05 8.22e-05
87005 1.73830e+04 -3.91159e+00 5.58134e-04 6.13553e-03 8.84e-05 1.57e-06 2.22e-03 2.52e-04 2.29e-04 2.24e-07 1.23e-06 7.88e-05 4.25e-06 8.22e-03 4.29e-06 2.36e-04 4.26e-06 6.67e-06 8.22e-05 8.22e-05 8.22e-03 8.22e-05 2.36e-04 8.22e-05 8.22e-05
87055 1.73930e+04 -3.87842e+00 6.06131e-04 4.59517e-03 1.03e-04 1.25e-06 2.40e-03 2.62e-04 2.65e-04 2.40e-07 1.28e-06 7.88e-05 4.25e-06 8.22e-03 4.29e-06 2.36e-04 4.26e-06 6.67e-06 8.22e-05 8.22e-05 8.22e-03 8.22e-05 2.36e-04 8.22e-05 8.22e-05
87105 1.74030e+04 -3.87691e+00 6.03235e-04 5.66521e-03 1.13e-04 1.35e-06 2.38e-03 2.53e-04 2.68e-04 2.29e-07 9.13e-07 7.88e-05 4.25e-06 8.22e-03 4.29e-06 2.36e-04 4.26e-06 6.67e-06 8.22e-05 8.22e-05 8.22e-03 8.22e-05 2.36e-04 8.22e-05 8.22e-05
87155 1.74130e+04 -3.86749e+00 6.04595e-04 5.38391e-03 1.06e-04 1.46e-06 2.37e-03 2.69e-04 2.74e-04 2.22e-07 7.63e-07 7.88e-05 4.25e-06 8.21e-03 4.29e-06 2.36e-04 4.26e-06 6.67e-06 8.21e-05 8.21e-05 8.21e-03 8.21e-05 2.36e-04 8.21e-05 8.21e-05
87205 1.74230e+04 -3.87200e+00 5.93615e-04 4.18444e-03 1.14e-04 1.39e-06 2.32e-03 2.57e-04 2.73e-04 2.18e-07 8.37e-07 7.88e-05 4.25e-06 8.21e-03 4.29e-06 2.36e-04 4.26e-06 6.67e-06 8.21e-05 8.21e-05 8.21e-03 8.21e-05 2.36e-04 8.21e-05 8.21e-05
87255 1.74330e+04 -3.89096e+00 5.82349e-04 4.02346e-03 9.48e-05 1.26e-06 2.29e-03 2.55e-04 2.67e-04 2.19e-07 2.82e-06 7.88e-05 4.25e-06 8.20e-03 4.29e-06 2.36e-04 4.26e-06 6.67e-06 8.20e-05 8.20e-05 8.20e-03 8.20e-05 2.36e-04 8.20e-05 8.20e-05
87305 1.74430e+04 -3.91963e+00 5.94827e-04 3.03527e-03 6.31e-05 1.23e-06 2.40e-03 2.62e-04 2.43e-04 1.88e-07 1.42e-06 7.88e-05 4.25e-06 8.20e-03 4.29e-06 2.37e-04 4.26e-06 6.67e-06 8.20e-05 8.20e-05 8.20e-03 8.20e-05 2.37e-04 8.20e-05 8.20e-05
87355 1.74530e+04 -3.89089e+00 5.72383e-04 2.67794e-03 7.57e-05 1.25e-06 2.26e-03 2.84e-04 2.44e-04 1.31e-07 1.43e-06 7.88e-05 4.25e-06 8.20e-03 4.29e-06 2.37e-04 4.26e-06 6.67e-06 8.20e-05 8.20e-05 8.20e-03 8.20e-05 2.37e-04 8.20e-05 8.20e-05
87405 1.74630e+04 -3.88561e+00 6.83637e-04 1.29189e-03 7.41e-05 1.10e-06 2.82e-03 2.85e-04 2.42e-04 1.67e-07 2.95e-06 7.88e-05 4.25e-06 8.20e-03 4.29e-06 2.37e-04 4.26e-06 6.67e-06 8.20e-05 8.20e-05 8.20e-03 8.20e-05 2.37e-04 8.20e-05 8.20e-05
87455 1.74730e+04 -3.75502e+00 6.51613e-04 7.13198e-04 8.64e-05 1.33e-06 2.45e-03 4.01e-04 3.21e-04 1.40e-07 1.38e-06 7.88e-05 4.25e-06 8.20e-03 4.29e-06 2.37e-04 4.26e-06 6.67e-06 8.20e-05 8.20e-05 8.20e-03 8.20e-05 2.37e-04 8.20e-05 8.20e-05
87505 1.74830e+04 -3.71499e+00 6.40308e-04 2.17315e-04 8.51e-05 1.55e-06 2.36e-03 4.55e-04 2.99e-04 1.52e-07 2.75e-06 7.88e-05 4.25e-06 8.20e-03 4.29e-06 2.37e-04 4.26e-06 6.67e-06 8.20e-05 8.20e-05 8.20e-03 8.20e-05 2.37e-04 8.20e-05 8.20e-05
87555 1.74930e+04 -3.70709e+00 6.54229e-04 1.41851e-03 7.90e-05 1.34e-06 2.37e-03 4.41e-04 3.76e-04 1.80e-07 5.13e-06 7.88e-05 4.25e-06 8.20e-03 4.29e-06 2.37e-04 4.26e-06 6.67e-06 8.20e-05 8.20e-05 8.20e-03 8.20e-05 2.37e-04 8.20e-05 8.20e-05
87605 1.75030e+04 -3.74660e+00 6.52493e-04 2.16471e-03 7.52e-05 1.34e-06 2.41e-03 4.03e-04 3.73e-04 1.91e-07 1.94e-06 7.88e-05 4.25e-06 8.20e-03 4.29e-06 2.37e-04 4.26e-06 6.67e-06 8.20e-05 8.20e-05 8.20e-03 8.20e-05 2.37e-04 8.20e-05 8.20e-05
87655 1.75130e+04 -3.58975e+00 8.79592e-04 3.13643e-03 9.38e-05 1.56e-06 3.38e-03 5.55e-04 3.68e-04 2.33e-07 3.27e-06 7.88e-05 4.25e-06 8.21e-03 4.29e-06 2.38e-04 4.26e-06 6.67e-06 8.21e-05 8.21e-05 8.21e-03 8.21e-05 2.38e-04 8.21e-05 8.21e-05
87705 1.75230e+04 -3.78052e+00 6.30667e-04 1.28037e-03 9.45e-05 1.41e-06 2.41e-03 3.80e-04 2.70e-04 2.28e-07 2.04e-06 7.88e-05 4.25e-06 8.21e-03 4.29e-06 2.38e-04 4.26e-06 6.67e-06 8.21e-05 8.21e-05 8.21e-03 8.21e-05 2.38e-04 8.21e-05 8.21e-05
87755 1.75330e+04 -3.86797e+00 5.54377e-04 2.83048e-03 7.95e-05 1.45e-06 2.16e-03 3.17e-04 2.17e-04 2.78e-07 8.64e-07 7.88e-05 4.25e-06 8.21e-03 4.29e-06 2.38e-04 4.26e-06 6.67e-06 8.21e-05 8.21e-05 8.21e-03 8.21e-05 2.38e-04 8.21e-05 8.21e-05
87805 1.75430e+04 -3.82180e+00 5.99261e-04 7.93168e-03 1.21e-04 1.58e-06 2.32e-03 3.15e-04 2.42e-04 3.10e-07 3.52e-06 7.88e-05 4.25e-06 8.21e-03 4.29e-06 2.38e-04 4.26e-06 6.67e-06 8.21e-05 8.21e-05 8.21e-03 8.21e-05 2.38e-04 8.21e-05 8.21e-05
87855 1.75530e+04 -3.87566e+00 5.89771e-04 4.54491e-03 9.26e-05 1.44e-06 2.31e-03 2.76e-04 2.65e-04 2.87e-07 1.27e-06 7.88e-05 4.25e-06 8.21e-03 4.29e-06 2.38e-04 4.26e-06 6.67e-06 8.21e-05 8.21e-05 8.21e-03 8.21e-05 2.38e-04 8.21e-05 8.21e-05
87905 1.75630e+04 -3.86657e+00 5.96217e-04 4.19942e-03 1.08e-04 1.21e-06 2.33e-03 2.66e-04 2.80e-04 3.13e-07 1.53e-06 7.88e-05 4.25e-06 8.20e-03 4.29e-06 2.38e-04 4.26e-06 6.67e-06 8.20e-05 8.20e-05 8.20e-03 8.20e-05 2.38e-04 8.20e-05 8.20e-05
87955 1.75730e+04 -3.88576e+00 5.66053e-04 5.96986e-03 8.74e-05 1.47e-06 2.21e-03 2.75e-04 2.52e-04 2.59e-07 1.51e-06 7.88e-05 4.25e-06 8.20e-03 4.29e-06 2.38e-04 4.26e-06 6.67e-06 8.20e-05 8.20e-05 8.20e-03 8.20e-05 2.38e-04 8.20e-05 8.20e-05
88005 1.75830e+04 -3.87991e+00 6.00623e-04 2.98859e-03 8.23e-05 1.44e-06 2.35e-03 2.71e-04 2.95e-04 2.73e-07 1.41e-06 7.88e-05 4.25e-06 8.20e-03 4.29e-06 2.38e-04 4.26e-06 6.67e-06 8.20e-05 8.20e-05 8.20e-03 8.20e-05 2.38e-04 8.20e-05 8.20e-05
88055 1.75930e+04 -3.92605e+00 5.94202e-04 3.95833e-03 6.27e-05 1.45e-06 2.41e-03 2.55e-04 2.45e-04 3.49e-07 9.13e-07 7.88e-05 4.25e-06 8.19e-03 4.29e-06 2.38e-04 4.26e-06 6.67e-06 8.19e-05 8.19e-05 8.19e-03 8.19e-05 2.38e-04 8.19e-05 8.19e-05
88105 1.76030e+04 -3.91147e+00 5.94354e-04 2.49289e-03 6.81e-05 1.82e-06 2.38e-03 2.58e-04 2.68e-04 2.89e-07 7.50e-07 7.88e-05 4.25e-06 8.19e-03 4.29e-06 2.38e-04 4.26e-06 6.67e-06 8.19e-05 8.19e-05 8.19e-03 8.19e-05 2.38e-04 8.19e-05 8.19e-05
88155 1.76130e+04 -3.91066e+00 5.84231e-04 2.45847e-03 6.41e-05 1.39e-06 2.31e-03 2.58e-04 2.87e-04 3.20e-07 1.01e-06 7.88e-05 4.25e-06 8.18e-03 4.29e-06 2.38e-04 4.26e-06 6.67e-06 8.18e-05 8.18e-05 8.18e-03 8.18e-05 2.38e-04 8.18e-05 8.18e-05
88205 1.76230e+04 -3.92103e+00 5.84776e-04 1.93360e-03 6.48e-05 1.41e-06 2.34e-03 2.53e-04 2.62e-04 3.02e-07 1.08e-06 7.88e-05 4.25e-06 8.18e-03 4.29e-06 2.38e-04 4.26e-06 6.67e-06 8.18e-05 8.18e-05 8.18e-03 8.18e-05 2.38e-04 8.18e-05 8.18e-05
88255 1.76330e+04 -3.92174e+00 5.94117e-04 3.36078e-03 5.62e-05 1.87e-06 2.41e-03 2.68e-04 2.38e-04 3.29e-07 1.11e-06 7.88e-05 4.25e-06 8.17e-03 4.29e-06 2.38e-04 4.26e-06 6.67e-06 8.17e-05 8.17e-05 8.17e-03 8.17e-05 2.38e-04 8.17e-05 8.17e-05
88305 1.76430e+04 -3.93684e+00 5.58660e-04 4.18286e-03 5.71e-05 1.52e-06 2.26e-03 2.60e-04 2.15e-04 3.23e-07 1.39e-06 7.88e-05 4.25e-06 8.17e-03 4.29e-06 2.38e-04 4.26e-06 6.67e-06 8.17e-05 8.17e-05 8.17e-03 8.17e-05 2.38e-04 8.17e-05 8.17e-05
88355 1.76530e+04 -3.93834e+00 5.96058e-04 3.44936e-03 5.15e-05 1.70e-06 2.43e-03 2.52e-04 2.42e-04 3.22e-07 1.60e-06 7.88e-05 4.25e-06 8.16e-03 4.29e-06 2.38e-04 4.26e-06 6.67e-06 8.16e-05 8.16e-05 8.16e-03 8.16e-05 2.38e-04 8.16e-05 8.16e-05
88405 1.76630e+04 -3.92193e+00 5.88381e-04 2.41432e-03 6.21e-05 1.65e-06 2.36e-03 2.53e-04 2.68e-04 3.21e-07 9.92e-07 7.88e-05 4.25e-06 8.16e-03 4.29e-06 2.38e-04 4.26e-06 6.67e-06 8.16e-05 8.16e-05 8.16e-03 8.16e-05 2.38e-04 8.16e-05 8.16e-05
88455 1.76730e+04 -3.89226e+00 6.27697e-04 3.67953e-03 1.08e-04 1.36e-06 2.53e-03 2.43e-04 2.60e-04 2.38e-07 7.54e-07 7.88e-05 4.25e-06 8.15e-03 4.29e-06 2.38e-04 4.26e-06 6.67e-06 8.15e-05 8.15e-05 8.15e-03 8.15e-05 2.38e-04 8.15e-05 8.15e-05
88505 1.76830e+04 -3.91317e+00 6.08192e-04 1.70417e-03 8.43e-05 1.20e-06 2.46e-03 2.46e-04 2.48e-04 2.42e-07 2.37e-06 7.88e-05 4.25e-06 8.15e-03 4.29e-06 2.38e-04 4.26e-06 6.67e-06 8.15e-05 8.15e-05 8.15e-03 8.15e-05 2.38e-04 8.15e-05 8.15e-05
88555 1.76930e+04 -3.82248e+00 7.99208e-04 7.50639e-04 7.52e-05 1.40e-06 3.32e-03 3.46e-04 2.58e-04 2.99e-07 3.06e-06 7.88e-05 4.25e-06 8.15e-03 4.29e-06 2.38e-04 4.26e-06 6.67e-06 8.15e-05 8.15e-05 8.15e-03 8.15e-05 2.38e-04 8.15e-05 8.15e-05
88605 1.77030e+04 -3.72224e+00 6.58717e-04 3.26374e-04 7.92e-05 1.44e-06 2.49e-03 4.67e-04 2.52e-04 2.76e-07 2.34e-06 7.88e-05 4.25e-06 8.15e-03 4.29e-06 2.39e-04 4.26e-06 6.67e-06 8.15e-05 8.15e-05 8.15e-03 8.15e-05 2.39e-04 8.15e-05 8.15e-05
88655 1.77130e+04 -3.72290e+00 6.68399e-04 1.43252e-03 6.48e-05 1.47e-06 2.51e-03 4.63e-04 3.07e-04 2.96e-07 1.33e-06 7.88e-05 4.25e-06 8.15e-03 4.29e-06 2.39e-04 4.26e-06 6.67e-06 8.15e-05 8.15e-05 8.15e-03 8.15e-05 2.39e-04 8.15e-05 8.15e-05
88705 1.77230e+04 -3.73022e+00 6.36672e-04 3.39090e-03 9.73e-05 1.52e-06 2.35e-03 4.23e-04 3.11e-04 3.12e-07 8.72e-07 7.88e-05 4.25e-06 8.16e-03 4.29e-06 2.39e-04 4.26e-06 6.67e-06 8.16e-05 8.16e-05 8.16e-03 8.16e-05 2.39e-04 8.16e-05 8.16e-05
88755 1.77330e+04 -3.71488e+00 6.22606e-04 6.53967e-04 8.58e-05 1.76e-06 2.29e-03 4.68e-04 2.63e-04 3.19e-07 1.17e-06 7.88e-05 4.25e-06 8.16e-03 4.29e-06 2.39e-04 4.26e-06 6.67e-06 8.16e-05 8.16e-05 8.16e-03 8.16e-05 2.39e-04 8.16e-05 8.16e-05
88805 1.77430e+04 -3.70394e+00 7.73673e-04 1.73279e-03 7.82e-05 1.45e-06 3.03e-03 4.75e-04 2.82e-04 3.24e-07 1.03e-06 7.88e-05 4.25e-06 8.16e-03 4.29e-06 2.39e-04 4.26e-06 6.67e-06 8.16e-05 8.16e-05 8.16e-03 8.16e-05 2.39e-04 8.16e-05 8.16e-05
88855 1.77530e+04 -3.71098e+00 6.21989e-04 2.69278e-03 7.62e-05 1.93e-06 2.23e-03 4.52e-04 3.53e-04 3.68e-07 7.04e-07 7.88e-05 4.25e-06 8.17e-03 4.29e-06 2.39e-04 4.26e-06 6.67e-06 8.17e-05 8.17e-05 8.17e-03 8.17e-05 2.39e-04 8.17e-05 8.17e-05
88905 1.77630e+04 -3.88656e+00 5.71305e-04 2.57262e-03 6.97e-05 1.27e-06 2.23e-03 2.87e-04 2.70e-04 4.63e-07 1.01e-06 7.88e-05 4.25e-06 8.17e-03 4.29e-06 2.40e-04 4.26e-06 6.67e-06 8.17e-05 8.17e-05 8.17e-03 8.17e-05 2.40e-04 8.17e-05 8.17e-05
88955 1.77730e+04 -3.85889e+00 5.97991e-04 6.92313e-03 6.42e-05 1.53e-06 2.32e-03 3.16e-04 2.89e-04 5.25e-07 1.34e-06 7.88e-05 4.25e-06 8.16e-03 4.29e-06 2.40e-04 4.26e-06 6.67e-06 8.16e-05 8.16e-05 8.16e-03 8.16e-05 2.40e-04 8.16e-05 8.16e-05
89005 1.77830e+04 -3.84649e+00 6.11252e-04 4.37564e-03 1.19e-04 1.19e-06 2.37e-03 2.75e-04 2.90e-04 4.74e-07 9.47e-07 7.88e-05 4.25e-06 8.16e-03 4.29e-06 2.40e-04 4.26e-06 6.67e-06 8.16e-05 8.16e-05 8.16e-03 8.16e-05 2.40e-04 8.16e-05 8.16e-05
89055 1.77930e+04 -3.90135e+00 5.98683e-04 5.18275e-03 6.32e-05 1.48e-06 2.37e-03 2.65e-04 2.96e-04 3.88e-07 2.17e-06 7.88e-05 4.25e-06 8.16e-03 4.29e-06 2.40e-04 4.26e-06 6.67e-06 8.16e-05 8.16e-05 8.16e-03 8.16e-05 2.40e-04 8.16e-05 8.16e-05
89105 1.78030e+04 -3.89350e+00 5.87222e-04 5.05631e-03 6.80e-05 1.17e-06 2.31e-03 2.78e-04 2.75e-04 3.38e-07 9.55e-07 7.88e-05 4.25e-06 8.15e-03 4.29e-06 2.40e-04 4.26e-06 6.67e-06 8.15e-05 8.15e-05 8.15e-03 8.15e-05 2.40e-04 8.15e-05 8.15e-05
89155 1.78130e+04 -3.83963e+00 5.90501e-04 4.29342e-03 1.30e-04 1.52e-06 2.25e-03 2.66e-04 3.10e-04 3.68e-07 1.47e-06 7.88e-05 4.25e-06 8.15e-03 4.29e-06 2.40e-04 4.26e-06 6.67e-06 8.15e-05 8.15e-05 8.15e-03 8.15e-05 2.40e-04 8.15e-05 8.15e-05
89205 1.78230e+04 -3.86901e+00 5.74548e-04 4.59794e-03 1.26e-04 1.57e-06 2.25e-03 2.61e-04 2.38e-04 3.08e-07 9.54e-07 7.88e-05 4.25e-06 8.15e-03 4.29e-06 2.40e-04 4.26e-06 6.67e-06 8.15e-05 8.15e-05 8.15e-03 8.15e-05 2.40e-04 8.15e-05 8.15e-05
89255 1.78330e+04 -3.91873e+00 5.98980e-04 8.01050e-03 6.49e-05 1.47e-06 2.41e-03 2.54e-04 2.66e-04 3.05e-07 1.38e-06 7.88e-05 4.25e-06 8.14e-03 4.29e-06 2.40e-04 4.26e-06 6.67e-06 8.14e-05 8.14e-05 8.14e-03 8.14e-05 2.40e-04 8.14e-05 8.14e-05
89305 1.78430e+04 -3.84147e+00 6.25210e-04 5.04168e-03 1.39e-04 1.51e-06 2.46e-03 2.73e-04 2.50e-04 2.56e-07 1.15e-06 7.88e-05 4.25e-06 8.14e-03 4.29e-06 2.40e-04 4.26e-06 6.67e-06 8.14e-05 8.14e-05 8.14e-03 8.14e-05 2.40e-04 8.14e-05 8.14e-05
89355 1.78530e+04 -3.90066e+00 5.82782e-04 5.80454e-03 8.69e-05 1.48e-06 2.30e-03 2.50e-04 2.79e-04 3.32e-07 9.89e-07 7.88e-05 4.25e-06 8.14e-03 4.29e-06 2.40e-04 4.26e-06 6.67e-06 8.14e-05 8.14e-05 8.14e-03 8.14e-05 2.40e-04 8.14e-05 8.14e-05
89405 1.78630e+04 -3.90474e+00 5.99422e-04 5.20556e-03 7.71e-05 1.58e-06 2.39e-03 2.56e-04 2.76e-04 2.36e-07 6.85e-07 7.88e-05 4.25e-06 8.13e-03 4.29e-06 2.40e-04 4.26e-06 6.67e-06 8.13e-05 8.13e-05 8.13e-03 8.13e-05 2.40e-04 8.13e-05 8.13e-05
89455 1.78730e+04 -3.93083e+00 6.08767e-04 3.33083e-03 5.30e-05 1.25e-06 2.47e-03 2.50e-04 2.74e-04 2.73e-07 8.52e-07 7.88e-05 4.25e-06 8.13e-03 4.29e-06 2.40e-04 4.26e-06 6.67e-06 8.13e-05 8.13e-05 8.13e-03 8.13e-05 2.40e-04 8.13e-05 8.13e-05
89505 1.78830e+04 -3.94523e+00 5.92044e-04 4.37628e-03 5.61e-05 1.44e-06 2.42e-03 2.43e-04 2.37e-04 2.34e-07 9.32e-07 7.88e-05 4.25e-06 8.12e-03 4.29e-06 2.40e-04 4.26e-06 6.67e-06 8.12e-05 8.12e-05 8.12e-03 8.12e-05 2.40e-04 8.12e-05 8.12e-05
89555 1.78930e+04 -3.93018e+00 6.08678e-04 2.15975e-03 8.24e-05 1.76e-06 2.49e-03 2.35e-04 2.32e-04 2.17e-07 8.59e-07 7.88e-05 4.25e-06 8.12e-03 4.29e-06 2.40e-04 4.26e-06 6.67e-06 8.12e-05 8.12e-05 8.12e-03 8.12e-05 2.40e-04 8.12e-05 8.12e-05
89605 1.79030e+04 -3.93374e+00 5.86670e-04 1.64430e-03 7.62e-05 1.46e-06 2.39e-03 2.39e-04 2.30e-04 2.10e-07 1.50e-06 7.88e-05 4.25e-06 8.11e-03 4.29e-06 2.40e-04 4.26e-06 6.67e-06 8.11e-05 8.11e-05 8.11e-03 8.11e-05 2.40e-04 8.11e-05 8.11e-05
89655 1.79130e+04 -3.94282e+00 6.25115e-04 7.38382e-04 5.97e-05 1.68e-06 2.58e-03 2.38e-04 2.45e-04 1.97e-07 1.04e-06 7.88e-05 4.25e-06 8.11e-03 4.29e-06 2.40e-04 4.26e-06 6.67e-06 8.11e-05 8.11e-05 8.11e-03 8.11e-05 2.40e-04 8.11e-05 8.11e-05
89705 1.79230e+04 -3.79359e+00 7.06620e-04 1.51542e-04 1.13e-04 1.08e-06 2.80e-03 3.40e-04 2.83e-04 1.17e-07 1.50e-06 7.88e-05 4.25e-06 8.10e-03 4.29e-06 2.40e-04 4.26e-06 6.67e-06 8.10e-05 8.10e-05 8.10e-03 8.10e-05 2.40e-04 8.10e-05 8.10e-05
89755 1.79330e+04 -3.64285e+00 6.77387e-04 1.67421e-04 6.10e-05 1.73e-06 2.44e-03 5.48e-04 3.36e-04 1.63e-07 1.54e-06 7.88e-05 4.25e-06 8.10e-03 4.29e-06 2.41e-04 4.26e-06 6.67e-06 8.10e-05 8.10e-05 8.10e-03 8.10e-05 2.41e-04 8.10e-05 8.10e-05
89805 1.79430e+04 -3.64694e+00 8.40017e-04 4.06255e-04 7.06e-05 1.40e-06 3.23e-03 5.07e-04 3.92e-04 1.43e-07 1.57e-06 7.88e-05 4.25e-06 8.11e-03 4.29e-06 2.41e-04 4.26e-06 6.67e-06 8.11e-05 8.11e-05 8.11e-03 8.11e-05 2.41e-04 8.11e-05 8.11e-05
89855 1.79530e+04 -3.77048e+00 6.37076e-04 2.97593e-03 8.53e-05 1.69e-06 2.44e-03 4.06e-04 2.56e-04 2.02e-07 1.31e-06 7.88e-05 4.25e-06 8.11e-03 4.29e-06 2.41e-04 4.26e-06 6.67e-06 8.11e-05 8.11e-05 8.11e-03 8.11e-05 2.41e-04 8.11e-05 8.11e-05
89905 1.79630e+04 -3.86492e+00 5.78590e-04 4.24794e-03 6.31e-05 1.59e-06 2.26e-03 3.27e-04 2.44e-04 2.86e-07 9.31e-07 7.88e-05 4.25e-06 8.11e-03 4.29e-06 2.41e-04 4.26e-06 6.67e-06 8.11e-05 8.11e-05 8.11e-03 8.11e-05 2.41e-04 8.11e-05 8.11e-05
89955 1.79730e+04 -3.85641e+00 5.91708e-04 5.98368e-03 9.13e-05 1.35e-06 2.26e-03 2.83e-04 3.22e-04 2.24e-07 8.41e-07 7.88e-05 4.25e-06 8.11e-03 4.29e-06 2.41e-04 4.26e-06 6.67e-06 8.11e-05 8.11e-05 8.11e-03 8.11e-05 2.41e-04 8.11e-05 8.11e-05
90005 1.79820e+04 -3.88051e+00 5.82350e-04 2.34265e-03 9.19e-05 1.41e-06 2.26e-03 2.65e-04 2.93e-04 1.93e-07 6.71e-07 7.88e-05 4.25e-06 8.11e-03 4.29e-06 2.41e-04 4.26e-06 6.67e-06 8.11e-05 8.11e-05 8.11e-03 8.11e-05 2.41e-04 8.11e-05 8.11e-05
90055 1.79920e+04 -3.88409e+00 6.19563e-04 8.07019e-03 9.80e-05 1.15e-06 2.46e-03 2.58e-04 2.77e-04 3.03e-07 8.09e-07 7.88e-05 4.25e-06 8.10e-03 4.29e-06 2.41e-04 4.26e-06 6.67e-06 8.10e-05 8.10e-05 8.10e-03 8.10e-05 2.41e-04 8.10e-05 8.10e-05
90105 1.80020e+04 -3.89595e+00 5.83441e-04 6.53252e-03 7.67e-05 1.28e-06 2.30e-03 2.69e-04 2.70e-04 2.78e-07 9.02e-07 7.88e-05 4.25e-06 8.10e-03 4.29e-06 2.41e-04 4.26e-06 6.67e-06 8.10e-05 8.10e-05 8.10e-03 8.10e-05 2.41e-04 8.10e-05 8.10e-05
90155 1.80120e+04 -3.87214e+00 6.12607e-04 3.88471e-03 1.13e-04 1.34e-06 2.43e-03 2.65e-04 2.52e-04 2.33e-07 1.30e-06 7.88e-05 4.25e-06 8.10e-03 4.29e-06 2.41e-04 4.26e-06 6.67e-06 8.10e-05 8.10e-05 8.10e-03 8.10e-05 2.41e-04 8.10e-05 8.10e-05
90205 1.80220e+04 -3.89118e+00 5.93142e-04 3.07297e-03 7.29e-05 1.45e-06 2.33e-03 2.70e-04 2.93e-04 2.67e-07 1.05e-06 7.88e-05 4.25e-06 8.09e-03 4.29e-06 2.41e-04 4.26e-06 6.67e-06 8.09e-05 8.09e-05 8.09e-03 8.09e-05 2.41e-04 8.09e-05 8.09e-05
90255 1.80320e+04 -3.83189e+00 6.32761e-04 3.95708e-03 1.47e-04 1.37e-06 2.46e-03 2.61e-04 2.97e-04 2.42e-07 7.45e-07 7.88e-05 4.25e-06 8.09e-03 4.29e-06 2.41e-04 4.26e-06 6.67e-06 8.09e-05 8.09e-05 8.09e-03 8.09e-05 2.41e-04 8.09e-05 8.09e-05
90305 1.80420e+04 -3.86385e+00 6.13999e-04 2.91743e-03 1.27e-04 1.20e-06 2.42e-03 2.57e-04 2.62e-04 2.50e-07 9.76e-07 7.88e-05 4.25e-06 8.09e-03 4.29e-06 2.42e-04 4.26e-06 6.67e-06 8.09e-05 8.09e-05 8.09e-03 8.09e-05 2.42e-04 8.09e-05 8.09e-05
90355 1.80520e+04 -3.91366e+00 5.99316e-04 2.26415e-03 7.12e-05 1.13e-06 2.39e-03 2.50e-04 2.83e-04 3.43e-07 8.27e-07 7.88e-05 4.25e-06 8.08e-03 4.29e-06 2.42e-04 4.26e-06 6.67e-06 8.08e-05 8.08e-05 8.08e-03 8.08e-05 2.42e-04 8.08e-05 8.08e-05
90405 1.80620e+04 -3.86264e+00 6.31817e-04 3.59907e-03 1.65e-04 1.21e-06 2.54e-03 2.33e-04 2.22e-04 2.87e-07 9.16e-07 7.88e-05 4.25e-06 8.08e-03 4.29e-06 2.42e-04 4.26e-06 6.67e-06 8.08e-05 8.08e-05 8.08e-03 8.08e-05 2.42e-04 8.08e-05 8.08e-05
90455 1.80720e+04 -3.90317e+00 6.09093e-04 5.82074e-03 8.63e-05 1.28e-06 2.44e-03 2.51e-04 2.67e-04 1.54e-07 1.64e-06 7.88e-05 4.25e-06 8.07e-03 4.29e-06 2.42e-04 4.26e-06 6.67e-06 8.07e-05 8.07e-05 8.07e-03 8.07e-05 2.42e-04 8.07e-05 8.07e-05
90505 1.80820e+04 -3.92531e+00 5.87567e-04 3.67159e-03 6.67e-05 1.54e-06 2.38e-03 2.61e-04 2.24e-04 2.21e-07 1.07e-06 7.88e-05 4.25e-06 8.07e-03 4.29e-06 2.42e-04 4.26e-06 6.67e-06 8.07e-05 8.07e-05 8.07e-03 8.07e-05 2.42e-04 8.07e-05 8.07e-05
90555 1.80920e+04 -3.91920e+00 6.02648e-04 6.45887e-03 6.85e-05 1.84e-06 2.43e-03 2.55e-04 2.54e-04 3.00e-07 8.04e-07 7.88e-05 4.25e-06 8.07e-03 4.29e-06 2.42e-04 4.26e-06 6.67e-06 8.07e-05 8.07e-05 8.07e-03 8.07e-05 2.42e-04 8.07e-05 8.07e-05
90605 1.81020e+04 -3.90522e+00 5.74639e-04 3.78430e-03 7.22e-05 1.40e-06 2.28e-03 2.70e-04 2.54e-04 3.09e-07 8.01e-07 7.88e-05 4.25e-06 8.06e-03 4.29e-06 2.42e-04 4.26e-06 6.67e-06 8.06e-05 8.06e-05 8.06e-03 8.06e-05 2.42e-04 8.06e-05 8.06e-05
90655 1.81120e+04 -3.90560e+00 5.92075e-04 8.56517e-03 8.33e-05 1.44e-06 2.36e-03 2.55e-04 2.59e-04 3.51e-07 1.15e-06 7.88e-05 4.25e-06 8.06e-03 4.29e-06 2.42e-04 4.26e-06 6.67e-06 8.06e-05 8.06e-05 8.06e-03 8.06e-05 2.42e-04 8.06e-05 8.06e-05
90705 1.81220e+04 -3.89423e+00 5.79835e-04 5.54057e-03 1.05e-04 1.24e-06 2.31e-03 2.58e-04 2.23e-04 1.95e-07 1.35e-06 7.88e-05 4.25e-06 8.05e-03 4.29e-06 2.42e-04 4.26e-06 6.67e-06 8.05e-05 8.05e-05 8.05e-03 8.05e-05 2.42e-04 8.05e-05 8.05e-05
90755 1.81320e+04 -3.93142e+00 6.24019e-04 6.82885e-03 6.77e-05 1.15e-06 2.56e-03 2.44e-04 2.47e-04 2.36e-07 1.00e-06 7.88e-05 4.25e-06 8.05e-03 4.29e-06 2.42e-04 4.26e-06 6.67e-06 8.05e-05 8.05e-05 8.05e-03 8.05e-05 2.42e-04 8.05e-05 8.05e-05
90805 1.81420e+04 -3.95129e+00 6.12958e-04 4.14707e-03 6.31e-05 1.15e-06 2.54e-03 2.35e-04 2.21e-04 2.44e-07 9.71e-07 7.88e-05 4.25e-06 8.05e-03 4.29e-06 2.42e-04 4.26e-06 6.67e-06 8.05e-05 8.05e-05 8.05e-03 8.05e-05 2.42e-04 8.05e-05 8.05e-05
90855 1.81520e+04 -3.87136e+00 6.17684e-04 2.95475e-03 1.51e-04 1.31e-06 2.45e-03 2.27e-04 2.57e-04 2.04e-07 1.28e-06 7.88e-05 4.25e-06 8.04e-03 4.29e-06 2.42e-04 4.26e-06 6.67e-06 8.04e-05 8.04e-05 8.04e-03 8.04e-05 2.42e-04 8.04e-05 8.04e-05
90905 1.81620e+04 -3.92884e+00 6.27844e-04 5.12476e-03 6.17e-05 1.84e-06 2.57e-03 2.47e-04 2.63e-04 2.55e-07 1.38e-06 7.88e-05 4.25e-06 8.04e-03 4.29e-06 2.42e-04 4.26e-06 6.67e-06 8.04e-05 8.04e-05 8.04e-03 8.04e-05 2.42e-04 8.04e-05 8.04e-05
90955 1.81720e+04 -3.94228e+00 6.40240e-04 2.39287e-03 7.80e-05 1.59e-06 2.65e-03 2.17e-04 2.57e-04 2.57e-07 1.47e-06 7.88e-05 4.25e-06 8.03e-03 4.29e-06 2.42e-04 4.26e-06 6.67e-06 8.03e-05 8.03e-05 8.03e-03 8.03e-05 2.42e-04 8.03e-05 8.03e-05
91005 1.81820e+04 -3.88726e+00 5.92612e-04 1.10034e-03 1.21e-04 1.20e-06 2.35e-03 2.41e-04 2.54e-04 2.39e-07 1.13e-06 7.88e-05 4.25e-06 8.03e-03 4.29e-06 2.42e-04 4.26e-06 6.67e-06 8.03e-05 8.03e-05 8.03e-03 8.03e-05 2.42e-04 8.03e-05 8.03e-05
91055 1.81920e+04 -3.88206e+00 6.43274e-04 5.16740e-03 1.02e-04 1.16e-06 2.57e-03 2.52e-04 2.87e-04 3.15e-07 2.00e-06 7.88e-05 4.25e-06 8.02e-03 4.29e-06 2.42e-04 4.26e-06 6.67e-06 8.02e-05 8.02e-05 8.02e-03 8.02e-05 2.42e-04 8.02e-05 8.02e-05
91105 1.82020e+04 -3.94913e+00 5.87832e-04 2.52538e-03 6.89e-05 1.23e-06 2.40e-03 2.27e-04 2.40e-04 2.94e-07 2.03e-06 7.88e-05 4.25e-06 8.02e-03 4.29e-06 2.42e-04 4.26e-06 6.67e-06 8.02e-05 8.02e-05 8.02e-03 8.02e-05 2.42e-04 8.02e-05 8.02e-05
91155 1.82120e+04 -3.88874e+00 5.89075e-04 1.99453e-03 1.18e-04 1.16e-06 2.32e-03 2.35e-04 2.74e-04 2.51e-07 1.42e-06 7.88e-05 4.25e-06 8.02e-03 4.29e-06 2.42e-04 4.26e-06 6.67e-06 8.02e-05 8.02e-05 8.02e-03 8.02e-05 2.42e-04 8.02e-05 8.02e-05
91205 1.82220e+04 -3.93691e+00 6.01390e-04 3.73010e-03 6.64e-05 1.06e-06 2.44e-03 2.34e-04 2.65e-04 2.57e-07 2.41e-06 7.88e-05 4.25e-06 8.01e-03 4.29e-06 2.42e-04 4.26e-06 6.67e-06 8.01e-05 8.01e-05 8.01e-03 8.01e-05 2.42e-04 8.01e-05 8.01e-05
91255 1.82320e+04 -3.90449e+00 6.42107e-04 3.99809e-03 1.13e-04 1.09e-06 2.63e-03 2.34e-04 2.31e-04 1.81e-07 1.30e-06 7.88e-05 4.25e-06 8.01e-03 4.29e-06 2.42e-04 4.26e-06 6.67e-06 8.01e-05 8.01e-05 8.01e-03 8.01e-05 2.42e-04 8.01e-05 8.01e-05
91305 1.82420e+04 -3.92208e+00 6.01316e-04 3.01749e-03 6.99e-05 1.32e-06 2.44e-03 2.56e-04 2.38e-04 1.58e-07 2.23e-06 7.88e-05 4.25e-06 8.00e-03 4.29e-06 2.42e-04 4.26e-06 6.67e-06 8.00e-05 8.00e-05 8.00e-03 8.00e-05 2.42e-04 8.00e-05 8.00e-05
91355 1.82520e+04 -3.93797e+00 6.26123e-04 3.24740e-03 7.46e-05 1.12e-06 2.58e-03 2.27e-04 2.52e-04 1.74e-07 3.68e-06 7.88e-05 4.25e-06 8.00e-03 4.29e-06 2.42e-04 4.26e-06 6.67e-06 8.00e-05 8.00e-05 8.00e-03 8.00e-05 2.42e-04 8.00e-05 8.00e-05
91405 1.82620e+04 -3.92998e+00 6.99049e-04 1.10404e-03 5.72e-05 1.72e-06 2.93e-03 2.48e-04 2.60e-04 1.66e-07 1.72e-06 7.88e-05 4.25e-06 7.99e-03 4.29e-06 2.42e-04 4.26e-06 6.67e-06 7.99e-05 7.99e-05 7.99e-03 7.99e-05 2.42e-04 7.99e-05 7.99e-05
91455 1.82720e+04 -3.90214e+00 7.23245e-04 6.99048e-04 6.13e-05 1.74e-06 3.02e-03 2.77e-04 2.52e-04 1.49e-07 1.26e-06 7.88e-05 4.25e-06 7.99e-03 4.29e-06 2.42e-04 4.26e-06 6.67e-06 7.99e-05 7.99e-05 7.99e-03 7.99e-05 2.42e-04 7.99e-05 7.99e-05
91505 1.82820e+04 -3.82652e+00 7.65250e-04 3.57737e-04 1.02e-04 1.47e-06 3.13e-03 3.07e-04 2.85e-04 1.95e-07 3.49e-06 7.88e-05 4.25e-06 7.99e-03 4.29e-06 2.43e-04 4.26e-06 6.67e-06 7.99e-05 7.99e-05 7.99e-03 7.99e-05 2.43e-04 7.99e-05 7.99e-05
91555 1.82920e+04 -3.75076e+00 7.62634e-04 3.98888e-04 1.02e-04 1.34e-06 3.02e-03 3.90e-04 3.01e-04 1.75e-07 1.52e-06 7.88e-05 4.25e-06 7.99e-03 4.29e-06 2.43e-04 4.26e-06 6.67e-06 7.99e-05 7.99e-05 7.99e-03 7.99e-05 2.43e-04 7.99e-05 7.99e-05
91605 1.83020e+04 -3.79338e+00 6.21267e-04 4.11573e-03 5.72e-05 1.46e-06 2.35e-03 3.92e-04 3.09e-04 2.24e-07 7.77e-07 7.88e-05 4.25e-06 8.00e-03 4.29e-06 2.43e-04 4.26e-06 6.67e-06 8.00e-05 8.00e-05 8.00e-03 8.00e-05 2.43e-04 8.00e-05 8.00e-05
91655 1.83120e+04 -3.91492e+00 6.07379e-04 4.82170e-03 5.70e-05 1.34e-06 2.44e-03 2.69e-04 2.68e-04 2.46e-07 6.98e-07 7.88e-05 4.25e-06 8.00e-03 4.29e-06 2.43e-04 4.26e-06 6.67e-06 8.00e-05 8.00e-05 8.00e-03 8.00e-05 2.43e-04 8.00e-05 8.00e-05
91705 1.83220e+04 -3.92232e+00 6.11487e-04 5.47227e-03 8.26e-05 1.43e-06 2.48e-03 2.38e-04 2.56e-04 1.93e-07 1.60e-06 7.88e-05 4.25e-06 7.99e-03 4.29e-06 2.43e-04 4.26e-06 6.67e-06 7.99e-05 7.99e-05 7.99e-03 7.99e-05 2.43e-04 7.99e-05 7.99e-05
91755 1.83320e+04 -3.90808e+00 6.21331e-04 2.68253e-03 1.03e-04 1.40e-06 2.51e-03 2.31e-04 2.64e-04 2.21e-07 8.73e-07 7.88e-05 4.25e-06 7.99e-03 4.29e-06 2.43e-04 4.26e-06 6.67e-06 7.99e-05 7.99e-05 7.99e-03 7.99e-05 2.43e-04 7.99e-05 7.99e-05
91805 1.83420e+04 -3.91107e+00 7.07552e-04 9.38002e-04 7.12e-05 1.25e-06 2.94e-03 2.52e-04 2.73e-04 1.73e-07 1.00e-06 7.88e-05 4.25e-06 7.98e-03 4.29e-06 2.43e-04 4.26e-06 6.67e-06 7.98e-05 7.98e-05 7.98e-03 7.98e-05 2.43e-04 7.98e-05 7.98e-05
91855 1.83520e+04 -3.85694e+00 7.39709e-04 2.50766e-04 7.25e-05 1.28e-06 3.06e-03 3.17e-04 2.50e-04 1.47e-07 1.88e-06 7.88e-05 4.25e-06 7.98e-03 4.29e-06 2.43e-04 4.26e-06 6.67e-06 7.98e-05 7.98e-05 7.98e-03 7.98e-05 2.43e-04 7.98e-05 7.98e-05
91905 1.83620e+04 -3.83337e+00 7.17523e-04 1.86638e-04 1.24e-04 1.69e-06 2.91e-03 2.91e-04 2.57e-04 1.13e-07 1.61e-06 7.88e-05 4.25e-06 7.98e-03 4.29e-06 2.43e-04 4.26e-06 6.67e-06 7.98e-05 7.98e-05 7.98e-03 7.98e-05 2.43e-04 7.98e-05 7.98e-05
91955 1.83720e+04 -3.85524e+00 7.12315e-04 2.42754e-04 7.65e-05 1.40e-06 2.89e-03 3.02e-04 2.95e-04 3.17e-07 1.22e-06 7.88e-05 4.25e-06 7.98e-03 4.29e-06 2.44e-04 4.26e-06 6.67e-06 7.98e-05 7.98e-05 7.98e-03 7.98e-05 2.44e-04 7.98e-05 7.98e-05
92005 1.83820e+04 -3.83843e+00 7.20671e-04 1.03836e-04 6.35e-05 1.60e-06 2.93e-03 3.45e-04 2.59e-04 2.00e-07 1.35e-06 7.88e-05 4.25e-06 7.98e-03 4.29e-06 2.44e-04 4.26e-06 6.67e-06 7.98e-05 7.98e-05 7.98e-03 7.98e-05 2.44e-04 7.98e-05 7.98e-05
92055 1.83920e+04 -3.57699e+00 6.72140e-04 2.18997e-04 1.24e-04 2.02e-06 2.34e-03 5.56e-04 3.39e-04 2.01e-07 1.53e-06 7.88e-05 4.25e-06 7.99e-03 4.29e-06 2.44e-04 4.26e-06 6.67e-06 7.99e-05 7.99e-05 7.99e-03 7.99e-05 2.44e-04 7.99e-05 7.99e-05
92105 1.84020e+04 -3.77825e+00 6.35659e-04 3.35993e-05 5.71e-05 1.51e-06 2.43e-03 4.18e-04 2.75e-04 2.73e-07 1.57e-06 7.88e-05 4.25e-06 7.99e-03 4.29e-06 2.44e-04 4.26e-06 6.67e-06 7.99e-05 7.99e-05 7.99e-03 7.99e-05 2.44e-04 7.99e-05 7.99e-05
92155 1.84120e+04 -3.84212e+00 5.77848e-04 3.88624e-03 1.21e-04 1.27e-06 2.20e-03 2.80e-04 2.91e-04 2.76e-07 1.81e-06 7.88e-05 4.25e-06 7.99e-03 4.29e-06 2.44e-04 4.26e-06 6.67e-06 7.99e-05 7.99e-05 7.99e-03 7.99e-05 2.44e-04 7.99e-05 7.99e-05
92205 1.84220e+04 -3.88272e+00 5.77191e-04 2.05173e-03 8.54e-05 1.33e-06 2.26e-03 2.81e-04 2.60e-04 2.39e-07 1.17e-06 7.88e-05 4.25e-06 7.99e-03 4.29e-06 2.44e-04 4.26e-06 6.67e-06 7.99e-05 7.99e-05 7.99e-03 7.99e-05 2.44e-04 7.99e-05 7.99e-05
92255 1.84320e+04 -3.88266e+00 6.04286e-04 4.61292e-03 7.73e-05 1.32e-06 2.41e-03 2.95e-04 2.35e-04 2.42e-07 1.57e-06 7.88e-05 4.25e-06 7.98e-03 4.29e-06 2.44e-04 4.26e-06 6.67e-06 7.98e-05 7.98e-05 7.98e-03 7.98e-05 2.44e-04 7.98e-05 7.98e-05
92305 1.84420e+04 -3.83249e+00 6.07511e-04 2.64934e-03 1.22e-04 1.13e-06 2.35e-03 2.96e-04 2.69e-04 2.42e-07 1.32e-06 7.88e-05 4.25e-06 7.98e-03 4.29e-06 2.44e-04 4.26e-06 6.67e-06 7.98e-05 7.98e-05 7.98e-03 7.98e-05 2.44e-04 7.98e-05 7.98e-05
92355 1.84520e+04 -3.88294e+00 6.01710e-04 3.72619e-03 8.49e-05 1.14e-06 2.38e-03 2.80e-04 2.60e-04 2.15e-07 1.29e-06 7.88e-05 4.25e-06 7.98e-03 4.29e-06 2.44e-04 4.26e-06 6.67e-06 7.98e-05 7.98e-05 7.98e-03 7.98e-05 2.44e-04 7.98e-05 7.98e-05
92405 1.84620e+04 -3.90683e+00 5.84153e-04 7.63799e-03 6.77e-05 1.19e-06 2.33e-03 2.75e-04 2.48e-04 1.91e-07 1.50e-06 7.88e-05 4.25e-06 7.98e-03 4.29e-06 2.44e-04 4.26e-06 6.67e-06 7.98e-05 7.98e-05 7.98e-03 7.98e-05 2.44e-04 7.98e-05 7.98e-05
92455 1.84720e+04 -3.85580e+00 6.04721e-04 6.26801e-03 9.18e-05 1.43e-06 2.34e-03 2.92e-04 2.95e-04 2.33e-07 1.22e-06 7.88e-05 4.25e-06 7.97e-03 4.29e-06 2.44e-04 4.26e-06 6.67e-06 7.97e-05 7.97e-05 7.97e-03 7.97e-05 2.44e-04 7.97e-05 7.97e-05
92505 1.84820e+04 -3.88734e+00 6.07943e-04 3.84590e-03 6.16e-05 1.58e-06 2.41e-03 2.93e-04 2.76e-04 2.60e-07 1.16e-06 7.88e-05 4.25e-06 7.97e-03 4.29e-06 2.44e-04 4.26e-06 6.67e-06 7.97e-05 7.97e-05 7.97e-03 7.97e-05 2.44e-04 7.97e-05 7.97e-05
92555 1.84920e+04 -3.85040e+00 5.86661e-04 7.57309e-03 1.10e-04 1.33e-06 2.26e-03 2.90e-04 2.69e-04 1.49e-07 1.08e-06 7.88e-05 4.25e-06 7.97e-03 4.29e-06 2.44e-04 4.26e-06 6.67e-06 7.97e-05 7.97e-05 7.97e-03 7.97e-05 2.44e-04 7.97e-05 7.97e-05
92605 1.85020e+04 -3.87634e+00 5.83563e-04 9.02808e-03 7.09e-05 1.47e-06 2.29e-03 3.08e-04 2.43e-04 1.98e-07 1.00e-06 7.88e-05 4.25e-06 7.97e-03 4.29e-06 2.45e-04 4.26e-06 6.67e-06 7.97e-05 7.97e-05 7.97e-03 7.97e-05 2.45e-04 7.97e-05 7.97e-05
92655 1.85120e+04 -3.85996e+00 6.10256e-04 6.85256e-03 1.08e-04 1.83e-06 2.40e-03 2.82e-04 2.54e-04 1.32e-07 2.06e-06 7.88e-05 4.25e-06 7.97e-03 4.29e-06 2.45e-04 4.26e-06 6.67e-06 7.97e-05 7.97e-05 7.97e-03 7.97e-05 2.45e-04 7.97e-05 7.97e-05
92705 1.85220e+04 -3.84623e+00 6.04025e-04 9.11707e-03 1.04e-04 1.65e-06 2.33e-03 2.90e-04 2.93e-04 3.30e-07 1.72e-06 7.88e-05 4.25e-06 7.96e-03 4.29e-06 2.45e-04 4.26e-06 6.67e-06 7.96e-05 7.96e-05 7.96e-03 7.96e-05 2.45e-04 7.96e-05 7.96e-05
92755 1.85320e+04 -3.87702e+00 5.69111e-04 1.10920e-02 1.04e-04 1.38e-06 2.21e-03 2.68e-04 2.63e-04 3.22e-07 1.63e-06 7.88e-05 4.25e-06 7.96e-03 4.29e-06 2.45e-04 4.26e-06 6.67e-06 7.96e-05 7.96e-05 7.96e-03 7.96e-05 2.45e-04 7.96e-05 7.96e-05
92805 1.85420e+04 -3.85165e+00 5.95153e-04 1.33026e-02 1.02e-04 1.35e-06 2.32e-03 3.02e-04 2.45e-04 2.17e-07 2.14e-06 7.88e-05 4.25e-06 7.96e-03 4.29e-06 2.45e-04 4.26e-06 6.67e-06 7.96e-05 7.96e-05 7.96e-03 7.96e-05 2.45e-04 7.96e-05 7.96e-05
92855 1.85520e+04 -3.86887e+00 5.74466e-04 1.03118e-02 1.15e-04 1.52e-06 2.24e-03 2.72e-04 2.42e-04 2.52e-07 1.36e-06 7.88e-05 4.25e-06 7.96e-03 4.29e-06 2.45e-04 4.26e-06 6.67e-06 7.96e-05 7.96e-05 7.96e-03 7.96e-05 2.45e-04 7.96e-05 7.96e-05
92905 1.85620e+04 -3.88654e+00 5.82862e-04 1.53407e-02 7.60e-05 1.38e-06 2.29e-03 2.85e-04 2.62e-04 2.39e-07 1.83e-06 7.88e-05 4.25e-06 7.96e-03 4.29e-06 2.45e-04 4.26e-06 6.67e-06 7.96e-05 7.96e-05 7.96e-03 7.96e-05 2.45e-04 7.96e-05 7.96e-05
92955 1.85720e+04 -3.47095e+00 8.60221e-04 1.06523e-02 1.20e-04 1.23e-06 3.11e-03 6.39e-04 4.34e-04 2.55e-07 2.56e-06 7.88e-05 4.25e-06 7.95e-03 4.29e-06 2.45e-04 4.26e-06 6.67e-06 7.95e-05 7.95e-05 7.95e-03 7.95e-05 2.45e-04 7.95e-05 7.95e-05
93005 1.85820e+04 -3.56492e+00 8.82140e-04 9.56570e-03 1.11e-04 1.19e-06 3.35e-03 5.58e-04 3.86e-04 2.31e-07 7.17e-07 7.88e-05 4.25e-06 7.96e-03 4.29e-06 2.45e-04 4.26e-06 6.67e-06 7.96e-05 7.96e-05 7.96e-03 7.96e-05 2.45e-04 7.96e-05 7.96e-05
93055 1.85920e+04 -3.91066e+00 5.85166e-04 9.85321e-03 6.53e-05 1.44e-06 2.33e-03 2.70e-04 2.55e-04 2.38e-07 2.04e-06 7.88e-05 4.25e-06 7.96e-03 4.29e-06 2.45e-04 4.26e-06 6.67e-06 7.96e-05 7.96e-05 7.96e-03 7.96e-05 2.45e-04 7.96e-05 7.96e-05
93105 1.86020e+04 -3.87999e+00 5.50786e-04 1.14353e-02 6.11e-05 1.67e-06 2.11e-03 2.99e-04 2.86e-04 2.03e-07 3.37e-06 7.88e-05 4.25e-06 7.95e-03 4.29e-06 2.45e-04 4.26e-06 6.67e-06 7.95e-05 7.95e-05 7.95e-03 7.95e-05 2.45e-04 7.95e-05 7.95e-05
93155 1.86120e+04 -3.81904e+00 5.72720e-04 1.00169e-02 1.49e-04 1.63e-06 2.18e-03 2.93e-04 2.43e-04 2.36e-07 1.65e-06 7.88e-05 4.25e-06 7.95e-03 4.29e-06 2.45e-04 4.26e-06 6.67e-06 7.95e-05 7.95e-05 7.95e-03 7.95e-05 2.45e-04 7.95e-05 7.95e-05
93205 1.86220e+04 -3.89596e+00 5.66687e-04 1.04204e-02 5.78e-05 1.56e-06 2.23e-03 2.99e-04 2.45e-04 2.20e-07 8.38e-07 7.88e-05 4.25e-06 7.95e-03 4.29e-06 2.45e-04 4.26e-06 6.67e-06 7.95e-05 7.95e-05 7.95e-03 7.95e-05 2.45e-04 7.95e-05 7.95e-05
93255 1.86320e+04 -3.88232e+00 5.92378e-04 6.92715e-03 5.79e-05 1.63e-06 2.32e-03 3.01e-04 2.81e-04 1.79e-07 1.36e-06 7.88e-05 4.25e-06 7.95e-03 4.29e-06 2.46e-04 4.26e-06 6.67e-06 7.95e-05 7.95e-05 7.95e-03 7.95e-05 2.46e-04 7.95e-05 7.95e-05
93305 1.86420e+04 -3.80572e+00 5.87893e-04 8.76922e-03 1.42e-04 1.49e-06 2.24e-03 3.16e-04 2.44e-04 2.12e-07 7.53e-07 7.88e-05 4.25e-06 7.95e-03 4.29e-06 2.46e-04 4.26e-06 6.67e-06 7.95e-05 7.95e-05 7.95e-03 7.95e-05 2.46e-04 7.95e-05 7.95e-05
93355 1.86520e+04 -3.61295e+00 8.01036e-04 1.04170e-02 8.37e-05 1.24e-06 3.02e-03 5.44e-04 3.55e-04 1.86e-07 2.11e-06 7.88e-05 4.25e-06 7.95e-03 4.29e-06 2.46e-04 4.26e-06 6.67e-06 7.95e-05 7.95e-05 7.95e-03 7.95e-05 2.46e-04 7.95e-05 7.95e-05
93405 1.86620e+04 -3.64525e+00 7.82025e-04 1.16836e-02 8.36e-05 1.24e-06 3.01e-03 5.33e-04 2.80e-04 1.82e-07 1.18e-06 7.88e-05 4.25e-06 7.95e-03 4.29e-06 2.46e-04 4.26e-06 6.67e-06 7.95e-05 7.95e-05 7.95e-03 7.95e-05 2.46e-04 7.95e-05 7.95e-05
93455 1.86720e+04 -3.87097e+00 6.05474e-04 1.14366e-02 7.02e-05 1.43e-06 2.36e-03 2.95e-04 2.98e-04 2.22e-07 2.20e-06 7.88e-05 4.25e-06 7.95e-03 4.29e-06 2.46e-04 4.26e-06 6.67e-06 7.95e-05 7.95e-05 7.95e-03 7.95e-05 2.46e-04 7.95e-05 7.95e-05
93505 1.86820e+04 -3.86530e+00 5.64403e-04 1.06445e-02 7.41e-05 1.73e-06 2.16e-03 3.05e-04 2.83e-04 2.15e-07 1.40e-06 7.88e-05 4.25e-06 7.95e-03 4.29e-06 2.46e-04 4.26e-06 6.67e-06 7.95e-05 7.95e-05 7.95e-03 7.95e-05 2.46e-04 7.95e-05 7.95e-05
93555 1.86920e+04 -3.63658e+00 8.13176e-04 9.62586e-03 7.82e-05 1.35e-06 3.01e-03 4.76e-04 5.05e-04 1.98e-07 1.22e-06 7.88e-05 4.25e-06 7.95e-03 4.29e-06 2.46e-04 4.26e-06 6.67e-06 7.95e-05 7.95e-05 7.95e-03 7.95e-05 2.46e-04 7.95e-05 7.95e-05
93605 1.87020e+04 -3.89638e+00 5.64042e-04 1.29178e-02 6.41e-05 1.66e-06 2.19e-03 2.80e-04 2.84e-04 3.04e-07 8.17e-07 7.88e-05 4.25e-06 7.95e-03 4.29e-06 2.46e-04 4.26e-06 6.67e-06 7.95e-05 7.95e-05 7.95e-03 7.95e-05 2.46e-04 7.95e-05 7.95e-05
93655 1.87120e+04 -3.81836e+00 5.96196e-04 1.27432e-02 6.49e-05 2.03e-06 2.19e-03 3.27e-04 4.01e-04 1.68e-07 1.91e-06 7.88e-05 4.25e-06 7.95e-03 4.29e-06 2.47e-04 4.26e-06 6.67e-06 7.95e-05 7.95e-05 7.95e-03 7.95e-05 2.47e-04 7.95e-05 7.95e-05
93705 1.87220e+04 -3.84945e+00 5.75132e-04 1.34158e-02 6.84e-05 1.84e-06 2.13e-03 2.99e-04 3.76e-04 2.14e-07 1.01e-06 7.88e-05 4.25e-06 7.95e-03 4.29e-06 2.47e-04 4.26e-06 6.67e-06 7.95e-05 7.95e-05 7.95e-03 7.95e-05 2.47e-04 7.95e-05 7.95e-05
93755 1.87320e+04 -3.85953e+00 5.90875e-04 1.24856e-02 6.55e-05 1.76e-06 2.28e-03 3.15e-04 2.93e-04 4.53e-07 1.06e-06 7.88e-05 4.25e-06 7.95e-03 4.29e-06 2.47e-04 4.26e-06 6.67e-06 7.95e-05 7.95e-05 7.95e-03 7.95e-05 2.47e-04 7.95e-05 7.95e-05
93805 1.87420e+04 -3.89010e+00 5.88137e-04 1.17986e-02 6.00e-05 1.52e-06 2.29e-03 2.82e-04 3.09e-04 2.97e-07 1.52e-06 7.88e-05 4.25e-06 7.95e-03 4.29e-06 2.47e-04 4.26e-06 6.67e-06 7.95e-05 7.95e-05 7.95e-03 7.95e-05 2.47e-04 7.95e-05 7.95e-05
93855 1.87520e+04 -3.69105e+00 7.80178e-04 1.30737e-02 8.42e-05 1.38e-06 3.05e-03 4.77e-04 2.84e-04 1.72e-07 4.63e-06 7.88e-05 4.25e-06 7.95e-03 4.29e-06 2.47e-04 4.26e-06 6.67e-06 7.95e-05 7.95e-05 7.95e-03 7.95e-05 2.47e-04 7.95e-05 7.95e-05
93905 1.87620e+04 -3.68244e+00 8.11467e-04 1.28097e-02 6.70e-05 1.40e-06 3.19e-03 5.00e-04 3.00e-04 1.75e-07 1.12e-06 7.88e-05 4.25e-06 7.95e-03 4.29e-06 2.47e-04 4.26e-06 6.67e-06 7.95e-05 7.95e-05 7.95e-03 7.95e-05 2.47e-04 7.95e-05 7.95e-05
93955 1.87720e+04 -3.89213e+00 5.71861e-04 1.27605e-02 5.70e-05 1.88e-06 2.23e-03 2.94e-04 2.75e-04 2.83e-07 8.47e-07 7.88e-05 4.25e-06 7.95e-03 4.29e-06 2.47e-04 4.26e-06 6.67e-06 7.95e-05 7.95e-05 7.95e-03 7.95e-05 2.47e-04 7.95e-05 7.95e-05
94005 1.87820e+04 -3.89226e+00 5.64525e-04 1.25441e-02 5.50e-05 1.80e-06 2.21e-03 3.01e-04 2.60e-04 2.41e-07 1.17e-06 7.88e-05 4.25e-06 7.95e-03 4.29e-06 2.47e-04 4.26e-06 6.67e-06 7.95e-05 7.95e-05 7.95e-03 7.95e-05 2.47e-04 7.95e-05 7.95e-05
94055 1.87920e+04 -3.85468e+00 5.99181e-04 1.47105e-02 5.38e-05 1.95e-06 2.23e-03 2.94e-04 4.14e-04 2.98e-07 9.92e-07 7.88e-05 4.25e-06 7.95e-03 4.29e-06 2.47e-04 4.26e-06 6.67e-06 7.95e-05 7.95e-05 7.95e-03 7.95e-05 2.47e-04 7.95e-05 7.95e-05
94105 1.88020e+04 -3.88427e+00 6.03217e-04 8.80024e-03 6.13e-05 1.44e-06 2.39e-03 3.00e-04 2.68e-04 1.72e-07 1.34e-06 7.88e-05 4.25e-06 7.95e-03 4.29e-06 2.48e-04 4.26e-06 6.67e-06 7.95e-05 7.95e-05 7.95e-03 7.95e-05 2.48e-04 7.95e-05 7.95e-05
94155 1.88120e+04 -3.87607e+00 5.75961e-04 9.03601e-03 5.39e-05 1.87e-06 2.24e-03 3.17e-04 2.68e-04 2.44e-07 1.02e-06 7.88e-05 4.25e-06 7.95e-03 4.29e-06 2.48e-04 4.26e-06 6.67e-06 7.95e-05 7.95e-05 7.95e-03 7.95e-05 2.48e-04 7.95e-05 7.95e-05
94205 1.88220e+04 -3.90773e+00 5.28314e-04 7.42103e-03 5.36e-05 1.81e-06 2.03e-03 2.81e-04 2.74e-04 3.11e-07 2.44e-06 7.88e-05 4.25e-06 7.95e-03 4.29e-06 2.48e-04 4.26e-06 6.67e-06 7.95e-05 7.95e-05 7.95e-03 7.95e-05 2.48e-04 7.95e-05 7.95e-05
94255 1.88320e+04 -3.65876e+00 8.49246e-04 1.07345e-02 6.86e-05 1.52e-06 3.33e-03 5.11e-04 3.39e-04 2.25e-07 8.27e-07 7.88e-05 4.25e-06 7.95e-03 4.29e-06 2.48e-04 4.26e-06 6.67e-06 7.95e-05 7.95e-05 7.95e-03 7.95e-05 2.48e-04 7.95e-05 7.95e-05
94305 1.88420e+04 -3.64977e+00 7.89710e-04 9.07258e-03 8.81e-05 1.45e-06 3.02e-03 5.06e-04 3.36e-04 1.47e-07 1.02e-06 7.88e-05 4.25e-06 7.95e-03 4.29e-06 2.48e-04 4.26e-06 6.67e-06 7.95e-05 7.95e-05 7.95e-03 7.95e-05 2.48e-04 7.95e-05 7.95e-05
94355 1.88520e+04 -3.82561e+00 6.04855e-04 1.16179e-02 8.55e-05 1.43e-06 2.30e-03 3.26e-04 3.14e-04 2.36e-07 1.68e-06 7.88e-05 4.25e-06 7.95e-03 4.29e-06 2.48e-04 4.26e-06 6.67e-06 7.95e-05 7.95e-05 7.95e-03 7.95e-05 2.48e-04 7.95e-05 7.95e-05
94405 1.88620e+04 -3.88249e+00 5.68851e-04 1.12318e-02 6.89e-05 1.46e-06 2.18e-03 2.85e-04 3.04e-04 2.43e-07 8.75e-07 7.88e-05 4.25e-06 7.95e-03 4.29e-06 2.48e-04 4.26e-06 6.67e-06 7.95e-05 7.95e-05 7.95e-03 7.95e-05 2.48e-04 7.95e-05 7.95e-05
94455 1.88720e+04 -3.87249e+00 6.19816e-04 1.26099e-02 6.54e-05 1.65e-06 2.42e-03 2.89e-04 3.25e-04 3.43e-07 2.08e-06 7.88e-05 4.25e-06 7.95e-03 4.29e-06 2.48e-04 4.26e-06 6.67e-06 7.95e-05 7.95e-05 7.95e-03 7.95e-05 2.48e-04 7.95e-05 7.95e-05
94505 1.88820e+04 -3.51332e+00 8.43913e-04 1.39370e-02 1.44e-04 1.43e-06 3.15e-03 6.07e-04 3.16e-04 3.84e-07 8.89e-07 7.88e-05 4.25e-06 7.95e-03 4.29e-06 2.48e-04 4.26e-06 6.67e-06 7.95e-05 7.95e-05 7.95e-03 7.95e-05 2.48e-04 7.95e-05 7.95e-05
94555 1.88920e+04 -3.86712e+00 5.79568e-04 1.17522e-02 5.74e-05 1.68e-06 2.23e-03 3.14e-04 2.97e-04 2.28e-07 1.62e-06 7.88e-05 4.25e-06 7.95e-03 4.29e-06 2.48e-04 4.26e-06 6.67e-06 7.95e-05 7.95e-05 7.95e-03 7.95e-05 2.48e-04 7.95e-05 7.95e-05
94605 1.89020e+04 -3.57459e+00 8.65376e-04 1.59127e-02 8.34e-05 1.34e-06 3.30e-03 5.83e-04 3.61e-04 3.21e-07 1.18e-06 7.88e-05 4.25e-06 7.95e-03 4.29e-06 2.49e-04 4.26e-06 6.67e-06 7.95e-05 7.95e-05 7.95e-03 7.95e-05 2.49e-04 7.95e-05 7.95e-05
94655 1.89120e+04 -3.85910e+00 5.66485e-04 1.07872e-02 6.50e-05 1.49e-06 2.16e-03 3.20e-04 2.89e-04 2.86e-07 8.07e-07 7.88e-05 4.25e-06 7.95e-03 4.29e-06 2.49e-04 4.26e-06 6.67e-06 7.95e-05 7.95e-05 7.95e-03 7.95e-05 2.49e-04 7.95e-05 7.95e-05
94705 1.89220e+04 -3.88447e+00 5.54270e-04 1.49014e-02 7.01e-05 1.61e-06 2.12e-03 2.86e-04 2.92e-04 2.38e-07 8.87e-07 7.88e-05 4.25e-06 7.95e-03 4.29e-06 2.49e-04 4.26e-06 6.67e-06 7.95e-05 7.95e-05 7.95e-03 7.95e-05 2.49e-04 7.95e-05 7.95e-05
94755 1.89320e+04 -3.84175e+00 6.06045e-04 1.24199e-02 5.96e-05 1.70e-06 2.25e-03 3.01e-04 4.21e-04 2.12e-07 7.65e-07 7.88e-05 4.25e-06 7.95e-03 4.29e-06 2.49e-04 4.26e-06 6.67e-06 7.95e-05 7.95e-05 7.95e-03 7.95e-05 2.49e-04 7.95e-05 7.95e-05
94805 1.89420e+04 -3.86883e+00 5.70282e-04 1.07511e-02 5.86e-05 1.81e-06 2.16e-03 3.03e-04 3.25e-04 1.86e-07 1.31e-06 7.88e-05 4.25e-06 7.95e-03 4.29e-06 2.49e-04 4.26e-06 6.67e-06 7.95e-05 7.95e-05 7.95e-03 7.95e-05 2.49e-04 7.95e-05 7.95e-05
94855 1.89520e+04 -3.42830e+00 9.01305e-04 7.94471e-03 1.55e-04 1.47e-06 3.17e-03 6.11e-04 5.66e-04 2.19e-07 1.39e-06 7.88e-05 4.25e-06 7.95e-03 4.29e-06 2.49e-04 4.26e-06 6.67e-06 7.95e-05 7.95e-05 7.95e-03 7.95e-05 2.49e-04 7.95e-05 7.95e-05
94905 1.89620e+04 -3.79495e+00 5.74861e-04 1.02116e-02 1.55e-04 1.74e-06 2.14e-03 3.06e-04 2.72e-04 3.26e-07 1.02e-06 7.88e-05 4.25e-06 7.95e-03 4.29e-06 2.49e-04 4.26e-06 6.67e-06 7.95e-05 7.95e-05 7.95e-03 7.95e-05 2.49e-04 7.95e-05 7.95e-05
94955 1.89720e+04 -3.85219e+00 5.73670e-04 1.29421e-02 7.18e-05 1.82e-06 2.17e-03 3.11e-04 3.17e-04 2.76e-07 7.81e-07 7.88e-05 4.25e-06 7.95e-03 4.29e-06 2.49e-04 4.26e-06 6.67e-06 7.95e-05 7.95e-05 7.95e-03 7.95e-05 2.49e-04 7.95e-05 7.95e-05
95005 1.89810e+04 -3.58775e+00 7.94535e-04 1.81838e-02 7.26e-05 1.57e-06 2.98e-03 5.96e-04 3.22e-04 3.04e-07 7.54e-07 7.88e-05 4.25e-06 7.95e-03 4.29e-06 2.49e-04 4.26e-06 6.67e-06 7.95e-05 7.95e-05 7.95e-03 7.95e-05 2.49e-04 7.95e-05 7.95e-05
95055 1.89910e+04 -3.87426e+00 5.85378e-04 1.58170e-02 5.72e-05 1.76e-06 2.25e-03 2.99e-04 3.21e-04 3.22e-07 8.18e-07 7.88e-05 4.25e-06 7.95e-03 4.29e-06 2.50e-04 4.26e-06 6.67e-06 7.95e-05 7.95e-05 7.95e-03 7.95e-05 2.50e-04 7.95e-05 7.95e-05
95105 1.90010e+04 -3.88946e+00 5.65568e-04 1.59401e-02 6.23e-05 1.72e-06 2.20e-03 2.94e-04 2.69e-04 3.10e-07 1.05e-06 7.88e-05 4.25e-06 7.95e-03 4.29e-06 2.50e-04 4.26e-06 6.67e-06 7.95e-05 7.95e-05 7.95e-03 7.95e-05 2.50e-04 7.95e-05 7.95e-05
95155 1.90110e+04 -3.91091e+00 5.89492e-04 1.34426e-02 7.25e-05 1.62e-06 2.36e-03 2.64e-04 2.54e-04 4.34e-07 7.05e-07 7.88e-05 4.25e-06 7.95e-03 4.29e-06 2.50e-04 4.26e-06 6.67e-06 7.95e-05 7.95e-05 7.95e-03 7.95e-05 2.50e-04 7.95e-05 7.95e-05
95205 1.90210e+04 -3.88298e+00 5.61231e-04 2.01781e-02 5.63e-05 1.43e-06 2.15e-03 3.00e-04 2.93e-04 2.97e-07 9.22e-07 7.88e-05 4.25e-06 7.95e-03 4.29e-06 2.50e-04 4.26e-06 6.67e-06 7.95e-05 7.95e-05 7.95e-03 7.95e-05 2.50e-04 7.95e-05 7.95e-05
95255 1.90310e+04 -3.92197e+00 5.61461e-04 1.80238e-02 6.47e-05 1.69e-06 2.22e-03 2.59e-04 2.57e-04 2.86e-07 1.03e-06 7.88e-05 4.25e-06 7.95e-03 4.29e-06 2.50e-04 4.26e-06 6.67e-06 7.95e-05 7.95e-05 7.95e-03 7.95e-05 2.50e-04 7.95e-05 7.95e-05
95305 1.90410e+04 -3.92569e+00 5.58512e-04 2.04948e-02 5.30e-05 1.59e-06 2.22e-03 2.66e-04 2.56e-04 5.71e-07 1.91e-06 7.88e-05 4.25e-06 7.95e-03 4.29e-06 2.50e-04 4.26e-06 6.67e-06 7.95e-05 7.95e-05 7.95e-03 7.95e-05 2.50e-04 7.95e-05 7.95e-05
95355 1.90510e+04 -3.76621e+00 6.06160e-04 1.36121e-02 2.15e-04 1.74e-06 2.26e-03 2.75e-04 2.79e-04 3.22e-07 7.55e-07 7.88e-05 4.25e-06 7.95e-03 4.29e-06 2.50e-04 4.26e-06 6.67e-06 7.95e-05 7.95e-05 7.95e-03 7.95e-05 2.50e-04 7.95e-05 7.95e-05
95405 1.90610e+04 -3.87117e+00 5.51136e-04 1.67965e-02 5.17e-05 2.00e-06 2.04e-03 2.97e-04 3.61e-04 3.39e-07 8.76e-07 7.88e-05 4.25e-06 7.95e-03 4.29e-06 2.50e-04 4.26e-06 6.67e-06 7.95e-05 7.95e-05 7.95e-03 7.95e-05 2.50e-04 7.95e-05 7.95e-05
95455 1.90710e+04 -3.65047e+00 8.01137e-04 1.17981e-02 6.40e-05 1.50e-06 3.07e-03 5.25e-04 3.47e-04 1.81e-07 9.55e-07 7.88e-05 4.25e-06 7.95e-03 4.29e-06 2.50e-04 4.26e-06 6.67e-06 7.95e-05 7.95e-05 7.95e-03 7.95e-05 2.50e-04 7.95e-05 7.95e-05
95505 1.90810e+04 -3.87607e+00 5.68384e-04 9.18291e-03 5.82e-05 1.55e-06 2.20e-03 3.15e-04 2.66e-04 1.17e-07 9.55e-07 7.88e-05 4.25e-06 7.95e-03 4.29e-06 2.50e-04 4.26e-06 6.67e-06 7.95e-05 7.95e-05 7.95e-03 7.95e-05 2.50e-04 7.95e-05 7.95e-05
95555 1.90910e+04 -3.80859e+00 6.01257e-04 1.04681e-02 1.50e-04 1.68e-06 2.29e-03 2.95e-04 2.73e-04 1.36e-07 7.58e-07 7.88e-05 4.25e-06 7.95e-03 4.29e-06 2.50e-04 4.26e-06 6.67e-06 7.95e-05 7.95e-05 7.95e-03 7.95e-05 2.50e-04 7.95e-05 7.95e-05
95605 1.91010e+04 -3.50551e+00 8.71779e-04 9.06352e-03 6.55e-05 1.66e-06 3.16e-03 6.34e-04 5.00e-04 1.86e-07 2.17e-06 7.88e-05 4.25e-06 7.95e-03 4.29e-06 2.51e-04 4.26e-06 6.67e-06 7.95e-05 7.95e-05 7.95e-03 7.95e-05 2.51e-04 7.95e-05 7.95e-05
95655 1.91110e+04 -3.78708e+00 5.93817e-04 1.84538e-02 1.41e-04 1.45e-06 2.20e-03 3.15e-04 3.16e-04 2.88e-07 6.39e-07 7.88e-05 4.25e-06 7.95e-03 4.29e-06 2.51e-04 4.26e-06 6.67e-06 7.95e-05 7.95e-05 7.95e-03 7.95e-05 2.51e-04 7.95e-05 7.95e-05
95705 1.91210e+04 -3.87952e+00 5.68923e-04 1.48342e-02 6.72e-05 1.68e-06 2.18e-03 2.88e-04 3.11e-04 2.82e-07 7.02e-07 7.88e-05 4.25e-06 7.95e-03 4.29e-06 2.51e-04 4.26e-06 6.67e-06 7.95e-05 7.95e-05 7.95e-03 7.95e-05 2.51e-04 7.95e-05 7.95e-05
95755 1.91310e+04 -3.84789e+00 5.79194e-04 1.65212e-02 6.97e-05 1.78e-06 2.16e-03 3.06e-04 3.56e-04 1.99e-07 8.65e-07 7.88e-05 4.25e-06 7.95e-03 4.29e-06 2.51e-04 4.26e-06 6.67e-06 7.95e-05 7.95e-05 7.95e-03 7.95e-05 2.51e-04 7.95e-05 7.95e-05
95805 1.91410e+04 -3.50218e+00 8.36879e-04 1.78656e-02 7.70e-05 1.33e-06 3.08e-03 6.76e-04 3.53e-04 2.30e-07 6.18e-07 7.88e-05 4.25e-06 7.95e-03 4.29e-06 2.51e-04 4.26e-06 6.67e-06 7.95e-05 7.95e-05 7.95e-03 7.95e-05 2.51e-04 7.95e-05 7.95e-05
95855 1.91510e+04 -3.89045e+00 5.59522e-04 1.15668e-02 6.46e-05 1.63e-06 2.17e-03 2.90e-04 2.73e-04 1.96e-07 5.58e-07 7.88e-05 4.25e-06 7.95e-03 4.29e-06 2.51e-04 4.26e-06 6.67e-06 7.95e-05 7.95e-05 7.95e-03 7.95e-05 2.51e-04 7.95e-05 7.95e-05
95905 1.91610e+04 -3.83688e+00 5.41359e-04 1.21661e-02 1.24e-04 1.81e-06 2.03e-03 2.97e-04 2.55e-04 2.57e-07 6.40e-07 7.88e-05 4.25e-06 7.95e-03 4.29e-06 2.51e-04 4.26e-06 6.67e-06 7.95e-05 7.95e-05 7.95e-03 7.95e-05 2.51e-04 7.95e-05 7.95e-05
95955 1.91710e+04 -3.80454e+00 6.11719e-04 1.58511e-02 6.84e-05 2.05e-06 2.19e-03 3.08e-04 4.92e-04 2.58e-07 4.80e-06 7.88e-05 4.25e-06 7.95e-03 4.29e-06 2.51e-04 4.26e-06 6.67e-06 7.95e-05 7.95e-05 7.95e-03 7.95e-05 2.51e-04 7.95e-05 7.95e-05
96005 1.91810e+04 -3.78359e+00 6.11101e-04 8.76615e-03 1.48e-04 1.75e-06 2.30e-03 3.21e-04 2.82e-04 1.70e-07 9.09e-07 7.88e-05 4.25e-06 7.95e-03 4.29e-06 2.51e-04 4.26e-06 6.67e-06 7.95e-05 7.95e-05 7.95e-03 7.95e-05 2.51e-04 7.95e-05 7.95e-05
96055 1.91910e+04 -3.88021e+00 5.47199e-04 1.33574e-02 5.59e-05 1.59e-06 2.10e-03 3.14e-04 2.63e-04 2.36e-07 9.14e-07 7.88e-05 4.25e-06 7.95e-03 4.29e-06 2.51e-04 4.26e-06 6.67e-06 7.95e-05 7.95e-05 7.95e-03 7.95e-05 2.51e-04 7.95e-05 7.95e-05
96105 1.92010e+04 -3.89077e+00 5.61955e-04 1.47902e-02 7.85e-05 1.57e-06 2.19e-03 2.78e-04 2.66e-04 2.57e-07 9.60e-07 7.88e-05 4.25e-06 7.95e-03 4.29e-06 2.52e-04 4.26e-06 6.67e-06 7.95e-05 7.95e-05 7.95e-03 7.95e-05 2.52e-04 7.95e-05 7.95e-05
96155 1.92110e+04 -3.89411e+00 5.63923e-04 1.41974e-02 5.67e-05 1.82e-06 2.20e-03 2.96e-04 2.65e-04 3.01e-07 6.55e-07 7.88e-05 4.25e-06 7.95e-03 4.29e-06 2.52e-04 4.26e-06 6.67e-06 7.95e-05 7.95e-05 7.95e-03 7.95e-05 2.52e-04 7.95e-05 7.95e-05
96205 1.92210e+04 -3.45839e+00 8.74449e-04 1.81251e-02 1.14e-04 1.88e-06 3.16e-03 6.60e-04 4.36e-04 2.24e-07 9.35e-07 7.88e-05 4.25e-06 7.95e-03 4.29e-06 2.52e-04 4.26e-06 6.67e-06 7.95e-05 7.95e-05 7.95e-03 7.95e-05 2.52e-04 7.95e-05 7.95e-05
96255 1.92310e+04 -3.92071e+00 5.30549e-04 1.71366e-02 5.75e-05 1.65e-06 2.06e-03 2.66e-04 2.67e-04 3.79e-07 1.09e-06 7.88e-05 4.25e-06 7.95e-03 4.29e-06 2.52e-04 4.26e-06 6.67e-06 7.95e-05 7.95e-05 7.95e-03 7.95e-05 2.52e-04 7.95e-05 7.95e-05
96305 1.92410e+04 -3.90408e+00 5.51947e-04 1.63122e-02 6.10e-05 1.79e-06 2.16e-03 2.82e-04 2.58e-04 2.60e-07 2.11e-06 7.88e-05 4.25e-06 7.95e-03 4.29e-06 2.52e-04 4.26e-06 6.67e-06 7.95e-05 7.95e-05 7.95e-03 7.95e-05 2.52e-04 7.95e-05 7.95e-05
96355 1.92510e+04 -3.86649e+00 5.39262e-04 1.26988e-02 8.75e-05 2.37e-06 2.05e-03 2.97e-04 2.63e-04 2.08e-07 8.86e-07 7.88e-05 4.25e-06 7.95e-03 4.29e-06 2.52e-04 4.26e-06 6.67e-06 7.95e-05 7.95e-05 7.95e-03 7.95e-05 2.52e-04 7.95e-05 7.95e-05
96405 1.92610e+04 -3.85585e+00 5.23563e-04 1.39611e-02 1.09e-04 1.51e-06 1.95e-03 2.89e-04 2.66e-04 1.99e-07 7.32e-07 7.88e-05 4.25e-06 7.95e-03 4.29e-06 2.52e-04 4.26e-06 6.67e-06 7.95e-05 7.95e-05 7.95e-03 7.95e-05 2.52e-04 7.95e-05 7.95e-05
96455 1.92710e+04 -3.86923e+00 5.46576e-04 1.23371e-02 1.01e-04 1.54e-06 2.08e-03 2.80e-04 2.68e-04 2.21e-07 1.32e-06 7.88e-05 4.25e-06 7.95e-03 4.29e-06 2.52e-04 4.26e-06 6.67e-06 7.95e-05 7.95e-05 7.95e-03 7.95e-05 2.52e-04 7.95e-05 7.95e-05
96505 1.92810e+04 -3.83439e+00 5.82821e-04 1.72105e-02 1.08e-04 1.47e-06 2.16e-03 2.80e-04 3.65e-04 2.57e-07 1.21e-06 7.88e-05 4.25e-06 7.95e-03 4.29e-06 2.52e-04 4.26e-06 6.67e-06 7.95e-05 7.95e-05 7.95e-03 7.95e-05 2.52e-04 7.95e-05 7.95e-05
96555 1.92910e+04 -3.84502e+00 5.83894e-04 1.56129e-02 1.08e-04 1.45e-06 2.23e-03 2.90e-04 2.92e-04 2.06e-07 9.05e-07 7.88e-05 4.25e-06 7.95e-03 4.29e-06 2.52e-04 4.26e-06 6.67e-06 7.95e-05 7.95e-05 7.95e-03 7.95e-05 2.52e-04 7.95e-05 7.95e-05
96605 1.93010e+04 -3.91636e+00 5.41479e-04 1.79678e-02 5.76e-05 1.66e-06 2.10e-03 2.65e-04 2.84e-04 3.53e-07 9.69e-07 7.88e-05 4.25e-06 7.95e-03 4.29e-06 2.52e-04 4.26e-06 6.67e-06 7.95e-05 7.95e-05 7.95e-03 7.95e-05 2.52e-04 7.95e-05 7.95e-05
96655 1.93110e+04 -3.89555e+00 5.74630e-04 2.43468e-02 6.97e-05 1.65e-06 2.22e-03 2.64e-04 3.19e-04 3.55e-07 1.08e-06 7.88e-05 4.25e-06 7.94e-03 4.29e-06 2.52e-04 4.26e-06 6.67e-06 7.94e-05 7.94e-05 7.94e-03 7.94e-05 2.52e-04 7.94e-05 7.94e-05
96705 1.93210e+04 -3.86106e+00 5.56549e-04 1.27382e-02 9.36e-05 1.77e-06 2.11e-03 2.91e-04 2.83e-04 1.62e-07 7.99e-07 7.88e-05 4.25e-06 7.95e-03 4.29e-06 2.52e-04 4.26e-06 6.67e-06 7.95e-05 7.95e-05 7.95e-03 7.95e-05 2.52e-04 7.95e-05 7.95e-05
96755 1.93310e+04 -3.86393e+00 5.84582e-04 1.51226e-02 8.63e-05 1.73e-06 2.25e-03 2.91e-04 2.92e-04 3.18e-07 6.42e-07 7.88e-05 4.25e-06 7.94e-03 4.29e-06 2.53e-04 4.26e-06 6.67e-06 7.94e-05 7.94e-05 7.94e-03 7.94e-05 2.53e-04 7.94e-05 7.94e-05
96805 1.93410e+04 -3.84103e+00 5.27467e-04 2.46296e-02 1.43e-04 1.29e-06 1.95e-03 2.70e-04 2.71e-04 3.00e-07 9.11e-07 7.88e-05 4.25e-06 7.94e-03 4.29e-06 2.53e-04 4.26e-06 6.67e-06 7.94e-05 7.94e-05 7.94e-03 7.94e-05 2.53e-04 7.94e-05 7.94e-05
96855 1.93510e+04 -3.85038e+00 5.70555e-04 1.57072e-02 8.67e-05 1.68e-06 2.15e-03 3.00e-04 3.14e-04 1.32e-07 7.55e-07 7.88e-05 4.25e-06 7.95e-03 4.29e-06 2.53e-04 4.26e-06 6.67e-06 7.95e-05 7.95e-05 7.95e-03 7.95e-05 2.53e-04 7.95e-05 7.95e-05
96905 1.93610e+04 -3.87559e+00 5.46596e-04 1.41286e-02 6.68e-05 1.52e-06 2.09e-03 3.07e-04 2.66e-04 1.84e-07 9.73e-07 7.88e-05 4.25e-06 7.95e-03 4.29e-06 2.53e-04 4.26e-06 6.67e-06 7.95e-05 7.95e-05 7.95e-03 7.95e-05 2.53e-04 7.95e-05 7.95e-05
96955 1.93710e+04 -3.79960e+00 6.00363e-04 1.98583e-02 1.33e-04 1.48e-06 2.19e-03 2.87e-04 3.87e-04 2.23e-07 8.47e-07 7.88e-05 4.25e-06 7.95e-03 4.29e-06 2.53e-04 4.26e-06 6.67e-06 7.95e-05 7.95e-05 7.95e-03 7.95e-05 2.53e-04 7.95e-05 7.95e-05
97005 1.93810e+04 -3.87505e+00 5.87175e-04 1.92127e-02 6.73e-05 1.63e-06 2.27e-03 2.90e-04 3.09e-04 1.71e-07 2.87e-06 7.88e-05 4.25e-06 7.95e-03 4.29e-06 2.53e-04 4.26e-06 6.67e-06 7.95e-05 7.95e-05 7.95e-03 7.95e-05 2.53e-04 7.95e-05 7.95e-05
97055 1.93910e+04 -3.91255e+00 5.52077e-04 1.89227e-02 6.21e-05 1.57e-06 2.16e-03 2.70e-04 2.66e-04 2.65e-07 1.44e-06 7.88e-05 4.25e-06 7.94e-03 4.29e-06 2.53e-04 4.26e-06 6.67e-06 7.94e-05 7.94e-05 7.94e-03 7.94e-05 2.53e-04 7.94e-05 7.94e-05
97105 1.94010e+04 -3.83787e+00 5.29887e-04 1.42985e-02 1.22e-04 1.57e-06 1.95e-03 2.87e-04 2.92e-04 1.87e-07 1.28e-06 7.88e-05 4.25e-06 7.95e-03 4.29e-06 2.53e-04 4.26e-06 6.67e-06 7.95e-05 7.95e-05 7.95e-03 7.95e-05 2.53e-04 7.95e-05 7.95e-05
97155 1.94110e+04 -3.88339e+00 5.79750e-04 1.27357e-02 7.57e-05 1.28e-06 2.24e-03 2.77e-04 3.01e-04 1.72e-07 1.37e-06 7.88e-05 4.25e-06 7.95e-03 4.29e-06 2.53e-04 4.26e-06 6.67e-06 7.95e-05 7.95e-05 7.95e-03 7.95e-05 2.53e-04 7.95e-05 7.95e-05
97205 1.94210e+04 -3.90533e+00 5.72137e-04 1.88836e-02 6.35e-05 1.49e-06 2.23e-03 2.64e-04 3.05e-04 1.95e-07 1.23e-06 7.88e-05 4.25e-06 7.95e-03 4.29e-06 2.53e-04 4.26e-06 6.67e-06 7.95e-05 7.95e-05 7.95e-03 7.95e-05 2.53e-04 7.95e-05 7.95e-05
97255 1.94310e+04 -3.87828e+00 5.50944e-04 1.46950e-02 7.88e-05 1.32e-06 2.11e-03 2.88e-04 2.78e-04 2.33e-07 1.76e-06 7.88e-05 4.25e-06 7.95e-03 4.29e-06 2.54e-04 4.26e-06 6.67e-06 7.95e-05 7.95e-05 7.95e-03 7.95e-05 2.54e-04 7.95e-05 7.95e-05
97305 1.94410e+04 -3.89898e+00 5.43553e-04 1.59194e-02 5.74e-05 1.49e-06 2.06e-03 2.73e-04 3.24e-04 3.57e-07 1.12e-06 7.88e-05 4.25e-06 7.94e-03 4.29e-06 2.54e-04 4.26e-06 6.67e-06 7.94e-05 7.94e-05 7.94e-03 7.94e-05 2.54e-04 7.94e-05 7.94e-05
97355 1.94510e+04 -3.89200e+00 5.40169e-04 1.52369e-02 5.39e-05 1.65e-06 2.05e-03 2.87e-04 3.13e-04 2.14e-07 1.91e-06 7.88e-05 4.25e-06 7.94e-03 4.29e-06 2.54e-04 4.26e-06 6.67e-06 7.94e-05 7.94e-05 7.94e-03 7.94e-05 2.54e-04 7.94e-05 7.94e-05
97405 1.94610e+04 -3.91446e+00 5.38828e-04 1.42889e-02 5.37e-05 1.56e-06 2.09e-03 2.77e-04 2.67e-04 2.59e-07 1.05e-06 7.88e-05 4.25e-06 7.94e-03 4.29e-06 2.54e-04 4.26e-06 6.67e-06 7.94e-05 7.94e-05 7.94e-03 7.94e-05 2.54e-04 7.94e-05 7.94e-05
97455 1.94710e+04 -3.90536e+00 5.71661e-04 2.44164e-02 5.50e-05 1.61e-06 2.23e-03 2.72e-04 3.03e-04 4.21e-07 2.17e-06 7.88e-05 4.25e-06 7.94e-03 4.29e-06 2.54e-04 4.26e-06 6.67e-06 7.94e-05 7.94e-05 7.94e-03 7.94e-05 2.54e-04 7.94e-05 7.94e-05
97505 1.94810e+04 -3.36232e+00 9.07831e-04 1.81704e-02 1.02e-04 2.20e-06 3.11e-03 7.27e-04 6.01e-04 3.21e-07 1.46e-06 7.88e-05 4.25e-06 7.94e-03 4.29e-06 2.54e-04 4.26e-06 6.67e-06 7.94e-05 7.94e-05 7.94e-03 7.94e-05 2.54e-04 7.94e-05 7.94e-05
97555 1.94910e+04 -3.87955e+00 5.73657e-04 2.00589e-02 8.70e-05 2.05e-06 2.23e-03 2.81e-04 2.66e-04 1.94e-07 8.89e-07 7.88e-05 4.25e-06 7.94e-03 4.29e-06 2.54e-04 4.26e-06 6.67e-06 7.94e-05 7.94e-05 7.94e-03 7.94e-05 2.54e-04 7.94e-05 7.94e-05
97605 1.95010e+04 -3.55887e+00 8.40449e-04 1.82558e-02 6.15e-05 1.31e-06 3.19e-03 6.38e-04 3.15e-04 2.51e-07 1.81e-06 7.88e-05 4.25e-06 7.94e-03 4.29e-06 2.54e-04 4.26e-06 6.67e-06 7.94e-05 7.94e-05 7.94e-03 7.94e-05 2.54e-04 7.94e-05 7.94e-05
97655 1.95110e+04 -3.88335e+00 6.00747e-04 1.96366e-02 5.59e-05 1.44e-06 2.34e-03 2.91e-04 3.21e-04 2.26e-07 9.05e-07 7.88e-05 4.25e-06 7.94e-03 4.29e-06 2.54e-04 4.26e-06 6.67e-06 7.94e-05 7.94e-05 7.94e-03 7.94e-05 2.54e-04 7.94e-05 7.94e-05
97705 1.95210e+04 -3.89688e+00 5.52120e-04 1.67224e-02 5.88e-05 1.35e-06 2.12e-03 2.82e-04 2.96e-04 2.87e-07 1.05e-06 7.88e-05 4.25e-06 7.94e-03 4.29e-06 2.54e-04 4.26e-06 6.67e-06 7.94e-05 7.94e-05 7.94e-03 7.94e-05 2.54e-04 7.94e-05 7.94e-05
97755 1.95310e+04 -3.80534e+00 5.87206e-04 1.68673e-02 9.39e-05 1.44e-06 2.09e-03 3.01e-04 4.46e-04 1.01e-07 2.18e-06 7.88e-05 4.25e-06 7.94e-03 4.29e-06 2.54e-04 4.26e-06 6.67e-06 7.94e-05 7.94e-05 7.94e-03 7.94e-05 2.54e-04 7.94e-05 7.94e-05
97805 1.95410e+04 -3.87410e+00 5.98664e-04 1.15109e-02 8.40e-05 1.46e-06 2.33e-03 2.79e-04 3.00e-04 1.33e-07 1.47e-06 7.88e-05 4.25e-06 7.94e-03 4.29e-06 2.54e-04 4.26e-06 6.67e-06 7.94e-05 7.94e-05 7.94e-03 7.94e-05 2.54e-04 7.94e-05 7.94e-05
97855 1.95510e+04 -3.84560e+00 5.86765e-04 2.06601e-02 1.05e-04 1.40e-06 2.24e-03 2.93e-04 2.93e-04 2.84e-07 8.22e-07 7.88e-05 4.25e-06 7.94e-03 4.29e-06 2.55e-04 4.26e-06 6.67e-06 7.94e-05 7.94e-05 7.94e-03 7.94e-05 2.55e-04 7.94e-05 7.94e-05
97905 1.95610e+04 -3.51286e+00 8.79130e-04 2.23924e-02 6.09e-05 1.39e-06 3.27e-03 6.64e-04 3.97e-04 2.91e-07 8.82e-07 7.88e-05 4.25e-06 7.94e-03 4.29e-06 2.55e-04 4.26e-06 6.67e-06 7.94e-05 7.94e-05 7.94e-03 7.94e-05 2.55e-04 7.94e-05 7.94e-05
97955 1.95710e+04 -3.89200e+00 5.52759e-04 2.70813e-02 5.91e-05 1.44e-06 2.11e-03 2.85e-04 3.06e-04 3.35e-07 8.18e-07 7.88e-05 4.25e-06 7.94e-03 4.29e-06 2.55e-04 4.26e-06 6.67e-06 7.94e-05 7.94e-05 7.94e-03 7.94e-05 2.55e-04 7.94e-05 7.94e-05
98005 1.95810e+04 -3.50024e+00 8.88168e-04 2.25788e-02 1.08e-04 1.34e-06 3.35e-03 6.50e-04 3.34e-04 2.55e-07 1.07e-06 7.88e-05 4.25e-06 7.94e-03 4.29e-06 2.55e-04 4.26e-06 6.67e-06 7.94e-05 7.94e-05 7.94e-03 7.94e-05 2.55e-04 7.94e-05 7.94e-05
98055 1.95910e+04 -3.81765e+00 5.87242e-04 1.67022e-02 1.28e-04 1.08e-06 2.18e-03 2.86e-04 3.42e-04 1.52e-07 1.88e-06 7.88e-05 4.25e-06 7.94e-03 4.29e-06 2.55e-04 4.26e-06 6.67e-06 7.94e-05 7.94e-05 7.94e-03 7.94e-05 2.55e-04 7.94e-05 7.94e-05
98105 1.96010e+04 -3.88593e+00 5.52279e-04 2.17969e-02 8.21e-05 1.37e-06 2.12e-03 2.75e-04 2.85e-04 1.76e-07 1.19e-06 7.88e-05 4.25e-06 7.94e-03 4.29e-06 2.55e-04 4.26e-06 6.67e-06 7.94e-05 7.94e-05 7.94e-03 7.94e-05 2.55e-04 7.94e-05 7.94e-05
98155 1.96110e+04 -3.90411e+00 5.35488e-04 2.04386e-02 6.32e-05 1.24e-06 2.05e-03 2.70e-04 2.97e-04 2.07e-07 1.13e-06 7.88e-05 4.25e-06 7.94e-03 4.29e-06 2.55e-04 4.26e-06 6.67e-06 7.94e-05 7.94e-05 7.94e-03 7.94e-05 2.55e-04 7.94e-05 7.94e-05
98205 1.96210e+04 -3.44770e+00 8.68227e-04 2.05051e-02 8.94e-05 1.55e-06 3.17e-03 7.17e-04 3.67e-04 2.42e-07 2.63e-06 7.88e-05 4.25e-06 7.94e-03 4.29e-06 2.55e-04 4.26e-06 6.67e-06 7.94e-05 7.94e-05 7.94e-03 7.94e-05 2.55e-04 7.94e-05 7.94e-05
98255 1.96310e+04 -3.90384e+00 5.67910e-04 1.73818e-02 7.04e-05 1.36e-06 2.21e-03 2.63e-04 2.94e-04 1.97e-07 8.74e-07 7.88e-05 4.25e-06 7.94e-03 4.29e-06 2.55e-04 4.26e-06 6.67e-06 7.94e-05 7.94e-05 7.94e-03 7.94e-05 2.55e-04 7.94e-05 7.94e-05
98305 1.96410e+04 -3.51053e+00 9.06698e-04 1.75571e-02 6.48e-05 1.26e-06 3.33e-03 6.28e-04 5.08e-04 1.87e-07 9.02e-07 7.88e-05 4.25e-06 7.94e-03 4.29e-06 2.55e-04 4.26e-06 6.67e-06 7.94e-05 7.94e-05 7.94e-03 7.94e-05 2.55e-04 7.94e-05 7.94e-05
98355 1.96510e+04 -3.89890e+00 5.94373e-04 1.90976e-02 6.57e-05 1.25e-06 2.32e-03 2.66e-04 3.15e-04 1.64e-07 8.82e-07 7.88e-05 4.25e-06 7.94e-03 4.29e-06 2.56e-04 4.26e-06 6.67e-06 7.94e-05 7.94e-05 7.94e-03 7.94e-05 2.56e-04 7.94e-05 7.94e-05
98405 1.96610e+04 -3.88069e+00 5.78782e-04 2.17081e-02 7.15e-05 1.45e-06 2.20e-03 2.69e-04 3.51e-04 1.72e-07 1.55e-06 7.88e-05 4.25e-06 7.94e-03 4.29e-06 2.56e-04 4.26e-06 6.67e-06 7.94e-05 7.94e-05 7.94e-03 7.94e-05 2.56e-04 7.94e-05 7.94e-05
98455 1.96710e+04 -3.87960e+00 5.64201e-04 1.58408e-02 7.46e-05 1.46e-06 2.17e-03 2.87e-04 2.89e-04 1.11e-07 1.30e-06 7.88e-05 4.25e-06 7.94e-03 4.29e-06 2.56e-04 4.26e-06 6.67e-06 7.94e-05 7.94e-05 7.94e-03 7.94e-05 2.56e-04 7.94e-05 7.94e-05
98505 1.96810e+04 -3.82383e+00 5.74487e-04 1.78805e-02 1.48e-04 1.26e-06 2.16e-03 2.78e-04 2.84e-04 2.20e-07 8.89e-07 7.88e-05 4.25e-06 7.94e-03 4.29e-06 2.56e-04 4.26e-06 6.67e-06 7.94e-05 7.94e-05 7.94e-03 7.94e-05 2.56e-04 7.94e-05 7.94e-05
98555 1.96910e+04 -3.86137e+00 5.51348e-04 1.53244e-02 1.17e-04 1.15e-06 2.10e-03 2.70e-04 2.74e-04 1.10e-07 2.60e-06 7.88e-05 4.25e-06 7.94e-03 4.29e-06 2.56e-04 4.26e-06 6.67e-06 7.94e-05 7.94e-05 7.94e-03 7.94e-05 2.56e-04 7.94e-05 7.94e-05
98605 1.97010e+04 -3.88279e+00 5.84701e-04 1.88195e-02 6.10e-05 1.15e-06 2.22e-03 2.71e-04 3.72e-04 1.10e-07 1.60e-06 7.88e-05 4.25e-06 7.94e-03 4.29e-06 2.56e-04 4.26e-06 6.67e-06 7.94e-05 7.94e-05 7.94e-03 7.94e-05 2.56e-04 7.94e-05 7.94e-05
98655 1.97110e+04 -3.90568e+00 6.19141e-04 1.78853e-02 5.19e-05 1.17e-06 2.47e-03 2.77e-04 2.93e-04 2.38e-07 1.14e-06 7.88e-05 4.25e-06 7.94e-03 4.29e-06 2.56e-04 4.26e-06 6.67e-06 7.94e-05 7.94e-05 7.94e-03 7.94e-05 2.56e-04 7.94e-05 7.94e-05
98705 1.97210e+04 -3.90005e+00 5.75371e-04 2.20441e-02 5.49e-05 1.29e-06 2.23e-03 2.74e-04 3.20e-04 1.50e-07 1.03e-06 7.88e-05 4.25e-06 7.94e-03 4.29e-06 2.56e-04 4.26e-06 6.67e-06 7.94e-05 7.94e-05 7.94e-03 7.94e-05 2.56e-04 7.94e-05 7.94e-05
98755 1.97310e+04 -3.45234e+00 8.86217e-04 2.26066e-02 1.05e-04 1.51e-06 3.30e-03 7.14e-04 3.14e-04 1.61e-07 7.26e-07 7.88e-05 4.25e-06 7.94e-03 4.29e-06 2.56e-04 4.26e-06 6.67e-06 7.94e-05 7.94e-05 7.94e-03 7.94e-05 2.56e-04 7.94e-05 7.94e-05
98805 1.97410e+04 -3.87609e+00 5.54371e-04 1.98003e-02 8.48e-05 1.58e-06 2.10e-03 2.74e-04 3.15e-04 1.22e-07 9.64e-07 7.88e-05 4.25e-06 7.94e-03 4.29e-06 2.56e-04 4.26e-06 6.67e-06 7.94e-05 7.94e-05 7.94e-03 7.94e-05 2.56e-04 7.94e-05 7.94e-05
98855 1.97510e+04 -3.89982e+00 5.86310e-04 1.72562e-02 5.76e-05 1.37e-06 2.29e-03 2.75e-04 3.07e-04 7.97e-08 1.09e-06 7.88e-05 4.25e-06 7.94e-03 4.29e-06 2.57e-04 4.26e-06 6.67e-06 7.94e-05 7.94e-05 7.94e-03 7.94e-05 2.57e-04 7.94e-05 7.94e-05
98905 1.97610e+04 -3.90007e+00 5.69669e-04 2.43237e-02 5.59e-05 1.34e-06 2.21e-03 2.78e-04 3.08e-04 1.47e-07 8.80e-07 7.88e-05 4.25e-06 7.94e-03 4.29e-06 2.57e-04 4.26e-06 6.67e-06 7.94e-05 7.94e-05 7.94e-03 7.94e-05 2.57e-04 7.94e-05 7.94e-05
98955 1.97710e+04 -3.76299e+00 6.27685e-04 2.14639e-02 1.79e-04 1.32e-06 2.31e-03 2.91e-04 3.53e-04 1.20e-07 1.19e-06 7.88e-05 4.25e-06 7.94e-03 4.29e-06 2.57e-04 4.26e-06 6.67e-06 7.94e-05 7.94e-05 7.94e-03 7.94e-05 2.57e-04 7.94e-05 7.94e-05
99005 1.97810e+04 -3.55582e+00 8.95505e-04 1.38015e-02 7.59e-05 1.66e-06 3.44e-03 6.18e-04 3.37e-04 1.25e-07 1.26e-06 7.88e-05 4.25e-06 7.94e-03 4.29e-06 2.57e-04 4.26e-06 6.67e-06 7.94e-05 7.94e-05 7.94e-03 7.94e-05 2.57e-04 7.94e-05 7.94e-05
99055 1.97910e+04 -3.84531e+00 6.11584e-04 1.65686e-02 1.35e-04 1.07e-06 2.37e-03 2.62e-04 2.92e-04 6.82e-08 1.73e-06 7.88e-05 4.25e-06 7.94e-03 4.29e-06 2.57e-04 4.26e-06 6.67e-06 7.94e-05 7.94e-05 7.94e-03 7.94e-05 2.57e-04 7.94e-05 7.94e-05
99105 1.98010e+04 -3.90542e+00 5.90471e-04 1.89893e-02 6.30e-05 1.12e-06 2.31e-03 2.62e-04 3.11e-04 1.48e-07 1.36e-06 7.88e-05 4.25e-06 7.94e-03 4.29e-06 2.57e-04 4.26e-06 6.67e-06 7.94e-05 7.94e-05 7.94e-03 7.94e-05 2.57e-04 7.94e-05 7.94e-05
99155 1.98110e+04 -3.89688e+00 5.79211e-04 1.62405e-02 6.33e-05 1.26e-06 2.23e-03 2.66e-04 3.33e-04 1.11e-07 1.15e-06 7.88e-05 4.25e-06 7.94e-03 4.29e-06 2.57e-04 4.26e-06 6.67e-06 7.94e-05 7.94e-05 7.94e-03 7.94e-05 2.57e-04 7.94e-05 7.94e-05
99205 1.98210e+04 -3.89214e+00 5.58815e-04 1.32332e-02 6.65e-05 1.30e-06 2.16e-03 2.84e-04 2.83e-04 1.79e-07 1.46e-06 7.88e-05 4.25e-06 7.94e-03 4.29e-06 2.57e-04 4.26e-06 6.67e-06 7.94e-05 7.94e-05 7.94e-03 7.94e-05 2.57e-04 7.94e-05 7.94e-05
99255 1.98310e+04 -3.88260e+00 5.88822e-04 1.71748e-02 6.70e-05 1.22e-06 2.28e-03 2.80e-04 3.18e-04 2.49e-07 3.03e-06 7.88e-05 4.25e-06 7.94e-03 4.29e-06 2.57e-04 4.26e-06 6.67e-06 7.94e-05 7.94e-05 7.94e-03 7.94e-05 2.57e-04 7.94e-05 7.94e-05
99305 1.98410e+04 -3.89332e+00 5.72271e-04 2.05685e-02 6.35e-05 1.17e-06 2.21e-03 2.74e-04 3.16e-04 2.74e-07 1.86e-06 7.88e-05 4.25e-06 7.94e-03 4.29e-06 2.58e-04 4.26e-06 6.67e-06 7.94e-05 7.94e-05 7.94e-03 7.94e-05 2.58e-04 7.94e-05 7.94e-05
99355 1.98510e+04 -3.50938e+00 8.93894e-04 1.81620e-02 5.97e-05 1.38e-06 3.29e-03 6.46e-04 4.71e-04 9.61e-08 1.36e-06 7.88e-05 4.25e-06 7.94e-03 4.29e-06 2.58e-04 4.26e-06 6.67e-06 7.94e-05 7.94e-05 7.94e-03 7.94e-05 2.58e-04 7.94e-05 7.94e-05
99405 1.98610e+04 -3.84239e+00 5.82726e-04 1.67318e-02 7.95e-05 1.73e-06 2.18e-03 3.01e-04 3.56e-04 1.05e-07 3.19e-06 7.88e-05 4.25e-06 7.94e-03 4.29e-06 2.58e-04 4.26e-06 6.67e-06 7.94e-05 7.94e-05 7.94e-03 7.94e-05 2.58e-04 7.94e-05 7.94e-05
99455 1.98710e+04 -3.83451e+00 5.86218e-04 1.54679e-02 9.56e-05 1.25e-06 2.19e-03 2.98e-04 3.48e-04 9.52e-08 1.73e-06 7.88e-05 4.25e-06 7.94e-03 4.29e-06 2.58e-04 4.26e-06 6.67e-06 7.94e-05 7.94e-05 7.94e-03 7.94e-05 2.58e-04 7.94e-05 7.94e-05
99505 1.98810e+04 -3.60659e+00 8.51728e-04 1.32471e-02 8.77e-05 1.46e-06 3.25e-03 5.40e-04 3.74e-04 1.17e-07 1.64e-06 7.88e-05 4.25e-06 7.94e-03 4.29e-06 2.58e-04 4.26e-06 6.67e-06 7.94e-05 7.94e-05 7.94e-03 7.94e-05 2.58e-04 7.94e-05 7.94e-05
99555 1.98910e+04 -3.87753e+00 5.97315e-04 1.33447e-02 7.43e-05 1.26e-06 2.33e-03 2.86e-04 2.96e-04 1.44e-07 1.42e-06 7.88e-05 4.25e-06 7.94e-03 4.29e-06 2.58e-04 4.26e-06 6.67e-06 7.94e-05 7.94e-05 7.94e-03 7.94e-05 2.58e-04 7.94e-05 7.94e-05
99605 1.99010e+04 -3.55425e+00 8.49357e-04 1.48704e-02 7.29e-05 1.16e-06 3.09e-03 5.74e-04 5.09e-04 1.64e-07 1.29e-06 7.88e-05 4.25e-06 7.94e-03 4.29e-06 2.58e-04 4.26e-06 6.67e-06 7.94e-05 7.94e-05 7.94e-03 7.94e-05 2.58e-04 7.94e-05 7.94e-05
99655 1.99110e+04 -3.84179e+00 5.72981e-04 2.26091e-02 7.88e-05 1.41e-06 2.13e-03 3.06e-04 3.50e-04 1.86e-07 2.00e-06 7.88e-05 4.25e-06 7.94e-03 4.29e-06 2.58e-04 4.26e-06 6.67e-06 7.94e-05 7.94e-05 7.94e-03 7.94e-05 2.58e-04 7.94e-05 7.94e-05
99705 1.99210e+04 -3.62391e+00 8.46260e-04 1.89533e-02 6.39e-05 1.18e-06 3.28e-03 5.59e-04 3.30e-04 1.10e-07 1.38e-06 7.88e-05 4.25e-06 7.94e-03 4.29e-06 2.58e-04 4.26e-06 6.67e-06 7.94e-05 7.94e-05 7.94e-03 7.94e-05 2.58e-04 7.94e-05 7.94e-05
99755 1.99310e+04 -3.68404e+00 8.65304e-04 1.44614e-02 7.06e-05 1.27e-06 3.46e-03 4.88e-04 3.09e-04 5.49e-08 3.30e-06 7.88e-05 4.25e-06 7.94e-03 4.29e-06 2.59e-04 4.26e-06 6.67e-06 7.94e-05 7.94e-05 7.94e-03 7.94e-05 2.59e-04 7.94e-05 7.94e-05
99805 1.99410e+04 -3.79689e+00 6.17283e-04 8.27462e-03 9.87e-05 1.38e-06 2.33e-03 3.47e-04 3.05e-04 8.70e-08 3.45e-06 7.88e-05 4.25e-06 7.95e-03 4.29e-06 2.59e-04 4.26e-06 6.67e-06 7.95e-05 7.95e-05 7.95e-03 7.95e-05 2.59e-04 7.95e-05 7.95e-05
99855 1.99510e+04 -3.84573e+00 5.55741e-04 6.63023e-03 8.34e-05 1.24e-06 2.10e-03 3.18e-04 2.78e-04 1.08e-07 3.84e-06 7.88e-05 4.25e-06 7.95e-03 4.29e-06 2.59e-04 4.26e-06 6.67e-06 7.95e-05 7.95e-05 7.95e-03 7.95e-05 2.59e-04 7.95e-05 7.95e-05
99905 1.99610e+04 -3.64980e+00 8.01135e-04 9.34288e-03 6.27e-05 1.39e-06 3.09e-03 5.37e-04 3.14e-04 1.00e-07 2.32e-06 7.88e-05 4.25e-06 7.95e-03 4.29e-06 2.59e-04 4.26e-06 6.67e-06 7.95e-05 7.95e-05 7.95e-03 7.95e-05 2.59e-04 7.95e-05 7.95e-05
99955 1.99710e+04 -3.84241e+00 5.64152e-04 1.60537e-02 6.89e-05 1.63e-06 2.08e-03 3.12e-04 3.59e-04 1.07e-07 2.83e-06 7.88e-05 4.25e-06 7.95e-03 4.29e-06 2.59e-04 4.26e-06 6.67e-06 7.95e-05 7.95e-05 7.95e-03 7.95e-05 2.59e-04 7.95e-05 7.95e-05
