5 0.00000e+00 5.97465e-01 4.00910e-01 8.33798e+00 2.45e-03 5.26e-04 4.67e-01 1.65e-06 1.53e+00 2.84e-07 2.31e-07 4.25e-01 8.34e+00 9.99e-01 9.99e-01 9.99e-01 9.99e-01 9.99e-01 9.99e-01 9.99e-01 9.99e-01 1.00e+00 9.99e-01 9.99e-01 9.99e-01 9.99e-01 9.99e-01 9.99e-01 9.99e-01 9.99e-01 1.00e+00
55 1.00000e+01 2.61572e-02 1.65595e-01 1.08438e-02 1.29e-03 3.39e-05 7.79e-04 5.94e-06 8.26e-01 6.02e-05 1.53e-04 5.76e-04 1.08e-02 9.53e-01 9.50e-01 9.49e-01 9.50e-01 9.71e-01 9.50e-01 9.50e-01 9.50e-01 9.92e-01 9.53e-01 9.50e-01 9.49e-01 9.50e-01 9.71e-01 9.50e-01 9.50e-01 9.50e-01 9.92e-01
105 2.00000e+01 9.38553e-04 1.56711e-01 1.55092e-04 1.12e-03 1.53e-03 8.86e-04 1.01e-04 7.80e-01 1.89e-03 4.18e-03 3.34e-04 1.55e-04 9.03e-01 9.04e-01 9.02e-01 9.04e-01 9.27e-01 9.04e-01 9.04e-01 9.02e-01 9.53e-01 9.03e-01 9.04e-01 9.02e-01 9.04e-01 9.27e-01 9.04e-01 9.04e-01 9.02e-01 9.53e-01
155 3.00000e+01 -2.92227e-02 1.32844e-01 1.19004e-04 1.31e-03 1.04e-03 3.88e-03 3.68e-04 6.58e-01 2.05e-04 3.30e-03 8.02e-04 1.19e-04 8.56e-01 8.60e-01 8.58e-01 8.60e-01 8.75e-01 8.60e-01 8.60e-01 8.58e-01 9.13e-01 8.56e-01 8.60e-01 8.58e-01 8.60e-01 8.75e-01 8.60e-01 8.60e-01 8.58e-01 9.13e-01
205 4.00000e+01 -7.95517e-02 4.68233e-02 1.41518e-03 7.07e-03 5.87e-03 2.09e-02 8.44e-03 1.92e-01 2.35e-03 3.80e-02 1.36e-03 1.42e-03 8.13e-01 8.18e-01 8.16e-01 8.18e-01 8.01e-01 8.18e-01 8.18e-01 8.16e-01 8.72e-01 8.13e-01 8.18e-01 8.16e-01 8.18e-01 8.01e-01 8.18e-01 8.18e-01 8.16e-01 8.72e-01
255 5.00000e+01 -1.17717e-01 2.04414e-02 1.30567e-04 1.17e-03 4.38e-04 3.96e-02 1.18e-02 4.92e-02 3.42e-04 9.79e-03 3.52e-03 1.31e-04 7.73e-01 7.78e-01 7.77e-01 7.78e-01 7.23e-01 7.78e-01 7.79e-01 7.76e-01 8.33e-01 7.73e-01 7.78e-01 7.77e-01 7.78e-01 7.23e-01 7.78e-01 7.79e-01 7.76e-01 8.33e-01
305 6.00000e+01 -1.46521e-01 1.55054e-02 1.51164e-05 7.20e-04 1.99e-04 4.48e-02 6.32e-03 2.55e-02 1.21e-05 2.11e-03 4.48e-03 1.51e-05 7.34e-01 7.40e-01 7.40e-01 7.41e-01 6.63e-01 7.40e-01 7.41e-01 7.38e-01 7.95e-01 7.34e-01 7.40e-01 7.40e-01 7.41e-01 6.63e-01 7.40e-01 7.41e-01 7.38e-01 7.95e-01
355 7.00000e+01 -1.73228e-01 1.36771e-02 1.75407e-05 3.59e-04 1.94e-04 4.40e-02 4.62e-03 1.92e-02 9.76e-06 6.55e-04 5.09e-03 1.75e-05 6.98e-01 7.04e-01 7.05e-01 7.05e-01 6.15e-01 7.04e-01 7.05e-01 7.02e-01 7.58e-01 6.98e-01 7.04e-01 7.05e-01 7.05e-01 6.15e-01 7.04e-01 7.05e-01 7.02e-01 7.58e-01
405 8.00000e+01 -1.99478e-01 1.22517e-02 1.19694e-05 1.81e-04 2.52e-04 4.15e-02 4.07e-03 1.53e-02 1.07e-05 4.65e-04 4.96e-03 1.20e-05 6.63e-01 6.70e-01 6.72e-01 6.70e-01 5.74e-01 6.70e-01 6.70e-01 6.68e-01 7.22e-01 6.63e-01 6.70e-01 6.72e-01 6.70e-01 5.74e-01 6.70e-01 6.70e-01 6.68e-01 7.22e-01
455 9.00000e+01 -2.25549e-01 1.10210e-02 2.88283e-05 1.42e-04 3.02e-04 3.83e-02 3.77e-03 1.26e-02 1.37e-05 2.49e-04 4.26e-03 2.88e-05 6.31e-01 6.37e-01 6.40e-01 6.38e-01 5.38e-01 6.37e-01 6.37e-01 6.35e-01 6.88e-01 6.31e-01 6.37e-01 6.40e-01 6.38e-01 5.38e-01 6.37e-01 6.37e-01 6.35e-01 6.88e-01
505 1.00000e+02 -2.51639e-01 9.62214e-03 1.07723e-04 1.69e-04 3.84e-04 3.47e-02 3.82e-03 9.08e-03 1.34e-05 3.08e-04 3.37e-03 1.08e-04 5.99e-01 6.06e-01 6.09e-01 6.07e-01 5.05e-01 6.06e-01 6.06e-01 6.04e-01 6.56e-01 5.99e-01 6.06e-01 6.09e-01 6.07e-01 5.05e-01 6.06e-01 6.06e-01 6.04e-01 6.56e-01
555 1.10000e+02 -2.77676e-01 8.27330e-03 2.01636e-04 2.41e-04 4.78e-04 3.04e-02 3.62e-03 6.61e-03 2.73e-05 2.78e-04 2.59e-03 2.02e-04 5.70e-01 5.76e-01 5.80e-01 5.77e-01 4.75e-01 5.76e-01 5.76e-01 5.75e-01 6.25e-01 5.70e-01 5.76e-01 5.80e-01 5.77e-01 4.75e-01 5.76e-01 5.76e-01 5.75e-01 6.25e-01
605 1.20000e+02 -3.03669e-01 6.90688e-03 4.99010e-04 2.64e-04 5.45e-04 2.53e-02 3.47e-03 4.98e-03 5.17e-06 2.42e-04 2.16e-03 4.99e-04 5.42e-01 5.48e-01 5.52e-01 5.49e-01 4.48e-01 5.48e-01 5.48e-01 5.47e-01 5.95e-01 5.42e-01 5.48e-01 5.52e-01 5.49e-01 4.48e-01 5.48e-01 5.48e-01 5.47e-01 5.95e-01
655 1.30000e+02 -3.29303e-01 6.29447e-03 2.47493e-05 2.27e-04 5.24e-04 2.30e-02 3.22e-03 4.54e-03 5.61e-06 1.46e-04 1.99e-03 2.47e-05 5.15e-01 5.21e-01 5.25e-01 5.22e-01 4.22e-01 5.21e-01 5.21e-01 5.20e-01 5.67e-01 5.15e-01 5.21e-01 5.25e-01 5.22e-01 4.22e-01 5.21e-01 5.21e-01 5.20e-01 5.67e-01
705 1.40000e+02 -3.54426e-01 6.02929e-03 1.18542e-03 2.43e-04 5.14e-04 2.13e-02 3.26e-03 4.84e-03 3.46e-06 1.60e-04 1.94e-03 1.19e-03 4.90e-01 4.96e-01 4.99e-01 4.97e-01 3.99e-01 4.96e-01 4.96e-01 4.95e-01 5.41e-01 4.90e-01 4.96e-01 4.99e-01 4.97e-01 3.99e-01 4.96e-01 4.96e-01 4.95e-01 5.41e-01
755 1.50000e+02 -3.79593e-01 5.62567e-03 3.49135e-03 1.58e-04 4.67e-04 1.97e-02 3.13e-03 4.65e-03 6.97e-06 5.85e-05 1.63e-03 3.49e-03 4.66e-01 4.72e-01 4.75e-01 4.73e-01 3.77e-01 4.72e-01 4.72e-01 4.71e-01 5.15e-01 4.66e-01 4.72e-01 4.75e-01 4.73e-01 3.77e-01 4.72e-01 4.72e-01 4.71e-01 5.15e-01
805 1.60000e+02 -4.03012e-01 5.66983e-03 1.55265e-02 2.52e-04 4.20e-04 1.96e-02 3.08e-03 5.00e-03 6.89e-06 5.78e-05 2.88e-03 1.55e-02 4.43e-01 4.49e-01 4.52e-01 4.49e-01 3.57e-01 4.49e-01 4.48e-01 4.48e-01 4.91e-01 4.43e-01 4.49e-01 4.52e-01 4.49e-01 3.57e-01 4.49e-01 4.48e-01 4.48e-01 4.91e-01
855 1.70000e+02 -4.30276e-01 5.22385e-03 1.48167e-05 1.16e-04 3.90e-04 1.86e-02 2.96e-03 4.06e-03 5.88e-06 1.11e-04 1.55e-03 1.48e-05 4.21e-01 4.27e-01 4.30e-01 4.28e-01 3.37e-01 4.27e-01 4.27e-01 4.26e-01 4.68e-01 4.21e-01 4.27e-01 4.30e-01 4.28e-01 3.37e-01 4.27e-01 4.27e-01 4.26e-01 4.68e-01
905 1.80000e+02 -4.55484e-01 5.01356e-03 1.30086e-04 1.09e-04 3.72e-04 1.73e-02 3.18e-03 4.12e-03 7.37e-06 5.09e-05 1.49e-03 1.30e-04 4.01e-01 4.06e-01 4.09e-01 4.07e-01 3.19e-01 4.06e-01 4.06e-01 4.05e-01 4.45e-01 4.01e-01 4.06e-01 4.09e-01 4.07e-01 3.19e-01 4.06e-01 4.06e-01 4.05e-01 4.45e-01
955 1.90000e+02 -4.80026e-01 4.93015e-03 3.56929e-03 1.11e-04 3.50e-04 1.70e-02 3.05e-03 4.19e-03 3.11e-06 6.21e-05 1.60e-03 3.57e-03 3.81e-01 3.86e-01 3.89e-01 3.87e-01 3.03e-01 3.86e-01 3.86e-01 3.85e-01 4.24e-01 3.81e-01 3.86e-01 3.89e-01 3.87e-01 3.03e-01 3.86e-01 3.86e-01 3.85e-01 4.24e-01
1005 2.00000e+02 -5.05340e-01 4.95279e-03 1.07302e-03 1.16e-04 3.28e-04 1.73e-02 3.05e-03 4.00e-03 5.00e-06 1.82e-05 1.43e-03 1.07e-03 3.62e-01 3.67e-01 3.70e-01 3.68e-01 2.87e-01 3.67e-01 3.67e-01 3.66e-01 4.04e-01 3.62e-01 3.67e-01 3.70e-01 3.68e-01 2.87e-01 3.67e-01 3.67e-01 3.66e-01 4.04e-01
1055 2.10000e+02 -5.28924e-01 4.83663e-03 9.37066e-03 2.22e-04 3.25e-04 1.59e-02 3.04e-03 4.69e-03 4.07e-06 1.66e-04 1.93e-03 9.37e-03 3.45e-01 3.50e-01 3.52e-01 3.50e-01 2.72e-01 3.50e-01 3.49e-01 3.49e-01 3.85e-01 3.45e-01 3.50e-01 3.52e-01 3.50e-01 2.72e-01 3.50e-01 3.49e-01 3.49e-01 3.85e-01
1105 2.20000e+02 -5.55189e-01 4.61814e-03 2.07389e-03 1.03e-04 3.15e-04 1.57e-02 3.14e-03 3.88e-03 6.79e-06 1.71e-05 1.52e-03 2.07e-03 3.28e-01 3.33e-01 3.35e-01 3.33e-01 2.58e-01 3.32e-01 3.32e-01 3.32e-01 3.67e-01 3.28e-01 3.33e-01 3.35e-01 3.33e-01 2.58e-01 3.32e-01 3.32e-01 3.32e-01 3.67e-01
1155 2.30000e+02 -5.80684e-01 4.36952e-03 1.97199e-04 9.17e-05 3.11e-04 1.47e-02 3.11e-03 3.61e-03 6.45e-06 8.76e-05 1.21e-03 1.97e-04 3.12e-01 3.16e-01 3.19e-01 3.17e-01 2.44e-01 3.16e-01 3.16e-01 3.15e-01 3.49e-01 3.12e-01 3.16e-01 3.19e-01 3.17e-01 2.44e-01 3.16e-01 3.16e-01 3.15e-01 3.49e-01
1205 2.40000e+02 -6.02134e-01 5.04848e-03 1.51012e-02 4.90e-04 3.03e-04 1.72e-02 2.88e-03 4.41e-03 8.28e-06 7.41e-05 1.58e-03 1.51e-02 2.97e-01 3.01e-01 3.03e-01 3.01e-01 2.32e-01 3.01e-01 3.00e-01 3.00e-01 3.33e-01 2.97e-01 3.01e-01 3.03e-01 3.01e-01 2.32e-01 3.01e-01 3.00e-01 3.00e-01 3.33e-01
1255 2.50000e+02 -6.30217e-01 4.23486e-03 8.89319e-04 6.83e-05 2.54e-04 1.46e-02 2.80e-03 3.44e-03 4.14e-06 4.70e-05 1.28e-03 8.89e-04 2.82e-01 2.86e-01 2.89e-01 2.87e-01 2.20e-01 2.86e-01 2.86e-01 2.85e-01 3.17e-01 2.82e-01 2.86e-01 2.89e-01 2.87e-01 2.20e-01 2.86e-01 2.86e-01 2.85e-01 3.17e-01
1305 2.60000e+02 -6.55044e-01 4.32639e-03 9.09038e-04 5.86e-05 2.28e-04 1.51e-02 2.77e-03 3.45e-03 3.63e-06 4.56e-05 1.13e-03 9.09e-04 2.68e-01 2.72e-01 2.75e-01 2.73e-01 2.09e-01 2.72e-01 2.72e-01 2.71e-01 3.01e-01 2.68e-01 2.72e-01 2.75e-01 2.73e-01 2.09e-01 2.72e-01 2.72e-01 2.71e-01 3.01e-01
1355 2.70000e+02 -6.79297e-01 4.24968e-03 3.94391e-03 5.49e-05 2.26e-04 1.44e-02 2.83e-03 3.71e-03 3.18e-06 6.78e-05 1.47e-03 3.94e-03 2.55e-01 2.59e-01 2.61e-01 2.60e-01 1.98e-01 2.59e-01 2.58e-01 2.58e-01 2.87e-01 2.55e-01 2.59e-01 2.61e-01 2.60e-01 1.98e-01 2.59e-01 2.58e-01 2.58e-01 2.87e-01
1405 2.80000e+02 -7.03812e-01 4.23475e-03 5.26200e-03 4.65e-05 2.07e-04 1.45e-02 2.77e-03 3.63e-03 3.27e-06 6.92e-05 1.38e-03 5.26e-03 2.43e-01 2.46e-01 2.49e-01 2.47e-01 1.88e-01 2.46e-01 2.46e-01 2.46e-01 2.73e-01 2.43e-01 2.46e-01 2.49e-01 2.47e-01 1.88e-01 2.46e-01 2.46e-01 2.46e-01 2.73e-01
1455 2.90000e+02 -7.28509e-01 4.13587e-03 6.28229e-03 4.62e-05 1.78e-04 1.45e-02 2.60e-03 3.31e-03 4.85e-06 5.81e-05 1.06e-03 6.28e-03 2.31e-01 2.34e-01 2.37e-01 2.35e-01 1.79e-01 2.34e-01 2.34e-01 2.34e-01 2.60e-01 2.31e-01 2.34e-01 2.37e-01 2.35e-01 1.79e-01 2.34e-01 2.34e-01 2.34e-01 2.60e-01
1505 3.00000e+02 -7.54673e-01 4.01407e-03 5.35995e-04 4.43e-05 1.78e-04 1.42e-02 2.47e-03 3.17e-03 3.80e-06 8.98e-05 9.19e-04 5.36e-04 2.20e-01 2.23e-01 2.25e-01 2.24e-01 1.70e-01 2.23e-01 2.22e-01 2.22e-01 2.47e-01 2.20e-01 2.23e-01 2.25e-01 2.24e-01 1.70e-01 2.23e-01 2.22e-01 2.22e-01 2.47e-01
1555 3.10000e+02 -7.79556e-01 3.92997e-03 1.22212e-04 6.07e-05 1.64e-04 1.40e-02 2.47e-03 2.95e-03 2.33e-06 6.88e-05 8.99e-04 1.22e-04 2.09e-01 2.12e-01 2.15e-01 2.13e-01 1.61e-01 2.12e-01 2.12e-01 2.11e-01 2.36e-01 2.09e-01 2.12e-01 2.15e-01 2.13e-01 1.61e-01 2.12e-01 2.12e-01 2.11e-01 2.36e-01
1605 3.20000e+02 -8.03945e-01 3.78198e-03 2.29561e-03 4.16e-05 1.48e-04 1.32e-02 2.48e-03 3.00e-03 2.30e-06 9.81e-05 9.42e-04 2.30e-03 1.99e-01 2.02e-01 2.04e-01 2.02e-01 1.53e-01 2.02e-01 2.01e-01 2.01e-01 2.24e-01 1.99e-01 2.02e-01 2.04e-01 2.02e-01 1.53e-01 2.02e-01 2.01e-01 2.01e-01 2.24e-01
1655 3.30000e+02 -8.29310e-01 3.75238e-03 4.47996e-05 4.04e-05 1.45e-04 1.36e-02 2.40e-03 2.58e-03 8.39e-07 5.83e-05 8.49e-04 4.48e-05 1.89e-01 1.92e-01 1.94e-01 1.92e-01 1.46e-01 1.92e-01 1.91e-01 1.91e-01 2.13e-01 1.89e-01 1.92e-01 1.94e-01 1.92e-01 1.46e-01 1.92e-01 1.91e-01 1.91e-01 2.13e-01
1705 3.40000e+02 -8.52905e-01 3.71879e-03 3.92837e-03 3.82e-05 1.28e-04 1.34e-02 2.25e-03 2.76e-03 5.47e-07 7.19e-05 1.07e-03 3.93e-03 1.80e-01 1.82e-01 1.85e-01 1.83e-01 1.38e-01 1.82e-01 1.82e-01 1.82e-01 2.03e-01 1.80e-01 1.82e-01 1.85e-01 1.83e-01 1.38e-01 1.82e-01 1.82e-01 1.82e-01 2.03e-01
1755 3.50000e+02 -8.78747e-01 3.59436e-03 5.88089e-04 1.71e-04 1.16e-04 1.27e-02 2.37e-03 2.60e-03 3.50e-07 1.04e-04 7.44e-04 5.88e-04 1.71e-01 1.74e-01 1.76e-01 1.74e-01 1.31e-01 1.74e-01 1.73e-01 1.73e-01 1.93e-01 1.71e-01 1.74e-01 1.76e-01 1.74e-01 1.31e-01 1.74e-01 1.73e-01 1.73e-01 1.93e-01
1805 3.60000e+02 -9.03034e-01 3.67821e-03 1.27600e-03 5.67e-05 1.09e-04 1.35e-02 2.26e-03 2.43e-03 4.66e-07 3.21e-05 7.58e-04 1.28e-03 1.63e-01 1.65e-01 1.68e-01 1.66e-01 1.25e-01 1.65e-01 1.65e-01 1.65e-01 1.84e-01 1.63e-01 1.65e-01 1.68e-01 1.66e-01 1.25e-01 1.65e-01 1.65e-01 1.65e-01 1.84e-01
1855 3.70000e+02 -9.28319e-01 3.44298e-03 5.57145e-04 3.15e-05 9.64e-05 1.28e-02 2.14e-03 2.18e-03 6.54e-07 3.98e-05 7.32e-04 5.57e-04 1.55e-01 1.57e-01 1.60e-01 1.58e-01 1.19e-01 1.57e-01 1.57e-01 1.57e-01 1.75e-01 1.55e-01 1.57e-01 1.60e-01 1.58e-01 1.19e-01 1.57e-01 1.57e-01 1.57e-01 1.75e-01
1905 3.80000e+02 -9.52719e-01 3.47579e-03 7.95967e-04 2.99e-05 8.98e-05 1.26e-02 2.21e-03 2.49e-03 1.07e-07 1.41e-04 7.86e-04 7.96e-04 1.47e-01 1.49e-01 1.52e-01 1.50e-01 1.13e-01 1.49e-01 1.49e-01 1.49e-01 1.67e-01 1.47e-01 1.49e-01 1.52e-01 1.50e-01 1.13e-01 1.49e-01 1.49e-01 1.49e-01 1.67e-01
1955 3.90000e+02 -9.73862e-01 3.48269e-03 1.03146e-02 3.77e-05 7.75e-05 1.32e-02 2.05e-03 2.02e-03 2.99e-07 1.41e-04 1.07e-03 1.03e-02 1.40e-01 1.42e-01 1.45e-01 1.43e-01 1.07e-01 1.42e-01 1.42e-01 1.42e-01 1.59e-01 1.40e-01 1.42e-01 1.45e-01 1.43e-01 1.07e-01 1.42e-01 1.42e-01 1.42e-01 1.59e-01
2005 4.00000e+02 -1.00146e+00 3.34855e-03 2.66957e-03 3.25e-05 7.15e-05 1.26e-02 2.08e-03 1.99e-03 8.32e-07 1.47e-04 7.05e-04 2.67e-03 1.33e-01 1.35e-01 1.38e-01 1.36e-01 1.02e-01 1.35e-01 1.35e-01 1.35e-01 1.51e-01 1.33e-01 1.35e-01 1.38e-01 1.36e-01 1.02e-01 1.35e-01 1.35e-01 1.35e-01 1.51e-01
2055 4.10000e+02 -1.02661e+00 3.35894e-03 2.93021e-04 3.37e-05 6.70e-05 1.18e-02 2.04e-03 2.87e-03 2.37e-07 3.09e-04 6.60e-04 2.93e-04 1.27e-01 1.29e-01 1.32e-01 1.29e-01 9.69e-02 1.29e-01 1.28e-01 1.28e-01 1.44e-01 1.27e-01 1.29e-01 1.32e-01 1.29e-01 9.69e-02 1.29e-01 1.28e-01 1.28e-01 1.44e-01
2105 4.20000e+02 -1.05137e+00 3.16895e-03 1.37484e-03 4.09e-05 6.89e-05 1.20e-02 1.97e-03 1.76e-03 4.65e-07 1.60e-04 6.55e-04 1.37e-03 1.20e-01 1.22e-01 1.25e-01 1.23e-01 9.21e-02 1.22e-01 1.22e-01 1.22e-01 1.37e-01 1.20e-01 1.22e-01 1.25e-01 1.23e-01 9.21e-02 1.22e-01 1.22e-01 1.22e-01 1.37e-01
2155 4.30000e+02 -1.07661e+00 3.08192e-03 1.36825e-04 5.99e-05 6.59e-05 1.11e-02 2.00e-03 2.15e-03 9.41e-07 4.63e-05 6.18e-04 1.37e-04 1.14e-01 1.16e-01 1.20e-01 1.17e-01 8.75e-02 1.16e-01 1.16e-01 1.16e-01 1.30e-01 1.14e-01 1.16e-01 1.20e-01 1.17e-01 8.75e-02 1.16e-01 1.16e-01 1.16e-01 1.30e-01
2205 4.40000e+02 -1.10108e+00 3.02211e-03 5.17289e-04 4.96e-05 5.79e-05 1.16e-02 1.85e-03 1.56e-03 1.89e-07 4.74e-05 6.61e-04 5.17e-04 1.09e-01 1.11e-01 1.14e-01 1.11e-01 8.32e-02 1.11e-01 1.10e-01 1.10e-01 1.24e-01 1.09e-01 1.11e-01 1.14e-01 1.11e-01 8.32e-02 1.11e-01 1.10e-01 1.10e-01 1.24e-01
2255 4.50000e+02 -1.12527e+00 2.95017e-03 1.43937e-03 7.52e-05 5.68e-05 1.10e-02 1.83e-03 1.76e-03 6.21e-07 4.26e-05 7.17e-04 1.44e-03 1.04e-01 1.05e-01 1.09e-01 1.06e-01 7.91e-02 1.05e-01 1.05e-01 1.05e-01 1.18e-01 1.04e-01 1.05e-01 1.09e-01 1.06e-01 7.91e-02 1.05e-01 1.05e-01 1.05e-01 1.18e-01
2305 4.60000e+02 -1.14770e+00 2.92704e-03 5.20336e-03 8.18e-05 5.23e-05 1.10e-02 1.73e-03 1.80e-03 1.60e-07 1.34e-04 8.47e-04 5.20e-03 9.85e-02 1.00e-01 1.03e-01 1.01e-01 7.52e-02 1.00e-01 9.99e-02 9.99e-02 1.12e-01 9.85e-02 1.00e-01 1.03e-01 1.01e-01 7.52e-02 1.00e-01 9.99e-02 9.99e-02 1.12e-01
2355 4.70000e+02 -1.17427e+00 3.09755e-03 1.61495e-04 3.70e-04 5.18e-05 1.15e-02 1.74e-03 1.84e-03 1.43e-06 4.28e-05 6.30e-04 1.61e-04 9.37e-02 9.52e-02 9.86e-02 9.59e-02 7.15e-02 9.53e-02 9.51e-02 9.51e-02 1.07e-01 9.37e-02 9.52e-02 9.86e-02 9.59e-02 7.15e-02 9.53e-02 9.51e-02 9.51e-02 1.07e-01
2405 4.80000e+02 -1.19725e+00 2.93567e-03 3.64474e-03 5.99e-05 5.12e-05 1.14e-02 1.70e-03 1.46e-03 3.54e-07 1.23e-04 6.10e-04 3.64e-03 8.91e-02 9.06e-02 9.40e-02 9.12e-02 6.80e-02 9.06e-02 9.04e-02 9.04e-02 1.02e-01 8.91e-02 9.06e-02 9.40e-02 9.12e-02 6.80e-02 9.06e-02 9.04e-02 9.04e-02 1.02e-01
2455 4.90000e+02 -1.22379e+00 2.85491e-03 1.58883e-04 8.63e-05 4.86e-05 1.08e-02 1.73e-03 1.61e-03 4.06e-07 1.21e-04 5.68e-04 1.59e-04 8.48e-02 8.62e-02 8.96e-02 8.68e-02 6.47e-02 8.62e-02 8.60e-02 8.60e-02 9.69e-02 8.48e-02 8.62e-02 8.96e-02 8.68e-02 6.47e-02 8.62e-02 8.60e-02 8.60e-02 9.69e-02
2505 5.00000e+02 -1.24669e+00 3.03206e-03 1.42349e-03 5.23e-05 5.28e-05 1.14e-02 1.72e-03 1.91e-03 7.03e-07 5.81e-05 6.77e-04 1.42e-03 8.07e-02 8.20e-02 8.55e-02 8.26e-02 6.15e-02 8.20e-02 8.18e-02 8.19e-02 9.22e-02 8.07e-02 8.20e-02 8.55e-02 8.26e-02 6.15e-02 8.20e-02 8.18e-02 8.19e-02 9.22e-02
2555 5.10000e+02 -1.27012e+00 2.82064e-03 3.98648e-03 5.03e-05 4.90e-05 1.10e-02 1.62e-03 1.43e-03 2.12e-07 1.28e-04 6.30e-04 3.99e-03 7.67e-02 7.80e-02 8.15e-02 7.86e-02 5.85e-02 7.80e-02 7.78e-02 7.79e-02 8.77e-02 7.67e-02 7.80e-02 8.15e-02 7.86e-02 5.85e-02 7.80e-02 7.78e-02 7.79e-02 8.77e-02
2605 5.20000e+02 -1.29611e+00 2.66037e-03 1.91861e-03 5.98e-05 4.61e-05 9.98e-03 1.55e-03 1.67e-03 7.95e-07 5.03e-05 8.11e-04 1.92e-03 7.30e-02 7.42e-02 7.77e-02 7.48e-02 5.57e-02 7.42e-02 7.40e-02 7.41e-02 8.34e-02 7.30e-02 7.42e-02 7.77e-02 7.48e-02 5.57e-02 7.42e-02 7.40e-02 7.41e-02 8.34e-02
2655 5.30000e+02 -1.31914e+00 2.68043e-03 3.41282e-03 3.80e-05 4.16e-05 1.02e-02 1.54e-03 1.59e-03 6.66e-07 5.18e-05 8.49e-04 3.41e-03 6.94e-02 7.06e-02 7.42e-02 7.12e-02 5.30e-02 7.06e-02 7.04e-02 7.05e-02 7.94e-02 6.94e-02 7.06e-02 7.42e-02 7.12e-02 5.30e-02 7.06e-02 7.04e-02 7.05e-02 7.94e-02
2705 5.40000e+02 -1.34047e+00 2.81162e-03 6.38695e-03 3.82e-05 4.14e-05 1.10e-02 1.57e-03 1.42e-03 9.42e-07 2.36e-04 8.38e-04 6.39e-03 6.60e-02 6.71e-02 7.08e-02 6.77e-02 5.04e-02 6.71e-02 6.70e-02 6.71e-02 7.56e-02 6.60e-02 6.71e-02 7.08e-02 6.77e-02 5.04e-02 6.71e-02 6.70e-02 6.71e-02 7.56e-02
2755 5.50000e+02 -1.36786e+00 2.78674e-03 2.27440e-03 9.38e-05 4.14e-05 1.06e-02 1.53e-03 1.72e-03 2.15e-06 5.57e-05 6.80e-04 2.27e-03 6.28e-02 6.38e-02 6.75e-02 6.45e-02 4.79e-02 6.39e-02 6.37e-02 6.38e-02 7.19e-02 6.28e-02 6.38e-02 6.75e-02 6.45e-02 4.79e-02 6.39e-02 6.37e-02 6.38e-02 7.19e-02
2805 5.60000e+02 -1.39407e+00 2.70793e-03 9.01434e-05 4.67e-05 4.00e-05 1.05e-02 1.50e-03 1.44e-03 9.41e-07 2.20e-04 5.73e-04 9.01e-05 5.98e-02 6.07e-02 6.44e-02 6.13e-02 4.56e-02 6.07e-02 6.06e-02 6.07e-02 6.84e-02 5.98e-02 6.07e-02 6.44e-02 6.13e-02 4.56e-02 6.07e-02 6.06e-02 6.07e-02 6.84e-02
2855 5.70000e+02 -1.41710e+00 2.78886e-03 3.39249e-04 4.13e-04 4.04e-05 1.05e-02 1.47e-03 1.48e-03 7.41e-07 1.34e-04 5.59e-04 3.39e-04 5.69e-02 5.78e-02 6.16e-02 5.84e-02 4.35e-02 5.78e-02 5.77e-02 5.78e-02 6.52e-02 5.69e-02 5.78e-02 6.16e-02 5.84e-02 4.35e-02 5.78e-02 5.77e-02 5.78e-02 6.52e-02
2905 5.80000e+02 -1.44138e+00 2.66799e-03 7.23226e-04 4.50e-05 4.04e-05 1.04e-02 1.51e-03 1.31e-03 1.19e-06 4.80e-05 5.94e-04 7.23e-04 5.41e-02 5.50e-02 5.88e-02 5.56e-02 4.14e-02 5.50e-02 5.49e-02 5.50e-02 6.21e-02 5.41e-02 5.50e-02 5.88e-02 5.56e-02 4.14e-02 5.50e-02 5.49e-02 5.50e-02 6.21e-02
2955 5.90000e+02 -1.46453e+00 2.66298e-03 1.21078e-03 2.98e-05 3.94e-05 1.00e-02 1.51e-03 1.72e-03 1.41e-06 2.36e-04 6.72e-04 1.21e-03 5.15e-02 5.23e-02 5.61e-02 5.29e-02 3.94e-02 5.23e-02 5.22e-02 5.23e-02 5.91e-02 5.15e-02 5.23e-02 5.61e-02 5.29e-02 3.94e-02 5.23e-02 5.22e-02 5.23e-02 5.91e-02
3005 6.00000e+02 -1.47226e+00 2.91111e-03 1.59124e-02 4.05e-05 4.24e-05 1.10e-02 1.50e-03 1.93e-03 2.89e-06 1.17e-04 1.03e-03 1.59e-02 4.90e-02 4.98e-02 5.36e-02 5.04e-02 3.75e-02 4.98e-02 4.97e-02 4.98e-02 5.62e-02 4.90e-02 4.98e-02 5.36e-02 5.04e-02 3.75e-02 4.98e-02 4.97e-02 4.98e-02 5.62e-02
3055 6.10000e+02 -1.50933e+00 2.89045e-03 2.69306e-03 1.19e-04 4.11e-05 1.05e-02 1.47e-03 2.36e-03 9.04e-07 8.73e-05 6.47e-04 2.69e-03 4.66e-02 4.73e-02 5.12e-02 4.79e-02 3.57e-02 4.74e-02 4.73e-02 4.74e-02 5.35e-02 4.66e-02 4.73e-02 5.12e-02 4.79e-02 3.57e-02 4.74e-02 4.73e-02 4.74e-02 5.35e-02
3105 6.20000e+02 -1.53519e+00 2.60364e-03 2.26795e-03 1.25e-04 3.49e-05 9.84e-03 1.40e-03 1.62e-03 5.63e-07 2.59e-04 6.42e-04 2.27e-03 4.43e-02 4.50e-02 4.90e-02 4.56e-02 3.40e-02 4.50e-02 4.50e-02 4.51e-02 5.09e-02 4.43e-02 4.50e-02 4.90e-02 4.56e-02 3.40e-02 4.50e-02 4.50e-02 4.51e-02 5.09e-02
3155 6.30000e+02 -1.55706e+00 2.66860e-03 3.47466e-03 3.26e-05 3.57e-05 1.06e-02 1.43e-03 1.19e-03 9.30e-07 2.84e-04 7.83e-04 3.47e-03 4.22e-02 4.28e-02 4.68e-02 4.34e-02 3.23e-02 4.28e-02 4.28e-02 4.29e-02 4.85e-02 4.22e-02 4.28e-02 4.68e-02 4.34e-02 3.23e-02 4.28e-02 4.28e-02 4.29e-02 4.85e-02
3205 6.40000e+02 -1.58618e+00 2.34838e-03 7.72259e-04 3.45e-05 3.51e-05 9.09e-03 1.39e-03 1.19e-03 5.81e-07 1.38e-04 6.53e-04 7.72e-04 4.01e-02 4.08e-02 4.47e-02 4.13e-02 3.08e-02 4.08e-02 4.07e-02 4.08e-02 4.62e-02 4.01e-02 4.08e-02 4.47e-02 4.13e-02 3.08e-02 4.08e-02 4.07e-02 4.08e-02 4.62e-02
3255 6.50000e+02 -1.60963e+00 2.47041e-03 4.64558e-04 4.10e-05 3.84e-05 9.61e-03 1.40e-03 1.27e-03 8.89e-07 4.28e-05 6.57e-04 4.65e-04 3.81e-02 3.88e-02 4.28e-02 3.94e-02 2.93e-02 3.88e-02 3.87e-02 3.88e-02 4.40e-02 3.81e-02 3.88e-02 4.28e-02 3.94e-02 2.93e-02 3.88e-02 3.87e-02 3.88e-02 4.40e-02
3305 6.60000e+02 -1.63351e+00 2.43076e-03 4.32442e-04 4.46e-05 3.52e-05 9.51e-03 1.32e-03 1.25e-03 5.33e-07 1.79e-04 6.21e-04 4.32e-04 3.63e-02 3.69e-02 4.09e-02 3.75e-02 2.79e-02 3.69e-02 3.68e-02 3.70e-02 4.19e-02 3.63e-02 3.69e-02 4.09e-02 3.75e-02 2.79e-02 3.69e-02 3.68e-02 3.70e-02 4.19e-02
3355 6.70000e+02 -1.65699e+00 2.41298e-03 6.40771e-04 3.34e-05 3.50e-05 9.38e-03 1.29e-03 1.32e-03 7.66e-07 2.36e-05 6.88e-04 6.41e-04 3.45e-02 3.51e-02 3.91e-02 3.57e-02 2.65e-02 3.51e-02 3.50e-02 3.52e-02 3.99e-02 3.45e-02 3.51e-02 3.91e-02 3.57e-02 2.65e-02 3.51e-02 3.50e-02 3.52e-02 3.99e-02
3405 6.80000e+02 -1.67307e+00 2.53973e-03 4.69044e-03 9.78e-05 3.97e-05 9.48e-03 1.31e-03 1.77e-03 8.59e-07 2.81e-05 8.34e-04 4.69e-03 3.28e-02 3.34e-02 3.75e-02 3.39e-02 2.53e-02 3.34e-02 3.33e-02 3.35e-02 3.80e-02 3.28e-02 3.34e-02 3.75e-02 3.39e-02 2.53e-02 3.34e-02 3.33e-02 3.35e-02 3.80e-02
3455 6.90000e+02 -1.68803e+00 2.64369e-03 8.39930e-03 9.80e-05 3.06e-05 9.60e-03 1.19e-03 2.30e-03 8.12e-07 5.17e-04 1.09e-03 8.40e-03 3.12e-02 3.17e-02 3.58e-02 3.23e-02 2.41e-02 3.17e-02 3.17e-02 3.19e-02 3.62e-02 3.12e-02 3.17e-02 3.58e-02 3.23e-02 2.41e-02 3.17e-02 3.17e-02 3.19e-02 3.62e-02
3505 7.00000e+02 -1.72810e+00 2.40381e-03 1.78180e-04 5.26e-05 3.66e-05 9.24e-03 1.23e-03 1.46e-03 4.23e-07 4.33e-05 6.26e-04 1.78e-04 2.97e-02 3.02e-02 3.43e-02 3.08e-02 2.30e-02 3.02e-02 3.02e-02 3.03e-02 3.45e-02 2.97e-02 3.02e-02 3.43e-02 3.08e-02 2.30e-02 3.02e-02 3.02e-02 3.03e-02 3.45e-02
3555 7.10000e+02 -1.74917e+00 2.49651e-03 1.15812e-03 1.43e-04 2.95e-05 9.65e-03 1.16e-03 1.50e-03 1.03e-06 2.59e-05 6.16e-04 1.16e-03 2.83e-02 2.87e-02 3.29e-02 2.93e-02 2.19e-02 2.87e-02 2.87e-02 2.89e-02 3.28e-02 2.83e-02 2.87e-02 3.29e-02 2.93e-02 2.19e-02 2.87e-02 2.87e-02 2.89e-02 3.28e-02
3605 7.20000e+02 -1.77072e+00 2.24149e-03 3.01289e-03 9.66e-05 3.08e-05 8.28e-03 1.06e-03 1.75e-03 8.95e-07 3.84e-05 8.37e-04 3.01e-03 2.69e-02 2.73e-02 3.15e-02 2.79e-02 2.08e-02 2.73e-02 2.73e-02 2.75e-02 3.12e-02 2.69e-02 2.73e-02 3.15e-02 2.79e-02 2.08e-02 2.73e-02 2.73e-02 2.75e-02 3.12e-02
3655 7.30000e+02 -1.79971e+00 2.19821e-03 3.43722e-04 3.37e-05 3.30e-05 8.50e-03 1.04e-03 1.38e-03 7.41e-07 1.27e-04 6.58e-04 3.44e-04 2.56e-02 2.60e-02 3.01e-02 2.65e-02 1.98e-02 2.60e-02 2.60e-02 2.61e-02 2.97e-02 2.56e-02 2.60e-02 3.01e-02 2.65e-02 1.98e-02 2.60e-02 2.60e-02 2.61e-02 2.97e-02
3705 7.40000e+02 -1.82219e+00 2.26945e-03 5.18581e-04 3.96e-05 2.61e-05 9.07e-03 9.65e-04 1.24e-03 3.02e-07 1.81e-04 5.91e-04 5.19e-04 2.43e-02 2.47e-02 2.89e-02 2.52e-02 1.89e-02 2.47e-02 2.47e-02 2.49e-02 2.83e-02 2.43e-02 2.47e-02 2.89e-02 2.52e-02 1.89e-02 2.47e-02 2.47e-02 2.49e-02 2.83e-02
3755 7.50000e+02 -1.83617e+00 2.76954e-03 8.25239e-04 1.88e-04 2.49e-05 8.46e-03 8.66e-04 4.31e-03 1.53e-06 2.11e-04 6.37e-04 8.25e-04 2.31e-02 2.35e-02 2.77e-02 2.40e-02 1.80e-02 2.35e-02 2.35e-02 2.37e-02 2.69e-02 2.31e-02 2.35e-02 2.77e-02 2.40e-02 1.80e-02 2.35e-02 2.35e-02 2.37e-02 2.69e-02
3805 7.60000e+02 -1.86389e+00 2.38606e-03 2.12208e-03 4.75e-05 2.72e-05 9.54e-03 8.94e-04 1.42e-03 8.48e-07 7.41e-06 6.14e-04 2.12e-03 2.20e-02 2.24e-02 2.66e-02 2.29e-02 1.72e-02 2.24e-02 2.24e-02 2.25e-02 2.56e-02 2.20e-02 2.24e-02 2.66e-02 2.29e-02 1.72e-02 2.24e-02 2.24e-02 2.25e-02 2.56e-02
3855 7.70000e+02 -1.88404e+00 2.21890e-03 3.88107e-03 4.47e-05 3.23e-05 8.78e-03 8.79e-04 1.36e-03 6.80e-07 8.06e-06 7.97e-04 3.88e-03 2.09e-02 2.13e-02 2.55e-02 2.18e-02 1.64e-02 2.13e-02 2.13e-02 2.15e-02 2.44e-02 2.09e-02 2.13e-02 2.55e-02 2.18e-02 1.64e-02 2.13e-02 2.13e-02 2.15e-02 2.44e-02
3905 7.80000e+02 -1.91465e+00 2.24995e-03 4.50551e-04 9.45e-05 3.19e-05 8.69e-03 8.19e-04 1.62e-03 7.80e-07 6.16e-06 5.88e-04 4.51e-04 1.99e-02 2.02e-02 2.44e-02 2.07e-02 1.56e-02 2.02e-02 2.02e-02 2.04e-02 2.32e-02 1.99e-02 2.02e-02 2.44e-02 2.07e-02 1.56e-02 2.02e-02 2.02e-02 2.04e-02 2.32e-02
3955 7.90000e+02 -1.92588e+00 2.47517e-03 2.51800e-03 4.65e-05 3.28e-05 7.99e-03 8.14e-04 3.50e-03 1.47e-06 1.14e-04 9.44e-04 2.52e-03 1.90e-02 1.93e-02 2.35e-02 1.97e-02 1.49e-02 1.93e-02 1.92e-02 1.94e-02 2.21e-02 1.90e-02 1.93e-02 2.35e-02 1.97e-02 1.49e-02 1.93e-02 1.92e-02 1.94e-02 2.21e-02
4005 8.00000e+02 -1.95293e+00 2.34969e-03 2.37622e-03 3.36e-05 3.46e-05 8.86e-03 7.75e-04 2.04e-03 1.38e-06 6.75e-06 7.38e-04 2.38e-03 1.80e-02 1.83e-02 2.25e-02 1.88e-02 1.42e-02 1.83e-02 1.83e-02 1.85e-02 2.11e-02 1.80e-02 1.83e-02 2.25e-02 1.88e-02 1.42e-02 1.83e-02 1.83e-02 1.85e-02 2.11e-02
4055 8.10000e+02 -1.98888e+00 1.91937e-03 1.28095e-04 4.86e-05 3.20e-05 7.74e-03 6.85e-04 1.10e-03 1.22e-06 4.13e-05 6.06e-04 1.28e-04 1.72e-02 1.74e-02 2.16e-02 1.79e-02 1.36e-02 1.74e-02 1.74e-02 1.76e-02 2.00e-02 1.72e-02 1.74e-02 2.16e-02 1.79e-02 1.36e-02 1.74e-02 1.74e-02 1.76e-02 2.00e-02
4105 8.20000e+02 -2.00703e+00 2.06901e-03 1.10120e-03 2.89e-05 2.34e-05 8.60e-03 6.69e-04 1.03e-03 2.25e-06 6.55e-05 6.22e-04 1.10e-03 1.63e-02 1.66e-02 2.08e-02 1.70e-02 1.29e-02 1.66e-02 1.66e-02 1.68e-02 1.91e-02 1.63e-02 1.66e-02 2.08e-02 1.70e-02 1.29e-02 1.66e-02 1.66e-02 1.68e-02 1.91e-02
4155 8.30000e+02 -2.03305e+00 1.88859e-03 6.58242e-04 3.79e-05 3.09e-05 7.68e-03 6.11e-04 1.08e-03 2.38e-06 1.04e-05 6.58e-04 6.58e-04 1.55e-02 1.58e-02 2.00e-02 1.62e-02 1.23e-02 1.58e-02 1.58e-02 1.60e-02 1.82e-02 1.55e-02 1.58e-02 2.00e-02 1.62e-02 1.23e-02 1.58e-02 1.58e-02 1.60e-02 1.82e-02
4205 8.40000e+02 -2.04239e+00 1.99188e-03 4.16934e-03 5.19e-05 2.27e-05 8.26e-03 5.84e-04 1.04e-03 2.06e-06 1.82e-04 6.92e-04 4.17e-03 1.48e-02 1.50e-02 1.92e-02 1.54e-02 1.17e-02 1.50e-02 1.50e-02 1.52e-02 1.73e-02 1.48e-02 1.50e-02 1.92e-02 1.54e-02 1.17e-02 1.50e-02 1.50e-02 1.52e-02 1.73e-02
4255 8.50000e+02 -2.08093e+00 1.82635e-03 2.19639e-04 5.24e-05 2.41e-05 7.58e-03 5.10e-04 9.65e-04 2.03e-06 1.18e-04 6.33e-04 2.20e-04 1.41e-02 1.43e-02 1.85e-02 1.46e-02 1.12e-02 1.43e-02 1.43e-02 1.45e-02 1.65e-02 1.41e-02 1.43e-02 1.85e-02 1.46e-02 1.12e-02 1.43e-02 1.43e-02 1.45e-02 1.65e-02
4305 8.60000e+02 -2.10294e+00 1.86446e-03 3.38880e-04 2.57e-05 2.54e-05 7.70e-03 4.96e-04 1.07e-03 2.25e-06 1.04e-05 6.15e-04 3.39e-04 1.34e-02 1.36e-02 1.78e-02 1.39e-02 1.06e-02 1.36e-02 1.36e-02 1.38e-02 1.57e-02 1.34e-02 1.36e-02 1.78e-02 1.39e-02 1.06e-02 1.36e-02 1.36e-02 1.38e-02 1.57e-02
4355 8.70000e+02 -2.09628e+00 1.98470e-03 7.27712e-03 5.23e-05 2.21e-05 8.19e-03 4.96e-04 1.17e-03 2.76e-06 1.72e-04 7.82e-04 7.28e-03 1.27e-02 1.29e-02 1.71e-02 1.33e-02 1.01e-02 1.29e-02 1.29e-02 1.31e-02 1.49e-02 1.27e-02 1.29e-02 1.71e-02 1.33e-02 1.01e-02 1.29e-02 1.29e-02 1.31e-02 1.49e-02
4405 8.80000e+02 -2.14823e+00 1.79031e-03 3.32286e-04 2.50e-05 2.15e-05 6.96e-03 4.45e-04 1.50e-03 3.15e-06 9.30e-05 5.95e-04 3.32e-04 1.21e-02 1.23e-02 1.64e-02 1.26e-02 9.66e-03 1.23e-02 1.23e-02 1.25e-02 1.42e-02 1.21e-02 1.23e-02 1.64e-02 1.26e-02 9.66e-03 1.23e-02 1.23e-02 1.25e-02 1.42e-02
4455 8.90000e+02 -2.17189e+00 1.81453e-03 2.40484e-04 3.73e-05 2.85e-05 7.66e-03 4.42e-04 9.05e-04 3.32e-06 8.46e-06 6.28e-04 2.40e-04 1.15e-02 1.17e-02 1.58e-02 1.20e-02 9.22e-03 1.17e-02 1.17e-02 1.19e-02 1.36e-02 1.15e-02 1.17e-02 1.58e-02 1.20e-02 9.22e-03 1.17e-02 1.17e-02 1.19e-02 1.36e-02
4505 9.00000e+02 -2.19427e+00 1.76069e-03 4.35222e-04 3.07e-05 3.32e-05 7.31e-03 4.40e-04 9.89e-04 3.88e-06 6.06e-05 5.41e-04 4.35e-04 1.10e-02 1.11e-02 1.52e-02 1.14e-02 8.80e-03 1.11e-02 1.11e-02 1.14e-02 1.30e-02 1.10e-02 1.11e-02 1.52e-02 1.14e-02 8.80e-03 1.11e-02 1.11e-02 1.14e-02 1.30e-02
4555 9.10000e+02 -2.20321e+00 1.79112e-03 3.01191e-03 6.93e-05 2.25e-05 7.49e-03 4.11e-04 9.64e-04 4.22e-06 1.19e-04 7.17e-04 3.01e-03 1.04e-02 1.06e-02 1.47e-02 1.09e-02 8.40e-03 1.06e-02 1.06e-02 1.08e-02 1.24e-02 1.04e-02 1.06e-02 1.47e-02 1.09e-02 8.40e-03 1.06e-02 1.06e-02 1.08e-02 1.24e-02
4605 9.20000e+02 -2.24107e+00 1.70533e-03 1.09369e-04 9.23e-05 2.70e-05 6.92e-03 4.28e-04 1.06e-03 2.78e-06 1.42e-05 5.74e-04 1.09e-04 9.92e-03 1.01e-02 1.41e-02 1.03e-02 8.01e-03 1.01e-02 1.01e-02 1.03e-02 1.18e-02 9.92e-03 1.01e-02 1.41e-02 1.03e-02 8.01e-03 1.01e-02 1.01e-02 1.03e-02 1.18e-02
4655 9.30000e+02 -2.25679e+00 1.74765e-03 6.53074e-04 7.45e-05 2.32e-05 6.43e-03 3.67e-04 1.85e-03 3.61e-06 1.49e-04 5.27e-04 6.53e-04 9.44e-03 9.58e-03 1.36e-02 9.84e-03 7.65e-03 9.57e-03 9.58e-03 9.81e-03 1.13e-02 9.44e-03 9.58e-03 1.36e-02 9.84e-03 7.65e-03 9.57e-03 9.58e-03 9.81e-03 1.13e-02
4705 9.40000e+02 -2.28821e+00 1.62740e-03 4.14934e-05 2.96e-05 2.32e-05 6.83e-03 3.61e-04 8.92e-04 4.94e-06 4.15e-05 5.51e-04 4.15e-05 8.98e-03 9.11e-03 1.31e-02 9.36e-03 7.30e-03 9.10e-03 9.11e-03 9.35e-03 1.07e-02 8.98e-03 9.11e-03 1.31e-02 9.36e-03 7.30e-03 9.10e-03 9.11e-03 9.35e-03 1.07e-02
4755 9.50000e+02 -2.26919e+00 1.64344e-03 6.89203e-03 6.09e-05 3.69e-05 6.58e-03 3.37e-04 1.20e-03 1.81e-06 1.35e-05 8.85e-04 6.89e-03 8.55e-03 8.67e-03 1.27e-02 8.92e-03 6.98e-03 8.67e-03 8.68e-03 8.91e-03 1.02e-02 8.55e-03 8.67e-03 1.27e-02 8.92e-03 6.98e-03 8.67e-03 8.68e-03 8.91e-03 1.02e-02
4805 9.60000e+02 -2.32604e+00 1.62885e-03 3.84208e-04 1.41e-04 2.08e-05 6.27e-03 4.15e-04 1.29e-03 5.78e-06 2.91e-04 4.96e-04 3.84e-04 8.13e-03 8.25e-03 1.22e-02 8.48e-03 6.69e-03 8.25e-03 8.26e-03 8.49e-03 9.81e-03 8.13e-03 8.25e-03 1.22e-02 8.48e-03 6.69e-03 8.25e-03 8.26e-03 8.49e-03 9.81e-03
4855 9.70000e+02 -2.34714e+00 1.47184e-03 1.45984e-03 4.91e-05 2.27e-05 6.01e-03 3.51e-04 9.26e-04 1.86e-06 1.57e-04 5.88e-04 1.46e-03 7.74e-03 7.85e-03 1.18e-02 8.07e-03 6.40e-03 7.84e-03 7.86e-03 8.09e-03 9.34e-03 7.74e-03 7.85e-03 1.18e-02 8.07e-03 6.40e-03 7.84e-03 7.86e-03 8.09e-03 9.34e-03
4905 9.80000e+02 -2.35958e+00 1.56430e-03 2.53160e-03 4.00e-05 2.54e-05 6.23e-03 3.08e-04 1.22e-03 2.12e-06 7.21e-06 6.21e-04 2.53e-03 7.36e-03 7.47e-03 1.14e-02 7.68e-03 6.11e-03 7.46e-03 7.48e-03 7.71e-03 8.88e-03 7.36e-03 7.47e-03 1.14e-02 7.68e-03 6.11e-03 7.46e-03 7.48e-03 7.71e-03 8.88e-03
4955 9.90000e+02 -2.37967e+00 1.77286e-03 7.81923e-04 3.33e-05 2.02e-05 5.80e-03 3.07e-04 2.71e-03 3.66e-06 9.65e-05 5.58e-04 7.82e-04 7.00e-03 7.10e-03 1.10e-02 7.31e-03 5.89e-03 7.10e-03 7.11e-03 7.35e-03 8.46e-03 7.00e-03 7.10e-03 1.10e-02 7.31e-03 5.89e-03 7.10e-03 7.11e-03 7.35e-03 8.46e-03
5005 9.99000e+02 -2.41280e+00 1.53190e-03 8.81492e-04 2.93e-05 2.56e-05 6.32e-03 3.09e-04 9.79e-04 6.33e-06 2.26e-05 6.56e-04 8.81e-04 6.68e-03 6.77e-03 1.06e-02 6.97e-03 5.66e-03 6.77e-03 6.78e-03 7.01e-03 8.09e-03 6.68e-03 6.77e-03 1.06e-02 6.97e-03 5.66e-03 6.77e-03 6.78e-03 7.01e-03 8.09e-03
5055 1.00900e+03 -2.43620e+00 1.46212e-03 5.86244e-04 6.85e-05 2.05e-05 5.64e-03 2.79e-04 1.30e-03 2.48e-06 6.80e-05 5.19e-04 5.86e-04 6.37e-03 6.46e-03 1.03e-02 6.65e-03 5.42e-03 6.45e-03 6.47e-03 6.70e-03 7.71e-03 6.37e-03 6.46e-03 1.03e-02 6.65e-03 5.42e-03 6.45e-03 6.47e-03 6.70e-03 7.71e-03
5105 1.01900e+03 -2.45932e+00 1.46728e-03 3.54629e-04 2.92e-05 2.06e-05 5.97e-03 2.98e-04 1.02e-03 2.15e-06 1.85e-04 5.18e-04 3.55e-04 6.06e-03 6.15e-03 9.91e-03 6.33e-03 5.18e-03 6.14e-03 6.16e-03 6.39e-03 7.37e-03 6.06e-03 6.15e-03 9.91e-03 6.33e-03 5.18e-03 6.14e-03 6.16e-03 6.39e-03 7.37e-03
5155 1.02900e+03 -2.48433e+00 1.43612e-03 2.39428e-04 2.68e-05 1.65e-05 5.84e-03 2.97e-04 1.00e-03 2.46e-06 1.49e-05 4.86e-04 2.39e-04 5.77e-03 5.85e-03 9.58e-03 6.03e-03 4.96e-03 5.84e-03 5.86e-03 6.09e-03 7.04e-03 5.77e-03 5.85e-03 9.58e-03 6.03e-03 4.96e-03 5.84e-03 5.86e-03 6.09e-03 7.04e-03
5205 1.03900e+03 -2.48877e+00 1.65638e-03 1.69593e-04 3.08e-05 1.40e-05 5.21e-03 2.41e-04 2.79e-03 4.84e-06 6.52e-06 5.84e-04 1.70e-04 5.49e-03 5.56e-03 9.26e-03 5.74e-03 4.76e-03 5.56e-03 5.58e-03 5.81e-03 6.70e-03 5.49e-03 5.56e-03 9.26e-03 5.74e-03 4.76e-03 5.56e-03 5.58e-03 5.81e-03 6.70e-03
5255 1.04900e+03 -2.51032e+00 1.61642e-03 7.08135e-04 2.07e-05 1.25e-05 5.59e-03 3.05e-04 2.15e-03 7.39e-06 2.64e-05 4.64e-04 7.08e-04 5.22e-03 5.29e-03 8.96e-03 5.46e-03 4.57e-03 5.29e-03 5.31e-03 5.53e-03 6.38e-03 5.22e-03 5.29e-03 8.96e-03 5.46e-03 4.57e-03 5.29e-03 5.31e-03 5.53e-03 6.38e-03
5305 1.05900e+03 -2.54018e+00 1.51300e-03 4.51207e-04 2.85e-05 1.33e-05 5.83e-03 2.39e-04 1.45e-03 2.74e-06 3.85e-05 5.08e-04 4.51e-04 4.96e-03 5.03e-03 8.67e-03 5.19e-03 4.42e-03 5.03e-03 5.05e-03 5.28e-03 6.07e-03 4.96e-03 5.03e-03 8.67e-03 5.19e-03 4.42e-03 5.03e-03 5.05e-03 5.28e-03 6.07e-03
5355 1.06900e+03 -2.56047e+00 1.46713e-03 2.58452e-04 2.13e-05 1.84e-05 5.87e-03 2.52e-04 1.18e-03 1.09e-06 5.28e-04 4.50e-04 2.58e-04 4.73e-03 4.79e-03 8.41e-03 4.95e-03 4.23e-03 4.79e-03 4.81e-03 5.03e-03 5.80e-03 4.73e-03 4.79e-03 8.41e-03 4.95e-03 4.23e-03 4.79e-03 4.81e-03 5.03e-03 5.80e-03
5405 1.07900e+03 -2.58474e+00 1.41777e-03 5.37638e-04 8.36e-05 2.15e-05 5.53e-03 2.63e-04 1.19e-03 1.07e-05 1.57e-05 4.82e-04 5.38e-04 4.50e-03 4.56e-03 8.16e-03 4.71e-03 4.05e-03 4.55e-03 4.58e-03 4.80e-03 5.56e-03 4.50e-03 4.56e-03 8.16e-03 4.71e-03 4.05e-03 4.55e-03 4.58e-03 4.80e-03 5.56e-03
5455 1.08900e+03 -2.60009e+00 1.43280e-03 4.79891e-04 2.54e-05 1.02e-05 5.03e-03 2.26e-04 1.87e-03 1.29e-06 7.63e-05 5.02e-04 4.80e-04 4.28e-03 4.34e-03 7.92e-03 4.48e-03 3.90e-03 4.33e-03 4.36e-03 4.58e-03 5.29e-03 4.28e-03 4.34e-03 7.92e-03 4.48e-03 3.90e-03 4.33e-03 4.36e-03 4.58e-03 5.29e-03
5505 1.09900e+03 -2.61727e+00 1.50926e-03 4.50623e-04 2.52e-05 1.41e-05 5.38e-03 2.08e-04 1.92e-03 2.48e-06 6.74e-05 5.35e-04 4.51e-04 4.07e-03 4.13e-03 7.68e-03 4.27e-03 3.74e-03 4.12e-03 4.15e-03 4.37e-03 5.04e-03 4.07e-03 4.13e-03 7.68e-03 4.27e-03 3.74e-03 4.12e-03 4.15e-03 4.37e-03 5.04e-03
5555 1.10900e+03 -2.64204e+00 1.42143e-03 1.48495e-04 1.23e-05 9.46e-06 5.45e-03 2.08e-04 1.43e-03 2.39e-06 5.68e-04 4.37e-04 1.48e-04 3.87e-03 3.92e-03 7.47e-03 4.06e-03 3.60e-03 3.92e-03 3.95e-03 4.16e-03 4.81e-03 3.87e-03 3.92e-03 7.47e-03 4.06e-03 3.60e-03 3.92e-03 3.95e-03 4.16e-03 4.81e-03
5605 1.11900e+03 -2.65796e+00 1.54801e-03 1.09503e-04 1.43e-05 1.40e-05 5.21e-03 2.07e-04 2.29e-03 1.15e-06 3.73e-05 4.46e-04 1.10e-04 3.68e-03 3.73e-03 7.26e-03 3.87e-03 3.46e-03 3.73e-03 3.76e-03 3.97e-03 4.59e-03 3.68e-03 3.73e-03 7.26e-03 3.87e-03 3.46e-03 3.73e-03 3.76e-03 3.97e-03 4.59e-03
5655 1.12900e+03 -2.69614e+00 1.29325e-03 2.20049e-04 1.64e-05 1.01e-05 5.10e-03 1.82e-04 1.15e-03 4.91e-06 1.93e-05 4.93e-04 2.20e-04 3.50e-03 3.55e-03 7.06e-03 3.68e-03 3.32e-03 3.55e-03 3.58e-03 3.79e-03 4.37e-03 3.50e-03 3.55e-03 7.06e-03 3.68e-03 3.32e-03 3.55e-03 3.58e-03 3.79e-03 4.37e-03
5705 1.13900e+03 -2.68373e+00 1.44435e-03 1.57233e-03 1.68e-05 1.68e-05 5.14e-03 1.88e-04 1.86e-03 1.13e-06 4.28e-05 5.59e-04 1.57e-03 3.33e-03 3.38e-03 6.89e-03 3.50e-03 3.22e-03 3.37e-03 3.40e-03 3.61e-03 4.19e-03 3.33e-03 3.38e-03 6.89e-03 3.50e-03 3.22e-03 3.37e-03 3.40e-03 3.61e-03 4.19e-03
5755 1.14900e+03 -2.72655e+00 1.36884e-03 4.90730e-04 2.61e-05 1.08e-05 5.26e-03 1.81e-04 1.37e-03 1.85e-06 6.12e-05 4.73e-04 4.91e-04 3.17e-03 3.21e-03 6.71e-03 3.33e-03 3.09e-03 3.21e-03 3.24e-03 3.45e-03 3.99e-03 3.17e-03 3.21e-03 6.71e-03 3.33e-03 3.09e-03 3.21e-03 3.24e-03 3.45e-03 3.99e-03
5805 1.15900e+03 -2.76210e+00 1.17546e-03 3.59482e-04 1.41e-05 8.53e-06 4.82e-03 1.81e-04 8.50e-04 1.59e-06 8.90e-05 4.42e-04 3.59e-04 3.02e-03 3.06e-03 6.54e-03 3.17e-03 2.96e-03 3.05e-03 3.08e-03 3.29e-03 3.80e-03 3.02e-03 3.06e-03 6.54e-03 3.17e-03 2.96e-03 3.05e-03 3.08e-03 3.29e-03 3.80e-03
5855 1.16900e+03 -2.75888e+00 1.33752e-03 1.21540e-03 5.48e-05 7.84e-06 5.36e-03 1.93e-04 1.08e-03 4.52e-06 1.12e-04 4.01e-04 1.22e-03 2.87e-03 2.91e-03 6.39e-03 3.02e-03 2.85e-03 2.90e-03 2.94e-03 3.14e-03 3.64e-03 2.87e-03 2.91e-03 6.39e-03 3.02e-03 2.85e-03 2.90e-03 2.94e-03 3.14e-03 3.64e-03
5905 1.17900e+03 -2.79214e+00 1.27572e-03 2.83410e-04 1.71e-05 9.98e-06 4.72e-03 1.55e-04 1.48e-03 2.20e-06 3.06e-05 4.56e-04 2.83e-04 2.73e-03 2.77e-03 6.24e-03 2.87e-03 2.74e-03 2.76e-03 2.80e-03 3.00e-03 3.49e-03 2.73e-03 2.77e-03 6.24e-03 2.87e-03 2.74e-03 2.76e-03 2.80e-03 3.00e-03 3.49e-03
5955 1.18900e+03 -2.81384e+00 1.26554e-03 9.91344e-05 3.06e-05 1.02e-05 4.63e-03 1.59e-04 1.50e-03 1.24e-06 1.00e-04 4.21e-04 9.91e-05 2.60e-03 2.63e-03 6.11e-03 2.74e-03 2.64e-03 2.63e-03 2.66e-03 2.86e-03 3.33e-03 2.60e-03 2.63e-03 6.11e-03 2.74e-03 2.64e-03 2.63e-03 2.66e-03 2.86e-03 3.33e-03
6005 1.19900e+03 -2.84433e+00 1.18150e-03 2.28136e-04 9.38e-06 7.94e-06 4.77e-03 1.49e-04 9.69e-04 3.14e-06 2.93e-05 4.04e-04 2.28e-04 2.47e-03 2.50e-03 5.97e-03 2.60e-03 2.53e-03 2.50e-03 2.53e-03 2.73e-03 3.16e-03 2.47e-03 2.50e-03 5.97e-03 2.60e-03 2.53e-03 2.50e-03 2.53e-03 2.73e-03 3.16e-03
6055 1.20900e+03 -2.85501e+00 1.24442e-03 3.62117e-04 4.79e-05 5.17e-05 4.86e-03 1.58e-04 1.10e-03 1.55e-05 1.79e-05 4.28e-04 3.62e-04 2.35e-03 2.38e-03 5.85e-03 2.48e-03 2.43e-03 2.38e-03 2.41e-03 2.60e-03 3.01e-03 2.35e-03 2.38e-03 5.85e-03 2.48e-03 2.43e-03 2.38e-03 2.41e-03 2.60e-03 3.01e-03
6105 1.21900e+03 -2.89004e+00 1.16228e-03 3.62780e-05 8.66e-06 6.48e-06 4.74e-03 1.36e-04 9.18e-04 3.82e-06 3.50e-05 3.67e-04 3.63e-05 2.24e-03 2.27e-03 5.73e-03 2.36e-03 2.35e-03 2.26e-03 2.29e-03 2.49e-03 2.86e-03 2.24e-03 2.27e-03 5.73e-03 2.36e-03 2.35e-03 2.26e-03 2.29e-03 2.49e-03 2.86e-03
6155 1.22900e+03 -2.86449e+00 1.48703e-03 5.23663e-04 1.61e-05 1.07e-05 5.02e-03 1.55e-04 2.23e-03 1.76e-06 2.31e-05 3.73e-04 5.24e-04 2.13e-03 2.15e-03 5.61e-03 2.25e-03 2.26e-03 2.15e-03 2.18e-03 2.37e-03 2.72e-03 2.13e-03 2.15e-03 5.61e-03 2.25e-03 2.26e-03 2.15e-03 2.18e-03 2.37e-03 2.72e-03
6205 1.23900e+03 -2.93377e+00 1.11872e-03 1.76508e-05 1.69e-05 6.96e-06 4.66e-03 1.31e-04 7.76e-04 2.02e-06 5.75e-05 3.78e-04 1.77e-05 2.02e-03 2.05e-03 5.50e-03 2.14e-03 2.18e-03 2.05e-03 2.08e-03 2.26e-03 2.59e-03 2.02e-03 2.05e-03 5.50e-03 2.14e-03 2.18e-03 2.05e-03 2.08e-03 2.26e-03 2.59e-03
6255 1.24900e+03 -2.95255e+00 1.12616e-03 1.04500e-04 1.59e-05 8.02e-06 4.65e-03 1.26e-04 8.28e-04 1.08e-06 2.38e-05 3.42e-04 1.04e-04 1.92e-03 1.95e-03 5.39e-03 2.03e-03 2.10e-03 1.95e-03 1.98e-03 2.16e-03 2.46e-03 1.92e-03 1.95e-03 5.39e-03 2.03e-03 2.10e-03 1.95e-03 1.98e-03 2.16e-03 2.46e-03
6305 1.25900e+03 -2.97477e+00 1.08871e-03 2.88474e-05 1.26e-05 7.26e-06 4.37e-03 1.50e-04 9.01e-04 1.14e-06 4.08e-05 3.10e-04 2.88e-05 1.83e-03 1.85e-03 5.30e-03 1.94e-03 2.02e-03 1.85e-03 1.88e-03 2.06e-03 2.34e-03 1.83e-03 1.85e-03 5.30e-03 1.94e-03 2.02e-03 1.85e-03 1.88e-03 2.06e-03 2.34e-03
6355 1.26900e+03 -2.95299e+00 1.23134e-03 8.53339e-04 2.30e-05 1.14e-05 4.82e-03 1.22e-04 1.18e-03 3.12e-06 1.70e-04 4.46e-04 8.53e-04 1.74e-03 1.76e-03 5.21e-03 1.84e-03 1.97e-03 1.76e-03 1.79e-03 1.97e-03 2.24e-03 1.74e-03 1.76e-03 5.21e-03 1.84e-03 1.97e-03 1.76e-03 1.79e-03 1.97e-03 2.24e-03
6405 1.27900e+03 -2.98484e+00 1.18572e-03 5.71072e-04 1.28e-05 6.90e-06 4.66e-03 1.21e-04 1.13e-03 8.14e-07 1.32e-04 3.87e-04 5.71e-04 1.66e-03 1.68e-03 5.13e-03 1.76e-03 1.90e-03 1.68e-03 1.71e-03 1.88e-03 2.14e-03 1.66e-03 1.68e-03 5.13e-03 1.76e-03 1.90e-03 1.68e-03 1.71e-03 1.88e-03 2.14e-03
6455 1.28900e+03 -3.02048e+00 1.16177e-03 2.24938e-04 1.36e-05 9.24e-06 4.74e-03 1.16e-04 9.30e-04 1.17e-06 1.11e-04 3.08e-04 2.25e-04 1.58e-03 1.60e-03 5.05e-03 1.67e-03 1.84e-03 1.59e-03 1.63e-03 1.80e-03 2.05e-03 1.58e-03 1.60e-03 5.05e-03 1.67e-03 1.84e-03 1.59e-03 1.63e-03 1.80e-03 2.05e-03
6505 1.29900e+03 -3.04314e+00 1.13208e-03 8.61898e-05 1.07e-05 6.40e-06 4.49e-03 1.07e-04 1.05e-03 2.77e-07 3.40e-05 3.89e-04 8.62e-05 1.50e-03 1.52e-03 4.98e-03 1.59e-03 1.77e-03 1.52e-03 1.55e-03 1.72e-03 1.95e-03 1.50e-03 1.52e-03 4.98e-03 1.59e-03 1.77e-03 1.52e-03 1.55e-03 1.72e-03 1.95e-03
6555 1.30900e+03 -3.06728e+00 1.07849e-03 2.80141e-04 1.41e-05 6.60e-06 4.51e-03 9.73e-05 7.69e-04 2.11e-06 1.24e-05 3.47e-04 2.80e-04 1.43e-03 1.45e-03 4.91e-03 1.51e-03 1.72e-03 1.44e-03 1.48e-03 1.64e-03 1.86e-03 1.43e-03 1.45e-03 4.91e-03 1.51e-03 1.72e-03 1.44e-03 1.48e-03 1.64e-03 1.86e-03
6605 1.31900e+03 -3.06639e+00 1.20511e-03 3.57442e-04 1.25e-05 1.18e-05 4.78e-03 9.32e-05 1.13e-03 1.13e-06 6.48e-05 3.49e-04 3.57e-04 1.36e-03 1.37e-03 4.84e-03 1.44e-03 1.66e-03 1.37e-03 1.41e-03 1.57e-03 1.77e-03 1.36e-03 1.37e-03 4.84e-03 1.44e-03 1.66e-03 1.37e-03 1.41e-03 1.57e-03 1.77e-03
6655 1.32900e+03 -3.11064e+00 1.05260e-03 6.17847e-05 1.02e-05 6.85e-06 4.37e-03 1.03e-04 7.74e-04 1.84e-06 1.15e-04 2.98e-04 6.18e-05 1.29e-03 1.31e-03 4.78e-03 1.37e-03 1.62e-03 1.31e-03 1.34e-03 1.50e-03 1.69e-03 1.29e-03 1.31e-03 4.78e-03 1.37e-03 1.62e-03 1.31e-03 1.34e-03 1.50e-03 1.69e-03
6705 1.33900e+03 -3.03334e+00 1.40921e-03 9.99280e-04 1.12e-05 8.21e-06 4.48e-03 1.25e-04 2.42e-03 1.66e-06 1.43e-04 3.58e-04 9.99e-04 1.23e-03 1.24e-03 4.72e-03 1.31e-03 1.60e-03 1.24e-03 1.28e-03 1.43e-03 1.62e-03 1.23e-03 1.24e-03 4.72e-03 1.31e-03 1.60e-03 1.24e-03 1.28e-03 1.43e-03 1.62e-03
6755 1.34900e+03 -3.15493e+00 9.84285e-04 6.75685e-05 1.00e-05 5.94e-06 4.09e-03 8.60e-05 7.27e-04 6.63e-07 5.80e-05 3.01e-04 6.76e-05 1.17e-03 1.18e-03 4.67e-03 1.24e-03 1.56e-03 1.18e-03 1.22e-03 1.37e-03 1.55e-03 1.17e-03 1.18e-03 4.67e-03 1.24e-03 1.56e-03 1.18e-03 1.22e-03 1.37e-03 1.55e-03
6805 1.35900e+03 -3.16100e+00 1.09018e-03 5.75540e-05 9.03e-06 5.50e-06 4.54e-03 1.02e-04 7.95e-04 1.11e-06 1.76e-04 2.71e-04 5.76e-05 1.11e-03 1.13e-03 4.62e-03 1.18e-03 1.52e-03 1.12e-03 1.16e-03 1.31e-03 1.48e-03 1.11e-03 1.13e-03 4.62e-03 1.18e-03 1.52e-03 1.12e-03 1.16e-03 1.31e-03 1.48e-03
6855 1.36900e+03 -3.09348e+00 1.19877e-03 1.32773e-03 1.18e-05 5.44e-06 4.54e-03 1.31e-04 1.30e-03 5.69e-06 3.14e-04 4.46e-04 1.33e-03 1.06e-03 1.07e-03 4.57e-03 1.13e-03 1.47e-03 1.07e-03 1.11e-03 1.25e-03 1.41e-03 1.06e-03 1.07e-03 4.57e-03 1.13e-03 1.47e-03 1.07e-03 1.11e-03 1.25e-03 1.41e-03
6905 1.37900e+03 -3.20934e+00 9.82386e-04 1.65061e-04 9.02e-06 5.71e-06 4.14e-03 8.02e-05 6.82e-04 3.68e-07 1.51e-05 3.16e-04 1.65e-04 1.01e-03 1.02e-03 4.52e-03 1.07e-03 1.43e-03 1.02e-03 1.06e-03 1.20e-03 1.35e-03 1.01e-03 1.02e-03 4.52e-03 1.07e-03 1.43e-03 1.02e-03 1.06e-03 1.20e-03 1.35e-03
6955 1.38900e+03 -3.23118e+00 1.01349e-03 5.18018e-05 1.14e-05 5.97e-06 4.30e-03 8.20e-05 6.71e-04 9.09e-07 1.89e-05 3.05e-04 5.18e-05 9.57e-04 9.69e-04 4.48e-03 1.02e-03 1.38e-03 9.67e-04 1.01e-03 1.15e-03 1.29e-03 9.57e-04 9.69e-04 4.48e-03 1.02e-03 1.38e-03 9.67e-04 1.01e-03 1.15e-03 1.29e-03
7005 1.39900e+03 -3.23863e+00 1.04230e-03 3.57198e-05 1.01e-05 5.53e-06 4.06e-03 8.94e-05 1.05e-03 1.01e-06 1.75e-05 2.80e-04 3.57e-05 9.11e-04 9.22e-04 4.45e-03 9.74e-04 1.35e-03 9.20e-04 9.61e-04 1.10e-03 1.23e-03 9.11e-04 9.22e-04 4.45e-03 9.74e-04 1.35e-03 9.20e-04 9.61e-04 1.10e-03 1.23e-03
7055 1.40900e+03 -3.22912e+00 1.00917e-03 7.70859e-04 2.49e-05 8.56e-06 4.22e-03 8.67e-05 7.05e-04 5.41e-07 7.96e-05 2.91e-04 7.71e-04 8.67e-04 8.77e-04 4.42e-03 9.28e-04 1.31e-03 8.75e-04 9.16e-04 1.05e-03 1.18e-03 8.67e-04 8.77e-04 4.42e-03 9.28e-04 1.31e-03 8.75e-04 9.16e-04 1.05e-03 1.18e-03
7105 1.41900e+03 -3.26908e+00 1.06678e-03 2.16202e-04 1.63e-05 7.28e-06 4.49e-03 6.67e-05 7.55e-04 3.39e-07 2.13e-05 3.28e-04 2.16e-04 8.26e-04 8.36e-04 4.40e-03 8.85e-04 1.30e-03 8.33e-04 8.77e-04 1.01e-03 1.15e-03 8.26e-04 8.36e-04 4.40e-03 8.85e-04 1.30e-03 8.33e-04 8.77e-04 1.01e-03 1.15e-03
7155 1.42900e+03 -3.29952e+00 1.04832e-03 4.68258e-05 8.34e-06 6.49e-06 4.43e-03 7.24e-05 7.28e-04 4.39e-07 2.36e-05 2.92e-04 4.68e-05 7.85e-04 7.95e-04 4.38e-03 8.42e-04 1.26e-03 7.93e-04 8.35e-04 9.68e-04 1.10e-03 7.85e-04 7.95e-04 4.38e-03 8.42e-04 1.26e-03 7.93e-04 8.35e-04 9.68e-04 1.10e-03
7205 1.43900e+03 -3.28525e+00 1.02340e-03 5.60039e-04 2.01e-05 6.11e-06 4.25e-03 9.35e-05 7.46e-04 1.39e-06 1.81e-05 3.59e-04 5.60e-04 7.47e-04 7.56e-04 4.36e-03 8.03e-04 1.23e-03 7.54e-04 7.95e-04 9.28e-04 1.06e-03 7.47e-04 7.56e-04 4.36e-03 8.03e-04 1.23e-03 7.54e-04 7.95e-04 9.28e-04 1.06e-03
7255 1.44900e+03 -3.33680e+00 1.01606e-03 5.24331e-05 9.69e-06 5.15e-06 4.36e-03 6.95e-05 6.41e-04 6.20e-07 2.45e-05 3.15e-04 5.24e-05 7.11e-04 7.20e-04 4.34e-03 7.64e-04 1.22e-03 7.17e-04 7.59e-04 8.91e-04 1.02e-03 7.11e-04 7.20e-04 4.34e-03 7.64e-04 1.22e-03 7.17e-04 7.59e-04 8.91e-04 1.02e-03
7305 1.45900e+03 -3.33919e+00 1.04760e-03 1.16161e-04 8.31e-06 5.01e-06 4.27e-03 6.81e-05 8.82e-04 5.66e-07 4.61e-05 3.15e-04 1.16e-04 6.77e-04 6.85e-04 4.32e-03 7.28e-04 1.20e-03 6.82e-04 7.23e-04 8.55e-04 9.80e-04 6.77e-04 6.85e-04 4.32e-03 7.28e-04 1.20e-03 6.82e-04 7.23e-04 8.55e-04 9.80e-04
7355 1.46900e+03 -3.33777e+00 1.06355e-03 1.80890e-04 7.96e-06 4.77e-06 4.02e-03 8.41e-05 1.20e-03 5.63e-07 7.15e-05 3.07e-04 1.81e-04 6.44e-04 6.51e-04 4.31e-03 6.94e-04 1.16e-03 6.49e-04 6.89e-04 8.21e-04 9.40e-04 6.44e-04 6.51e-04 4.31e-03 6.94e-04 1.16e-03 6.49e-04 6.89e-04 8.21e-04 9.40e-04
7405 1.47900e+03 -3.36514e+00 9.66532e-04 4.98083e-04 1.40e-05 4.46e-06 3.99e-03 6.71e-05 7.52e-04 4.76e-07 2.38e-05 2.62e-04 4.98e-04 6.12e-04 6.20e-04 4.29e-03 6.61e-04 1.13e-03 6.17e-04 6.56e-04 7.88e-04 8.97e-04 6.12e-04 6.20e-04 4.29e-03 6.61e-04 1.13e-03 6.17e-04 6.56e-04 7.88e-04 8.97e-04
7455 1.48900e+03 -3.40289e+00 1.00843e-03 1.22182e-04 9.27e-06 4.65e-06 4.25e-03 6.35e-05 7.12e-04 1.84e-06 1.59e-05 2.90e-04 1.22e-04 5.83e-04 5.89e-04 4.28e-03 6.30e-04 1.12e-03 5.87e-04 6.26e-04 7.57e-04 8.66e-04 5.83e-04 5.89e-04 4.28e-03 6.30e-04 1.12e-03 5.87e-04 6.26e-04 7.57e-04 8.66e-04
7505 1.49900e+03 -3.38353e+00 1.23806e-03 2.22825e-05 8.70e-06 6.81e-06 4.61e-03 6.39e-05 1.50e-03 6.34e-07 1.96e-05 2.62e-04 2.23e-05 5.54e-04 5.61e-04 4.27e-03 6.00e-04 1.10e-03 5.59e-04 5.97e-04 7.27e-04 8.29e-04 5.54e-04 5.61e-04 4.27e-03 6.00e-04 1.10e-03 5.59e-04 5.97e-04 7.27e-04 8.29e-04
7555 1.50900e+03 -3.44082e+00 1.01830e-03 3.75102e-05 9.26e-06 5.31e-06 4.32e-03 5.79e-05 7.04e-04 4.86e-07 5.91e-05 2.63e-04 3.75e-05 5.28e-04 5.33e-04 4.27e-03 5.71e-04 1.08e-03 5.31e-04 5.71e-04 6.99e-04 7.90e-04 5.28e-04 5.33e-04 4.27e-03 5.71e-04 1.08e-03 5.31e-04 5.71e-04 6.99e-04 7.90e-04
7605 1.51900e+03 -3.42280e+00 1.05687e-03 9.08281e-05 1.38e-05 4.29e-06 4.06e-03 5.91e-05 1.15e-03 1.83e-06 9.50e-05 3.50e-04 9.08e-05 5.02e-04 5.08e-04 4.25e-03 5.44e-04 1.05e-03 5.06e-04 5.44e-04 6.72e-04 7.53e-04 5.02e-04 5.08e-04 4.25e-03 5.44e-04 1.05e-03 5.06e-04 5.44e-04 6.72e-04 7.53e-04
7655 1.52900e+03 -3.46800e+00 9.48085e-04 2.64516e-04 8.04e-06 4.48e-06 4.05e-03 7.39e-05 6.07e-04 3.32e-07 3.97e-05 2.56e-04 2.65e-04 4.78e-04 4.83e-04 4.24e-03 5.19e-04 1.02e-03 4.81e-04 5.20e-04 6.46e-04 7.16e-04 4.78e-04 4.83e-04 4.24e-03 5.19e-04 1.02e-03 4.81e-04 5.20e-04 6.46e-04 7.16e-04
7705 1.53900e+03 -3.48131e+00 1.05378e-03 2.52788e-04 7.01e-06 4.04e-06 4.57e-03 6.02e-05 6.25e-04 2.17e-07 3.82e-05 2.34e-04 2.53e-04 4.54e-04 4.59e-04 4.23e-03 4.94e-04 9.94e-04 4.57e-04 4.96e-04 6.21e-04 6.85e-04 4.54e-04 4.59e-04 4.23e-03 4.94e-04 9.94e-04 4.57e-04 4.96e-04 6.21e-04 6.85e-04
7755 1.54900e+03 -3.41951e+00 1.00912e-03 7.55508e-04 7.74e-06 4.14e-06 4.08e-03 6.71e-05 8.88e-04 7.24e-07 1.72e-04 3.40e-04 7.56e-04 4.33e-04 4.38e-04 4.22e-03 4.72e-04 9.69e-04 4.36e-04 4.75e-04 5.98e-04 6.56e-04 4.33e-04 4.38e-04 4.22e-03 4.72e-04 9.69e-04 4.36e-04 4.75e-04 5.98e-04 6.56e-04
7805 1.55900e+03 -3.47898e+00 1.01738e-03 6.71168e-04 6.82e-06 3.86e-06 4.45e-03 5.48e-05 5.72e-04 6.37e-07 2.40e-05 2.72e-04 6.71e-04 4.12e-04 4.16e-04 4.22e-03 4.49e-04 9.59e-04 4.14e-04 4.57e-04 5.77e-04 6.36e-04 4.12e-04 4.16e-04 4.22e-03 4.49e-04 9.59e-04 4.14e-04 4.57e-04 5.77e-04 6.36e-04
7855 1.56900e+03 -3.55376e+00 9.42473e-04 1.58671e-05 1.06e-05 4.45e-06 4.01e-03 4.52e-05 6.38e-04 1.08e-06 2.20e-05 2.84e-04 1.59e-05 3.92e-04 3.96e-04 4.22e-03 4.28e-04 9.43e-04 3.94e-04 4.40e-04 5.56e-04 6.12e-04 3.92e-04 3.96e-04 4.22e-03 4.28e-04 9.43e-04 3.94e-04 4.40e-04 5.56e-04 6.12e-04
7905 1.57900e+03 -3.51401e+00 1.02045e-03 4.66548e-05 1.08e-05 4.03e-06 3.88e-03 5.45e-05 1.15e-03 1.30e-06 1.92e-04 2.92e-04 4.67e-05 3.73e-04 3.77e-04 4.22e-03 4.08e-04 9.25e-04 3.75e-04 4.22e-04 5.37e-04 5.85e-04 3.73e-04 3.77e-04 4.22e-03 4.08e-04 9.25e-04 3.75e-04 4.22e-04 5.37e-04 5.85e-04
7955 1.58900e+03 -3.56877e+00 9.98038e-04 1.30181e-04 1.39e-05 4.20e-06 4.20e-03 4.86e-05 7.20e-04 3.28e-07 2.23e-05 2.59e-04 1.30e-04 3.55e-04 3.59e-04 4.23e-03 3.89e-04 9.17e-04 3.57e-04 4.06e-04 5.18e-04 5.65e-04 3.55e-04 3.59e-04 4.23e-03 3.89e-04 9.17e-04 3.57e-04 4.06e-04 5.18e-04 5.65e-04
8005 1.59900e+03 -3.59392e+00 1.02539e-03 3.11240e-05 6.37e-06 5.13e-06 4.41e-03 5.05e-05 6.55e-04 7.40e-07 5.66e-05 2.38e-04 3.11e-05 3.38e-04 3.41e-04 4.24e-03 3.71e-04 9.03e-04 3.39e-04 3.89e-04 5.01e-04 5.43e-04 3.38e-04 3.41e-04 4.24e-03 3.71e-04 9.03e-04 3.39e-04 3.89e-04 5.01e-04 5.43e-04
8055 1.60900e+03 -3.54430e+00 1.05004e-03 1.40408e-04 6.67e-06 3.61e-06 4.23e-03 5.06e-05 9.58e-04 1.18e-06 2.45e-04 3.21e-04 1.40e-04 3.21e-04 3.25e-04 4.24e-03 3.54e-04 8.76e-04 3.23e-04 3.72e-04 4.83e-04 5.18e-04 3.21e-04 3.25e-04 4.24e-03 3.54e-04 8.76e-04 3.23e-04 3.72e-04 4.83e-04 5.18e-04
8105 1.61900e+03 -3.63046e+00 9.53947e-04 3.89599e-05 1.46e-05 4.56e-06 3.97e-03 4.40e-05 7.39e-04 1.47e-06 2.62e-05 2.36e-04 3.90e-05 3.06e-04 3.09e-04 4.23e-03 3.37e-04 8.54e-04 3.07e-04 3.57e-04 4.66e-04 4.95e-04 3.06e-04 3.09e-04 4.23e-03 3.37e-04 8.54e-04 3.07e-04 3.57e-04 4.66e-04 4.95e-04
8155 1.62900e+03 -3.64604e+00 1.04570e-03 4.31147e-05 6.71e-06 4.37e-06 4.49e-03 4.27e-05 6.87e-04 1.05e-06 1.28e-05 2.42e-04 4.31e-05 2.91e-04 2.94e-04 4.22e-03 3.22e-04 8.35e-04 2.92e-04 3.41e-04 4.50e-04 4.73e-04 2.91e-04 2.94e-04 4.22e-03 3.22e-04 8.35e-04 2.92e-04 3.41e-04 4.50e-04 4.73e-04
8205 1.63900e+03 -3.45531e+00 1.07497e-03 1.14366e-03 6.73e-06 4.72e-06 4.15e-03 8.82e-05 1.12e-03 4.83e-06 1.44e-04 3.63e-04 1.14e-03 2.77e-04 2.80e-04 4.22e-03 3.07e-04 8.20e-04 2.78e-04 3.29e-04 4.34e-04 4.56e-04 2.77e-04 2.80e-04 4.22e-03 3.07e-04 8.20e-04 2.78e-04 3.29e-04 4.34e-04 4.56e-04
8255 1.64900e+03 -3.57527e+00 1.10352e-03 2.66151e-04 7.28e-06 4.84e-06 4.63e-03 5.46e-05 8.26e-04 1.23e-06 3.57e-04 2.31e-04 2.66e-04 2.64e-04 2.66e-04 4.23e-03 2.93e-04 8.14e-04 2.64e-04 3.17e-04 4.21e-04 4.44e-04 2.64e-04 2.66e-04 4.23e-03 2.93e-04 8.14e-04 2.64e-04 3.17e-04 4.21e-04 4.44e-04
8305 1.65900e+03 -3.59523e+00 1.03619e-03 3.17744e-04 8.56e-06 5.64e-06 4.42e-03 4.60e-05 6.96e-04 9.32e-07 3.45e-04 2.26e-04 3.18e-04 2.51e-04 2.53e-04 4.24e-03 2.80e-04 8.21e-04 2.51e-04 3.05e-04 4.08e-04 4.37e-04 2.51e-04 2.53e-04 4.24e-03 2.80e-04 8.21e-04 2.51e-04 3.05e-04 4.08e-04 4.37e-04
8355 1.66900e+03 -3.72055e+00 9.39686e-04 6.90414e-05 5.12e-06 4.04e-06 4.11e-03 4.16e-05 5.42e-04 5.01e-07 2.64e-05 2.00e-04 6.90e-05 2.39e-04 2.41e-04 4.26e-03 2.67e-04 8.10e-04 2.39e-04 2.93e-04 3.96e-04 4.20e-04 2.39e-04 2.41e-04 4.26e-03 2.67e-04 8.10e-04 2.39e-04 2.93e-04 3.96e-04 4.20e-04
8405 1.67900e+03 -3.72470e+00 9.47731e-04 1.27743e-05 7.34e-06 3.72e-06 4.08e-03 3.70e-05 6.08e-04 1.67e-07 5.52e-05 2.68e-04 1.28e-05 2.27e-04 2.29e-04 4.27e-03 2.55e-04 7.87e-04 2.28e-04 2.80e-04 3.83e-04 4.06e-04 2.27e-04 2.29e-04 4.27e-03 2.55e-04 7.87e-04 2.28e-04 2.80e-04 3.83e-04 4.06e-04
8455 1.68900e+03 -3.68738e+00 1.00152e-03 1.46143e-04 4.87e-06 3.97e-06 4.32e-03 4.14e-05 6.36e-04 8.11e-07 2.39e-04 1.98e-04 1.46e-04 2.16e-04 2.18e-04 4.26e-03 2.43e-04 7.67e-04 2.16e-04 2.67e-04 3.71e-04 3.91e-04 2.16e-04 2.18e-04 4.26e-03 2.43e-04 7.67e-04 2.16e-04 2.67e-04 3.71e-04 3.91e-04
8505 1.69900e+03 -3.76231e+00 9.87573e-04 5.27666e-05 5.67e-06 4.21e-06 4.35e-03 4.09e-05 5.34e-04 6.61e-07 2.71e-05 2.27e-04 5.28e-05 2.06e-04 2.08e-04 4.26e-03 2.32e-04 7.55e-04 2.06e-04 2.55e-04 3.60e-04 3.78e-04 2.06e-04 2.08e-04 4.26e-03 2.32e-04 7.55e-04 2.06e-04 2.55e-04 3.60e-04 3.78e-04
8555 1.70900e+03 -3.78775e+00 9.64362e-04 4.43051e-05 5.31e-06 3.79e-06 4.28e-03 3.60e-05 5.01e-04 1.48e-07 2.82e-05 2.01e-04 4.43e-05 1.96e-04 1.98e-04 4.26e-03 2.22e-04 7.41e-04 1.96e-04 2.45e-04 3.48e-04 3.62e-04 1.96e-04 1.98e-04 4.26e-03 2.22e-04 7.41e-04 1.96e-04 2.45e-04 3.48e-04 3.62e-04
8605 1.71900e+03 -3.79567e+00 9.59869e-04 1.50928e-05 7.29e-06 3.95e-06 4.23e-03 3.78e-05 5.21e-04 5.29e-07 6.79e-05 2.06e-04 1.51e-05 1.87e-04 1.88e-04 4.25e-03 2.12e-04 7.22e-04 1.86e-04 2.35e-04 3.38e-04 3.48e-04 1.87e-04 1.88e-04 4.25e-03 2.12e-04 7.22e-04 1.86e-04 2.35e-04 3.38e-04 3.48e-04
8655 1.72900e+03 -3.76080e+00 9.71931e-04 3.28263e-04 8.25e-06 3.86e-06 4.32e-03 3.65e-05 4.89e-04 1.92e-07 2.95e-05 2.59e-04 3.28e-04 1.78e-04 1.79e-04 4.23e-03 2.02e-04 7.02e-04 1.77e-04 2.24e-04 3.27e-04 3.33e-04 1.78e-04 1.79e-04 4.23e-03 2.02e-04 7.02e-04 1.77e-04 2.24e-04 3.27e-04 3.33e-04
8705 1.73900e+03 -3.81241e+00 1.05797e-03 2.91042e-05 1.10e-05 4.72e-06 4.50e-03 3.54e-05 7.35e-04 3.10e-07 1.91e-05 2.10e-04 2.91e-05 1.70e-04 1.70e-04 4.23e-03 1.93e-04 6.96e-04 1.69e-04 2.18e-04 3.18e-04 3.23e-04 1.70e-04 1.70e-04 4.23e-03 1.93e-04 6.96e-04 1.69e-04 2.18e-04 3.18e-04 3.23e-04
8755 1.74900e+03 -3.84683e+00 8.71303e-04 6.44489e-05 6.74e-06 4.06e-06 3.82e-03 3.52e-05 4.92e-04 2.52e-07 3.25e-05 2.15e-04 6.44e-05 1.62e-04 1.62e-04 4.23e-03 1.84e-04 6.84e-04 1.60e-04 2.08e-04 3.09e-04 3.11e-04 1.62e-04 1.62e-04 4.23e-03 1.84e-04 6.84e-04 1.60e-04 2.08e-04 3.09e-04 3.11e-04
8805 1.75900e+03 -3.86354e+00 9.26081e-04 4.21889e-05 2.77e-05 4.10e-06 4.11e-03 3.22e-05 4.58e-04 4.10e-07 9.88e-06 2.19e-04 4.22e-05 1.54e-04 1.54e-04 4.23e-03 1.76e-04 6.65e-04 1.53e-04 1.99e-04 3.01e-04 3.00e-04 1.54e-04 1.54e-04 4.23e-03 1.76e-04 6.65e-04 1.53e-04 1.99e-04 3.01e-04 3.00e-04
8855 1.76900e+03 -3.85483e+00 9.69042e-04 1.18488e-04 9.87e-06 5.50e-06 4.27e-03 3.80e-05 5.23e-04 3.41e-07 4.09e-05 2.00e-04 1.18e-04 1.47e-04 1.47e-04 4.24e-03 1.68e-04 6.48e-04 1.45e-04 1.90e-04 2.93e-04 2.88e-04 1.47e-04 1.47e-04 4.24e-03 1.68e-04 6.48e-04 1.45e-04 1.90e-04 2.93e-04 2.88e-04
8905 1.77900e+03 -3.88858e+00 9.92040e-04 9.41257e-06 1.59e-05 3.59e-06 4.38e-03 3.54e-05 5.27e-04 2.96e-07 1.46e-05 2.25e-04 9.41e-06 1.40e-04 1.40e-04 4.24e-03 1.61e-04 6.43e-04 1.38e-04 1.85e-04 2.86e-04 2.83e-04 1.40e-04 1.40e-04 4.24e-03 1.61e-04 6.43e-04 1.38e-04 1.85e-04 2.86e-04 2.83e-04
8955 1.78900e+03 -3.79672e+00 1.04815e-03 5.42292e-06 9.90e-06 4.91e-06 4.39e-03 3.27e-05 8.04e-04 1.94e-06 2.41e-04 2.95e-04 5.42e-06 1.34e-04 1.33e-04 4.26e-03 1.54e-04 6.36e-04 1.31e-04 1.79e-04 2.79e-04 2.74e-04 1.34e-04 1.33e-04 4.26e-03 1.54e-04 6.36e-04 1.31e-04 1.79e-04 2.79e-04 2.74e-04
9005 1.79900e+03 -3.92481e+00 9.70838e-04 1.76961e-05 2.01e-05 5.34e-06 4.34e-03 3.29e-05 4.59e-04 1.47e-06 1.77e-05 1.84e-04 1.77e-05 1.28e-04 1.27e-04 4.29e-03 1.47e-04 6.34e-04 1.25e-04 1.74e-04 2.74e-04 2.67e-04 1.28e-04 1.27e-04 4.29e-03 1.47e-04 6.34e-04 1.25e-04 1.74e-04 2.74e-04 2.67e-04
9055 1.80900e+03 -3.88777e+00 9.44486e-04 2.31935e-04 1.20e-05 3.96e-06 4.13e-03 3.36e-05 5.43e-04 2.45e-07 2.98e-05 1.86e-04 2.32e-04 1.23e-04 1.21e-04 4.30e-03 1.40e-04 6.22e-04 1.19e-04 1.66e-04 2.67e-04 2.58e-04 1.23e-04 1.21e-04 4.30e-03 1.40e-04 6.22e-04 1.19e-04 1.66e-04 2.67e-04 2.58e-04
9105 1.81900e+03 -3.90369e+00 9.22581e-04 1.54005e-04 2.30e-05 4.26e-06 4.04e-03 2.97e-05 5.14e-04 3.44e-07 4.08e-05 2.24e-04 1.54e-04 1.17e-04 1.15e-04 4.32e-03 1.34e-04 6.26e-04 1.13e-04 1.61e-04 2.62e-04 2.58e-04 1.17e-04 1.15e-04 4.32e-03 1.34e-04 6.26e-04 1.13e-04 1.61e-04 2.62e-04 2.58e-04
9155 1.82900e+03 -3.83079e+00 9.66506e-04 4.32932e-04 3.00e-05 3.69e-06 4.18e-03 5.24e-05 5.64e-04 2.14e-07 5.33e-05 2.21e-04 4.33e-04 1.14e-04 1.09e-04 4.34e-03 1.28e-04 6.17e-04 1.08e-04 1.55e-04 2.57e-04 2.54e-04 1.14e-04 1.09e-04 4.34e-03 1.28e-04 6.17e-04 1.08e-04 1.55e-04 2.57e-04 2.54e-04
9205 1.83900e+03 -3.94432e+00 9.64095e-04 1.62433e-04 1.67e-05 3.75e-06 4.33e-03 2.82e-05 4.45e-04 7.24e-07 1.36e-05 2.03e-04 1.62e-04 1.10e-04 1.04e-04 4.37e-03 1.23e-04 6.20e-04 1.02e-04 1.50e-04 2.53e-04 2.53e-04 1.10e-04 1.04e-04 4.37e-03 1.23e-04 6.20e-04 1.02e-04 1.50e-04 2.53e-04 2.53e-04
9255 1.84900e+03 -3.85642e+00 1.02554e-03 1.77563e-04 9.47e-05 3.72e-06 4.42e-03 3.30e-05 5.74e-04 2.85e-07 9.59e-05 2.43e-04 1.78e-04 1.05e-04 9.92e-05 4.39e-03 1.18e-04 6.08e-04 9.74e-05 1.43e-04 2.48e-04 2.46e-04 1.05e-04 9.92e-05 4.39e-03 1.18e-04 6.08e-04 9.74e-05 1.43e-04 2.48e-04 2.46e-04
9305 1.85900e+03 -3.97424e+00 9.77163e-04 8.27516e-05 1.79e-05 3.50e-06 4.39e-03 3.72e-05 4.38e-04 2.63e-07 9.18e-06 2.46e-04 8.28e-05 1.01e-04 9.45e-05 4.40e-03 1.13e-04 6.05e-04 9.26e-05 1.39e-04 2.45e-04 2.38e-04 1.01e-04 9.45e-05 4.40e-03 1.13e-04 6.05e-04 9.26e-05 1.39e-04 2.45e-04 2.38e-04
9355 1.86900e+03 -3.94547e+00 9.52542e-04 5.36865e-06 4.67e-05 3.64e-06 4.23e-03 3.02e-05 4.55e-04 2.77e-07 1.55e-04 1.90e-04 5.37e-06 9.69e-05 9.00e-05 4.40e-03 1.08e-04 5.90e-04 8.81e-05 1.33e-04 2.41e-04 2.28e-04 9.69e-05 9.00e-05 4.40e-03 1.08e-04 5.90e-04 8.81e-05 1.33e-04 2.41e-04 2.28e-04
9405 1.87900e+03 -3.95774e+00 9.61513e-04 1.42702e-04 2.69e-05 3.99e-06 4.10e-03 3.05e-05 6.47e-04 1.07e-06 3.94e-05 2.17e-04 1.43e-04 9.31e-05 8.57e-05 4.41e-03 1.03e-04 5.89e-04 8.38e-05 1.30e-04 2.39e-04 2.25e-04 9.31e-05 8.57e-05 4.41e-03 1.03e-04 5.89e-04 8.38e-05 1.30e-04 2.39e-04 2.25e-04
9455 1.88900e+03 -4.02856e+00 9.81699e-04 4.64529e-06 3.34e-05 4.63e-06 4.40e-03 2.77e-05 4.45e-04 1.01e-06 8.61e-06 2.16e-04 4.65e-06 9.00e-05 8.17e-05 4.43e-03 9.93e-05 5.81e-04 7.98e-05 1.26e-04 2.37e-04 2.22e-04 9.00e-05 8.17e-05 4.43e-03 9.93e-05 5.81e-04 7.98e-05 1.26e-04 2.37e-04 2.22e-04
9505 1.89900e+03 -3.77460e+00 1.08281e-03 7.75482e-04 2.14e-05 4.19e-06 4.39e-03 7.13e-05 9.23e-04 4.72e-07 9.90e-06 2.55e-04 7.75e-04 8.70e-05 7.78e-05 4.46e-03 9.54e-05 5.79e-04 7.60e-05 1.22e-04 2.37e-04 2.25e-04 8.70e-05 7.78e-05 4.46e-03 9.54e-05 5.79e-04 7.60e-05 1.22e-04 2.37e-04 2.25e-04
9555 1.90900e+03 -3.98774e+00 1.07989e-03 4.27257e-05 1.70e-05 4.31e-06 4.68e-03 3.42e-05 6.69e-04 3.80e-07 6.63e-05 2.43e-04 4.27e-05 8.35e-05 7.41e-05 4.48e-03 9.16e-05 5.80e-04 7.23e-05 1.18e-04 2.36e-04 2.23e-04 8.35e-05 7.41e-05 4.48e-03 9.16e-05 5.80e-04 7.23e-05 1.18e-04 2.36e-04 2.23e-04
9605 1.91900e+03 -4.03580e+00 1.03240e-03 2.97030e-05 2.40e-05 4.73e-06 4.67e-03 2.79e-05 4.35e-04 1.71e-06 5.96e-05 1.98e-04 2.97e-05 8.03e-05 7.05e-05 4.48e-03 8.80e-05 5.79e-04 6.87e-05 1.13e-04 2.35e-04 2.17e-04 8.03e-05 7.05e-05 4.48e-03 8.80e-05 5.79e-04 6.87e-05 1.13e-04 2.35e-04 2.17e-04
9655 1.92900e+03 -4.05628e+00 9.11442e-04 7.81574e-06 6.05e-05 4.70e-06 4.01e-03 2.79e-05 4.55e-04 6.24e-07 1.47e-05 2.02e-04 7.82e-06 7.73e-05 6.72e-05 4.47e-03 8.46e-05 5.64e-04 6.54e-05 1.07e-04 2.34e-04 2.10e-04 7.73e-05 6.72e-05 4.47e-03 8.46e-05 5.64e-04 6.54e-05 1.07e-04 2.34e-04 2.10e-04
9705 1.93900e+03 -3.97882e+00 1.07551e-03 3.61607e-04 2.30e-05 3.48e-06 4.78e-03 3.39e-05 5.33e-04 4.10e-07 7.54e-06 2.12e-04 3.62e-04 7.46e-05 6.40e-05 4.47e-03 8.13e-05 5.55e-04 6.22e-05 1.04e-04 2.32e-04 2.02e-04 7.46e-05 6.40e-05 4.47e-03 8.13e-05 5.55e-04 6.22e-05 1.04e-04 2.32e-04 2.02e-04
9755 1.94900e+03 -4.06319e+00 1.02983e-03 1.10019e-05 1.62e-05 3.11e-06 4.51e-03 4.70e-05 5.69e-04 3.42e-07 2.40e-05 2.53e-04 1.10e-05 7.17e-05 6.10e-05 4.47e-03 7.86e-05 5.52e-04 5.92e-05 1.00e-04 2.33e-04 1.99e-04 7.17e-05 6.10e-05 4.47e-03 7.86e-05 5.52e-04 5.92e-05 1.00e-04 2.33e-04 1.99e-04
9805 1.95900e+03 -4.01389e+00 1.14134e-03 2.17257e-04 1.82e-05 3.61e-06 4.95e-03 3.33e-05 7.06e-04 4.33e-07 1.53e-05 2.30e-04 2.17e-04 6.91e-05 5.81e-05 4.49e-03 7.65e-05 5.54e-04 5.63e-05 9.65e-05 2.37e-04 1.96e-04 6.91e-05 5.81e-05 4.49e-03 7.65e-05 5.54e-04 5.63e-05 9.65e-05 2.37e-04 1.96e-04
9855 1.96900e+03 -4.01918e+00 1.03332e-03 2.69126e-04 2.48e-05 3.22e-06 4.56e-03 3.66e-05 5.42e-04 1.77e-07 8.29e-06 2.59e-04 2.69e-04 6.67e-05 5.54e-05 4.51e-03 7.43e-05 5.58e-04 5.36e-05 9.36e-05 2.40e-04 1.93e-04 6.67e-05 5.54e-05 4.51e-03 7.43e-05 5.58e-04 5.36e-05 9.36e-05 2.40e-04 1.93e-04
9905 1.97900e+03 -4.07713e+00 1.08314e-03 1.48170e-04 1.61e-05 3.51e-06 4.86e-03 3.29e-05 5.03e-04 4.17e-07 1.40e-05 2.29e-04 1.48e-04 6.51e-05 5.27e-05 4.52e-03 7.20e-05 5.49e-04 5.10e-05 8.97e-05 2.40e-04 1.85e-04 6.51e-05 5.27e-05 4.52e-03 7.20e-05 5.49e-04 5.10e-05 8.97e-05 2.40e-04 1.85e-04
9955 1.98900e+03 -4.01099e+00 1.01423e-03 2.51402e-04 3.69e-05 3.34e-06 4.50e-03 4.69e-05 4.82e-04 2.17e-07 3.08e-05 2.76e-04 2.51e-04 6.29e-05 5.02e-05 4.53e-03 7.00e-05 5.44e-04 4.85e-05 8.60e-05 2.42e-04 1.81e-04 6.29e-05 5.02e-05 4.53e-03 7.00e-05 5.44e-04 4.85e-05 8.60e-05 2.42e-04 1.81e-04
10005 1.99800e+03 -3.95458e+00 1.01675e-03 1.73157e-04 2.56e-05 4.33e-06 4.50e-03 3.77e-05 5.17e-04 4.38e-07 2.05e-04 2.15e-04 1.73e-04 6.09e-05 4.81e-05 4.54e-03 6.84e-05 5.52e-04 4.63e-05 8.53e-05 2.44e-04 1.79e-04 6.09e-05 4.81e-05 4.54e-03 6.84e-05 5.52e-04 4.63e-05 8.53e-05 2.44e-04 1.79e-04
10055 2.00800e+03 -3.89011e+00 1.08505e-03 5.95917e-05 1.15e-04 3.28e-06 4.54e-03 4.84e-05 7.15e-04 2.32e-07 1.88e-04 2.36e-04 5.96e-05 6.10e-05 4.60e-05 4.43e-03 6.67e-05 5.43e-04 4.44e-05 8.27e-05 2.47e-04 1.74e-04 6.10e-05 4.60e-05 4.43e-03 6.67e-05 5.43e-04 4.44e-05 8.27e-05 2.47e-04 1.74e-04
10105 2.01800e+03 -4.04370e+00 9.55856e-04 5.21341e-05 1.18e-04 3.43e-06 4.11e-03 3.84e-05 5.10e-04 3.07e-07 2.40e-05 2.32e-04 5.21e-05 6.21e-05 4.38e-05 4.25e-03 6.50e-05 5.58e-04 4.25e-05 8.18e-05 2.48e-04 1.68e-04 6.21e-05 4.38e-05 4.25e-03 6.50e-05 5.58e-04 4.25e-05 8.18e-05 2.48e-04 1.68e-04
10155 2.02800e+03 -4.05117e+00 1.00956e-03 2.62188e-04 4.46e-05 5.70e-06 4.54e-03 3.20e-05 4.26e-04 1.74e-06 9.10e-06 2.65e-04 2.62e-04 6.39e-05 4.18e-05 4.09e-03 6.31e-05 5.61e-04 4.09e-05 7.91e-05 2.49e-04 1.62e-04 6.39e-05 4.18e-05 4.09e-03 6.31e-05 5.61e-04 4.09e-05 7.91e-05 2.49e-04 1.62e-04
10205 2.03800e+03 -4.00479e+00 1.07974e-03 1.03751e-04 6.23e-05 2.91e-06 4.73e-03 3.96e-05 5.60e-04 1.63e-06 1.10e-04 2.67e-04 1.04e-04 6.56e-05 3.99e-05 3.94e-03 6.13e-05 5.59e-04 3.94e-05 7.80e-05 2.50e-04 1.58e-04 6.56e-05 3.99e-05 3.94e-03 6.13e-05 5.59e-04 3.94e-05 7.80e-05 2.50e-04 1.58e-04
10255 2.04800e+03 -3.82781e+00 1.11662e-03 1.18366e-04 1.35e-04 3.55e-06 4.51e-03 3.85e-05 8.98e-04 2.80e-07 2.25e-04 2.86e-04 1.18e-04 6.84e-05 3.80e-05 3.80e-03 5.96e-05 5.55e-04 3.80e-05 7.58e-05 2.53e-04 1.52e-04 6.84e-05 3.80e-05 3.80e-03 5.96e-05 5.55e-04 3.80e-05 7.58e-05 2.53e-04 1.52e-04
10305 2.05800e+03 -4.04826e+00 9.77504e-04 1.29904e-04 6.52e-05 2.80e-06 4.20e-03 3.23e-05 5.91e-04 3.80e-07 5.27e-05 3.08e-04 1.30e-04 6.95e-05 3.65e-05 3.65e-03 5.80e-05 5.60e-04 3.65e-05 7.76e-05 2.55e-04 1.46e-04 6.95e-05 3.65e-05 3.65e-03 5.80e-05 5.60e-04 3.65e-05 7.76e-05 2.55e-04 1.46e-04
10355 2.06800e+03 -4.12447e+00 1.03379e-03 3.94422e-05 6.32e-05 2.84e-06 4.59e-03 3.00e-05 4.86e-04 4.98e-07 4.13e-05 2.12e-04 3.94e-05 7.06e-05 3.52e-05 3.52e-03 5.69e-05 5.59e-04 3.52e-05 7.62e-05 2.59e-04 1.44e-04 7.06e-05 3.52e-05 3.52e-03 5.69e-05 5.59e-04 3.52e-05 7.62e-05 2.59e-04 1.44e-04
10405 2.07800e+03 -4.07908e+00 9.70338e-04 1.83345e-05 1.16e-04 3.26e-06 4.21e-03 3.03e-05 4.97e-04 8.23e-07 5.36e-05 2.78e-04 1.83e-05 7.15e-05 3.39e-05 3.39e-03 5.54e-05 5.50e-04 3.39e-05 7.39e-05 2.61e-04 1.38e-04 7.15e-05 3.39e-05 3.39e-03 5.54e-05 5.50e-04 3.39e-05 7.39e-05 2.61e-04 1.38e-04
10455 2.08800e+03 -4.08274e+00 1.09004e-03 4.80886e-05 7.09e-05 2.98e-06 4.82e-03 5.40e-05 4.99e-04 2.17e-07 5.20e-05 2.33e-04 4.81e-05 7.20e-05 3.27e-05 3.27e-03 5.42e-05 5.60e-04 3.27e-05 7.34e-05 2.62e-04 1.38e-04 7.20e-05 3.27e-05 3.27e-03 5.42e-05 5.60e-04 3.27e-05 7.34e-05 2.62e-04 1.38e-04
10505 2.09800e+03 -4.08385e+00 1.02664e-03 9.61250e-05 9.47e-05 3.35e-06 4.54e-03 4.72e-05 4.53e-04 1.57e-07 1.11e-05 2.84e-04 9.61e-05 7.34e-05 3.16e-05 3.16e-03 5.31e-05 5.80e-04 3.16e-05 7.44e-05 2.64e-04 1.36e-04 7.34e-05 3.16e-05 3.16e-03 5.31e-05 5.80e-04 3.16e-05 7.44e-05 2.64e-04 1.36e-04
10555 2.10800e+03 -3.90386e+00 1.03611e-03 4.09455e-04 1.19e-04 3.41e-06 4.41e-03 3.95e-05 6.05e-04 8.20e-07 5.76e-05 2.72e-04 4.09e-04 7.50e-05 3.06e-05 3.06e-03 5.24e-05 5.86e-04 3.06e-05 7.34e-05 2.67e-04 1.37e-04 7.50e-05 3.06e-05 3.06e-03 5.24e-05 5.86e-04 3.06e-05 7.34e-05 2.67e-04 1.37e-04
10605 2.11800e+03 -4.15099e+00 9.07815e-04 1.61587e-05 6.50e-05 2.53e-06 3.89e-03 5.15e-05 5.32e-04 1.20e-07 9.46e-06 2.74e-04 1.62e-05 7.56e-05 2.96e-05 2.96e-03 5.15e-05 5.86e-04 2.96e-05 7.17e-05 2.70e-04 1.35e-04 7.56e-05 2.96e-05 2.96e-03 5.15e-05 5.86e-04 2.96e-05 7.17e-05 2.70e-04 1.35e-04
10655 2.12800e+03 -4.09838e+00 1.00066e-03 1.16229e-04 9.78e-05 2.21e-06 4.26e-03 3.31e-05 6.06e-04 2.43e-07 1.16e-05 2.57e-04 1.16e-04 7.60e-05 2.87e-05 2.87e-03 5.05e-05 5.82e-04 2.87e-05 6.97e-05 2.72e-04 1.31e-04 7.60e-05 2.87e-05 2.87e-03 5.05e-05 5.82e-04 2.87e-05 6.97e-05 2.72e-04 1.31e-04
10705 2.13800e+03 -4.15008e+00 9.03993e-04 1.57829e-05 5.24e-05 2.39e-06 3.88e-03 7.28e-05 5.11e-04 2.17e-07 7.67e-06 2.79e-04 1.58e-05 7.62e-05 2.78e-05 2.78e-03 4.96e-05 5.85e-04 2.78e-05 6.74e-05 2.72e-04 1.28e-04 7.62e-05 2.78e-05 2.78e-03 4.96e-05 5.85e-04 2.78e-05 6.74e-05 2.72e-04 1.28e-04
10755 2.14800e+03 -4.07428e+00 9.98459e-04 3.96167e-06 1.22e-04 4.53e-06 4.21e-03 2.97e-05 6.29e-04 7.07e-07 8.76e-05 2.50e-04 3.96e-06 7.67e-05 2.69e-05 2.69e-03 4.88e-05 5.84e-04 2.69e-05 6.58e-05 2.73e-04 1.24e-04 7.67e-05 2.69e-05 2.69e-03 4.88e-05 5.84e-04 2.69e-05 6.58e-05 2.73e-04 1.24e-04
10805 2.15800e+03 -3.98494e+00 9.78695e-04 4.01052e-04 6.01e-05 2.85e-06 4.19e-03 3.78e-05 6.07e-04 3.00e-07 3.33e-05 2.56e-04 4.01e-04 7.76e-05 2.62e-05 2.61e-03 4.80e-05 6.03e-04 2.61e-05 6.68e-05 2.73e-04 1.24e-04 7.76e-05 2.62e-05 2.61e-03 4.80e-05 6.03e-04 2.61e-05 6.68e-05 2.73e-04 1.24e-04
10855 2.16800e+03 -4.06943e+00 9.51870e-04 1.29117e-04 9.51e-05 2.04e-06 4.05e-03 3.46e-05 5.82e-04 1.32e-07 3.93e-05 3.60e-04 1.29e-04 7.88e-05 2.54e-05 2.54e-03 4.75e-05 6.14e-04 2.54e-05 6.66e-05 2.76e-04 1.25e-04 7.88e-05 2.54e-05 2.54e-03 4.75e-05 6.14e-04 2.54e-05 6.66e-05 2.76e-04 1.25e-04
10905 2.17800e+03 -4.03522e+00 8.81332e-04 1.41538e-04 6.54e-05 1.96e-06 3.69e-03 4.83e-05 6.02e-04 3.68e-07 1.01e-04 3.05e-04 1.42e-04 7.89e-05 2.47e-05 2.47e-03 4.69e-05 6.16e-04 2.47e-05 6.52e-05 2.79e-04 1.25e-04 7.89e-05 2.47e-05 2.47e-03 4.69e-05 6.16e-04 2.47e-05 6.52e-05 2.79e-04 1.25e-04
10955 2.18800e+03 -3.96086e+00 9.11073e-04 3.16513e-04 1.48e-04 3.38e-06 3.52e-03 4.47e-05 8.40e-04 8.17e-07 2.75e-05 2.37e-04 3.17e-04 7.90e-05 2.40e-05 2.40e-03 4.62e-05 6.15e-04 2.40e-05 6.35e-05 2.81e-04 1.25e-04 7.90e-05 2.40e-05 2.40e-03 4.62e-05 6.15e-04 2.40e-05 6.35e-05 2.81e-04 1.25e-04
11005 2.19800e+03 -4.02494e+00 9.38329e-04 3.62698e-04 6.17e-05 1.92e-06 3.97e-03 4.28e-05 6.20e-04 3.45e-07 2.08e-05 2.44e-04 3.63e-04 7.94e-05 2.33e-05 2.33e-03 4.58e-05 6.24e-04 2.33e-05 6.19e-05 2.81e-04 1.25e-04 7.94e-05 2.33e-05 2.33e-03 4.58e-05 6.24e-04 2.33e-05 6.19e-05 2.81e-04 1.25e-04
11055 2.20800e+03 -4.16058e+00 8.83528e-04 1.09722e-05 5.52e-05 3.35e-06 3.69e-03 4.66e-05 6.22e-04 4.92e-07 3.47e-05 3.17e-04 1.10e-05 7.97e-05 2.27e-05 2.27e-03 4.61e-05 6.28e-04 2.27e-05 5.96e-05 2.84e-04 1.23e-04 7.97e-05 2.27e-05 2.27e-03 4.61e-05 6.28e-04 2.27e-05 5.96e-05 2.84e-04 1.23e-04
11105 2.21800e+03 -4.15199e+00 8.67046e-04 1.96182e-05 1.01e-04 1.76e-06 3.52e-03 5.40e-05 6.61e-04 1.71e-07 1.70e-05 2.67e-04 1.96e-05 8.07e-05 2.21e-05 2.21e-03 4.68e-05 6.36e-04 2.21e-05 5.78e-05 2.89e-04 1.21e-04 8.07e-05 2.21e-05 2.21e-03 4.68e-05 6.36e-04 2.21e-05 5.78e-05 2.89e-04 1.21e-04
11155 2.22800e+03 -4.15025e+00 8.33532e-04 6.23785e-05 5.71e-05 2.06e-06 3.41e-03 5.78e-05 6.40e-04 1.04e-07 1.78e-05 3.45e-04 6.24e-05 8.18e-05 2.15e-05 2.15e-03 4.78e-05 6.42e-04 2.15e-05 5.62e-05 2.94e-04 1.18e-04 8.18e-05 2.15e-05 2.15e-03 4.78e-05 6.42e-04 2.15e-05 5.62e-05 2.94e-04 1.18e-04
11205 2.23800e+03 -4.05778e+00 8.08808e-04 1.01393e-05 5.91e-05 1.82e-06 3.12e-03 1.55e-04 7.10e-04 2.50e-07 7.60e-06 4.62e-04 1.01e-05 8.21e-05 2.09e-05 2.09e-03 4.98e-05 6.67e-04 2.09e-05 5.83e-05 3.06e-04 1.17e-04 8.21e-05 2.09e-05 2.09e-03 4.98e-05 6.67e-04 2.09e-05 5.83e-05 3.06e-04 1.17e-04
11255 2.24800e+03 -3.86497e+00 9.44423e-04 2.03914e-04 3.06e-04 2.51e-06 3.36e-03 9.24e-05 9.63e-04 2.70e-07 4.66e-06 3.82e-04 2.04e-04 8.22e-05 2.03e-05 2.03e-03 5.46e-05 6.89e-04 2.03e-05 5.75e-05 3.32e-04 1.19e-04 8.22e-05 2.03e-05 2.03e-03 5.46e-05 6.89e-04 2.03e-05 5.75e-05 3.32e-04 1.19e-04
11305 2.25800e+03 -3.99429e+00 8.35290e-04 7.28523e-05 1.01e-04 1.71e-06 3.31e-03 1.13e-04 6.54e-04 1.20e-07 3.72e-05 7.24e-04 7.29e-05 8.30e-05 1.99e-05 1.98e-03 5.94e-05 7.16e-04 1.98e-05 5.70e-05 3.56e-04 1.24e-04 8.30e-05 1.99e-05 1.98e-03 5.94e-05 7.16e-04 1.98e-05 5.70e-05 3.56e-04 1.24e-04
11355 2.26800e+03 -4.01737e+00 8.61183e-04 1.46697e-04 9.38e-05 1.86e-06 3.41e-03 1.16e-04 6.85e-04 9.58e-08 9.60e-06 5.54e-04 1.47e-04 8.32e-05 1.93e-05 1.93e-03 6.35e-05 7.23e-04 1.93e-05 5.71e-05 3.81e-04 1.21e-04 8.32e-05 1.93e-05 1.93e-03 6.35e-05 7.23e-04 1.93e-05 5.71e-05 3.81e-04 1.21e-04
11405 2.27800e+03 -3.96349e+00 8.08177e-04 1.41698e-04 7.42e-05 2.36e-06 3.19e-03 9.20e-05 6.79e-04 3.04e-07 1.24e-04 4.52e-04 1.42e-04 8.31e-05 1.88e-05 1.88e-03 6.70e-05 7.29e-04 1.88e-05 5.64e-05 3.97e-04 1.18e-04 8.31e-05 1.88e-05 1.88e-03 6.70e-05 7.29e-04 1.88e-05 5.64e-05 3.97e-04 1.18e-04
11455 2.28800e+03 -4.01216e+00 7.88223e-04 5.85172e-05 5.87e-05 1.85e-06 3.00e-03 2.14e-04 6.62e-04 2.69e-07 1.69e-05 6.20e-04 5.85e-05 8.33e-05 1.83e-05 1.83e-03 7.03e-05 7.36e-04 1.83e-05 5.60e-05 4.12e-04 1.16e-04 8.33e-05 1.83e-05 1.83e-03 7.03e-05 7.36e-04 1.83e-05 5.60e-05 4.12e-04 1.16e-04
11505 2.29800e+03 -4.08129e+00 8.27391e-04 6.31499e-05 8.32e-05 3.21e-06 3.26e-03 1.18e-04 6.73e-04 3.29e-07 1.50e-05 4.88e-04 6.31e-05 8.26e-05 1.79e-05 1.79e-03 7.31e-05 7.36e-04 1.79e-05 5.41e-05 4.20e-04 1.14e-04 8.26e-05 1.79e-05 1.79e-03 7.31e-05 7.36e-04 1.79e-05 5.41e-05 4.20e-04 1.14e-04
11555 2.30800e+03 -4.15934e+00 7.83814e-04 3.00457e-05 5.70e-05 1.76e-06 3.02e-03 9.68e-05 7.41e-04 6.29e-07 6.89e-06 4.03e-04 3.00e-05 8.28e-05 1.74e-05 1.74e-03 7.60e-05 7.49e-04 1.74e-05 5.23e-05 4.29e-04 1.16e-04 8.28e-05 1.74e-05 1.74e-03 7.60e-05 7.49e-04 1.74e-05 5.23e-05 4.29e-04 1.16e-04
11605 2.31800e+03 -3.94360e+00 8.16390e-04 7.98569e-05 6.83e-05 1.93e-06 3.04e-03 1.72e-04 7.99e-04 1.92e-07 1.21e-04 4.49e-04 7.99e-05 8.26e-05 1.70e-05 1.70e-03 7.82e-05 7.53e-04 1.70e-05 5.06e-05 4.33e-04 1.14e-04 8.26e-05 1.70e-05 1.70e-03 7.82e-05 7.53e-04 1.70e-05 5.06e-05 4.33e-04 1.14e-04
11655 2.32800e+03 -3.87806e+00 9.08157e-04 2.17387e-04 1.09e-04 3.38e-06 2.89e-03 9.30e-05 1.45e-03 1.54e-06 1.04e-04 4.27e-04 2.17e-04 8.30e-05 1.65e-05 1.65e-03 8.07e-05 7.70e-04 1.65e-05 5.14e-05 4.41e-04 1.14e-04 8.30e-05 1.65e-05 1.65e-03 8.07e-05 7.70e-04 1.65e-05 5.14e-05 4.41e-04 1.14e-04
11705 2.33800e+03 -3.95450e+00 7.51372e-04 4.30869e-04 6.81e-05 1.57e-06 2.85e-03 1.08e-04 7.30e-04 1.19e-07 5.50e-06 4.74e-04 4.31e-04 8.37e-05 1.61e-05 1.61e-03 8.32e-05 7.91e-04 1.61e-05 5.22e-05 4.47e-04 1.12e-04 8.37e-05 1.61e-05 1.61e-03 8.32e-05 7.91e-04 1.61e-05 5.22e-05 4.47e-04 1.12e-04
11755 2.34800e+03 -4.06339e+00 8.05876e-04 1.42464e-04 6.68e-05 2.00e-06 3.00e-03 1.19e-04 8.44e-04 2.30e-07 9.28e-06 5.65e-04 1.42e-04 8.41e-05 1.57e-05 1.57e-03 8.48e-05 8.02e-04 1.57e-05 5.15e-05 4.50e-04 1.13e-04 8.41e-05 1.57e-05 1.57e-03 8.48e-05 8.02e-04 1.57e-05 5.15e-05 4.50e-04 1.13e-04
11805 2.35800e+03 -4.07162e+00 7.04388e-04 6.14551e-05 7.15e-05 1.88e-06 2.43e-03 1.04e-04 9.15e-04 9.83e-08 4.77e-05 6.92e-04 6.15e-05 8.38e-05 1.53e-05 1.53e-03 8.67e-05 8.15e-04 1.53e-05 5.14e-05 4.55e-04 1.11e-04 8.38e-05 1.53e-05 1.53e-03 8.67e-05 8.15e-04 1.53e-05 5.14e-05 4.55e-04 1.11e-04
11855 2.36800e+03 -4.04632e+00 7.43886e-04 2.43511e-04 6.28e-05 2.33e-06 2.53e-03 9.16e-05 1.03e-03 2.95e-07 1.66e-05 4.40e-04 2.44e-04 8.47e-05 1.49e-05 1.49e-03 8.87e-05 8.30e-04 1.49e-05 5.08e-05 4.63e-04 1.10e-04 8.47e-05 1.49e-05 1.49e-03 8.87e-05 8.30e-04 1.49e-05 5.08e-05 4.63e-04 1.10e-04
11905 2.37800e+03 -4.14521e+00 7.21977e-04 7.08282e-05 6.75e-05 1.63e-06 2.57e-03 9.08e-05 8.85e-04 3.63e-07 1.50e-05 4.43e-04 7.08e-05 8.46e-05 1.46e-05 1.46e-03 9.02e-05 8.41e-04 1.46e-05 4.96e-05 4.63e-04 1.13e-04 8.46e-05 1.46e-05 1.46e-03 9.02e-05 8.41e-04 1.46e-05 4.96e-05 4.63e-04 1.13e-04
11955 2.38800e+03 -4.02930e+00 6.95727e-04 2.22715e-04 6.85e-05 4.10e-06 2.26e-03 1.43e-04 1.00e-03 3.78e-07 1.28e-05 5.18e-04 2.23e-04 8.54e-05 1.42e-05 1.42e-03 9.27e-05 8.77e-04 1.42e-05 5.14e-05 4.70e-04 1.18e-04 8.54e-05 1.42e-05 1.42e-03 9.27e-05 8.77e-04 1.42e-05 5.14e-05 4.70e-04 1.18e-04
12005 2.39800e+03 -4.11831e+00 7.03035e-04 4.93255e-05 6.65e-05 2.10e-06 2.41e-03 1.04e-04 9.35e-04 3.15e-07 4.37e-05 4.45e-04 4.93e-05 8.49e-05 1.39e-05 1.39e-03 9.47e-05 9.06e-04 1.39e-05 5.33e-05 4.78e-04 1.18e-04 8.49e-05 1.39e-05 1.39e-03 9.47e-05 9.06e-04 1.39e-05 5.33e-05 4.78e-04 1.18e-04
12055 2.40800e+03 -4.04753e+00 7.51692e-04 2.08926e-04 1.02e-04 1.64e-06 2.64e-03 9.92e-05 9.12e-04 1.52e-07 1.37e-05 4.70e-04 2.09e-04 8.45e-05 1.35e-05 1.35e-03 9.65e-05 9.15e-04 1.35e-05 5.33e-05 4.82e-04 1.18e-04 8.45e-05 1.35e-05 1.35e-03 9.65e-05 9.15e-04 1.35e-05 5.33e-05 4.82e-04 1.18e-04
12105 2.41800e+03 -4.16694e+00 6.92818e-04 4.84379e-05 6.56e-05 2.97e-06 2.41e-03 7.94e-05 9.02e-04 4.60e-07 1.32e-05 4.35e-04 4.84e-05 8.37e-05 1.32e-05 1.32e-03 9.78e-05 9.25e-04 1.32e-05 5.20e-05 4.83e-04 1.22e-04 8.37e-05 1.32e-05 1.32e-03 9.78e-05 9.25e-04 1.32e-05 5.20e-05 4.83e-04 1.22e-04
12155 2.42800e+03 -4.01975e+00 6.82910e-04 1.34147e-04 7.50e-05 3.68e-06 2.17e-03 1.39e-04 1.03e-03 1.43e-06 4.41e-05 7.17e-04 1.34e-04 8.46e-05 1.29e-05 1.29e-03 9.88e-05 9.39e-04 1.29e-05 5.12e-05 4.83e-04 1.22e-04 8.46e-05 1.29e-05 1.29e-03 9.88e-05 9.39e-04 1.29e-05 5.12e-05 4.83e-04 1.22e-04
12205 2.43800e+03 -3.86387e+00 7.47096e-04 4.81221e-04 1.36e-04 1.57e-06 2.27e-03 8.05e-05 1.25e-03 1.32e-07 6.98e-05 4.13e-04 4.81e-04 8.44e-05 1.26e-05 1.26e-03 9.92e-05 9.62e-04 1.26e-05 5.15e-05 4.81e-04 1.25e-04 8.44e-05 1.26e-05 1.26e-03 9.92e-05 9.62e-04 1.26e-05 5.15e-05 4.81e-04 1.25e-04
12255 2.44800e+03 -3.92486e+00 6.90422e-04 5.76819e-04 5.58e-05 4.04e-06 2.22e-03 9.40e-05 1.08e-03 1.10e-06 2.16e-05 3.79e-04 5.77e-04 8.38e-05 1.23e-05 1.23e-03 9.99e-05 9.76e-04 1.23e-05 5.03e-05 4.85e-04 1.27e-04 8.38e-05 1.23e-05 1.23e-03 9.99e-05 9.76e-04 1.23e-05 5.03e-05 4.85e-04 1.27e-04
12305 2.45800e+03 -4.17532e+00 6.46566e-04 7.13606e-06 1.23e-04 1.49e-06 2.05e-03 9.91e-05 9.63e-04 2.77e-07 5.29e-06 3.90e-04 7.14e-06 8.32e-05 1.20e-05 1.20e-03 1.01e-04 9.92e-04 1.20e-05 4.90e-05 4.86e-04 1.29e-04 8.32e-05 1.20e-05 1.20e-03 1.01e-04 9.92e-04 1.20e-05 4.90e-05 4.86e-04 1.29e-04
12355 2.46800e+03 -3.75477e+00 7.69846e-04 9.01069e-04 6.48e-05 1.70e-06 2.17e-03 1.11e-04 1.50e-03 2.87e-07 3.37e-05 3.95e-04 9.01e-04 8.36e-05 1.17e-05 1.17e-03 1.02e-04 1.01e-03 1.17e-05 4.87e-05 4.90e-04 1.29e-04 8.36e-05 1.17e-05 1.17e-03 1.02e-04 1.01e-03 1.17e-05 4.87e-05 4.90e-04 1.29e-04
12405 2.47800e+03 -4.17250e+00 6.19970e-04 8.53674e-05 7.33e-05 1.61e-06 1.95e-03 9.32e-05 9.80e-04 9.66e-08 1.27e-05 4.30e-04 8.54e-05 8.38e-05 1.15e-05 1.15e-03 1.03e-04 1.05e-03 1.15e-05 4.72e-05 4.90e-04 1.33e-04 8.38e-05 1.15e-05 1.15e-03 1.03e-04 1.05e-03 1.15e-05 4.72e-05 4.90e-04 1.33e-04
12455 2.48800e+03 -4.10943e+00 6.22609e-04 1.13220e-04 6.38e-05 1.65e-06 1.93e-03 1.20e-04 1.00e-03 1.49e-07 4.17e-05 5.22e-04 1.13e-04 8.34e-05 1.12e-05 1.12e-03 1.04e-04 1.07e-03 1.12e-05 4.77e-05 4.95e-04 1.34e-04 8.34e-05 1.12e-05 1.12e-03 1.04e-04 1.07e-03 1.12e-05 4.77e-05 4.95e-04 1.34e-04
12505 2.49800e+03 -4.11503e+00 6.14498e-04 1.62790e-04 7.56e-05 1.96e-06 1.87e-03 9.67e-05 1.03e-03 1.97e-07 1.82e-05 5.88e-04 1.63e-04 8.39e-05 1.09e-05 1.09e-03 1.04e-04 1.08e-03 1.09e-05 4.70e-05 4.95e-04 1.33e-04 8.39e-05 1.09e-05 1.09e-03 1.04e-04 1.08e-03 1.09e-05 4.70e-05 4.95e-04 1.33e-04
12555 2.50800e+03 -4.09962e+00 7.01556e-04 6.99769e-05 7.60e-05 1.32e-06 1.92e-03 1.25e-04 1.39e-03 1.88e-07 4.99e-05 4.53e-04 7.00e-05 8.36e-05 1.07e-05 1.07e-03 1.06e-04 1.07e-03 1.07e-05 4.56e-05 4.98e-04 1.33e-04 8.36e-05 1.07e-05 1.07e-03 1.06e-04 1.07e-03 1.07e-05 4.56e-05 4.98e-04 1.33e-04
12605 2.51800e+03 -4.12698e+00 6.12081e-04 1.34449e-04 6.37e-05 3.73e-06 1.85e-03 1.08e-04 1.04e-03 3.39e-07 1.93e-05 5.29e-04 1.34e-04 8.42e-05 1.05e-05 1.05e-03 1.06e-04 1.05e-03 1.05e-05 4.65e-05 4.93e-04 1.35e-04 8.42e-05 1.05e-05 1.05e-03 1.06e-04 1.05e-03 1.05e-05 4.65e-05 4.93e-04 1.35e-04
12655 2.52800e+03 -4.16966e+00 6.63748e-04 1.02191e-04 7.73e-05 1.48e-06 1.98e-03 8.10e-05 1.18e-03 1.36e-07 6.31e-06 4.43e-04 1.02e-04 8.41e-05 1.03e-05 1.03e-03 1.06e-04 1.03e-03 1.03e-05 4.63e-05 4.95e-04 1.39e-04 8.41e-05 1.03e-05 1.03e-03 1.06e-04 1.03e-03 1.03e-05 4.63e-05 4.95e-04 1.39e-04
12705 2.53800e+03 -4.14616e+00 6.69327e-04 6.96498e-05 5.89e-05 1.71e-06 1.90e-03 1.06e-04 1.28e-03 4.41e-07 2.90e-05 4.90e-04 6.96e-05 8.37e-05 1.01e-05 1.01e-03 1.07e-04 1.02e-03 1.01e-05 4.66e-05 4.93e-04 1.37e-04 8.37e-05 1.02e-05 1.01e-03 1.07e-04 1.02e-03 1.02e-05 4.66e-05 4.93e-04 1.37e-04
12755 2.54800e+03 -4.07782e+00 6.38388e-04 2.22822e-04 8.22e-05 1.32e-06 1.83e-03 1.09e-04 1.17e-03 1.99e-07 2.49e-05 5.60e-04 2.23e-04 8.32e-05 9.98e-06 9.99e-04 1.07e-04 9.98e-04 9.98e-06 4.72e-05 4.95e-04 1.36e-04 8.32e-05 9.99e-06 9.99e-04 1.07e-04 9.98e-04 9.99e-06 4.72e-05 4.95e-04 1.36e-04
12805 2.55800e+03 -4.02748e+00 6.20208e-04 2.75909e-04 1.62e-04 2.45e-06 1.76e-03 1.18e-04 1.06e-03 1.10e-07 7.16e-06 5.37e-04 2.76e-04 8.35e-05 9.82e-06 9.83e-04 1.08e-04 9.81e-04 9.83e-06 4.66e-05 4.96e-04 1.36e-04 8.35e-05 9.83e-06 9.83e-04 1.08e-04 9.81e-04 9.83e-06 4.66e-05 4.96e-04 1.36e-04
12855 2.56800e+03 -4.08247e+00 5.91274e-04 1.39590e-04 1.24e-04 1.36e-06 1.72e-03 9.32e-05 1.01e-03 2.29e-07 5.87e-05 4.28e-04 1.40e-04 8.35e-05 9.69e-06 9.68e-04 1.08e-04 9.67e-04 9.69e-06 4.62e-05 4.96e-04 1.37e-04 8.35e-05 9.69e-06 9.68e-04 1.08e-04 9.67e-04 9.69e-06 4.62e-05 4.96e-04 1.37e-04
12905 2.57800e+03 -4.10155e+00 6.38570e-04 1.63753e-04 7.25e-05 1.81e-06 1.78e-03 1.49e-04 1.19e-03 3.15e-07 9.46e-06 6.14e-04 1.64e-04 8.25e-05 9.56e-06 9.56e-04 1.09e-04 9.55e-04 9.54e-06 4.57e-05 4.96e-04 1.36e-04 8.25e-05 9.56e-06 9.56e-04 1.09e-04 9.55e-04 9.56e-06 4.57e-05 4.96e-04 1.36e-04
12955 2.58800e+03 -4.19508e+00 6.30999e-04 5.12627e-05 5.78e-05 1.40e-06 1.94e-03 9.83e-05 1.06e-03 1.33e-07 1.78e-05 4.44e-04 5.13e-05 8.27e-05 9.43e-06 9.43e-04 1.09e-04 9.41e-04 9.43e-06 4.48e-05 4.95e-04 1.37e-04 8.27e-05 9.43e-06 9.43e-04 1.09e-04 9.41e-04 9.43e-06 4.48e-05 4.95e-04 1.37e-04
13005 2.59800e+03 -4.05967e+00 5.89670e-04 3.62298e-04 5.97e-05 2.34e-06 1.69e-03 1.14e-04 1.08e-03 1.82e-07 1.14e-05 5.87e-04 3.62e-04 8.22e-05 9.28e-06 9.29e-04 1.08e-04 9.29e-04 9.29e-06 4.40e-05 4.90e-04 1.36e-04 8.22e-05 9.29e-06 9.29e-04 1.08e-04 9.29e-04 9.29e-06 4.40e-05 4.90e-04 1.36e-04
13055 2.60800e+03 -4.08335e+00 6.41167e-04 1.61077e-04 7.19e-05 2.72e-06 1.89e-03 8.37e-05 1.15e-03 5.49e-07 6.45e-05 3.89e-04 1.61e-04 8.22e-05 9.18e-06 9.19e-04 1.09e-04 9.19e-04 9.19e-06 4.33e-05 4.90e-04 1.37e-04 8.22e-05 9.19e-06 9.19e-04 1.09e-04 9.19e-04 9.19e-06 4.33e-05 4.90e-04 1.37e-04
13105 2.61800e+03 -4.12937e+00 5.86227e-04 6.72650e-05 1.41e-04 2.16e-06 1.69e-03 9.45e-05 1.01e-03 8.27e-07 2.91e-05 4.66e-04 6.73e-05 8.16e-05 9.09e-06 9.09e-04 1.10e-04 9.09e-04 9.09e-06 4.26e-05 4.91e-04 1.37e-04 8.16e-05 9.09e-06 9.09e-04 1.10e-04 9.09e-04 9.09e-06 4.26e-05 4.91e-04 1.37e-04
13155 2.62800e+03 -4.12318e+00 6.36664e-04 1.38871e-04 6.82e-05 1.42e-06 1.82e-03 1.33e-04 1.16e-03 2.90e-07 2.68e-05 4.76e-04 1.39e-04 8.17e-05 8.98e-06 8.98e-04 1.09e-04 8.97e-04 8.97e-06 4.17e-05 4.90e-04 1.35e-04 8.17e-05 8.98e-06 8.98e-04 1.09e-04 8.97e-04 8.98e-06 4.17e-05 4.90e-04 1.35e-04
13205 2.63800e+03 -4.24201e+00 6.09874e-04 4.15826e-05 4.52e-05 1.34e-06 1.76e-03 8.94e-05 1.16e-03 9.74e-08 7.57e-06 3.98e-04 4.16e-05 8.26e-05 8.87e-06 8.87e-04 1.09e-04 8.87e-04 8.87e-06 4.12e-05 4.89e-04 1.35e-04 8.26e-05 8.87e-06 8.87e-04 1.09e-04 8.87e-04 8.87e-06 4.12e-05 4.89e-04 1.35e-04
13255 2.64800e+03 -4.20917e+00 6.44597e-04 6.80215e-06 7.75e-05 1.37e-06 1.82e-03 1.02e-04 1.22e-03 2.97e-07 1.19e-05 4.34e-04 6.80e-06 8.25e-05 8.77e-06 8.77e-04 1.08e-04 8.77e-04 8.77e-06 4.06e-05 4.81e-04 1.37e-04 8.25e-05 8.77e-06 8.77e-04 1.08e-04 8.77e-04 8.77e-06 4.06e-05 4.81e-04 1.37e-04
13305 2.65800e+03 -4.04823e+00 5.94345e-04 3.19627e-04 5.90e-05 1.83e-06 1.64e-03 1.50e-04 1.12e-03 1.23e-07 1.71e-05 6.98e-04 3.20e-04 8.32e-05 8.68e-06 8.69e-04 1.09e-04 8.69e-04 8.69e-06 4.03e-05 4.78e-04 1.36e-04 8.32e-05 8.69e-06 8.69e-04 1.09e-04 8.69e-04 8.69e-06 4.03e-05 4.78e-04 1.36e-04
13355 2.66800e+03 -4.20729e+00 6.64456e-04 3.30116e-05 6.52e-05 1.84e-06 1.68e-03 9.10e-05 1.48e-03 1.97e-07 7.03e-06 4.62e-04 3.30e-05 8.24e-05 8.59e-06 8.60e-04 1.08e-04 8.60e-04 8.60e-06 3.97e-05 4.77e-04 1.35e-04 8.24e-05 8.60e-06 8.60e-04 1.08e-04 8.60e-04 8.60e-06 3.97e-05 4.77e-04 1.35e-04
13405 2.67800e+03 -4.10219e+00 6.62465e-04 1.91211e-04 1.29e-04 1.59e-06 1.76e-03 1.01e-04 1.32e-03 4.20e-07 1.07e-05 3.86e-04 1.91e-04 8.12e-05 8.54e-06 8.54e-04 1.09e-04 8.54e-04 8.54e-06 4.04e-05 4.79e-04 1.35e-04 8.12e-05 8.54e-06 8.54e-04 1.09e-04 8.54e-04 8.54e-06 4.04e-05 4.79e-04 1.35e-04
13455 2.68800e+03 -4.19686e+00 5.52700e-04 7.28057e-05 8.33e-05 1.33e-06 1.57e-03 1.06e-04 1.00e-03 1.57e-07 1.60e-05 4.96e-04 7.28e-05 8.06e-05 8.47e-06 8.47e-04 1.10e-04 8.47e-04 8.46e-06 4.03e-05 4.84e-04 1.34e-04 8.06e-05 8.47e-06 8.47e-04 1.10e-04 8.47e-04 8.47e-06 4.03e-05 4.84e-04 1.34e-04
13505 2.69800e+03 -3.90287e+00 6.50081e-04 4.14401e-04 6.30e-05 2.14e-06 1.74e-03 1.97e-04 1.25e-03 2.79e-07 5.33e-05 7.84e-04 4.14e-04 8.21e-05 8.38e-06 8.38e-04 1.09e-04 8.38e-04 8.38e-06 3.97e-05 4.84e-04 1.32e-04 8.21e-05 8.38e-06 8.38e-04 1.09e-04 8.38e-04 8.38e-06 3.97e-05 4.84e-04 1.32e-04
13555 2.70800e+03 -4.18086e+00 6.35890e-04 9.05085e-05 7.08e-05 2.00e-06 1.87e-03 9.79e-05 1.14e-03 1.70e-07 6.68e-06 4.95e-04 9.05e-05 8.26e-05 8.33e-06 8.33e-04 1.09e-04 8.33e-04 8.33e-06 4.15e-05 4.82e-04 1.32e-04 8.26e-05 8.33e-06 8.33e-04 1.09e-04 8.33e-04 8.33e-06 4.15e-05 4.82e-04 1.32e-04
13605 2.71800e+03 -4.23866e+00 5.78334e-04 4.28742e-05 7.48e-05 1.74e-06 1.70e-03 8.27e-05 1.03e-03 2.02e-07 7.23e-06 3.82e-04 4.29e-05 8.33e-05 8.28e-06 8.28e-04 1.09e-04 8.28e-04 8.27e-06 4.09e-05 4.83e-04 1.33e-04 8.33e-05 8.28e-06 8.28e-04 1.09e-04 8.28e-04 8.28e-06 4.09e-05 4.83e-04 1.33e-04
13655 2.72800e+03 -4.19606e+00 5.87350e-04 1.01913e-04 5.22e-05 1.79e-06 1.62e-03 1.19e-04 1.15e-03 7.94e-08 6.97e-06 5.07e-04 1.02e-04 8.34e-05 8.24e-06 8.24e-04 1.09e-04 8.24e-04 8.23e-06 4.00e-05 4.85e-04 1.35e-04 8.34e-05 8.24e-06 8.24e-04 1.09e-04 8.24e-04 8.24e-06 4.00e-05 4.85e-04 1.35e-04
13705 2.73800e+03 -4.23887e+00 5.50859e-04 5.01812e-05 5.99e-05 1.54e-06 1.62e-03 1.05e-04 9.66e-04 1.21e-07 1.21e-05 4.05e-04 5.02e-05 8.33e-05 8.17e-06 8.17e-04 1.09e-04 8.17e-04 8.17e-06 3.90e-05 4.85e-04 1.33e-04 8.33e-05 8.17e-06 8.17e-04 1.09e-04 8.17e-04 8.17e-06 3.90e-05 4.85e-04 1.33e-04
13755 2.74800e+03 -4.14327e+00 6.66982e-04 2.08058e-04 8.81e-05 1.29e-06 1.65e-03 8.24e-05 1.52e-03 8.30e-08 4.59e-06 3.64e-04 2.08e-04 8.38e-05 8.10e-06 8.11e-04 1.10e-04 8.11e-04 8.10e-06 3.92e-05 4.85e-04 1.32e-04 8.38e-05 8.11e-06 8.11e-04 1.10e-04 8.11e-04 8.11e-06 3.92e-05 4.85e-04 1.32e-04
13805 2.75800e+03 -4.06075e+00 6.10998e-04 1.74528e-04 1.32e-04 2.21e-06 1.70e-03 1.27e-04 1.09e-03 6.08e-08 4.27e-05 4.52e-04 1.75e-04 8.26e-05 8.07e-06 8.08e-04 1.11e-04 8.08e-04 8.07e-06 3.95e-05 4.87e-04 1.33e-04 8.26e-05 8.08e-06 8.08e-04 1.11e-04 8.08e-04 8.08e-06 3.95e-05 4.87e-04 1.33e-04
13855 2.76800e+03 -4.17232e+00 5.87126e-04 1.85059e-05 4.94e-05 1.77e-06 1.68e-03 1.43e-04 1.06e-03 1.38e-07 3.31e-05 6.39e-04 1.85e-05 8.20e-05 8.02e-06 8.02e-04 1.12e-04 8.03e-04 8.03e-06 3.90e-05 4.93e-04 1.32e-04 8.20e-05 8.03e-06 8.02e-04 1.12e-04 8.03e-04 8.03e-06 3.90e-05 4.93e-04 1.32e-04
13905 2.77800e+03 -4.07627e+00 6.11551e-04 7.93510e-05 1.71e-04 1.89e-06 1.52e-03 1.16e-04 1.25e-03 3.19e-07 3.88e-05 5.81e-04 7.94e-05 8.78e-05 7.96e-06 7.97e-04 1.12e-04 7.97e-04 7.96e-06 3.83e-05 4.94e-04 1.31e-04 8.78e-05 7.97e-06 7.97e-04 1.12e-04 7.97e-04 7.97e-06 3.83e-05 4.94e-04 1.31e-04
13955 2.78800e+03 -4.04224e+00 6.28810e-04 2.86318e-04 6.08e-05 2.27e-06 1.80e-03 1.48e-04 1.13e-03 2.02e-08 3.52e-05 5.12e-04 2.86e-04 1.01e-04 7.94e-06 7.94e-04 1.12e-04 7.94e-04 7.94e-06 3.79e-05 4.93e-04 1.33e-04 1.01e-04 7.94e-06 7.94e-04 1.12e-04 7.94e-04 7.94e-06 3.79e-05 4.93e-04 1.33e-04
14005 2.79800e+03 -4.10241e+00 5.55421e-04 3.28824e-04 6.06e-05 1.29e-06 1.54e-03 9.49e-05 1.08e-03 2.65e-07 2.39e-05 4.45e-04 3.29e-04 1.02e-04 7.93e-06 7.93e-04 1.11e-04 7.93e-04 7.92e-06 3.82e-05 4.87e-04 1.34e-04 1.02e-04 7.93e-06 7.93e-04 1.11e-04 7.93e-04 7.93e-06 3.82e-05 4.87e-04 1.34e-04
14055 2.80800e+03 -4.16332e+00 6.31511e-04 3.58111e-05 4.83e-05 1.12e-06 1.58e-03 1.02e-04 1.43e-03 1.50e-07 4.87e-05 4.78e-04 3.58e-05 9.97e-05 7.88e-06 7.88e-04 1.12e-04 7.88e-04 7.89e-06 3.89e-05 4.91e-04 1.33e-04 9.97e-05 7.88e-06 7.88e-04 1.12e-04 7.88e-04 7.89e-06 3.89e-05 4.91e-04 1.33e-04
14105 2.81800e+03 -4.14495e+00 6.45410e-04 3.46709e-05 1.17e-04 1.73e-06 1.69e-03 1.47e-04 1.27e-03 1.43e-07 1.44e-05 5.34e-04 3.47e-05 9.78e-05 7.84e-06 7.85e-04 1.12e-04 7.84e-04 7.85e-06 3.87e-05 4.91e-04 1.32e-04 9.78e-05 7.85e-06 7.85e-04 1.12e-04 7.84e-04 7.85e-06 3.87e-05 4.91e-04 1.32e-04
14155 2.82800e+03 -4.07479e+00 5.94384e-04 2.48648e-04 7.10e-05 1.21e-06 1.55e-03 1.65e-04 1.19e-03 2.49e-07 1.00e-05 7.43e-04 2.49e-04 9.62e-05 7.77e-06 7.79e-04 1.12e-04 7.78e-04 7.78e-06 3.81e-05 4.93e-04 1.32e-04 9.62e-05 7.79e-06 7.79e-04 1.12e-04 7.78e-04 7.79e-06 3.81e-05 4.93e-04 1.32e-04
14205 2.83800e+03 -4.14404e+00 5.70163e-04 1.29987e-04 1.27e-04 3.04e-06 1.50e-03 1.37e-04 1.09e-03 3.88e-07 4.55e-06 4.58e-04 1.30e-04 9.55e-05 7.77e-06 7.78e-04 1.12e-04 7.78e-04 7.77e-06 3.72e-05 4.95e-04 1.35e-04 9.55e-05 7.78e-06 7.78e-04 1.12e-04 7.78e-04 7.78e-06 3.72e-05 4.95e-04 1.35e-04
14255 2.84800e+03 -4.18487e+00 5.29075e-04 1.41808e-04 5.91e-05 1.39e-06 1.48e-03 1.44e-04 9.57e-04 8.76e-08 5.04e-06 5.85e-04 1.42e-04 9.53e-05 7.74e-06 7.75e-04 1.13e-04 7.74e-04 7.74e-06 3.70e-05 4.94e-04 1.36e-04 9.53e-05 7.75e-06 7.75e-04 1.13e-04 7.74e-04 7.75e-06 3.70e-05 4.94e-04 1.36e-04
14305 2.85800e+03 -4.17519e+00 5.71309e-04 9.37829e-05 1.10e-04 1.42e-06 1.52e-03 1.06e-04 1.12e-03 1.77e-07 1.55e-05 4.81e-04 9.38e-05 9.46e-05 7.69e-06 7.71e-04 1.14e-04 7.71e-04 7.71e-06 3.65e-05 4.97e-04 1.36e-04 9.46e-05 7.71e-06 7.71e-04 1.14e-04 7.71e-04 7.71e-06 3.65e-05 4.97e-04 1.36e-04
14355 2.86800e+03 -4.10841e+00 6.14035e-04 2.13598e-04 8.87e-05 1.54e-06 1.57e-03 1.11e-04 1.30e-03 3.30e-07 2.51e-05 4.34e-04 2.14e-04 9.38e-05 7.66e-06 7.67e-04 1.14e-04 7.67e-04 7.67e-06 3.66e-05 4.95e-04 1.37e-04 9.38e-05 7.67e-06 7.67e-04 1.14e-04 7.67e-04 7.67e-06 3.66e-05 4.95e-04 1.37e-04
14405 2.87800e+03 -4.14122e+00 5.87190e-04 2.78647e-04 4.41e-05 1.71e-06 1.52e-03 1.01e-04 1.27e-03 6.72e-08 7.61e-06 4.80e-04 2.79e-04 9.32e-05 7.65e-06 7.66e-04 1.14e-04 7.65e-04 7.63e-06 3.66e-05 4.92e-04 1.36e-04 9.32e-05 7.66e-06 7.66e-04 1.14e-04 7.65e-04 7.66e-06 3.66e-05 4.92e-04 1.36e-04
14455 2.88800e+03 -4.14368e+00 5.43241e-04 2.24413e-04 9.58e-05 1.88e-06 1.44e-03 9.66e-05 1.08e-03 1.17e-07 1.70e-05 4.35e-04 2.24e-04 9.20e-05 7.61e-06 7.61e-04 1.15e-04 7.61e-04 7.61e-06 3.57e-05 4.95e-04 1.35e-04 9.20e-05 7.61e-06 7.61e-04 1.15e-04 7.61e-04 7.61e-06 3.57e-05 4.95e-04 1.35e-04
14505 2.89800e+03 -4.23938e+00 5.56370e-04 2.77499e-05 7.07e-05 2.04e-06 1.50e-03 9.37e-05 1.12e-03 4.23e-07 1.35e-05 4.17e-04 2.77e-05 9.10e-05 7.57e-06 7.57e-04 1.15e-04 7.56e-04 7.56e-06 3.52e-05 4.97e-04 1.34e-04 9.10e-05 7.57e-06 7.57e-04 1.15e-04 7.56e-04 7.57e-06 3.52e-05 4.97e-04 1.34e-04
14555 2.90800e+03 -4.07465e+00 5.82231e-04 3.45295e-05 6.20e-05 2.98e-06 1.60e-03 9.27e-05 1.16e-03 6.07e-07 1.05e-04 4.30e-04 3.45e-05 9.05e-05 7.55e-06 7.56e-04 1.15e-04 7.55e-04 7.54e-06 3.44e-05 4.95e-04 1.35e-04 9.05e-05 7.56e-06 7.56e-04 1.15e-04 7.55e-04 7.56e-06 3.44e-05 4.95e-04 1.35e-04
14605 2.91800e+03 -4.13965e+00 5.81432e-04 9.02419e-05 4.79e-05 1.22e-06 1.54e-03 1.67e-04 1.15e-03 7.11e-08 2.74e-05 7.18e-04 9.02e-05 9.04e-05 7.51e-06 7.53e-04 1.15e-04 7.53e-04 7.53e-06 3.44e-05 4.95e-04 1.35e-04 9.04e-05 7.53e-06 7.53e-04 1.15e-04 7.53e-04 7.53e-06 3.44e-05 4.95e-04 1.35e-04
14655 2.92800e+03 -3.98617e+00 6.01757e-04 3.27438e-05 5.11e-05 1.18e-06 1.53e-03 1.10e-04 1.31e-03 4.41e-07 1.51e-04 6.35e-04 3.27e-05 9.00e-05 7.51e-06 7.57e-04 1.16e-04 7.57e-04 7.49e-06 3.50e-05 4.96e-04 1.39e-04 9.00e-05 7.57e-06 7.57e-04 1.16e-04 7.57e-04 7.57e-06 3.50e-05 4.96e-04 1.39e-04
14705 2.93800e+03 -4.05852e+00 6.03957e-04 4.71309e-05 1.98e-04 1.47e-06 1.50e-03 1.43e-04 1.18e-03 1.43e-07 4.38e-05 6.21e-04 4.71e-05 8.94e-05 7.51e-06 7.56e-04 1.16e-04 7.55e-04 7.49e-06 3.60e-05 4.98e-04 1.39e-04 8.94e-05 7.56e-06 7.56e-04 1.16e-04 7.55e-04 7.56e-06 3.60e-05 4.98e-04 1.39e-04
14755 2.94800e+03 -4.19654e+00 5.47902e-04 2.65564e-05 8.34e-05 1.28e-06 1.56e-03 9.83e-05 9.96e-04 9.92e-08 4.00e-05 4.38e-04 2.66e-05 8.93e-05 7.48e-06 7.50e-04 1.16e-04 7.50e-04 7.49e-06 3.53e-05 5.03e-04 1.39e-04 8.93e-05 7.50e-06 7.50e-04 1.16e-04 7.50e-04 7.50e-06 3.53e-05 5.03e-04 1.39e-04
14805 2.95800e+03 -4.05900e+00 5.69560e-04 4.78724e-04 6.62e-05 1.46e-06 1.52e-03 1.19e-04 1.15e-03 1.01e-07 1.17e-05 4.03e-04 4.79e-04 8.88e-05 7.46e-06 7.52e-04 1.16e-04 7.51e-04 7.47e-06 3.50e-05 5.02e-04 1.42e-04 8.88e-05 7.52e-06 7.52e-04 1.16e-04 7.51e-04 7.52e-06 3.50e-05 5.02e-04 1.42e-04
14855 2.96800e+03 -4.15730e+00 5.85380e-04 1.40048e-04 4.22e-05 1.89e-06 1.44e-03 1.27e-04 1.32e-03 3.50e-07 2.20e-05 5.61e-04 1.40e-04 8.82e-05 7.46e-06 7.49e-04 1.16e-04 7.49e-04 7.47e-06 3.43e-05 5.01e-04 1.42e-04 8.82e-05 7.49e-06 7.49e-04 1.16e-04 7.49e-04 7.49e-06 3.43e-05 5.01e-04 1.42e-04
14905 2.97800e+03 -4.19820e+00 5.74486e-04 5.25407e-06 1.62e-04 1.41e-06 1.54e-03 9.68e-05 1.07e-03 1.14e-07 8.00e-06 4.56e-04 5.25e-06 8.66e-05 7.46e-06 7.46e-04 1.16e-04 7.47e-04 7.46e-06 3.43e-05 5.02e-04 1.43e-04 8.66e-05 7.47e-06 7.46e-04 1.16e-04 7.47e-04 7.47e-06 3.43e-05 5.02e-04 1.43e-04
14955 2.98800e+03 -3.97881e+00 5.75681e-04 3.60255e-04 1.06e-04 1.51e-06 1.41e-03 2.24e-04 1.14e-03 1.12e-07 3.03e-05 6.72e-04 3.60e-04 8.54e-05 7.42e-06 7.43e-04 1.16e-04 7.42e-04 7.42e-06 3.42e-05 5.03e-04 1.41e-04 8.54e-05 7.43e-06 7.43e-04 1.16e-04 7.42e-04 7.43e-06 3.42e-05 5.03e-04 1.41e-04
15005 2.99700e+03 -4.02619e+00 5.67173e-04 2.76343e-04 2.22e-04 3.39e-06 1.61e-03 1.12e-04 8.89e-04 1.68e-07 1.76e-05 4.71e-04 2.76e-04 8.81e-05 7.42e-06 7.48e-04 1.17e-04 7.48e-04 7.39e-06 3.44e-05 5.05e-04 1.46e-04 8.81e-05 7.48e-06 7.48e-04 1.17e-04 7.48e-04 7.48e-06 3.44e-05 5.05e-04 1.46e-04
15055 3.00700e+03 -4.13101e+00 5.80904e-04 2.63924e-04 6.61e-05 1.37e-06 1.65e-03 1.02e-04 1.08e-03 8.97e-08 1.80e-05 4.73e-04 2.64e-04 8.87e-05 7.42e-06 7.46e-04 1.15e-04 7.45e-04 7.39e-06 3.40e-05 5.01e-04 1.46e-04 8.87e-05 7.46e-06 7.46e-04 1.15e-04 7.45e-04 7.46e-06 3.40e-05 5.01e-04 1.46e-04
15105 3.01700e+03 -4.22891e+00 5.36662e-04 7.86938e-05 4.94e-05 1.74e-06 1.54e-03 9.99e-05 9.97e-04 1.14e-07 1.26e-05 5.29e-04 7.87e-05 8.73e-05 7.41e-06 7.41e-04 1.15e-04 7.41e-04 7.39e-06 3.31e-05 5.01e-04 1.48e-04 8.73e-05 7.41e-06 7.41e-04 1.15e-04 7.41e-04 7.41e-06 3.31e-05 5.01e-04 1.48e-04
15155 3.02700e+03 -4.22763e+00 5.08238e-04 4.00200e-05 1.14e-04 1.22e-06 1.39e-03 1.05e-04 9.29e-04 1.20e-07 9.70e-06 4.95e-04 4.00e-05 8.70e-05 7.36e-06 7.38e-04 1.15e-04 7.38e-04 7.37e-06 3.29e-05 5.08e-04 1.51e-04 8.70e-05 7.38e-06 7.38e-04 1.15e-04 7.38e-04 7.38e-06 3.29e-05 5.08e-04 1.51e-04
15205 3.03700e+03 -4.24685e+00 5.09156e-04 2.84659e-05 7.55e-05 3.87e-06 1.41e-03 9.43e-05 9.65e-04 2.34e-07 4.71e-06 4.77e-04 2.85e-05 8.64e-05 7.34e-06 7.35e-04 1.15e-04 7.35e-04 7.34e-06 3.29e-05 5.13e-04 1.53e-04 8.64e-05 7.35e-06 7.35e-04 1.15e-04 7.35e-04 7.35e-06 3.29e-05 5.13e-04 1.53e-04
15255 3.04700e+03 -4.25970e+00 5.47002e-04 1.67197e-05 6.59e-05 1.32e-06 1.48e-03 9.67e-05 1.09e-03 1.61e-07 5.08e-06 4.75e-04 1.67e-05 8.46e-05 7.34e-06 7.39e-04 1.17e-04 7.39e-04 7.34e-06 3.23e-05 5.18e-04 1.58e-04 8.46e-05 7.39e-06 7.39e-04 1.17e-04 7.39e-04 7.39e-06 3.23e-05 5.18e-04 1.58e-04
15305 3.05700e+03 -4.22529e+00 5.86990e-04 2.12438e-05 5.85e-05 1.06e-06 1.63e-03 1.42e-04 1.10e-03 1.43e-07 1.10e-05 4.48e-04 2.12e-05 8.37e-05 7.33e-06 7.33e-04 1.18e-04 7.33e-04 7.34e-06 3.17e-05 5.22e-04 1.57e-04 8.37e-05 7.33e-06 7.33e-04 1.18e-04 7.33e-04 7.34e-06 3.17e-05 5.22e-04 1.57e-04
15355 3.06700e+03 -4.21264e+00 5.86429e-04 5.51522e-05 6.22e-05 1.53e-06 1.60e-03 1.10e-04 1.16e-03 1.43e-07 1.40e-05 4.89e-04 5.52e-05 8.31e-05 7.26e-06 7.27e-04 1.17e-04 7.27e-04 7.26e-06 3.08e-05 5.22e-04 1.55e-04 8.31e-05 7.27e-06 7.27e-04 1.17e-04 7.27e-04 7.27e-06 3.08e-05 5.22e-04 1.55e-04
15405 3.07700e+03 -4.15147e+00 6.07687e-04 1.83228e-04 7.20e-05 1.62e-06 1.54e-03 9.29e-05 1.33e-03 3.56e-07 1.93e-05 4.53e-04 1.83e-04 8.25e-05 7.23e-06 7.24e-04 1.17e-04 7.24e-04 7.23e-06 3.08e-05 5.16e-04 1.55e-04 8.25e-05 7.24e-06 7.24e-04 1.17e-04 7.24e-04 7.24e-06 3.08e-05 5.16e-04 1.55e-04
15455 3.08700e+03 -4.19875e+00 5.95523e-04 9.23585e-05 9.02e-05 1.34e-06 1.56e-03 1.08e-04 1.22e-03 1.21e-07 5.14e-06 4.85e-04 9.24e-05 8.23e-05 7.20e-06 7.20e-04 1.16e-04 7.20e-04 7.19e-06 3.02e-05 5.10e-04 1.54e-04 8.23e-05 7.20e-06 7.20e-04 1.16e-04 7.20e-04 7.20e-06 3.02e-05 5.10e-04 1.54e-04
15505 3.09700e+03 -4.19854e+00 5.37038e-04 2.34489e-05 5.21e-05 1.38e-06 1.48e-03 1.09e-04 1.04e-03 1.46e-07 4.26e-05 5.00e-04 2.34e-05 8.23e-05 7.17e-06 7.18e-04 1.15e-04 7.19e-04 7.19e-06 3.07e-05 5.10e-04 1.53e-04 8.23e-05 7.19e-06 7.18e-04 1.15e-04 7.19e-04 7.19e-06 3.07e-05 5.10e-04 1.53e-04
15555 3.10700e+03 -4.07157e+00 6.20350e-04 3.75557e-04 6.03e-05 1.20e-06 1.54e-03 9.15e-05 1.41e-03 2.32e-07 2.83e-05 4.52e-04 3.76e-04 8.21e-05 7.15e-06 7.17e-04 1.16e-04 7.17e-04 7.16e-06 3.15e-05 5.13e-04 1.52e-04 8.21e-05 7.17e-06 7.17e-04 1.16e-04 7.17e-04 7.17e-06 3.15e-05 5.13e-04 1.52e-04
15605 3.11700e+03 -4.06945e+00 5.70070e-04 5.20972e-04 5.86e-05 1.26e-06 1.58e-03 9.79e-05 1.11e-03 7.10e-08 6.10e-06 5.17e-04 5.21e-04 8.07e-05 7.12e-06 7.14e-04 1.16e-04 7.14e-04 7.13e-06 3.14e-05 5.16e-04 1.52e-04 8.07e-05 7.14e-06 7.14e-04 1.16e-04 7.14e-04 7.14e-06 3.14e-05 5.16e-04 1.52e-04
15655 3.12700e+03 -3.95188e+00 5.83065e-04 3.51356e-05 5.92e-05 1.47e-06 1.48e-03 1.66e-04 1.21e-03 7.86e-08 1.53e-04 5.21e-04 3.51e-05 7.97e-05 7.09e-06 7.09e-04 1.16e-04 7.10e-04 7.09e-06 3.13e-05 5.15e-04 1.50e-04 7.97e-05 7.10e-06 7.09e-04 1.16e-04 7.10e-04 7.10e-06 3.13e-05 5.15e-04 1.50e-04
15705 3.13700e+03 -4.08770e+00 6.42481e-04 8.30207e-05 2.09e-04 1.27e-06 1.55e-03 1.32e-04 1.32e-03 6.00e-08 1.54e-05 4.27e-04 8.30e-05 7.91e-05 7.06e-06 7.07e-04 1.15e-04 7.08e-04 7.06e-06 3.22e-05 5.13e-04 1.48e-04 7.91e-05 7.08e-06 7.07e-04 1.15e-04 7.08e-04 7.08e-06 3.22e-05 5.13e-04 1.48e-04
15755 3.14700e+03 -4.15098e+00 5.38533e-04 1.75757e-05 2.12e-04 1.59e-06 1.36e-03 1.22e-04 1.00e-03 1.15e-07 7.43e-06 6.59e-04 1.76e-05 8.75e-05 7.03e-06 7.04e-04 1.17e-04 7.04e-04 7.03e-06 3.17e-05 5.12e-04 1.45e-04 8.75e-05 7.04e-06 7.04e-04 1.17e-04 7.04e-04 7.04e-06 3.17e-05 5.12e-04 1.45e-04
15805 3.15700e+03 -4.18593e+00 5.46856e-04 1.06880e-05 1.73e-04 1.07e-06 1.42e-03 1.01e-04 1.04e-03 2.26e-07 1.62e-05 5.44e-04 1.07e-05 9.67e-05 7.02e-06 7.03e-04 1.15e-04 7.03e-04 7.01e-06 3.19e-05 5.04e-04 1.44e-04 9.67e-05 7.03e-06 7.03e-04 1.15e-04 7.03e-04 7.03e-06 3.19e-05 5.04e-04 1.44e-04
15855 3.16700e+03 -4.06082e+00 5.25357e-04 2.09976e-04 1.40e-04 2.17e-06 1.39e-03 9.80e-05 1.00e-03 2.66e-07 6.04e-05 4.51e-04 2.10e-04 1.05e-04 7.00e-06 7.01e-04 1.13e-04 7.01e-04 7.00e-06 3.11e-05 4.96e-04 1.47e-04 1.05e-04 7.01e-06 7.01e-04 1.13e-04 7.01e-04 7.01e-06 3.11e-05 4.96e-04 1.47e-04
15905 3.17700e+03 -4.14146e+00 6.19787e-04 6.22867e-05 7.79e-05 1.37e-06 1.42e-03 1.27e-04 1.47e-03 1.28e-07 3.71e-05 4.63e-04 6.23e-05 1.11e-04 7.00e-06 7.00e-04 1.13e-04 7.00e-04 7.00e-06 3.05e-05 4.96e-04 1.48e-04 1.11e-04 7.00e-06 7.00e-04 1.13e-04 7.00e-04 7.00e-06 3.05e-05 4.96e-04 1.48e-04
15955 3.18700e+03 -4.22895e+00 5.79482e-04 7.06532e-06 9.16e-05 1.34e-06 1.56e-03 1.02e-04 1.14e-03 3.26e-07 9.86e-06 4.82e-04 7.07e-06 1.10e-04 6.98e-06 7.00e-04 1.12e-04 6.99e-04 6.98e-06 3.06e-05 4.89e-04 1.47e-04 1.10e-04 7.00e-06 7.00e-04 1.12e-04 6.99e-04 7.00e-06 3.06e-05 4.89e-04 1.47e-04
16005 3.19700e+03 -4.13440e+00 5.96768e-04 3.99977e-05 7.84e-05 1.79e-06 1.51e-03 1.36e-04 1.25e-03 9.25e-08 4.63e-05 4.73e-04 4.00e-05 1.08e-04 6.97e-06 7.02e-04 1.13e-04 7.02e-04 6.96e-06 3.12e-05 4.92e-04 1.49e-04 1.08e-04 7.02e-06 7.02e-04 1.13e-04 7.02e-04 7.02e-06 3.12e-05 4.92e-04 1.49e-04
16055 3.20700e+03 -4.20835e+00 5.10023e-04 1.96018e-04 6.78e-05 1.24e-06 1.39e-03 8.99e-05 1.00e-03 9.87e-08 1.15e-05 4.08e-04 1.96e-04 1.07e-04 6.97e-06 7.02e-04 1.15e-04 7.02e-04 6.96e-06 3.13e-05 5.01e-04 1.51e-04 1.07e-04 7.02e-06 7.02e-04 1.15e-04 7.02e-04 7.02e-06 3.13e-05 5.01e-04 1.51e-04
16105 3.21700e+03 -4.16753e+00 5.62621e-04 5.08737e-05 7.35e-05 1.23e-06 1.54e-03 1.14e-04 1.09e-03 1.33e-07 3.84e-05 5.27e-04 5.09e-05 1.05e-04 6.97e-06 6.99e-04 1.16e-04 6.99e-04 6.96e-06 3.13e-05 5.06e-04 1.51e-04 1.05e-04 6.99e-06 6.99e-04 1.16e-04 6.99e-04 6.99e-06 3.13e-05 5.06e-04 1.51e-04
16155 3.22700e+03 -4.04012e+00 5.23032e-04 5.53960e-04 5.19e-05 1.55e-06 1.44e-03 1.02e-04 1.02e-03 2.76e-07 2.43e-05 4.67e-04 5.54e-04 1.03e-04 6.97e-06 6.99e-04 1.17e-04 6.98e-04 6.96e-06 3.15e-05 5.15e-04 1.50e-04 1.03e-04 6.99e-06 6.99e-04 1.17e-04 6.98e-04 6.99e-06 3.15e-05 5.15e-04 1.50e-04
16205 3.23700e+03 -4.24511e+00 5.51528e-04 1.05053e-05 5.07e-05 1.12e-06 1.59e-03 9.15e-05 1.02e-03 1.79e-07 2.31e-05 4.32e-04 1.05e-05 1.02e-04 6.97e-06 6.98e-04 1.17e-04 6.97e-04 6.96e-06 3.23e-05 5.14e-04 1.49e-04 1.02e-04 6.98e-06 6.98e-04 1.17e-04 6.97e-04 6.98e-06 3.23e-05 5.14e-04 1.49e-04
16255 3.24700e+03 -4.24038e+00 4.67222e-04 5.61477e-05 6.54e-05 1.55e-06 1.26e-03 1.44e-04 8.65e-04 2.03e-07 5.10e-06 6.44e-04 5.61e-05 9.99e-05 6.93e-06 6.94e-04 1.16e-04 6.93e-04 6.93e-06 3.19e-05 5.15e-04 1.46e-04 9.99e-05 6.94e-06 6.94e-04 1.16e-04 6.93e-04 6.94e-06 3.19e-05 5.15e-04 1.46e-04
16305 3.25700e+03 -4.06139e+00 5.31910e-04 9.17756e-05 8.00e-05 1.86e-06 1.35e-03 9.55e-05 1.13e-03 5.07e-07 1.03e-04 4.11e-04 9.18e-05 9.84e-05 6.89e-06 6.90e-04 1.16e-04 6.90e-04 6.89e-06 3.12e-05 5.13e-04 1.44e-04 9.84e-05 6.90e-06 6.90e-04 1.16e-04 6.90e-04 6.90e-06 3.12e-05 5.13e-04 1.44e-04
16355 3.26700e+03 -4.16176e+00 5.37846e-04 2.48418e-04 6.12e-05 1.44e-06 1.56e-03 1.27e-04 9.35e-04 8.53e-08 5.67e-06 5.31e-04 2.48e-04 9.72e-05 6.86e-06 6.86e-04 1.15e-04 6.86e-04 6.85e-06 3.08e-05 5.06e-04 1.42e-04 9.72e-05 6.86e-06 6.86e-04 1.15e-04 6.86e-04 6.86e-06 3.08e-05 5.06e-04 1.42e-04
16405 3.27700e+03 -4.19684e+00 5.14914e-04 1.02609e-04 8.30e-05 2.89e-06 1.31e-03 9.50e-05 1.08e-03 4.34e-07 2.42e-05 4.00e-04 1.03e-04 9.59e-05 6.82e-06 6.85e-04 1.14e-04 6.85e-04 6.81e-06 3.09e-05 5.03e-04 1.43e-04 9.59e-05 6.85e-06 6.85e-04 1.14e-04 6.85e-04 6.85e-06 3.09e-05 5.03e-04 1.43e-04
16455 3.28700e+03 -4.25379e+00 5.23457e-04 9.36433e-05 6.09e-05 1.21e-06 1.40e-03 9.57e-05 1.06e-03 7.36e-08 6.31e-06 4.19e-04 9.36e-05 9.49e-05 6.82e-06 6.86e-04 1.14e-04 6.86e-04 6.81e-06 3.12e-05 5.05e-04 1.44e-04 9.49e-05 6.86e-06 6.86e-04 1.14e-04 6.86e-04 6.86e-06 3.12e-05 5.05e-04 1.44e-04
16505 3.29700e+03 -4.19599e+00 5.51244e-04 6.72623e-05 1.10e-04 1.15e-06 1.51e-03 1.50e-04 9.87e-04 1.28e-07 3.94e-06 5.49e-04 6.73e-05 9.36e-05 6.82e-06 6.83e-04 1.14e-04 6.83e-04 6.81e-06 3.08e-05 5.03e-04 1.45e-04 9.36e-05 6.83e-06 6.83e-04 1.14e-04 6.83e-04 6.83e-06 3.08e-05 5.03e-04 1.45e-04
16555 3.30700e+03 -3.93156e+00 5.60100e-04 6.17250e-04 9.78e-05 1.19e-06 1.33e-03 9.84e-05 1.27e-03 2.77e-07 5.12e-05 4.38e-04 6.17e-04 9.27e-05 6.78e-06 6.79e-04 1.15e-04 6.79e-04 6.77e-06 3.02e-05 5.08e-04 1.44e-04 9.27e-05 6.79e-06 6.79e-04 1.15e-04 6.79e-04 6.79e-06 3.02e-05 5.08e-04 1.44e-04
16605 3.31700e+03 -4.24097e+00 5.14141e-04 2.81987e-05 8.77e-05 1.21e-06 1.27e-03 1.21e-04 1.09e-03 6.17e-08 9.67e-06 5.47e-04 2.82e-05 9.15e-05 6.74e-06 6.76e-04 1.16e-04 6.76e-04 6.75e-06 2.96e-05 5.08e-04 1.46e-04 9.15e-05 6.76e-06 6.76e-04 1.16e-04 6.76e-04 6.76e-06 2.96e-05 5.08e-04 1.46e-04
16655 3.32700e+03 -3.90270e+00 5.46838e-04 3.30533e-04 6.30e-05 3.56e-06 1.41e-03 1.12e-04 1.15e-03 1.55e-07 1.22e-04 5.05e-04 3.31e-04 9.03e-05 6.73e-06 6.74e-04 1.16e-04 6.74e-04 6.72e-06 2.94e-05 5.06e-04 1.48e-04 9.03e-05 6.74e-06 6.74e-04 1.16e-04 6.74e-04 6.74e-06 2.94e-05 5.06e-04 1.48e-04
16705 3.33700e+03 -4.18023e+00 5.52557e-04 3.80549e-05 5.24e-05 1.21e-06 1.37e-03 1.26e-04 1.22e-03 1.51e-07 3.51e-05 6.30e-04 3.81e-05 8.92e-05 6.71e-06 6.73e-04 1.17e-04 6.73e-04 6.72e-06 3.05e-05 5.12e-04 1.50e-04 8.92e-05 6.73e-06 6.73e-04 1.17e-04 6.73e-04 6.73e-06 3.05e-05 5.12e-04 1.50e-04
16755 3.34700e+03 -4.28022e+00 4.92715e-04 1.48275e-05 7.65e-05 1.21e-06 1.39e-03 1.01e-04 8.97e-04 1.04e-07 4.49e-06 5.12e-04 1.48e-05 8.83e-05 6.67e-06 6.67e-04 1.17e-04 6.67e-04 6.67e-06 3.03e-05 5.16e-04 1.49e-04 8.83e-05 6.67e-06 6.67e-04 1.17e-04 6.67e-04 6.67e-06 3.03e-05 5.16e-04 1.49e-04
16805 3.35700e+03 -4.07109e+00 5.38063e-04 1.67935e-04 6.69e-05 2.09e-06 1.41e-03 1.15e-04 1.09e-03 3.27e-07 7.39e-05 4.64e-04 1.68e-04 8.74e-05 6.60e-06 6.62e-04 1.16e-04 6.62e-04 6.60e-06 2.97e-05 5.11e-04 1.48e-04 8.74e-05 6.62e-06 6.62e-04 1.16e-04 6.62e-04 6.62e-06 2.97e-05 5.11e-04 1.48e-04
16855 3.36700e+03 -4.21979e+00 4.86563e-04 3.52955e-05 9.49e-05 1.29e-06 1.25e-03 1.52e-04 9.32e-04 8.90e-08 1.80e-05 5.16e-04 3.53e-05 8.66e-05 6.59e-06 6.59e-04 1.16e-04 6.59e-04 6.59e-06 3.01e-05 5.07e-04 1.48e-04 8.66e-05 6.59e-06 6.59e-04 1.16e-04 6.59e-04 6.59e-06 3.01e-05 5.07e-04 1.48e-04
16905 3.37700e+03 -4.16955e+00 5.16471e-04 2.59023e-04 9.38e-05 1.32e-06 1.30e-03 9.48e-05 1.09e-03 1.70e-07 7.64e-06 4.71e-04 2.59e-04 8.61e-05 6.51e-06 6.53e-04 1.17e-04 6.53e-04 6.51e-06 2.97e-05 5.05e-04 1.46e-04 8.61e-05 6.53e-06 6.53e-04 1.17e-04 6.53e-04 6.53e-06 2.97e-05 5.05e-04 1.46e-04
16955 3.38700e+03 -4.28734e+00 4.71096e-04 1.08353e-05 6.56e-05 1.29e-06 1.18e-03 9.94e-05 1.01e-03 9.65e-08 9.67e-06 5.46e-04 1.08e-05 8.56e-05 6.47e-06 6.47e-04 1.16e-04 6.47e-04 6.47e-06 2.92e-05 5.01e-04 1.45e-04 8.56e-05 6.47e-06 6.47e-04 1.16e-04 6.47e-04 6.47e-06 2.92e-05 5.01e-04 1.45e-04
17005 3.39700e+03 -4.29503e+00 4.83956e-04 3.47250e-05 6.30e-05 1.15e-06 1.32e-03 1.10e-04 9.31e-04 1.23e-07 5.65e-06 4.06e-04 3.47e-05 8.56e-05 6.41e-06 6.42e-04 1.17e-04 6.42e-04 6.42e-06 2.89e-05 5.02e-04 1.44e-04 8.56e-05 6.42e-06 6.42e-04 1.17e-04 6.42e-04 6.42e-06 2.89e-05 5.02e-04 1.44e-04
17055 3.40700e+03 -4.19458e+00 4.66717e-04 2.38696e-04 5.68e-05 1.20e-06 1.33e-03 1.69e-04 7.73e-04 1.01e-07 5.03e-06 5.05e-04 2.39e-04 8.47e-05 6.39e-06 6.39e-04 1.17e-04 6.39e-04 6.38e-06 2.90e-05 4.99e-04 1.44e-04 8.47e-05 6.39e-06 6.39e-04 1.17e-04 6.39e-04 6.39e-06 2.90e-05 4.99e-04 1.44e-04
17105 3.41700e+03 -4.21377e+00 4.50521e-04 4.94885e-05 7.79e-05 1.74e-06 1.23e-03 9.63e-05 8.43e-04 1.14e-07 4.56e-05 4.42e-04 4.95e-05 8.44e-05 6.35e-06 6.39e-04 1.16e-04 6.39e-04 6.38e-06 2.87e-05 4.96e-04 1.49e-04 8.44e-05 6.39e-06 6.39e-04 1.16e-04 6.39e-04 6.39e-06 2.87e-05 4.96e-04 1.49e-04
17155 3.42700e+03 -4.27999e+00 4.86760e-04 4.45698e-05 6.03e-05 1.18e-06 1.32e-03 1.18e-04 9.30e-04 7.10e-08 6.78e-06 4.76e-04 4.46e-05 8.37e-05 6.32e-06 6.33e-04 1.16e-04 6.33e-04 6.31e-06 2.80e-05 4.99e-04 1.47e-04 8.37e-05 6.33e-06 6.33e-04 1.16e-04 6.33e-04 6.33e-06 2.80e-05 4.99e-04 1.47e-04
17205 3.43700e+03 -4.10905e+00 4.57696e-04 3.01200e-04 9.36e-05 1.11e-06 1.21e-03 1.04e-04 8.77e-04 7.73e-08 4.57e-05 4.33e-04 3.01e-04 8.27e-05 6.25e-06 6.27e-04 1.16e-04 6.27e-04 6.26e-06 2.75e-05 4.97e-04 1.45e-04 8.27e-05 6.27e-06 6.27e-04 1.16e-04 6.27e-04 6.27e-06 2.75e-05 4.97e-04 1.45e-04
17255 3.44700e+03 -4.09923e+00 5.14004e-04 7.70679e-05 1.07e-04 9.91e-07 1.26e-03 1.10e-04 1.09e-03 1.45e-07 7.45e-05 4.47e-04 7.71e-05 8.18e-05 6.20e-06 6.22e-04 1.16e-04 6.21e-04 6.20e-06 2.72e-05 4.98e-04 1.43e-04 8.18e-05 6.22e-06 6.22e-04 1.16e-04 6.21e-04 6.22e-06 2.72e-05 4.98e-04 1.43e-04
17305 3.45700e+03 -4.17303e+00 5.85397e-04 1.22030e-04 1.07e-04 1.92e-06 1.13e-03 9.85e-05 1.59e-03 7.14e-08 9.77e-06 4.98e-04 1.22e-04 8.20e-05 6.16e-06 6.16e-04 1.16e-04 6.16e-04 6.14e-06 2.72e-05 4.99e-04 1.43e-04 8.20e-05 6.16e-06 6.16e-04 1.16e-04 6.16e-04 6.16e-06 2.72e-05 4.99e-04 1.43e-04
17355 3.46700e+03 -4.03931e+00 4.87318e-04 1.76510e-04 6.47e-05 1.18e-06 1.26e-03 9.54e-05 1.01e-03 6.32e-08 1.08e-04 3.99e-04 1.77e-04 8.17e-05 6.16e-06 6.17e-04 1.17e-04 6.16e-04 6.14e-06 2.73e-05 4.98e-04 1.46e-04 8.17e-05 6.17e-06 6.17e-04 1.17e-04 6.16e-04 6.17e-06 2.73e-05 4.98e-04 1.46e-04
17405 3.47700e+03 -4.14205e+00 5.22278e-04 4.57694e-05 5.85e-05 1.26e-06 1.25e-03 1.56e-04 1.15e-03 8.05e-08 5.88e-05 5.07e-04 4.58e-05 8.13e-05 6.11e-06 6.13e-04 1.17e-04 6.13e-04 6.11e-06 2.74e-05 5.04e-04 1.46e-04 8.13e-05 6.13e-06 6.13e-04 1.17e-04 6.13e-04 6.13e-06 2.74e-05 5.04e-04 1.46e-04
17455 3.48700e+03 -4.16503e+00 4.19909e-04 9.75182e-05 5.11e-05 1.38e-06 1.09e-03 9.67e-05 8.58e-04 1.79e-07 7.54e-05 4.77e-04 9.75e-05 8.07e-05 6.09e-06 6.10e-04 1.17e-04 6.11e-04 6.10e-06 2.78e-05 5.06e-04 1.45e-04 8.07e-05 6.11e-06 6.10e-04 1.17e-04 6.11e-04 6.11e-06 2.78e-05 5.06e-04 1.45e-04
17505 3.49700e+03 -4.27605e+00 4.44579e-04 8.86924e-05 6.82e-05 1.43e-06 1.20e-03 1.04e-04 8.52e-04 5.77e-08 9.52e-06 4.87e-04 8.87e-05 8.05e-05 6.09e-06 6.09e-04 1.17e-04 6.09e-04 6.08e-06 2.75e-05 5.04e-04 1.45e-04 8.05e-05 6.09e-06 6.09e-04 1.17e-04 6.09e-04 6.09e-06 2.75e-05 5.04e-04 1.45e-04
17555 3.50700e+03 -4.24015e+00 4.84642e-04 2.18205e-05 5.56e-05 2.41e-06 1.14e-03 1.80e-04 1.04e-03 1.42e-07 4.46e-06 6.80e-04 2.18e-05 8.03e-05 6.05e-06 6.09e-04 1.17e-04 6.09e-04 6.05e-06 2.71e-05 5.00e-04 1.50e-04 8.03e-05 6.09e-06 6.09e-04 1.17e-04 6.09e-04 6.09e-06 2.71e-05 5.00e-04 1.50e-04
17605 3.51700e+03 -4.29357e+00 4.76627e-04 3.16014e-05 7.84e-05 1.09e-06 1.14e-03 1.01e-04 1.06e-03 1.21e-07 5.14e-06 4.41e-04 3.16e-05 8.04e-05 6.05e-06 6.07e-04 1.16e-04 6.06e-04 6.05e-06 2.76e-05 4.98e-04 1.49e-04 8.04e-05 6.07e-06 6.07e-04 1.16e-04 6.06e-04 6.07e-06 2.76e-05 4.98e-04 1.49e-04
17655 3.52700e+03 -4.19170e+00 4.55900e-04 1.58512e-04 1.14e-04 1.32e-06 1.32e-03 9.98e-05 7.48e-04 1.60e-07 2.43e-05 4.60e-04 1.59e-04 8.05e-05 6.05e-06 6.06e-04 1.17e-04 6.06e-04 6.05e-06 2.75e-05 4.99e-04 1.48e-04 8.05e-05 6.06e-06 6.06e-04 1.17e-04 6.06e-04 6.06e-06 2.75e-05 4.99e-04 1.48e-04
17705 3.53700e+03 -4.21337e+00 4.79760e-04 9.54092e-05 5.27e-05 2.15e-06 1.21e-03 9.03e-05 1.04e-03 3.20e-07 3.73e-05 4.25e-04 9.54e-05 8.06e-05 6.01e-06 6.02e-04 1.15e-04 6.02e-04 6.01e-06 2.69e-05 4.92e-04 1.48e-04 8.06e-05 6.02e-06 6.02e-04 1.15e-04 6.02e-04 6.02e-06 2.69e-05 4.92e-04 1.48e-04
17755 3.54700e+03 -4.24723e+00 5.04635e-04 4.78428e-05 6.25e-05 1.15e-06 1.20e-03 1.08e-04 1.16e-03 1.19e-07 1.42e-05 5.93e-04 4.78e-05 8.02e-05 6.01e-06 6.02e-04 1.15e-04 6.02e-04 6.01e-06 2.63e-05 4.95e-04 1.48e-04 8.02e-05 6.02e-06 6.02e-04 1.15e-04 6.02e-04 6.02e-06 2.63e-05 4.95e-04 1.48e-04
17805 3.55700e+03 -4.28635e+00 4.27129e-04 2.20322e-05 7.70e-05 1.19e-06 1.11e-03 1.44e-04 8.01e-04 5.19e-08 7.87e-06 5.62e-04 2.20e-05 8.00e-05 6.01e-06 6.02e-04 1.15e-04 6.02e-04 6.01e-06 2.65e-05 4.98e-04 1.49e-04 8.00e-05 6.02e-06 6.02e-04 1.15e-04 6.02e-04 6.02e-06 2.65e-05 4.98e-04 1.49e-04
17855 3.56700e+03 -4.05008e+00 4.87139e-04 3.27781e-04 1.61e-04 1.41e-06 1.13e-03 8.67e-05 1.05e-03 8.53e-08 4.25e-05 4.93e-04 3.28e-04 8.05e-05 5.98e-06 6.00e-04 1.15e-04 6.00e-04 5.97e-06 2.67e-05 5.00e-04 1.48e-04 8.05e-05 6.00e-06 6.00e-04 1.15e-04 6.00e-04 6.00e-06 2.67e-05 5.00e-04 1.48e-04
17905 3.57700e+03 -3.96979e+00 5.08523e-04 1.97676e-04 7.07e-05 1.20e-06 1.42e-03 2.17e-04 8.29e-04 8.43e-08 1.02e-04 5.63e-04 1.98e-04 8.05e-05 5.97e-06 5.98e-04 1.13e-04 5.98e-04 5.96e-06 2.83e-05 4.98e-04 1.48e-04 8.05e-05 5.98e-06 5.98e-04 1.13e-04 5.98e-04 5.98e-06 2.83e-05 4.98e-04 1.48e-04
17955 3.58700e+03 -4.33432e+00 4.10304e-04 1.55677e-05 4.79e-05 2.21e-06 1.15e-03 8.03e-05 7.67e-04 1.20e-07 1.20e-05 4.03e-04 1.56e-05 8.00e-05 5.97e-06 6.00e-04 1.13e-04 6.00e-04 5.96e-06 2.91e-05 5.08e-04 1.52e-04 8.00e-05 6.00e-06 6.00e-04 1.13e-04 6.00e-04 6.00e-06 2.91e-05 5.08e-04 1.52e-04
18005 3.59700e+03 -4.21344e+00 4.42774e-04 1.60507e-04 6.13e-05 1.66e-06 1.14e-03 1.22e-04 8.89e-04 7.18e-08 1.63e-05 6.42e-04 1.61e-04 7.86e-05 5.97e-06 5.99e-04 1.11e-04 5.98e-04 5.96e-06 2.85e-05 5.02e-04 1.53e-04 7.86e-05 5.99e-06 5.99e-04 1.11e-04 5.98e-04 5.99e-06 2.85e-05 5.02e-04 1.53e-04
18055 3.60700e+03 -4.27258e+00 4.51268e-04 7.96257e-05 4.95e-05 1.49e-06 1.26e-03 1.10e-04 8.37e-04 7.80e-08 1.74e-05 4.47e-04 7.96e-05 7.81e-05 5.92e-06 5.95e-04 1.09e-04 5.95e-04 5.93e-06 2.77e-05 4.98e-04 1.54e-04 7.81e-05 5.95e-06 5.95e-04 1.09e-04 5.95e-04 5.95e-06 2.77e-05 4.98e-04 1.54e-04
18105 3.61700e+03 -4.24597e+00 4.20184e-04 1.87357e-04 7.07e-05 1.04e-06 1.13e-03 8.13e-05 8.16e-04 1.94e-07 2.15e-05 4.12e-04 1.87e-04 7.77e-05 5.88e-06 5.89e-04 1.10e-04 5.89e-04 5.87e-06 2.70e-05 5.00e-04 1.51e-04 7.77e-05 5.89e-06 5.89e-04 1.10e-04 5.89e-04 5.89e-06 2.70e-05 5.00e-04 1.51e-04
18155 3.62700e+03 -4.18683e+00 5.02734e-04 1.09438e-04 8.50e-05 1.35e-06 1.17e-03 1.58e-04 1.10e-03 1.18e-07 1.95e-05 5.07e-04 1.09e-04 7.87e-05 5.82e-06 5.83e-04 1.10e-04 5.83e-04 5.82e-06 2.67e-05 4.96e-04 1.50e-04 7.87e-05 5.83e-06 5.83e-04 1.10e-04 5.83e-04 5.83e-06 2.67e-05 4.96e-04 1.50e-04
18205 3.63700e+03 -4.35704e+00 4.09301e-04 2.40758e-05 5.03e-05 1.06e-06 1.15e-03 8.76e-05 7.53e-04 1.24e-07 3.13e-06 4.44e-04 2.41e-05 7.92e-05 5.79e-06 5.83e-04 1.10e-04 5.83e-04 5.82e-06 2.69e-05 4.93e-04 1.48e-04 7.92e-05 5.83e-06 5.83e-04 1.10e-04 5.83e-04 5.83e-06 2.69e-05 4.93e-04 1.48e-04
18255 3.64700e+03 -4.14390e+00 4.59970e-04 6.36472e-05 1.57e-04 1.11e-06 1.18e-03 1.51e-04 8.07e-04 2.95e-07 3.90e-05 5.06e-04 6.36e-05 7.92e-05 5.75e-06 5.76e-04 1.10e-04 5.76e-04 5.75e-06 2.62e-05 4.93e-04 1.46e-04 7.92e-05 5.76e-06 5.76e-04 1.10e-04 5.76e-04 5.76e-06 2.62e-05 4.93e-04 1.46e-04
18305 3.65700e+03 -4.26382e+00 4.59774e-04 1.04558e-04 5.85e-05 2.00e-06 1.21e-03 1.29e-04 8.99e-04 1.27e-07 3.53e-06 5.17e-04 1.05e-04 7.98e-05 5.74e-06 5.75e-04 1.09e-04 5.75e-04 5.73e-06 2.63e-05 4.88e-04 1.48e-04 7.98e-05 5.75e-06 5.75e-04 1.09e-04 5.75e-04 5.75e-06 2.63e-05 4.88e-04 1.48e-04
18355 3.66700e+03 -4.29179e+00 3.96741e-04 7.03369e-05 7.36e-05 1.73e-06 1.04e-03 8.09e-05 7.90e-04 9.15e-08 1.97e-05 4.72e-04 7.03e-05 7.96e-05 5.74e-06 5.75e-04 1.08e-04 5.75e-04 5.73e-06 2.60e-05 4.87e-04 1.50e-04 7.96e-05 5.75e-06 5.75e-04 1.08e-04 5.75e-04 5.75e-06 2.60e-05 4.87e-04 1.50e-04
18405 3.67700e+03 -4.25642e+00 4.37937e-04 3.51258e-05 5.22e-05 9.71e-07 1.07e-03 1.51e-04 9.15e-04 6.79e-08 1.58e-05 7.25e-04 3.51e-05 7.82e-05 5.68e-06 5.69e-04 1.06e-04 5.69e-04 5.68e-06 2.60e-05 4.84e-04 1.47e-04 7.82e-05 5.69e-06 5.69e-04 1.06e-04 5.69e-04 5.69e-06 2.60e-05 4.84e-04 1.47e-04
18455 3.68700e+03 -4.26026e+00 4.00559e-04 2.18777e-05 9.29e-05 1.75e-06 1.06e-03 5.53e-05 7.88e-04 4.14e-07 4.82e-05 3.52e-04 2.19e-05 7.76e-05 5.61e-06 5.62e-04 1.01e-04 5.62e-04 5.60e-06 2.56e-05 4.60e-04 1.44e-04 7.76e-05 5.62e-06 5.62e-04 1.01e-04 5.62e-04 5.62e-06 2.56e-05 4.60e-04 1.44e-04
18505 3.69700e+03 -4.23038e+00 4.05951e-04 3.83093e-04 5.44e-05 1.52e-06 1.10e-03 7.17e-05 8.02e-04 2.88e-07 7.29e-06 3.52e-04 3.83e-04 7.75e-05 5.58e-06 5.61e-04 9.29e-05 5.61e-04 5.55e-06 2.59e-05 4.28e-04 1.47e-04 7.75e-05 5.61e-06 5.61e-04 9.29e-05 5.61e-04 5.61e-06 2.59e-05 4.28e-04 1.47e-04
18555 3.70700e+03 -4.29217e+00 3.95301e-04 3.22722e-04 4.74e-05 1.18e-06 1.14e-03 4.75e-05 7.43e-04 1.75e-07 3.80e-06 3.36e-04 3.23e-04 7.72e-05 5.58e-06 5.62e-04 8.58e-05 5.62e-04 5.54e-06 2.65e-05 4.03e-04 1.51e-04 7.72e-05 5.62e-06 5.62e-04 8.58e-05 5.62e-04 5.62e-06 2.65e-05 4.03e-04 1.51e-04
18605 3.71700e+03 -4.41178e+00 3.70454e-04 2.26930e-05 6.36e-05 9.64e-07 1.00e-03 3.83e-05 7.47e-04 8.18e-08 5.65e-06 3.40e-04 2.27e-05 7.68e-05 5.54e-06 5.55e-04 7.91e-05 5.55e-04 5.54e-06 2.70e-05 3.83e-04 1.49e-04 7.68e-05 5.55e-06 5.55e-04 7.91e-05 5.55e-04 5.55e-06 2.70e-05 3.83e-04 1.49e-04
18655 3.72700e+03 -4.25338e+00 4.11977e-04 2.88310e-04 6.99e-05 1.11e-06 1.13e-03 4.17e-05 8.16e-04 9.11e-08 2.36e-05 3.13e-04 2.88e-04 7.66e-05 5.46e-06 5.48e-04 7.32e-05 5.47e-04 5.46e-06 2.67e-05 3.66e-04 1.47e-04 7.66e-05 5.48e-06 5.48e-04 7.32e-05 5.47e-04 5.48e-06 2.67e-05 3.66e-04 1.47e-04
18705 3.73700e+03 -4.34686e+00 3.90687e-04 3.23084e-05 1.09e-04 3.20e-06 1.09e-03 3.77e-05 7.12e-04 2.47e-07 6.97e-06 3.63e-04 3.23e-05 7.68e-05 5.41e-06 5.42e-04 6.82e-05 5.42e-04 5.42e-06 2.61e-05 3.52e-04 1.47e-04 7.68e-05 5.42e-06 5.42e-04 6.82e-05 5.42e-04 5.42e-06 2.61e-05 3.52e-04 1.47e-04
18755 3.74700e+03 -4.30685e+00 3.59746e-04 2.65798e-04 8.06e-05 1.01e-06 1.00e-03 3.81e-05 6.75e-04 4.38e-08 1.92e-05 2.68e-04 2.66e-04 7.70e-05 5.37e-06 5.37e-04 6.40e-05 5.37e-04 5.37e-06 2.52e-05 3.40e-04 1.46e-04 7.70e-05 5.37e-06 5.37e-04 6.40e-05 5.37e-04 5.37e-06 2.52e-05 3.40e-04 1.46e-04
18805 3.75700e+03 -4.24412e+00 3.58715e-04 1.34786e-04 1.49e-04 1.68e-06 9.91e-04 3.47e-05 6.17e-04 1.14e-07 4.80e-05 2.91e-04 1.35e-04 7.70e-05 5.29e-06 5.30e-04 6.04e-05 5.30e-04 5.30e-06 2.47e-05 3.30e-04 1.44e-04 7.70e-05 5.30e-06 5.30e-04 6.04e-05 5.30e-04 5.30e-06 2.47e-05 3.30e-04 1.44e-04
18855 3.76700e+03 -4.37394e+00 3.79417e-04 1.24826e-04 5.96e-05 2.25e-06 9.41e-04 3.27e-05 8.62e-04 1.99e-07 1.09e-05 2.82e-04 1.25e-04 7.76e-05 5.24e-06 5.25e-04 5.72e-05 5.25e-04 5.24e-06 2.45e-05 3.21e-04 1.43e-04 7.76e-05 5.25e-06 5.25e-04 5.72e-05 5.25e-04 5.25e-06 2.45e-05 3.21e-04 1.43e-04
18905 3.77700e+03 -4.45690e+00 3.47190e-04 3.93651e-05 6.16e-05 9.35e-07 9.83e-04 3.12e-05 6.59e-04 1.22e-07 5.36e-06 2.69e-04 3.94e-05 7.75e-05 5.19e-06 5.19e-04 5.46e-05 5.19e-04 5.18e-06 2.41e-05 3.15e-04 1.40e-04 7.75e-05 5.19e-06 5.19e-04 5.46e-05 5.19e-04 5.19e-06 2.41e-05 3.15e-04 1.40e-04
18955 3.78700e+03 -4.18059e+00 4.30390e-04 2.25806e-04 5.24e-05 1.75e-06 1.08e-03 7.16e-05 9.46e-04 2.84e-07 4.54e-05 3.94e-04 2.26e-04 7.70e-05 5.15e-06 5.16e-04 5.27e-05 5.16e-04 5.14e-06 2.36e-05 3.10e-04 1.40e-04 7.70e-05 5.16e-06 5.16e-04 5.27e-05 5.16e-04 5.16e-06 2.36e-05 3.10e-04 1.40e-04
19005 3.79700e+03 -4.26750e+00 3.74492e-04 1.72440e-04 6.54e-05 1.19e-06 9.20e-04 4.03e-05 8.46e-04 1.13e-07 5.15e-05 2.88e-04 1.72e-04 7.63e-05 5.12e-06 5.14e-04 5.10e-05 5.14e-04 5.14e-06 2.40e-05 3.08e-04 1.39e-04 7.63e-05 5.14e-06 5.14e-04 5.10e-05 5.14e-04 5.14e-06 2.40e-05 3.08e-04 1.39e-04
19055 3.80700e+03 -3.68106e+00 5.37316e-04 1.34943e-03 1.03e-04 1.47e-06 1.12e-03 4.75e-05 1.42e-03 1.91e-07 3.91e-05 3.79e-04 1.35e-03 7.59e-05 5.08e-06 5.09e-04 4.98e-05 5.09e-04 5.08e-06 2.39e-05 3.08e-04 1.38e-04 7.59e-05 5.09e-06 5.09e-04 4.98e-05 5.09e-04 5.09e-06 2.39e-05 3.08e-04 1.38e-04
19105 3.81700e+03 -4.44309e+00 3.55108e-04 3.78556e-05 6.36e-05 1.18e-06 1.03e-03 3.89e-05 6.38e-04 4.62e-08 4.27e-06 3.05e-04 3.79e-05 7.56e-05 5.07e-06 5.09e-04 4.84e-05 5.09e-04 5.07e-06 2.36e-05 3.07e-04 1.39e-04 7.56e-05 5.09e-06 5.09e-04 4.84e-05 5.09e-04 5.09e-06 2.36e-05 3.07e-04 1.39e-04
19155 3.82700e+03 -4.26814e+00 4.18702e-04 1.29727e-04 6.94e-05 1.22e-06 1.03e-03 5.24e-05 9.45e-04 1.39e-07 3.94e-05 3.14e-04 1.30e-04 7.48e-05 5.03e-06 5.04e-04 4.71e-05 5.04e-04 5.03e-06 2.37e-05 3.05e-04 1.39e-04 7.48e-05 5.04e-06 5.04e-04 4.71e-05 5.04e-04 5.04e-06 2.37e-05 3.05e-04 1.39e-04
19205 3.83700e+03 -4.40461e+00 3.66415e-04 1.04156e-04 5.14e-05 2.23e-06 1.07e-03 4.24e-05 6.70e-04 7.28e-08 6.12e-06 2.74e-04 1.04e-04 7.48e-05 5.00e-06 5.00e-04 4.61e-05 5.01e-04 4.99e-06 2.35e-05 3.06e-04 1.41e-04 7.48e-05 5.01e-06 5.00e-04 4.61e-05 5.01e-04 5.01e-06 2.35e-05 3.06e-04 1.41e-04
19255 3.84700e+03 -4.39109e+00 3.75289e-04 1.05330e-04 7.19e-05 1.14e-06 9.99e-04 3.96e-05 7.65e-04 2.39e-07 8.97e-06 2.87e-04 1.05e-04 7.44e-05 4.96e-06 4.98e-04 4.52e-05 4.98e-04 4.96e-06 2.31e-05 3.05e-04 1.41e-04 7.44e-05 4.98e-06 4.98e-04 4.52e-05 4.98e-04 4.98e-06 2.31e-05 3.05e-04 1.41e-04
19305 3.85700e+03 -4.33846e+00 3.82397e-04 1.12759e-04 1.08e-04 2.24e-06 1.02e-03 3.98e-05 7.41e-04 1.76e-07 1.33e-05 2.94e-04 1.13e-04 7.38e-05 4.93e-06 4.94e-04 4.45e-05 4.94e-04 4.92e-06 2.24e-05 3.01e-04 1.39e-04 7.38e-05 4.94e-06 4.94e-04 4.45e-05 4.94e-04 4.94e-06 2.24e-05 3.01e-04 1.39e-04
19355 3.86700e+03 -4.32761e+00 4.13461e-04 3.40988e-05 6.94e-05 1.74e-06 1.01e-03 3.64e-05 9.45e-04 7.72e-08 3.77e-05 2.94e-04 3.41e-05 7.36e-05 4.89e-06 4.93e-04 4.40e-05 4.92e-04 4.92e-06 2.28e-05 2.99e-04 1.41e-04 7.36e-05 4.93e-06 4.93e-04 4.40e-05 4.92e-04 4.93e-06 2.28e-05 2.99e-04 1.41e-04
19405 3.87700e+03 -4.34982e+00 3.44041e-04 1.02921e-04 6.81e-05 9.40e-07 9.53e-04 3.85e-05 6.59e-04 3.63e-07 3.77e-05 2.73e-04 1.03e-04 7.33e-05 4.89e-06 4.91e-04 4.37e-05 4.91e-04 4.88e-06 2.40e-05 3.01e-04 1.39e-04 7.33e-05 4.91e-06 4.91e-04 4.37e-05 4.91e-04 4.91e-06 2.40e-05 3.01e-04 1.39e-04
19455 3.88700e+03 -4.36434e+00 3.38756e-04 1.47487e-04 7.36e-05 1.11e-06 9.99e-04 5.10e-05 5.69e-04 3.20e-07 1.57e-05 2.84e-04 1.47e-04 7.33e-05 4.85e-06 4.87e-04 4.34e-05 4.87e-04 4.85e-06 2.41e-05 3.01e-04 1.38e-04 7.33e-05 4.87e-06 4.87e-04 4.34e-05 4.87e-04 4.87e-06 2.41e-05 3.01e-04 1.38e-04
19505 3.89700e+03 -4.41825e+00 3.23903e-04 6.69664e-05 5.32e-05 1.72e-06 9.68e-04 5.38e-05 5.43e-04 1.09e-07 1.28e-05 2.81e-04 6.70e-05 7.38e-05 4.82e-06 4.83e-04 4.29e-05 4.83e-04 4.81e-06 2.39e-05 3.01e-04 1.37e-04 7.38e-05 4.83e-06 4.83e-04 4.29e-05 4.83e-04 4.83e-06 2.39e-05 3.01e-04 1.37e-04
19555 3.90700e+03 -4.40947e+00 3.34702e-04 2.74335e-05 8.32e-05 1.28e-06 9.84e-04 4.67e-05 5.59e-04 1.12e-07 1.55e-05 3.22e-04 2.74e-05 7.37e-05 4.78e-06 4.80e-04 4.23e-05 4.80e-04 4.78e-06 2.36e-05 2.99e-04 1.35e-04 7.37e-05 4.80e-06 4.80e-04 4.23e-05 4.80e-04 4.80e-06 2.36e-05 2.99e-04 1.35e-04
19605 3.91700e+03 -4.46589e+00 3.22402e-04 2.96045e-05 5.05e-05 1.88e-06 9.91e-04 4.09e-05 5.28e-04 3.22e-07 5.97e-06 2.77e-04 2.96e-05 7.52e-05 4.75e-06 4.77e-04 4.17e-05 4.76e-04 4.74e-06 2.31e-05 2.95e-04 1.34e-04 7.52e-05 4.77e-06 4.77e-04 4.17e-05 4.76e-04 4.77e-06 2.31e-05 2.95e-04 1.34e-04
19655 3.92700e+03 -4.40846e+00 4.40198e-04 4.41797e-05 4.95e-05 1.21e-06 1.12e-03 3.89e-05 9.95e-04 1.10e-07 5.63e-06 2.52e-04 4.42e-05 7.67e-05 4.75e-06 4.79e-04 4.17e-05 4.79e-04 4.74e-06 2.35e-05 2.95e-04 1.37e-04 7.67e-05 4.79e-06 4.79e-04 4.17e-05 4.79e-04 4.79e-06 2.35e-05 2.95e-04 1.37e-04
19705 3.93700e+03 -3.93515e+00 3.74245e-04 9.08574e-04 5.03e-05 9.16e-07 9.98e-04 5.15e-05 7.70e-04 1.59e-07 6.80e-05 2.81e-04 9.09e-04 7.75e-05 4.75e-06 4.79e-04 4.17e-05 4.79e-04 4.74e-06 2.36e-05 2.96e-04 1.39e-04 7.75e-05 4.79e-06 4.79e-04 4.17e-05 4.79e-04 4.79e-06 2.36e-05 2.96e-04 1.39e-04
19755 3.94700e+03 -4.26449e+00 3.50518e-04 9.97582e-05 7.37e-05 8.31e-07 9.34e-04 3.40e-05 7.10e-04 2.20e-07 7.79e-05 2.50e-04 9.98e-05 7.68e-05 4.75e-06 4.79e-04 4.15e-05 4.79e-04 4.74e-06 2.41e-05 2.97e-04 1.40e-04 7.68e-05 4.79e-06 4.79e-04 4.15e-05 4.79e-04 4.79e-06 2.41e-05 2.97e-04 1.40e-04
19805 3.95700e+03 -4.35331e+00 3.37495e-04 6.90556e-05 9.37e-05 7.68e-07 8.95e-04 3.79e-05 6.61e-04 8.96e-08 3.15e-05 3.71e-04 6.91e-05 7.65e-05 4.75e-06 4.81e-04 4.14e-05 4.81e-04 4.74e-06 2.43e-05 2.99e-04 1.43e-04 7.65e-05 4.81e-06 4.81e-04 4.14e-05 4.81e-04 4.81e-06 2.43e-05 2.99e-04 1.43e-04
19855 3.96700e+03 -4.40057e+00 3.92314e-04 1.13769e-04 7.58e-05 9.09e-07 1.05e-03 3.40e-05 7.97e-04 5.76e-08 3.88e-06 2.73e-04 1.14e-04 7.62e-05 4.75e-06 4.77e-04 4.10e-05 4.77e-04 4.74e-06 2.41e-05 3.00e-04 1.42e-04 7.62e-05 4.77e-06 4.77e-04 4.10e-05 4.77e-04 4.77e-06 2.41e-05 3.00e-04 1.42e-04
19905 3.97700e+03 -4.35317e+00 3.33582e-04 3.11753e-04 5.44e-05 8.38e-07 1.01e-03 3.27e-05 5.71e-04 7.99e-08 9.91e-06 3.06e-04 3.12e-04 7.54e-05 4.74e-06 4.74e-04 4.06e-05 4.74e-04 4.74e-06 2.38e-05 2.99e-04 1.41e-04 7.54e-05 4.74e-06 4.74e-04 4.06e-05 4.74e-04 4.74e-06 2.38e-05 2.99e-04 1.41e-04
19955 3.98700e+03 -4.40392e+00 3.42901e-04 5.86076e-05 1.05e-04 9.87e-07 9.68e-04 3.33e-05 6.07e-04 1.29e-07 1.68e-05 2.72e-04 5.86e-05 7.43e-05 4.69e-06 4.70e-04 3.98e-05 4.70e-04 4.70e-06 2.32e-05 2.97e-04 1.40e-04 7.43e-05 4.70e-06 4.70e-04 3.98e-05 4.70e-04 4.70e-06 2.32e-05 2.97e-04 1.40e-04
20005 3.99600e+03 -4.39728e+00 3.85109e-04 2.29443e-05 1.06e-04 9.02e-07 8.88e-04 2.96e-05 9.02e-04 2.07e-07 1.55e-05 2.84e-04 2.29e-05 7.46e-05 4.67e-06 4.73e-04 4.03e-05 4.73e-04 4.70e-06 2.30e-05 2.97e-04 1.43e-04 7.46e-05 4.73e-06 4.73e-04 4.03e-05 4.73e-04 4.73e-06 2.30e-05 2.97e-04 1.43e-04
20055 4.00600e+03 -4.48781e+00 3.13071e-04 1.60218e-05 8.06e-05 8.00e-07 9.25e-04 2.92e-05 5.30e-04 1.30e-07 6.06e-06 2.64e-04 1.60e-05 7.47e-05 4.67e-06 4.73e-04 4.02e-05 4.72e-04 4.70e-06 2.29e-05 2.97e-04 1.43e-04 7.47e-05 4.73e-06 4.73e-04 4.02e-05 4.72e-04 4.73e-06 2.29e-05 2.97e-04 1.43e-04
20105 4.01600e+03 -4.45776e+00 3.19790e-04 9.31602e-05 4.96e-05 8.39e-07 9.46e-04 3.89e-05 5.64e-04 8.04e-08 5.49e-06 2.89e-04 9.32e-05 7.47e-05 4.67e-06 4.72e-04 4.00e-05 4.72e-04 4.70e-06 2.29e-05 2.96e-04 1.42e-04 7.47e-05 4.72e-06 4.72e-04 4.00e-05 4.72e-04 4.72e-06 2.29e-05 2.96e-04 1.42e-04
20155 4.02600e+03 -4.51163e+00 3.14517e-04 3.25861e-05 4.62e-05 7.64e-07 9.47e-04 2.81e-05 5.50e-04 6.50e-08 3.71e-06 2.62e-04 3.26e-05 7.46e-05 4.67e-06 4.71e-04 3.98e-05 4.71e-04 4.70e-06 2.28e-05 2.95e-04 1.42e-04 7.46e-05 4.71e-06 4.71e-04 3.98e-05 4.71e-04 4.71e-06 2.28e-05 2.95e-04 1.42e-04
20205 4.03600e+03 -4.47043e+00 3.29059e-04 1.85523e-05 8.53e-05 7.92e-07 9.67e-04 2.98e-05 5.62e-04 7.07e-08 9.32e-06 2.49e-04 1.86e-05 7.45e-05 4.67e-06 4.70e-04 3.96e-05 4.70e-04 4.70e-06 2.27e-05 2.95e-04 1.41e-04 7.45e-05 4.70e-06 4.70e-04 3.96e-05 4.70e-04 4.70e-06 2.27e-05 2.95e-04 1.41e-04
20255 4.04600e+03 -4.49705e+00 3.13038e-04 1.47090e-05 5.16e-05 7.55e-07 9.16e-04 3.27e-05 5.64e-04 1.07e-07 8.44e-06 2.72e-04 1.47e-05 7.45e-05 4.67e-06 4.69e-04 3.95e-05 4.69e-04 4.69e-06 2.26e-05 2.94e-04 1.41e-04 7.45e-05 4.69e-06 4.69e-04 3.95e-05 4.69e-04 4.69e-06 2.26e-05 2.94e-04 1.41e-04
20305 4.05600e+03 -4.47391e+00 3.27466e-04 1.66366e-05 5.08e-05 7.51e-07 9.86e-04 5.03e-05 5.50e-04 1.45e-07 5.09e-06 2.71e-04 1.66e-05 7.44e-05 4.67e-06 4.68e-04 3.94e-05 4.68e-04 4.68e-06 2.25e-05 2.93e-04 1.41e-04 7.44e-05 4.68e-06 4.68e-04 3.94e-05 4.68e-04 4.68e-06 2.25e-05 2.93e-04 1.41e-04
20355 4.06600e+03 -4.47120e+00 3.25398e-04 4.65335e-05 5.46e-05 7.46e-07 9.73e-04 3.35e-05 5.65e-04 1.14e-07 1.08e-05 2.62e-04 4.65e-05 7.42e-05 4.67e-06 4.67e-04 3.93e-05 4.67e-04 4.67e-06 2.24e-05 2.92e-04 1.40e-04 7.42e-05 4.67e-06 4.67e-04 3.93e-05 4.67e-04 4.67e-06 2.24e-05 2.92e-04 1.40e-04
20405 4.07600e+03 -4.48114e+00 3.11706e-04 3.08342e-05 6.80e-05 7.71e-07 9.08e-04 3.46e-05 5.47e-04 1.09e-07 6.85e-06 2.85e-04 3.08e-05 7.40e-05 4.66e-06 4.66e-04 3.91e-05 4.67e-04 4.66e-06 2.23e-05 2.92e-04 1.40e-04 7.40e-05 4.67e-06 4.66e-04 3.91e-05 4.67e-04 4.67e-06 2.23e-05 2.92e-04 1.40e-04
20455 4.08600e+03 -4.51060e+00 3.11866e-04 1.94172e-05 5.50e-05 7.48e-07 9.14e-04 2.88e-05 5.61e-04 8.46e-08 3.63e-06 2.83e-04 1.94e-05 7.41e-05 4.66e-06 4.66e-04 3.90e-05 4.66e-04 4.66e-06 2.23e-05 2.91e-04 1.40e-04 7.41e-05 4.66e-06 4.66e-04 3.90e-05 4.66e-04 4.66e-06 2.23e-05 2.91e-04 1.40e-04
20505 4.09600e+03 -4.49574e+00 3.21987e-04 3.27617e-05 5.11e-05 7.38e-07 9.66e-04 3.32e-05 5.59e-04 6.77e-08 5.72e-06 2.61e-04 3.28e-05 7.39e-05 4.65e-06 4.65e-04 3.89e-05 4.65e-04 4.65e-06 2.22e-05 2.90e-04 1.39e-04 7.39e-05 4.65e-06 4.65e-04 3.89e-05 4.65e-04 4.65e-06 2.22e-05 2.90e-04 1.39e-04
20555 4.10600e+03 -4.47588e+00 3.16329e-04 1.51762e-05 5.36e-05 7.32e-07 9.26e-04 4.54e-05 5.56e-04 8.33e-08 4.74e-06 3.41e-04 1.52e-05 7.37e-05 4.64e-06 4.64e-04 3.88e-05 4.64e-04 4.64e-06 2.21e-05 2.90e-04 1.39e-04 7.37e-05 4.64e-06 4.64e-04 3.88e-05 4.64e-04 4.64e-06 2.21e-05 2.90e-04 1.39e-04
20605 4.11600e+03 -4.52041e+00 2.91719e-04 1.73251e-05 4.97e-05 8.53e-07 8.65e-04 3.03e-05 5.12e-04 7.90e-08 4.72e-06 2.94e-04 1.73e-05 7.36e-05 4.63e-06 4.64e-04 3.86e-05 4.64e-04 4.63e-06 2.20e-05 2.89e-04 1.38e-04 7.36e-05 4.64e-06 4.64e-04 3.86e-05 4.64e-04 4.64e-06 2.20e-05 2.89e-04 1.38e-04
20655 4.12600e+03 -4.43334e+00 3.44477e-04 2.38939e-05 1.27e-04 7.87e-07 9.62e-04 3.35e-05 6.00e-04 7.00e-08 7.64e-06 2.60e-04 2.39e-05 7.35e-05 4.63e-06 4.63e-04 3.85e-05 4.63e-04 4.63e-06 2.19e-05 2.88e-04 1.38e-04 7.35e-05 4.63e-06 4.63e-04 3.85e-05 4.63e-04 4.63e-06 2.19e-05 2.88e-04 1.38e-04
20705 4.13600e+03 -4.46432e+00 3.23107e-04 6.27494e-05 8.72e-05 7.37e-07 9.25e-04 3.86e-05 5.64e-04 1.49e-07 3.71e-06 2.31e-04 6.27e-05 7.35e-05 4.62e-06 4.62e-04 3.84e-05 4.62e-04 4.62e-06 2.18e-05 2.88e-04 1.37e-04 7.35e-05 4.62e-06 4.62e-04 3.84e-05 4.62e-04 4.62e-06 2.18e-05 2.88e-04 1.37e-04
20755 4.14600e+03 -4.52917e+00 3.06211e-04 2.16241e-05 4.98e-05 7.54e-07 9.22e-04 2.64e-05 5.32e-04 7.91e-08 4.77e-06 2.32e-04 2.16e-05 7.34e-05 4.61e-06 4.61e-04 3.83e-05 4.61e-04 4.61e-06 2.18e-05 2.87e-04 1.37e-04 7.34e-05 4.61e-06 4.61e-04 3.83e-05 4.61e-04 4.61e-06 2.18e-05 2.87e-04 1.37e-04
20805 4.15600e+03 -4.48974e+00 3.23802e-04 1.75051e-05 8.35e-05 7.30e-07 9.70e-04 2.83e-05 5.37e-04 6.53e-08 5.89e-06 2.56e-04 1.75e-05 7.32e-05 4.61e-06 4.61e-04 3.82e-05 4.61e-04 4.61e-06 2.17e-05 2.86e-04 1.36e-04 7.32e-05 4.61e-06 4.61e-04 3.82e-05 4.61e-04 4.61e-06 2.17e-05 2.86e-04 1.36e-04
20855 4.16600e+03 -4.46038e+00 3.27905e-04 5.49604e-05 1.01e-04 7.98e-07 9.49e-04 2.95e-05 5.59e-04 8.27e-08 8.38e-06 2.15e-04 5.50e-05 7.32e-05 4.60e-06 4.60e-04 3.81e-05 4.60e-04 4.60e-06 2.16e-05 2.85e-04 1.36e-04 7.32e-05 4.60e-06 4.60e-04 3.81e-05 4.60e-04 4.60e-06 2.16e-05 2.85e-04 1.36e-04
20905 4.17600e+03 -4.44400e+00 3.21160e-04 1.97721e-04 4.81e-05 7.63e-07 9.16e-04 2.92e-05 6.12e-04 1.04e-07 4.20e-06 2.52e-04 1.98e-04 7.31e-05 4.59e-06 4.59e-04 3.80e-05 4.59e-04 4.59e-06 2.15e-05 2.85e-04 1.36e-04 7.31e-05 4.59e-06 4.59e-04 3.80e-05 4.59e-04 4.59e-06 2.15e-05 2.85e-04 1.36e-04
20955 4.18600e+03 -4.43052e+00 3.43209e-04 2.36589e-05 1.26e-04 7.61e-07 9.67e-04 4.23e-05 5.80e-04 4.62e-08 3.32e-06 2.90e-04 2.37e-05 7.31e-05 4.59e-06 4.59e-04 3.79e-05 4.59e-04 4.59e-06 2.14e-05 2.84e-04 1.35e-04 7.31e-05 4.59e-06 4.59e-04 3.79e-05 4.59e-04 4.59e-06 2.14e-05 2.84e-04 1.35e-04
21005 4.19600e+03 -4.49707e+00 3.23278e-04 4.06284e-05 5.90e-05 7.55e-07 9.43e-04 3.22e-05 5.82e-04 5.34e-08 3.66e-06 2.62e-04 4.06e-05 7.32e-05 4.58e-06 4.58e-04 3.77e-05 4.58e-04 4.58e-06 2.13e-05 2.83e-04 1.35e-04 7.32e-05 4.58e-06 4.58e-04 3.77e-05 4.58e-04 4.58e-06 2.13e-05 2.83e-04 1.35e-04
21055 4.20600e+03 -4.48460e+00 3.18201e-04 6.46942e-05 5.21e-05 7.54e-07 9.25e-04 3.24e-05 5.81e-04 1.44e-07 3.69e-06 3.07e-04 6.47e-05 7.32e-05 4.57e-06 4.57e-04 3.77e-05 4.57e-04 4.57e-06 2.12e-05 2.82e-04 1.34e-04 7.32e-05 4.57e-06 4.57e-04 3.77e-05 4.57e-04 4.57e-06 2.12e-05 2.82e-04 1.34e-04
21105 4.21600e+03 -4.50723e+00 3.04826e-04 6.23601e-05 4.77e-05 7.71e-07 9.03e-04 2.79e-05 5.45e-04 9.90e-08 5.67e-06 2.61e-04 6.24e-05 7.31e-05 4.57e-06 4.57e-04 3.76e-05 4.57e-04 4.57e-06 2.11e-05 2.81e-04 1.34e-04 7.31e-05 4.57e-06 4.57e-04 3.76e-05 4.57e-04 4.57e-06 2.11e-05 2.81e-04 1.34e-04
21155 4.22600e+03 -4.45643e+00 3.20284e-04 7.80666e-05 1.01e-04 7.16e-07 9.07e-04 2.60e-05 5.67e-04 6.23e-08 5.31e-06 2.90e-04 7.81e-05 7.31e-05 4.56e-06 4.56e-04 3.74e-05 4.56e-04 4.56e-06 2.11e-05 2.80e-04 1.33e-04 7.31e-05 4.56e-06 4.56e-04 3.74e-05 4.56e-04 4.56e-06 2.11e-05 2.80e-04 1.33e-04
21205 4.23600e+03 -4.50183e+00 2.93875e-04 7.58168e-05 4.82e-05 7.03e-07 8.46e-04 2.83e-05 5.46e-04 6.80e-08 1.02e-05 2.38e-04 7.58e-05 7.30e-05 4.55e-06 4.55e-04 3.73e-05 4.55e-04 4.55e-06 2.10e-05 2.79e-04 1.33e-04 7.30e-05 4.55e-06 4.55e-04 3.73e-05 4.55e-04 4.55e-06 2.10e-05 2.79e-04 1.33e-04
21255 4.24600e+03 -4.48243e+00 3.16251e-04 9.20355e-05 5.69e-05 7.46e-07 9.16e-04 3.18e-05 5.76e-04 1.48e-07 3.64e-06 2.63e-04 9.20e-05 7.29e-05 4.54e-06 4.55e-04 3.73e-05 4.55e-04 4.55e-06 2.09e-05 2.79e-04 1.33e-04 7.29e-05 4.55e-06 4.55e-04 3.73e-05 4.55e-04 4.55e-06 2.09e-05 2.79e-04 1.33e-04
21305 4.25600e+03 -4.45388e+00 3.33411e-04 9.58483e-05 6.45e-05 7.75e-07 9.35e-04 3.94e-05 6.27e-04 7.68e-08 5.34e-06 2.50e-04 9.58e-05 7.29e-05 4.54e-06 4.54e-04 3.72e-05 4.54e-04 4.54e-06 2.08e-05 2.78e-04 1.32e-04 7.29e-05 4.54e-06 4.54e-04 3.72e-05 4.54e-04 4.54e-06 2.08e-05 2.78e-04 1.32e-04
21355 4.26600e+03 -4.46826e+00 3.02049e-04 4.18556e-05 7.62e-05 7.52e-07 8.57e-04 2.91e-05 5.47e-04 8.97e-08 1.82e-05 2.51e-04 4.19e-05 7.30e-05 4.53e-06 4.53e-04 3.71e-05 4.53e-04 4.53e-06 2.07e-05 2.78e-04 1.32e-04 7.30e-05 4.53e-06 4.53e-04 3.71e-05 4.53e-04 4.53e-06 2.07e-05 2.78e-04 1.32e-04
21405 4.27600e+03 -4.43675e+00 3.08730e-04 9.26179e-05 6.46e-05 7.95e-07 9.14e-04 2.91e-05 5.36e-04 7.50e-08 1.98e-05 2.96e-04 9.26e-05 7.31e-05 4.53e-06 4.53e-04 3.70e-05 4.53e-04 4.53e-06 2.06e-05 2.77e-04 1.32e-04 7.31e-05 4.53e-06 4.53e-04 3.70e-05 4.53e-04 4.53e-06 2.06e-05 2.77e-04 1.32e-04
21455 4.28600e+03 -4.49815e+00 3.16398e-04 5.42798e-05 7.32e-05 7.71e-07 9.33e-04 2.74e-05 5.48e-04 7.55e-08 4.21e-06 2.44e-04 5.43e-05 7.32e-05 4.52e-06 4.52e-04 3.69e-05 4.52e-04 4.52e-06 2.06e-05 2.76e-04 1.31e-04 7.32e-05 4.52e-06 4.52e-04 3.69e-05 4.52e-04 4.52e-06 2.06e-05 2.76e-04 1.31e-04
21505 4.29600e+03 -4.51255e+00 3.02437e-04 4.51599e-05 5.56e-05 7.82e-07 8.81e-04 2.82e-05 5.47e-04 6.99e-08 6.00e-06 2.61e-04 4.52e-05 7.31e-05 4.51e-06 4.52e-04 3.68e-05 4.52e-04 4.52e-06 2.05e-05 2.76e-04 1.31e-04 7.31e-05 4.52e-06 4.52e-04 3.68e-05 4.52e-04 4.52e-06 2.05e-05 2.76e-04 1.31e-04
21555 4.30600e+03 -4.48179e+00 3.23366e-04 7.55228e-05 5.10e-05 6.92e-07 9.40e-04 3.48e-05 5.90e-04 2.02e-07 5.82e-06 2.56e-04 7.55e-05 7.30e-05 4.51e-06 4.51e-04 3.67e-05 4.51e-04 4.51e-06 2.04e-05 2.75e-04 1.30e-04 7.30e-05 4.51e-06 4.51e-04 3.67e-05 4.51e-04 4.51e-06 2.04e-05 2.75e-04 1.30e-04
21605 4.31600e+03 -4.47348e+00 3.34184e-04 9.58766e-06 8.89e-05 7.63e-07 9.33e-04 4.22e-05 6.06e-04 8.88e-08 3.93e-06 2.63e-04 9.59e-06 7.29e-05 4.50e-06 4.50e-04 3.66e-05 4.50e-04 4.50e-06 2.03e-05 2.74e-04 1.30e-04 7.29e-05 4.50e-06 4.50e-04 3.66e-05 4.50e-04 4.50e-06 2.03e-05 2.74e-04 1.30e-04
21655 4.32600e+03 -4.50349e+00 3.15173e-04 2.73755e-05 6.11e-05 7.67e-07 8.83e-04 4.10e-05 5.90e-04 7.07e-08 3.54e-06 2.39e-04 2.74e-05 7.29e-05 4.50e-06 4.50e-04 3.65e-05 4.50e-04 4.50e-06 2.03e-05 2.73e-04 1.30e-04 7.29e-05 4.50e-06 4.50e-04 3.65e-05 4.50e-04 4.50e-06 2.03e-05 2.73e-04 1.30e-04
21705 4.33600e+03 -4.50134e+00 3.22729e-04 2.40777e-05 5.75e-05 7.24e-07 9.06e-04 3.76e-05 6.12e-04 6.11e-08 5.56e-06 2.46e-04 2.41e-05 7.28e-05 4.49e-06 4.49e-04 3.65e-05 4.49e-04 4.49e-06 2.02e-05 2.72e-04 1.29e-04 7.28e-05 4.49e-06 4.49e-04 3.65e-05 4.49e-04 4.49e-06 2.02e-05 2.72e-04 1.29e-04
21755 4.34600e+03 -4.46465e+00 3.37071e-04 1.41566e-05 1.09e-04 7.59e-07 9.00e-04 4.09e-05 6.34e-04 8.17e-08 5.26e-06 2.20e-04 1.42e-05 7.28e-05 4.49e-06 4.49e-04 3.64e-05 4.49e-04 4.49e-06 2.01e-05 2.72e-04 1.29e-04 7.28e-05 4.49e-06 4.49e-04 3.64e-05 4.49e-04 4.49e-06 2.01e-05 2.72e-04 1.29e-04
21805 4.35600e+03 -4.45451e+00 3.22643e-04 8.64912e-05 6.82e-05 7.06e-07 9.28e-04 3.13e-05 5.86e-04 7.29e-08 1.21e-05 2.68e-04 8.65e-05 7.28e-05 4.48e-06 4.48e-04 3.64e-05 4.48e-04 4.48e-06 2.00e-05 2.71e-04 1.28e-04 7.28e-05 4.48e-06 4.48e-04 3.64e-05 4.48e-04 4.48e-06 2.00e-05 2.71e-04 1.28e-04
21855 4.36600e+03 -4.44348e+00 3.14090e-04 9.48540e-05 8.56e-05 7.80e-07 8.97e-04 3.95e-05 5.48e-04 5.65e-08 5.92e-06 3.01e-04 9.49e-05 7.27e-05 4.47e-06 4.47e-04 3.63e-05 4.47e-04 4.47e-06 1.99e-05 2.70e-04 1.28e-04 7.27e-05 4.47e-06 4.47e-04 3.63e-05 4.47e-04 4.47e-06 1.99e-05 2.70e-04 1.28e-04
21905 4.37600e+03 -4.48801e+00 3.14833e-04 8.06097e-05 5.40e-05 7.07e-07 9.48e-04 3.85e-05 5.33e-04 8.70e-08 5.91e-06 2.21e-04 8.06e-05 7.26e-05 4.47e-06 4.47e-04 3.63e-05 4.47e-04 4.47e-06 1.98e-05 2.69e-04 1.27e-04 7.26e-05 4.47e-06 4.47e-04 3.63e-05 4.47e-04 4.47e-06 1.98e-05 2.69e-04 1.27e-04
21955 4.38600e+03 -4.50588e+00 3.14623e-04 2.73674e-05 6.66e-05 7.35e-07 8.90e-04 2.95e-05 5.87e-04 7.47e-08 6.63e-06 2.61e-04 2.74e-05 7.26e-05 4.46e-06 4.46e-04 3.62e-05 4.46e-04 4.46e-06 1.97e-05 2.69e-04 1.27e-04 7.26e-05 4.46e-06 4.46e-04 3.62e-05 4.46e-04 4.46e-06 1.97e-05 2.69e-04 1.27e-04
22005 4.39600e+03 -4.41083e+00 3.22473e-04 6.91528e-05 1.07e-04 7.11e-07 8.96e-04 6.05e-05 5.48e-04 9.84e-08 8.54e-06 2.47e-04 6.92e-05 7.25e-05 4.46e-06 4.46e-04 3.61e-05 4.46e-04 4.46e-06 1.96e-05 2.68e-04 1.27e-04 7.25e-05 4.46e-06 4.46e-04 3.61e-05 4.46e-04 4.46e-06 1.96e-05 2.68e-04 1.27e-04
22055 4.40600e+03 -4.47680e+00 3.24057e-04 1.05009e-04 6.39e-05 7.19e-07 9.02e-04 3.04e-05 6.24e-04 1.33e-07 6.15e-06 2.18e-04 1.05e-04 7.25e-05 4.45e-06 4.45e-04 3.60e-05 4.45e-04 4.45e-06 1.96e-05 2.67e-04 1.26e-04 7.25e-05 4.45e-06 4.45e-04 3.60e-05 4.45e-04 4.45e-06 1.96e-05 2.67e-04 1.26e-04
22105 4.41600e+03 -4.52281e+00 3.01425e-04 1.56959e-05 8.15e-05 7.23e-07 8.80e-04 2.79e-05 5.17e-04 1.20e-07 4.17e-06 2.47e-04 1.57e-05 7.25e-05 4.44e-06 4.44e-04 3.59e-05 4.44e-04 4.44e-06 1.95e-05 2.66e-04 1.26e-04 7.25e-05 4.44e-06 4.44e-04 3.59e-05 4.44e-04 4.44e-06 1.95e-05 2.66e-04 1.26e-04
22155 4.42600e+03 -4.48225e+00 3.12311e-04 3.65120e-05 7.90e-05 7.06e-07 8.75e-04 3.46e-05 5.73e-04 7.09e-08 1.07e-05 2.43e-04 3.65e-05 7.26e-05 4.44e-06 4.44e-04 3.58e-05 4.44e-04 4.44e-06 1.94e-05 2.66e-04 1.25e-04 7.26e-05 4.44e-06 4.44e-04 3.58e-05 4.44e-04 4.44e-06 1.94e-05 2.66e-04 1.25e-04
22205 4.43600e+03 -4.47629e+00 3.10131e-04 1.05601e-04 5.08e-05 7.63e-07 9.08e-04 3.28e-05 5.58e-04 8.59e-08 7.17e-06 2.75e-04 1.06e-04 7.24e-05 4.43e-06 4.43e-04 3.57e-05 4.43e-04 4.43e-06 1.93e-05 2.65e-04 1.25e-04 7.24e-05 4.43e-06 4.43e-04 3.57e-05 4.43e-04 4.43e-06 1.93e-05 2.65e-04 1.25e-04
22255 4.44600e+03 -4.50548e+00 3.07151e-04 2.27170e-05 9.83e-05 7.93e-07 8.72e-04 2.89e-05 5.35e-04 2.16e-07 3.57e-06 2.44e-04 2.27e-05 7.23e-05 4.43e-06 4.43e-04 3.56e-05 4.43e-04 4.43e-06 1.92e-05 2.64e-04 1.24e-04 7.23e-05 4.43e-06 4.43e-04 3.56e-05 4.43e-04 4.43e-06 1.92e-05 2.64e-04 1.24e-04
22305 4.45600e+03 -4.50756e+00 3.04306e-04 2.67134e-05 5.83e-05 7.16e-07 8.62e-04 3.69e-05 5.64e-04 1.41e-07 7.44e-06 2.59e-04 2.67e-05 7.24e-05 4.42e-06 4.42e-04 3.56e-05 4.42e-04 4.42e-06 1.92e-05 2.64e-04 1.24e-04 7.24e-05 4.42e-06 4.42e-04 3.56e-05 4.42e-04 4.42e-06 1.92e-05 2.64e-04 1.24e-04
22355 4.46600e+03 -4.53609e+00 2.85221e-04 5.19916e-06 5.65e-05 6.93e-07 8.06e-04 4.07e-05 5.22e-04 1.15e-07 4.38e-06 2.53e-04 5.20e-06 7.25e-05 4.42e-06 4.42e-04 3.55e-05 4.42e-04 4.42e-06 1.91e-05 2.63e-04 1.23e-04 7.25e-05 4.42e-06 4.42e-04 3.55e-05 4.42e-04 4.42e-06 1.91e-05 2.63e-04 1.23e-04
22405 4.47600e+03 -4.44598e+00 3.38705e-04 1.71666e-05 1.06e-04 6.92e-07 9.90e-04 3.95e-05 5.58e-04 9.18e-08 1.04e-05 2.74e-04 1.72e-05 7.24e-05 4.41e-06 4.41e-04 3.55e-05 4.41e-04 4.41e-06 1.90e-05 2.63e-04 1.23e-04 7.24e-05 4.41e-06 4.41e-04 3.55e-05 4.41e-04 4.41e-06 1.90e-05 2.63e-04 1.23e-04
22455 4.48600e+03 -4.47943e+00 3.26146e-04 4.51401e-05 6.66e-05 7.04e-07 9.37e-04 4.00e-05 5.86e-04 6.64e-08 9.44e-06 2.24e-04 4.51e-05 7.24e-05 4.40e-06 4.41e-04 3.55e-05 4.41e-04 4.41e-06 1.89e-05 2.62e-04 1.22e-04 7.24e-05 4.41e-06 4.41e-04 3.55e-05 4.41e-04 4.41e-06 1.89e-05 2.62e-04 1.22e-04
22505 4.49600e+03 -4.50126e+00 3.25277e-04 1.80565e-05 7.84e-05 7.74e-07 9.53e-04 2.94e-05 5.65e-04 7.44e-08 6.69e-06 2.53e-04 1.81e-05 7.24e-05 4.40e-06 4.40e-04 3.55e-05 4.40e-04 4.40e-06 1.88e-05 2.62e-04 1.22e-04 7.24e-05 4.40e-06 4.40e-04 3.55e-05 4.40e-04 4.40e-06 1.88e-05 2.62e-04 1.22e-04
22555 4.50600e+03 -4.51158e+00 3.37458e-04 1.20460e-05 6.53e-05 7.54e-07 9.83e-04 3.35e-05 6.05e-04 8.52e-08 3.88e-06 2.34e-04 1.20e-05 7.25e-05 4.39e-06 4.40e-04 3.55e-05 4.40e-04 4.39e-06 1.87e-05 2.61e-04 1.21e-04 7.25e-05 4.40e-06 4.40e-04 3.55e-05 4.40e-04 4.40e-06 1.87e-05 2.61e-04 1.21e-04
22605 4.51600e+03 -4.49987e+00 2.94073e-04 3.64812e-05 6.97e-05 7.03e-07 7.77e-04 4.34e-05 5.80e-04 6.53e-08 4.69e-06 2.80e-04 3.65e-05 7.24e-05 4.39e-06 4.39e-04 3.54e-05 4.39e-04 4.39e-06 1.86e-05 2.60e-04 1.21e-04 7.24e-05 4.39e-06 4.39e-04 3.54e-05 4.39e-04 4.39e-06 1.86e-05 2.60e-04 1.21e-04
22655 4.52600e+03 -4.50641e+00 3.10630e-04 2.63375e-05 7.07e-05 6.85e-07 8.97e-04 3.05e-05 5.54e-04 1.12e-07 9.75e-06 2.36e-04 2.63e-05 7.23e-05 4.38e-06 4.38e-04 3.54e-05 4.38e-04 4.38e-06 1.86e-05 2.60e-04 1.21e-04 7.23e-05 4.38e-06 4.38e-04 3.54e-05 4.38e-04 4.38e-06 1.86e-05 2.60e-04 1.21e-04
22705 4.53600e+03 -4.52334e+00 3.04466e-04 4.96759e-05 5.28e-05 7.07e-07 8.68e-04 2.90e-05 5.72e-04 1.02e-07 3.46e-06 2.77e-04 4.97e-05 7.23e-05 4.38e-06 4.38e-04 3.53e-05 4.38e-04 4.38e-06 1.85e-05 2.59e-04 1.20e-04 7.23e-05 4.38e-06 4.38e-04 3.53e-05 4.38e-04 4.38e-06 1.85e-05 2.59e-04 1.20e-04
22755 4.54600e+03 -4.50640e+00 3.24693e-04 2.03326e-05 6.89e-05 6.79e-07 8.98e-04 3.66e-05 6.19e-04 1.20e-07 4.25e-06 2.52e-04 2.03e-05 7.22e-05 4.37e-06 4.37e-04 3.53e-05 4.37e-04 4.37e-06 1.84e-05 2.59e-04 1.20e-04 7.22e-05 4.37e-06 4.37e-04 3.53e-05 4.37e-04 4.37e-06 1.84e-05 2.59e-04 1.20e-04
22805 4.55600e+03 -4.51087e+00 3.01794e-04 4.58972e-05 6.00e-05 7.14e-07 8.54e-04 2.92e-05 5.65e-04 1.32e-07 5.37e-06 3.02e-04 4.59e-05 7.24e-05 4.37e-06 4.37e-04 3.53e-05 4.37e-04 4.37e-06 1.83e-05 2.58e-04 1.19e-04 7.24e-05 4.37e-06 4.37e-04 3.53e-05 4.37e-04 4.37e-06 1.83e-05 2.58e-04 1.19e-04
22855 4.56600e+03 -4.51458e+00 2.86209e-04 4.86757e-05 5.45e-05 7.23e-07 7.94e-04 4.40e-05 5.38e-04 5.72e-08 4.76e-06 2.56e-04 4.87e-05 7.26e-05 4.36e-06 4.36e-04 3.53e-05 4.36e-04 4.36e-06 1.82e-05 2.58e-04 1.19e-04 7.26e-05 4.36e-06 4.36e-04 3.53e-05 4.36e-04 4.36e-06 1.82e-05 2.58e-04 1.19e-04
22905 4.57600e+03 -4.52072e+00 3.03468e-04 2.61465e-05 5.36e-05 6.98e-07 8.64e-04 2.94e-05 5.70e-04 1.16e-07 1.30e-05 2.09e-04 2.61e-05 7.26e-05 4.36e-06 4.36e-04 3.53e-05 4.36e-04 4.36e-06 1.82e-05 2.57e-04 1.19e-04 7.26e-05 4.36e-06 4.36e-04 3.53e-05 4.36e-04 4.36e-06 1.82e-05 2.57e-04 1.19e-04
22955 4.58600e+03 -4.53173e+00 3.01226e-04 4.22606e-05 5.72e-05 7.18e-07 8.35e-04 2.89e-05 5.84e-04 7.59e-08 5.77e-06 2.28e-04 4.23e-05 7.26e-05 4.35e-06 4.35e-04 3.52e-05 4.35e-04 4.35e-06 1.81e-05 2.56e-04 1.18e-04 7.26e-05 4.35e-06 4.35e-04 3.52e-05 4.35e-04 4.35e-06 1.81e-05 2.56e-04 1.18e-04
23005 4.59600e+03 -4.53160e+00 3.02883e-04 2.50025e-05 7.53e-05 7.08e-07 8.46e-04 3.11e-05 5.61e-04 3.48e-08 4.48e-06 2.15e-04 2.50e-05 7.24e-05 4.35e-06 4.35e-04 3.51e-05 4.35e-04 4.35e-06 1.80e-05 2.56e-04 1.18e-04 7.24e-05 4.35e-06 4.35e-04 3.51e-05 4.35e-04 4.35e-06 1.80e-05 2.56e-04 1.18e-04
23055 4.60600e+03 -4.52995e+00 2.83534e-04 3.68861e-05 5.59e-05 6.83e-07 8.14e-04 2.76e-05 5.20e-04 7.15e-08 1.01e-05 2.55e-04 3.69e-05 7.23e-05 4.34e-06 4.34e-04 3.51e-05 4.34e-04 4.34e-06 1.80e-05 2.55e-04 1.17e-04 7.23e-05 4.34e-06 4.34e-04 3.51e-05 4.34e-04 4.34e-06 1.80e-05 2.55e-04 1.17e-04
23105 4.61600e+03 -4.47584e+00 3.00924e-04 7.17892e-05 1.18e-04 7.31e-07 8.06e-04 3.16e-05 5.49e-04 6.87e-08 3.55e-06 2.59e-04 7.18e-05 7.22e-05 4.34e-06 4.34e-04 3.50e-05 4.34e-04 4.34e-06 1.79e-05 2.55e-04 1.17e-04 7.22e-05 4.34e-06 4.34e-04 3.50e-05 4.34e-04 4.34e-06 1.79e-05 2.55e-04 1.17e-04
23155 4.62600e+03 -4.42119e+00 3.38212e-04 2.71316e-05 5.87e-05 7.52e-07 9.44e-04 5.13e-05 6.36e-04 6.73e-08 2.24e-05 2.72e-04 2.71e-05 7.22e-05 4.33e-06 4.33e-04 3.50e-05 4.33e-04 4.33e-06 1.78e-05 2.54e-04 1.16e-04 7.22e-05 4.33e-06 4.33e-04 3.50e-05 4.33e-04 4.33e-06 1.78e-05 2.54e-04 1.16e-04
23205 4.63600e+03 -4.48554e+00 3.10808e-04 7.95556e-05 6.69e-05 7.55e-07 8.50e-04 3.32e-05 6.03e-04 1.55e-07 4.74e-06 2.87e-04 7.96e-05 7.21e-05 4.33e-06 4.33e-04 3.50e-05 4.33e-04 4.33e-06 1.78e-05 2.54e-04 1.16e-04 7.21e-05 4.33e-06 4.33e-04 3.50e-05 4.33e-04 4.33e-06 1.78e-05 2.54e-04 1.16e-04
23255 4.64600e+03 -4.52372e+00 3.09420e-04 3.39761e-05 5.68e-05 7.37e-07 9.20e-04 3.54e-05 5.34e-04 9.37e-08 4.44e-06 2.42e-04 3.40e-05 7.23e-05 4.32e-06 4.32e-04 3.50e-05 4.32e-04 4.32e-06 1.77e-05 2.54e-04 1.16e-04 7.23e-05 4.32e-06 4.32e-04 3.50e-05 4.32e-04 4.32e-06 1.77e-05 2.54e-04 1.16e-04
23305 4.65600e+03 -4.46622e+00 3.18296e-04 1.25270e-04 5.72e-05 7.38e-07 9.08e-04 3.92e-05 5.86e-04 5.02e-08 4.56e-06 2.53e-04 1.25e-04 7.24e-05 4.32e-06 4.32e-04 3.49e-05 4.32e-04 4.32e-06 1.76e-05 2.53e-04 1.15e-04 7.24e-05 4.32e-06 4.32e-04 3.49e-05 4.32e-04 4.32e-06 1.76e-05 2.53e-04 1.15e-04
23355 4.66600e+03 -4.45264e+00 3.19527e-04 8.86488e-05 7.13e-05 7.32e-07 9.09e-04 4.74e-05 5.69e-04 2.69e-07 6.70e-06 2.54e-04 8.86e-05 7.23e-05 4.31e-06 4.31e-04 3.49e-05 4.31e-04 4.31e-06 1.76e-05 2.53e-04 1.15e-04 7.23e-05 4.31e-06 4.31e-04 3.49e-05 4.31e-04 4.31e-06 1.76e-05 2.53e-04 1.15e-04
23405 4.67600e+03 -4.49630e+00 3.20671e-04 2.20824e-05 1.01e-04 7.25e-07 8.83e-04 3.66e-05 5.81e-04 1.39e-07 4.49e-06 2.24e-04 2.21e-05 7.22e-05 4.31e-06 4.31e-04 3.49e-05 4.31e-04 4.31e-06 1.75e-05 2.52e-04 1.14e-04 7.22e-05 4.31e-06 4.31e-04 3.49e-05 4.31e-04 4.31e-06 1.75e-05 2.52e-04 1.14e-04
23455 4.68600e+03 -4.51420e+00 3.13007e-04 2.37325e-05 7.45e-05 6.59e-07 8.84e-04 4.05e-05 5.65e-04 7.13e-08 3.58e-06 2.36e-04 2.37e-05 7.21e-05 4.31e-06 4.31e-04 3.49e-05 4.31e-04 4.31e-06 1.74e-05 2.52e-04 1.14e-04 7.21e-05 4.31e-06 4.31e-04 3.49e-05 4.31e-04 4.31e-06 1.74e-05 2.52e-04 1.14e-04
23505 4.69600e+03 -4.45596e+00 3.09191e-04 3.57469e-05 5.70e-05 7.01e-07 9.07e-04 3.22e-05 5.49e-04 6.28e-08 2.84e-05 2.31e-04 3.57e-05 7.21e-05 4.30e-06 4.30e-04 3.48e-05 4.30e-04 4.30e-06 1.74e-05 2.51e-04 1.13e-04 7.21e-05 4.30e-06 4.30e-04 3.48e-05 4.30e-04 4.30e-06 1.74e-05 2.51e-04 1.13e-04
23555 4.70600e+03 -4.48254e+00 3.32146e-04 3.57166e-05 6.80e-05 7.01e-07 9.19e-04 3.93e-05 6.34e-04 1.35e-07 7.63e-06 2.62e-04 3.57e-05 7.20e-05 4.30e-06 4.30e-04 3.49e-05 4.30e-04 4.30e-06 1.73e-05 2.51e-04 1.13e-04 7.20e-05 4.30e-06 4.30e-04 3.49e-05 4.30e-04 4.30e-06 1.73e-05 2.51e-04 1.13e-04
23605 4.71600e+03 -4.47387e+00 3.42142e-04 6.47020e-05 8.83e-05 6.98e-07 9.15e-04 3.25e-05 6.74e-04 2.00e-07 5.88e-06 2.17e-04 6.47e-05 7.20e-05 4.29e-06 4.29e-04 3.49e-05 4.29e-04 4.29e-06 1.72e-05 2.50e-04 1.13e-04 7.20e-05 4.29e-06 4.29e-04 3.49e-05 4.29e-04 4.29e-06 1.72e-05 2.50e-04 1.13e-04
23655 4.72600e+03 -4.45899e+00 3.19355e-04 1.02800e-04 6.39e-05 6.63e-07 8.84e-04 2.86e-05 6.19e-04 1.29e-07 1.74e-05 2.01e-04 1.03e-04 7.20e-05 4.29e-06 4.29e-04 3.48e-05 4.29e-04 4.29e-06 1.71e-05 2.50e-04 1.12e-04 7.20e-05 4.29e-06 4.29e-04 3.48e-05 4.29e-04 4.29e-06 1.71e-05 2.50e-04 1.12e-04
23705 4.73600e+03 -4.50436e+00 2.95240e-04 2.89397e-05 5.72e-05 7.04e-07 7.91e-04 3.38e-05 5.94e-04 1.57e-07 1.21e-05 2.90e-04 2.89e-05 7.21e-05 4.28e-06 4.28e-04 3.48e-05 4.28e-04 4.28e-06 1.71e-05 2.50e-04 1.12e-04 7.21e-05 4.28e-06 4.28e-04 3.48e-05 4.28e-04 4.28e-06 1.71e-05 2.50e-04 1.12e-04
23755 4.74600e+03 -4.50543e+00 2.93969e-04 7.11104e-05 5.67e-05 6.89e-07 8.05e-04 4.10e-05 5.67e-04 7.79e-08 4.17e-06 2.72e-04 7.11e-05 7.20e-05 4.28e-06 4.28e-04 3.48e-05 4.28e-04 4.28e-06 1.70e-05 2.49e-04 1.11e-04 7.20e-05 4.28e-06 4.28e-04 3.48e-05 4.28e-04 4.28e-06 1.70e-05 2.49e-04 1.11e-04
23805 4.75600e+03 -4.54466e+00 2.97920e-04 2.01515e-05 6.13e-05 7.03e-07 8.53e-04 2.91e-05 5.46e-04 1.26e-07 5.64e-06 2.41e-04 2.02e-05 7.19e-05 4.27e-06 4.27e-04 3.48e-05 4.27e-04 4.27e-06 1.69e-05 2.49e-04 1.11e-04 7.19e-05 4.27e-06 4.27e-04 3.48e-05 4.27e-04 4.27e-06 1.69e-05 2.49e-04 1.11e-04
23855 4.76600e+03 -4.53508e+00 3.06359e-04 6.27434e-06 5.95e-05 7.50e-07 9.00e-04 3.05e-05 5.41e-04 1.24e-07 9.15e-06 2.33e-04 6.27e-06 7.20e-05 4.27e-06 4.27e-04 3.47e-05 4.27e-04 4.27e-06 1.69e-05 2.49e-04 1.11e-04 7.20e-05 4.27e-06 4.27e-04 3.47e-05 4.27e-04 4.27e-06 1.69e-05 2.49e-04 1.11e-04
23905 4.77600e+03 -4.51715e+00 3.03509e-04 6.79228e-05 5.99e-05 8.00e-07 8.71e-04 2.69e-05 5.59e-04 6.47e-08 8.89e-06 2.11e-04 6.79e-05 7.21e-05 4.27e-06 4.27e-04 3.47e-05 4.27e-04 4.27e-06 1.68e-05 2.48e-04 1.10e-04 7.21e-05 4.27e-06 4.27e-04 3.47e-05 4.27e-04 4.27e-06 1.68e-05 2.48e-04 1.10e-04
23955 4.78600e+03 -4.46036e+00 3.19824e-04 3.47527e-05 1.09e-04 7.02e-07 8.87e-04 4.85e-05 5.55e-04 1.14e-07 3.82e-06 2.90e-04 3.48e-05 7.22e-05 4.26e-06 4.26e-04 3.46e-05 4.26e-04 4.26e-06 1.67e-05 2.48e-04 1.10e-04 7.22e-05 4.26e-06 4.26e-04 3.46e-05 4.26e-04 4.26e-06 1.67e-05 2.48e-04 1.10e-04
24005 4.79600e+03 -4.52120e+00 3.09438e-04 2.58953e-05 5.88e-05 7.31e-07 8.57e-04 3.56e-05 5.95e-04 1.83e-07 5.60e-06 2.64e-04 2.59e-05 7.22e-05 4.26e-06 4.26e-04 3.46e-05 4.26e-04 4.26e-06 1.67e-05 2.48e-04 1.10e-04 7.22e-05 4.26e-06 4.26e-04 3.46e-05 4.26e-04 4.26e-06 1.67e-05 2.48e-04 1.10e-04
24055 4.80600e+03 -4.56426e+00 2.98991e-04 1.37236e-05 5.20e-05 6.75e-07 8.89e-04 2.65e-05 5.27e-04 6.12e-08 4.38e-06 2.39e-04 1.37e-05 7.21e-05 4.25e-06 4.25e-04 3.45e-05 4.25e-04 4.25e-06 1.66e-05 2.47e-04 1.09e-04 7.21e-05 4.25e-06 4.25e-04 3.45e-05 4.25e-04 4.25e-06 1.66e-05 2.47e-04 1.09e-04
24105 4.81600e+03 -4.52985e+00 2.98717e-04 3.83286e-05 5.44e-05 6.66e-07 8.32e-04 4.06e-05 5.66e-04 1.59e-07 4.37e-06 2.34e-04 3.83e-05 7.20e-05 4.25e-06 4.25e-04 3.45e-05 4.25e-04 4.25e-06 1.66e-05 2.47e-04 1.09e-04 7.20e-05 4.25e-06 4.25e-04 3.45e-05 4.25e-04 4.25e-06 1.66e-05 2.47e-04 1.09e-04
24155 4.82600e+03 -4.51317e+00 3.13524e-04 3.47375e-05 5.17e-05 6.87e-07 8.80e-04 3.89e-05 5.96e-04 6.99e-08 5.09e-06 2.87e-04 3.47e-05 7.19e-05 4.24e-06 4.24e-04 3.45e-05 4.24e-04 4.24e-06 1.65e-05 2.47e-04 1.08e-04 7.19e-05 4.24e-06 4.24e-04 3.45e-05 4.24e-04 4.24e-06 1.65e-05 2.47e-04 1.08e-04
24205 4.83600e+03 -4.51836e+00 2.96665e-04 3.86152e-05 6.18e-05 6.99e-07 8.51e-04 3.23e-05 5.38e-04 6.99e-08 5.35e-06 3.15e-04 3.86e-05 7.18e-05 4.24e-06 4.24e-04 3.45e-05 4.24e-04 4.24e-06 1.65e-05 2.47e-04 1.08e-04 7.18e-05 4.24e-06 4.24e-04 3.45e-05 4.24e-04 4.24e-06 1.65e-05 2.47e-04 1.08e-04
24255 4.84600e+03 -4.54982e+00 3.06180e-04 1.99447e-05 5.85e-05 6.95e-07 8.68e-04 2.91e-05 5.75e-04 1.50e-07 4.33e-06 2.33e-04 1.99e-05 7.19e-05 4.24e-06 4.24e-04 3.45e-05 4.24e-04 4.24e-06 1.64e-05 2.47e-04 1.08e-04 7.19e-05 4.24e-06 4.24e-04 3.45e-05 4.24e-04 4.24e-06 1.64e-05 2.47e-04 1.08e-04
24305 4.85600e+03 -4.45974e+00 3.22479e-04 1.37061e-04 5.81e-05 7.53e-07 9.42e-04 3.64e-05 5.75e-04 1.24e-07 6.44e-06 2.37e-04 1.37e-04 7.19e-05 4.23e-06 4.23e-04 3.46e-05 4.23e-04 4.23e-06 1.64e-05 2.47e-04 1.08e-04 7.19e-05 4.23e-06 4.23e-04 3.46e-05 4.23e-04 4.23e-06 1.64e-05 2.47e-04 1.08e-04
24355 4.86600e+03 -4.42051e+00 3.13547e-04 6.35749e-05 1.20e-04 6.67e-07 8.22e-04 2.85e-05 5.97e-04 1.89e-07 2.53e-05 2.00e-04 6.36e-05 7.19e-05 4.23e-06 4.23e-04 3.46e-05 4.23e-04 4.23e-06 1.63e-05 2.46e-04 1.07e-04 7.19e-05 4.23e-06 4.23e-04 3.46e-05 4.23e-04 4.23e-06 1.63e-05 2.46e-04 1.07e-04
24405 4.87600e+03 -4.52449e+00 3.21828e-04 2.01191e-05 5.81e-05 6.68e-07 9.44e-04 4.09e-05 5.66e-04 1.42e-07 3.93e-06 2.35e-04 2.01e-05 7.19e-05 4.22e-06 4.22e-04 3.46e-05 4.22e-04 4.22e-06 1.63e-05 2.46e-04 1.07e-04 7.19e-05 4.22e-06 4.22e-04 3.46e-05 4.22e-04 4.22e-06 1.63e-05 2.46e-04 1.07e-04
24455 4.88600e+03 -4.51028e+00 3.12109e-04 1.28950e-05 7.77e-05 6.96e-07 8.42e-04 5.27e-05 5.88e-04 8.56e-08 4.42e-06 2.05e-04 1.29e-05 7.18e-05 4.22e-06 4.22e-04 3.46e-05 4.22e-04 4.22e-06 1.62e-05 2.46e-04 1.07e-04 7.18e-05 4.22e-06 4.22e-04 3.46e-05 4.22e-04 4.22e-06 1.62e-05 2.46e-04 1.07e-04
24505 4.89600e+03 -4.42684e+00 3.33443e-04 8.23840e-06 1.86e-04 7.94e-07 8.52e-04 3.36e-05 5.95e-04 1.69e-07 8.92e-06 2.65e-04 8.24e-06 7.22e-05 4.21e-06 4.22e-04 3.45e-05 4.21e-04 4.21e-06 1.61e-05 2.46e-04 1.06e-04 7.22e-05 4.22e-06 4.22e-04 3.45e-05 4.21e-04 4.22e-06 1.61e-05 2.46e-04 1.06e-04
24555 4.90600e+03 -4.48437e+00 3.12175e-04 3.52497e-05 1.24e-04 7.01e-07 8.70e-04 3.39e-05 5.33e-04 5.22e-08 8.30e-06 2.10e-04 3.52e-05 7.33e-05 4.21e-06 4.21e-04 3.44e-05 4.21e-04 4.21e-06 1.61e-05 2.46e-04 1.06e-04 7.33e-05 4.21e-06 4.21e-04 3.44e-05 4.21e-04 4.21e-06 1.61e-05 2.46e-04 1.06e-04
24605 4.91600e+03 -4.44202e+00 3.24861e-04 1.71001e-05 1.63e-04 7.53e-07 8.87e-04 4.26e-05 5.31e-04 9.87e-08 8.20e-06 2.37e-04 1.71e-05 7.41e-05 4.21e-06 4.21e-04 3.45e-05 4.21e-04 4.21e-06 1.60e-05 2.46e-04 1.05e-04 7.41e-05 4.21e-06 4.21e-04 3.45e-05 4.21e-04 4.21e-06 1.60e-05 2.46e-04 1.05e-04
24655 4.92600e+03 -4.44058e+00 3.43725e-04 1.58818e-05 1.60e-04 6.91e-07 9.39e-04 3.85e-05 5.81e-04 9.82e-08 6.84e-06 2.55e-04 1.59e-05 7.49e-05 4.20e-06 4.20e-04 3.44e-05 4.20e-04 4.20e-06 1.60e-05 2.45e-04 1.05e-04 7.49e-05 4.20e-06 4.20e-04 3.44e-05 4.20e-04 4.20e-06 1.60e-05 2.45e-04 1.05e-04
24705 4.93600e+03 -4.45811e+00 3.22444e-04 2.04431e-05 1.44e-04 7.17e-07 8.22e-04 3.74e-05 6.09e-04 1.14e-07 7.82e-06 2.65e-04 2.04e-05 7.55e-05 4.20e-06 4.20e-04 3.45e-05 4.20e-04 4.20e-06 1.59e-05 2.45e-04 1.04e-04 7.55e-05 4.20e-06 4.20e-04 3.45e-05 4.20e-04 4.20e-06 1.59e-05 2.45e-04 1.04e-04
24755 4.94600e+03 -4.33193e+00 3.55970e-04 8.12332e-05 2.14e-04 7.22e-07 9.14e-04 4.38e-05 6.08e-04 1.41e-07 1.60e-05 2.27e-04 8.12e-05 7.60e-05 4.19e-06 4.19e-04 3.45e-05 4.19e-04 4.19e-06 1.59e-05 2.45e-04 1.04e-04 7.60e-05 4.19e-06 4.19e-04 3.45e-05 4.19e-04 4.19e-06 1.59e-05 2.45e-04 1.04e-04
24805 4.95600e+03 -4.54452e+00 2.85048e-04 4.71702e-06 9.17e-05 6.97e-07 7.78e-04 3.29e-05 5.22e-04 5.60e-08 4.87e-06 2.51e-04 4.72e-06 7.65e-05 4.19e-06 4.19e-04 3.44e-05 4.19e-04 4.19e-06 1.59e-05 2.45e-04 1.04e-04 7.65e-05 4.19e-06 4.19e-04 3.44e-05 4.19e-04 4.19e-06 1.59e-05 2.45e-04 1.04e-04
24855 4.96600e+03 -4.43016e+00 3.37938e-04 1.52060e-05 2.46e-04 7.31e-07 8.75e-04 2.96e-05 5.39e-04 6.51e-08 3.26e-06 2.20e-04 1.52e-05 7.69e-05 4.18e-06 4.19e-04 3.44e-05 4.18e-04 4.18e-06 1.58e-05 2.44e-04 1.03e-04 7.69e-05 4.19e-06 4.19e-04 3.44e-05 4.18e-04 4.19e-06 1.58e-05 2.44e-04 1.03e-04
24905 4.97600e+03 -4.46737e+00 3.17555e-04 3.09336e-05 1.46e-04 7.00e-07 8.41e-04 4.25e-05 5.57e-04 1.49e-07 4.13e-06 2.41e-04 3.09e-05 7.74e-05 4.18e-06 4.18e-04 3.43e-05 4.18e-04 4.18e-06 1.58e-05 2.44e-04 1.03e-04 7.74e-05 4.18e-06 4.18e-04 3.43e-05 4.18e-04 4.18e-06 1.58e-05 2.44e-04 1.03e-04
24955 4.98600e+03 -4.32533e+00 3.72330e-04 1.09528e-05 3.50e-04 6.57e-07 9.02e-04 2.91e-05 5.80e-04 8.20e-08 1.13e-05 2.18e-04 1.10e-05 7.77e-05 4.18e-06 4.18e-04 3.43e-05 4.18e-04 4.18e-06 1.58e-05 2.44e-04 1.02e-04 7.77e-05 4.18e-06 4.18e-04 3.43e-05 4.18e-04 4.18e-06 1.58e-05 2.44e-04 1.02e-04
25005 4.99500e+03 -4.48630e+00 3.03297e-04 1.23687e-05 1.36e-04 6.60e-07 7.87e-04 2.83e-05 5.64e-04 1.12e-07 1.38e-05 2.22e-04 1.24e-05 7.82e-05 4.17e-06 4.17e-04 3.43e-05 4.17e-04 4.17e-06 1.57e-05 2.44e-04 1.02e-04 7.82e-05 4.17e-06 4.17e-04 3.43e-05 4.17e-04 4.17e-06 1.57e-05 2.44e-04 1.02e-04
25055 5.00500e+03 -4.44750e+00 3.45541e-04 1.93951e-05 1.79e-04 6.61e-07 8.74e-04 2.83e-05 6.46e-04 1.51e-07 6.58e-06 2.56e-04 1.94e-05 7.88e-05 4.17e-06 4.17e-04 3.43e-05 4.17e-04 4.17e-06 1.57e-05 2.44e-04 1.01e-04 7.88e-05 4.17e-06 4.17e-04 3.43e-05 4.17e-04 4.17e-06 1.57e-05 2.44e-04 1.01e-04
25105 5.01500e+03 -4.20788e+00 4.19868e-04 3.05872e-05 4.37e-04 6.89e-07 9.29e-04 4.60e-05 6.86e-04 9.05e-08 9.10e-06 2.66e-04 3.06e-05 7.91e-05 4.17e-06 4.17e-04 3.43e-05 4.17e-04 4.17e-06 1.57e-05 2.43e-04 1.01e-04 7.91e-05 4.17e-06 4.17e-04 3.43e-05 4.17e-04 4.17e-06 1.57e-05 2.43e-04 1.01e-04
25155 5.02500e+03 -4.42298e+00 3.25403e-04 4.47085e-06 2.10e-04 6.77e-07 8.26e-04 3.09e-05 5.60e-04 1.17e-07 1.18e-05 2.88e-04 4.47e-06 7.94e-05 4.16e-06 4.16e-04 3.42e-05 4.16e-04 4.16e-06 1.56e-05 2.43e-04 1.01e-04 7.94e-05 4.16e-06 4.16e-04 3.42e-05 4.16e-04 4.16e-06 1.56e-05 2.43e-04 1.01e-04
25205 5.03500e+03 -4.44346e+00 3.21520e-04 3.85622e-05 1.42e-04 6.84e-07 8.29e-04 3.23e-05 6.04e-04 1.19e-07 1.28e-05 2.71e-04 3.86e-05 7.97e-05 4.16e-06 4.16e-04 3.42e-05 4.16e-04 4.16e-06 1.56e-05 2.42e-04 1.01e-04 7.97e-05 4.16e-06 4.16e-04 3.42e-05 4.16e-04 4.16e-06 1.56e-05 2.42e-04 1.01e-04
25255 5.04500e+03 -4.38696e+00 3.28537e-04 9.89781e-05 2.05e-04 7.25e-07 8.52e-04 3.79e-05 5.47e-04 5.41e-08 5.05e-06 2.83e-04 9.90e-05 8.00e-05 4.16e-06 4.16e-04 3.42e-05 4.16e-04 4.16e-06 1.55e-05 2.42e-04 1.00e-04 8.00e-05 4.16e-06 4.16e-04 3.42e-05 4.16e-04 4.16e-06 1.55e-05 2.42e-04 1.00e-04
25305 5.05500e+03 -4.42364e+00 3.43068e-04 1.91496e-05 2.35e-04 7.11e-07 8.66e-04 3.00e-05 5.84e-04 1.17e-07 6.43e-06 2.32e-04 1.91e-05 8.04e-05 4.15e-06 4.15e-04 3.41e-05 4.15e-04 4.15e-06 1.55e-05 2.42e-04 1.00e-04 8.04e-05 4.15e-06 4.15e-04 3.41e-05 4.15e-04 4.15e-06 1.55e-05 2.42e-04 1.00e-04
25355 5.06500e+03 -4.51656e+00 3.16381e-04 1.73568e-05 1.39e-04 6.82e-07 8.50e-04 2.50e-05 5.68e-04 6.41e-08 4.31e-06 2.15e-04 1.74e-05 8.08e-05 4.15e-06 4.15e-04 3.40e-05 4.15e-04 4.15e-06 1.55e-05 2.41e-04 9.97e-05 8.08e-05 4.15e-06 4.15e-04 3.40e-05 4.15e-04 4.15e-06 1.55e-05 2.41e-04 9.97e-05
25405 5.07500e+03 -4.39565e+00 3.38317e-04 6.54810e-05 1.99e-04 7.39e-07 8.47e-04 2.74e-05 6.17e-04 7.74e-08 1.63e-05 2.09e-04 6.55e-05 8.12e-05 4.14e-06 4.15e-04 3.39e-05 4.15e-04 4.14e-06 1.54e-05 2.41e-04 9.94e-05 8.12e-05 4.15e-06 4.15e-04 3.39e-05 4.15e-04 4.15e-06 1.54e-05 2.41e-04 9.94e-05
25455 5.08500e+03 -4.35184e+00 3.60822e-04 7.08126e-05 2.58e-04 7.48e-07 8.49e-04 3.23e-05 6.64e-04 8.93e-08 9.73e-06 2.56e-04 7.08e-05 8.17e-05 4.14e-06 4.14e-04 3.38e-05 4.14e-04 4.14e-06 1.54e-05 2.40e-04 9.93e-05 8.17e-05 4.14e-06 4.14e-04 3.38e-05 4.14e-04 4.14e-06 1.54e-05 2.40e-04 9.93e-05
25505 5.09500e+03 -4.47809e+00 3.28664e-04 2.23179e-05 1.55e-04 6.30e-07 9.06e-04 3.65e-05 5.45e-04 1.04e-07 3.62e-06 2.39e-04 2.23e-05 8.23e-05 4.14e-06 4.14e-04 3.38e-05 4.14e-04 4.14e-06 1.54e-05 2.40e-04 9.90e-05 8.23e-05 4.14e-06 4.14e-04 3.38e-05 4.14e-04 4.14e-06 1.54e-05 2.40e-04 9.90e-05
25555 5.10500e+03 -4.47283e+00 3.22985e-04 4.41686e-05 1.78e-04 6.38e-07 8.54e-04 2.78e-05 5.55e-04 8.95e-08 4.00e-06 2.25e-04 4.42e-05 8.26e-05 4.13e-06 4.14e-04 3.38e-05 4.14e-04 4.13e-06 1.53e-05 2.40e-04 9.87e-05 8.26e-05 4.14e-06 4.14e-04 3.38e-05 4.14e-04 4.14e-06 1.53e-05 2.40e-04 9.87e-05
25605 5.11500e+03 -4.28482e+00 3.77523e-04 9.62334e-05 4.14e-04 6.61e-07 8.24e-04 3.06e-05 6.19e-04 6.47e-08 3.34e-06 2.02e-04 9.62e-05 8.30e-05 4.13e-06 4.13e-04 3.38e-05 4.13e-04 4.13e-06 1.53e-05 2.40e-04 9.84e-05 8.30e-05 4.13e-06 4.13e-04 3.38e-05 4.13e-04 4.13e-06 1.53e-05 2.40e-04 9.84e-05
25655 5.12500e+03 -4.44731e+00 3.29509e-04 3.94605e-05 1.97e-04 6.63e-07 8.43e-04 2.55e-05 5.81e-04 4.73e-08 8.37e-06 2.35e-04 3.95e-05 8.34e-05 4.13e-06 4.13e-04 3.37e-05 4.13e-04 4.13e-06 1.52e-05 2.39e-04 9.82e-05 8.34e-05 4.13e-06 4.13e-04 3.37e-05 4.13e-04 4.13e-06 1.52e-05 2.39e-04 9.82e-05
25705 5.13500e+03 -4.43456e+00 3.18684e-04 9.66703e-05 1.73e-04 6.57e-07 8.17e-04 3.01e-05 5.73e-04 6.41e-08 8.92e-06 2.00e-04 9.67e-05 8.39e-05 4.13e-06 4.13e-04 3.37e-05 4.13e-04 4.13e-06 1.52e-05 2.39e-04 9.81e-05 8.39e-05 4.13e-06 4.13e-04 3.37e-05 4.13e-04 4.13e-06 1.52e-05 2.39e-04 9.81e-05
25755 5.14500e+03 -4.44282e+00 3.33018e-04 2.01688e-05 2.32e-04 6.53e-07 8.37e-04 3.15e-05 5.64e-04 1.24e-07 6.88e-06 1.98e-04 2.02e-05 8.42e-05 4.12e-06 4.12e-04 3.36e-05 4.12e-04 4.12e-06 1.52e-05 2.39e-04 9.79e-05 8.42e-05 4.12e-06 4.12e-04 3.36e-05 4.12e-04 4.12e-06 1.52e-05 2.39e-04 9.79e-05
25805 5.15500e+03 -4.40385e+00 3.35099e-04 7.63280e-05 1.93e-04 6.44e-07 8.73e-04 2.93e-05 5.80e-04 1.15e-07 1.08e-05 2.65e-04 7.63e-05 8.47e-05 4.12e-06 4.12e-04 3.36e-05 4.12e-04 4.12e-06 1.51e-05 2.38e-04 9.76e-05 8.47e-05 4.12e-06 4.12e-04 3.36e-05 4.12e-04 4.12e-06 1.51e-05 2.38e-04 9.76e-05
25855 5.16500e+03 -4.40457e+00 3.31420e-04 2.44235e-06 1.84e-04 6.98e-07 8.27e-04 2.95e-05 6.16e-04 1.20e-07 2.74e-05 2.09e-04 2.44e-06 8.51e-05 4.11e-06 4.12e-04 3.35e-05 4.11e-04 4.11e-06 1.51e-05 2.39e-04 9.74e-05 8.51e-05 4.12e-06 4.12e-04 3.35e-05 4.11e-04 4.12e-06 1.51e-05 2.39e-04 9.74e-05
25905 5.17500e+03 -4.48170e+00 3.29624e-04 4.07069e-06 1.86e-04 6.35e-07 8.33e-04 3.23e-05 5.96e-04 7.23e-08 4.44e-06 2.29e-04 4.07e-06 8.56e-05 4.11e-06 4.11e-04 3.35e-05 4.11e-04 4.11e-06 1.50e-05 2.39e-04 9.71e-05 8.56e-05 4.11e-06 4.11e-04 3.35e-05 4.11e-04 4.11e-06 1.50e-05 2.39e-04 9.71e-05
25955 5.18500e+03 -4.40488e+00 3.45177e-04 5.23924e-05 2.18e-04 6.20e-07 8.90e-04 3.44e-05 5.83e-04 6.72e-08 9.12e-06 2.39e-04 5.24e-05 8.60e-05 4.11e-06 4.11e-04 3.35e-05 4.11e-04 4.11e-06 1.50e-05 2.39e-04 9.68e-05 8.60e-05 4.11e-06 4.11e-04 3.35e-05 4.11e-04 4.11e-06 1.50e-05 2.39e-04 9.68e-05
26005 5.19500e+03 -4.39894e+00 3.08133e-04 1.53396e-04 1.58e-04 6.62e-07 7.92e-04 3.06e-05 5.59e-04 6.95e-08 9.91e-06 2.65e-04 1.53e-04 8.64e-05 4.10e-06 4.10e-04 3.34e-05 4.10e-04 4.10e-06 1.49e-05 2.38e-04 9.65e-05 8.64e-05 4.10e-06 4.10e-04 3.34e-05 4.10e-04 4.10e-06 1.49e-05 2.38e-04 9.65e-05
26055 5.20500e+03 -4.49325e+00 3.20005e-04 8.96358e-06 1.76e-04 7.03e-07 8.46e-04 2.97e-05 5.48e-04 9.42e-08 4.43e-06 2.35e-04 8.96e-06 8.68e-05 4.10e-06 4.10e-04 3.33e-05 4.10e-04 4.10e-06 1.49e-05 2.39e-04 9.66e-05 8.68e-05 4.10e-06 4.10e-04 3.33e-05 4.10e-04 4.10e-06 1.49e-05 2.39e-04 9.66e-05
26105 5.21500e+03 -4.46288e+00 3.37317e-04 7.29291e-05 1.44e-04 6.62e-07 9.29e-04 3.30e-05 5.79e-04 1.24e-07 4.46e-06 2.06e-04 7.29e-05 8.73e-05 4.10e-06 4.10e-04 3.33e-05 4.10e-04 4.10e-06 1.49e-05 2.39e-04 9.64e-05 8.73e-05 4.10e-06 4.10e-04 3.33e-05 4.10e-04 4.10e-06 1.49e-05 2.39e-04 9.64e-05
26155 5.22500e+03 -4.24310e+00 4.16276e-04 2.83179e-05 4.96e-04 6.60e-07 9.17e-04 3.27e-05 6.35e-04 1.94e-07 7.50e-06 2.25e-04 2.83e-05 8.74e-05 4.09e-06 4.10e-04 3.33e-05 4.10e-04 4.09e-06 1.48e-05 2.39e-04 9.62e-05 8.74e-05 4.10e-06 4.10e-04 3.33e-05 4.10e-04 4.10e-06 1.48e-05 2.39e-04 9.62e-05
26205 5.23500e+03 -4.43324e+00 3.23985e-04 1.09179e-04 1.77e-04 6.07e-07 8.58e-04 2.85e-05 5.56e-04 1.56e-07 6.93e-06 2.06e-04 1.09e-04 8.78e-05 4.09e-06 4.09e-04 3.33e-05 4.09e-04 4.09e-06 1.48e-05 2.38e-04 9.59e-05 8.78e-05 4.09e-06 4.09e-04 3.33e-05 4.09e-04 4.09e-06 1.48e-05 2.38e-04 9.59e-05
26255 5.24500e+03 -4.44338e+00 3.31443e-04 4.46303e-05 2.20e-04 6.22e-07 8.48e-04 3.79e-05 5.51e-04 7.65e-08 2.82e-06 2.21e-04 4.46e-05 8.81e-05 4.09e-06 4.09e-04 3.33e-05 4.09e-04 4.09e-06 1.47e-05 2.38e-04 9.56e-05 8.81e-05 4.09e-06 4.09e-04 3.33e-05 4.09e-04 4.09e-06 1.47e-05 2.38e-04 9.56e-05
26305 5.25500e+03 -4.51517e+00 3.15466e-04 2.13479e-05 1.28e-04 6.23e-07 8.02e-04 2.78e-05 6.19e-04 8.55e-08 7.04e-06 2.10e-04 2.13e-05 8.83e-05 4.09e-06 4.09e-04 3.34e-05 4.09e-04 4.08e-06 1.47e-05 2.38e-04 9.54e-05 8.83e-05 4.09e-06 4.09e-04 3.34e-05 4.09e-04 4.09e-06 1.47e-05 2.38e-04 9.54e-05
26355 5.26500e+03 -4.46152e+00 2.96236e-04 8.55582e-05 1.39e-04 6.57e-07 7.63e-04 4.48e-05 5.34e-04 8.02e-08 5.20e-06 2.31e-04 8.56e-05 8.86e-05 4.08e-06 4.08e-04 3.33e-05 4.08e-04 4.08e-06 1.47e-05 2.38e-04 9.51e-05 8.86e-05 4.08e-06 4.08e-04 3.33e-05 4.08e-04 4.08e-06 1.47e-05 2.38e-04 9.51e-05
26405 5.27500e+03 -4.49961e+00 3.00597e-04 5.33013e-05 1.15e-04 6.42e-07 8.00e-04 3.13e-05 5.56e-04 1.41e-07 9.80e-06 1.98e-04 5.33e-05 8.87e-05 4.08e-06 4.08e-04 3.33e-05 4.08e-04 4.08e-06 1.46e-05 2.38e-04 9.48e-05 8.87e-05 4.08e-06 4.08e-04 3.33e-05 4.08e-04 4.08e-06 1.46e-05 2.38e-04 9.48e-05
26455 5.28500e+03 -4.28412e+00 3.76396e-04 3.27595e-05 4.99e-04 6.39e-07 8.07e-04 2.97e-05 5.45e-04 4.25e-08 4.33e-06 2.54e-04 3.28e-05 8.90e-05 4.07e-06 4.07e-04 3.32e-05 4.07e-04 4.07e-06 1.46e-05 2.37e-04 9.46e-05 8.90e-05 4.07e-06 4.07e-04 3.32e-05 4.07e-04 4.07e-06 1.46e-05 2.37e-04 9.46e-05
26505 5.29500e+03 -4.49519e+00 3.35412e-04 4.36229e-05 1.46e-04 6.24e-07 9.06e-04 2.69e-05 5.98e-04 1.33e-07 3.55e-06 2.09e-04 4.36e-05 8.94e-05 4.07e-06 4.07e-04 3.32e-05 4.07e-04 4.07e-06 1.45e-05 2.37e-04 9.44e-05 8.94e-05 4.07e-06 4.07e-04 3.32e-05 4.07e-04 4.07e-06 1.45e-05 2.37e-04 9.44e-05
26555 5.30500e+03 -4.42650e+00 3.43503e-04 3.18785e-05 2.85e-04 5.56e-07 8.72e-04 3.07e-05 5.30e-04 9.11e-08 4.63e-06 1.89e-04 3.19e-05 8.98e-05 4.07e-06 4.07e-04 3.32e-05 4.07e-04 4.07e-06 1.44e-05 2.37e-04 9.42e-05 8.98e-05 4.07e-06 4.07e-04 3.32e-05 4.07e-04 4.07e-06 1.44e-05 2.37e-04 9.42e-05
26605 5.31500e+03 -4.53132e+00 3.02669e-04 4.88172e-05 1.20e-04 5.77e-07 8.14e-04 2.56e-05 5.54e-04 8.05e-08 4.53e-06 1.93e-04 4.88e-05 9.01e-05 4.06e-06 4.06e-04 3.32e-05 4.06e-04 4.06e-06 1.44e-05 2.37e-04 9.39e-05 9.01e-05 4.06e-06 4.06e-04 3.32e-05 4.06e-04 4.06e-06 1.44e-05 2.37e-04 9.39e-05
26655 5.32500e+03 -4.47474e+00 2.91453e-04 1.21433e-04 1.30e-04 6.15e-07 7.71e-04 3.23e-05 5.23e-04 8.95e-08 2.99e-06 2.42e-04 1.21e-04 9.03e-05 4.06e-06 4.06e-04 3.31e-05 4.06e-04 4.06e-06 1.44e-05 2.36e-04 9.36e-05 9.03e-05 4.06e-06 4.06e-04 3.31e-05 4.06e-04 4.06e-06 1.44e-05 2.36e-04 9.36e-05
26705 5.33500e+03 -4.44127e+00 3.04224e-04 1.87060e-04 1.16e-04 5.97e-07 8.31e-04 2.76e-05 5.46e-04 7.08e-08 3.95e-06 2.28e-04 1.87e-04 9.04e-05 4.06e-06 4.06e-04 3.32e-05 4.06e-04 4.06e-06 1.43e-05 2.36e-04 9.35e-05 9.04e-05 4.06e-06 4.06e-04 3.32e-05 4.06e-04 4.06e-06 1.43e-05 2.36e-04 9.35e-05
26755 5.34500e+03 -4.36095e+00 3.49310e-04 6.21743e-05 2.94e-04 6.34e-07 8.37e-04 4.32e-05 5.72e-04 4.12e-08 6.48e-06 2.51e-04 6.22e-05 9.08e-05 4.05e-06 4.05e-04 3.32e-05 4.05e-04 4.05e-06 1.43e-05 2.36e-04 9.34e-05 9.08e-05 4.05e-06 4.05e-04 3.32e-05 4.05e-04 4.05e-06 1.43e-05 2.36e-04 9.34e-05
26805 5.35500e+03 -4.49918e+00 3.35717e-04 1.40137e-05 1.30e-04 5.70e-07 8.44e-04 3.70e-05 6.67e-04 6.86e-08 5.06e-06 2.23e-04 1.40e-05 9.12e-05 4.05e-06 4.05e-04 3.32e-05 4.05e-04 4.05e-06 1.42e-05 2.36e-04 9.31e-05 9.12e-05 4.05e-06 4.05e-04 3.32e-05 4.05e-04 4.05e-06 1.42e-05 2.36e-04 9.31e-05
26855 5.36500e+03 -4.46940e+00 3.08204e-04 6.97094e-05 1.88e-04 5.54e-07 7.68e-04 2.82e-05 5.57e-04 4.91e-08 5.09e-06 2.34e-04 6.97e-05 9.15e-05 4.05e-06 4.05e-04 3.32e-05 4.05e-04 4.05e-06 1.42e-05 2.36e-04 9.28e-05 9.15e-05 4.05e-06 4.05e-04 3.32e-05 4.05e-04 4.05e-06 1.42e-05 2.36e-04 9.28e-05
26905 5.37500e+03 -4.43774e+00 3.35841e-04 1.05571e-04 1.43e-04 5.62e-07 9.21e-04 3.23e-05 5.82e-04 9.81e-08 5.58e-06 2.48e-04 1.06e-04 9.17e-05 4.04e-06 4.04e-04 3.33e-05 4.04e-04 4.04e-06 1.41e-05 2.36e-04 9.25e-05 9.17e-05 4.04e-06 4.04e-04 3.33e-05 4.04e-04 4.04e-06 1.41e-05 2.36e-04 9.25e-05
26955 5.38500e+03 -4.32927e+00 3.76409e-04 2.19630e-05 3.72e-04 6.25e-07 8.82e-04 2.68e-05 6.01e-04 9.28e-08 1.72e-05 1.89e-04 2.20e-05 9.20e-05 4.04e-06 4.04e-04 3.33e-05 4.04e-04 4.04e-06 1.41e-05 2.36e-04 9.23e-05 9.20e-05 4.04e-06 4.04e-04 3.33e-05 4.04e-04 4.04e-06 1.41e-05 2.36e-04 9.23e-05
27005 5.39500e+03 -4.46332e+00 3.39760e-04 5.91623e-05 1.92e-04 5.83e-07 8.64e-04 2.41e-05 6.17e-04 4.92e-08 3.20e-06 2.46e-04 5.92e-05 9.24e-05 4.04e-06 4.04e-04 3.33e-05 4.04e-04 4.04e-06 1.41e-05 2.35e-04 9.21e-05 9.24e-05 4.04e-06 4.04e-04 3.33e-05 4.04e-04 4.04e-06 1.41e-05 2.35e-04 9.21e-05
27055 5.40500e+03 -4.47624e+00 3.29295e-04 4.85546e-05 1.90e-04 5.65e-07 8.50e-04 2.67e-05 5.78e-04 7.41e-08 3.61e-06 2.30e-04 4.86e-05 9.27e-05 4.03e-06 4.03e-04 3.32e-05 4.03e-04 4.03e-06 1.40e-05 2.35e-04 9.20e-05 9.27e-05 4.03e-06 4.03e-04 3.32e-05 4.03e-04 4.03e-06 1.40e-05 2.35e-04 9.20e-05
27105 5.41500e+03 -4.43013e+00 3.23539e-04 1.30318e-04 1.10e-04 6.11e-07 8.87e-04 4.45e-05 5.76e-04 4.71e-08 5.24e-06 2.47e-04 1.30e-04 9.29e-05 4.03e-06 4.03e-04 3.31e-05 4.03e-04 4.03e-06 1.40e-05 2.35e-04 9.17e-05 9.29e-05 4.03e-06 4.03e-04 3.31e-05 4.03e-04 4.03e-06 1.40e-05 2.35e-04 9.17e-05
27155 5.42500e+03 -4.39272e+00 3.07854e-04 2.15614e-04 1.17e-04 5.70e-07 8.06e-04 2.55e-05 5.90e-04 5.09e-08 1.24e-05 2.24e-04 2.16e-04 9.31e-05 4.03e-06 4.03e-04 3.31e-05 4.03e-04 4.03e-06 1.39e-05 2.35e-04 9.16e-05 9.31e-05 4.03e-06 4.03e-04 3.31e-05 4.03e-04 4.03e-06 1.39e-05 2.35e-04 9.16e-05
27205 5.43500e+03 -4.37425e+00 3.24958e-04 2.58931e-04 1.27e-04 6.16e-07 8.77e-04 2.49e-05 5.95e-04 1.00e-07 5.82e-06 2.32e-04 2.59e-04 9.32e-05 4.02e-06 4.02e-04 3.30e-05 4.02e-04 4.02e-06 1.39e-05 2.34e-04 9.15e-05 9.32e-05 4.02e-06 4.02e-04 3.30e-05 4.02e-04 4.02e-06 1.39e-05 2.34e-04 9.15e-05
27255 5.44500e+03 -4.21972e+00 4.19912e-04 1.83180e-05 6.29e-04 6.49e-07 8.75e-04 3.63e-05 5.58e-04 9.76e-08 3.91e-06 2.13e-04 1.83e-05 9.34e-05 4.02e-06 4.02e-04 3.30e-05 4.02e-04 4.02e-06 1.38e-05 2.34e-04 9.13e-05 9.34e-05 4.02e-06 4.02e-04 3.30e-05 4.02e-04 4.02e-06 1.38e-05 2.34e-04 9.13e-05
27305 5.45500e+03 -4.48430e+00 3.09577e-04 5.28400e-05 1.25e-04 5.62e-07 8.50e-04 3.82e-05 5.34e-04 5.88e-08 5.34e-06 2.73e-04 5.28e-05 9.36e-05 4.02e-06 4.02e-04 3.30e-05 4.02e-04 4.02e-06 1.37e-05 2.34e-04 9.10e-05 9.36e-05 4.02e-06 4.02e-04 3.30e-05 4.02e-04 4.02e-06 1.37e-05 2.34e-04 9.10e-05
27355 5.46500e+03 -4.49369e+00 3.10097e-04 3.19923e-05 1.89e-04 6.05e-07 8.13e-04 3.18e-05 5.16e-04 6.03e-08 3.99e-06 2.26e-04 3.20e-05 9.39e-05 4.01e-06 4.01e-04 3.30e-05 4.01e-04 4.01e-06 1.37e-05 2.34e-04 9.08e-05 9.39e-05 4.01e-06 4.01e-04 3.30e-05 4.01e-04 4.01e-06 1.37e-05 2.34e-04 9.08e-05
27405 5.47500e+03 -4.46445e+00 3.20904e-04 8.66997e-05 1.76e-04 6.08e-07 8.47e-04 2.60e-05 5.55e-04 6.51e-08 4.51e-06 2.31e-04 8.67e-05 9.43e-05 4.01e-06 4.01e-04 3.30e-05 4.01e-04 4.01e-06 1.36e-05 2.33e-04 9.05e-05 9.43e-05 4.01e-06 4.01e-04 3.30e-05 4.01e-04 4.01e-06 1.36e-05 2.33e-04 9.05e-05
27455 5.48500e+03 -4.44256e+00 3.21584e-04 3.07113e-05 1.75e-04 5.86e-07 8.09e-04 3.66e-05 5.87e-04 9.48e-08 1.20e-05 2.73e-04 3.07e-05 9.47e-05 4.01e-06 4.01e-04 3.29e-05 4.01e-04 4.01e-06 1.36e-05 2.33e-04 9.03e-05 9.47e-05 4.01e-06 4.01e-04 3.29e-05 4.01e-04 4.01e-06 1.36e-05 2.33e-04 9.03e-05
27505 5.49500e+03 -4.44106e+00 3.25647e-04 8.10897e-05 2.24e-04 5.79e-07 8.43e-04 2.81e-05 5.33e-04 8.68e-08 6.63e-06 1.94e-04 8.11e-05 9.52e-05 4.00e-06 4.00e-04 3.29e-05 4.00e-04 4.00e-06 1.35e-05 2.33e-04 9.00e-05 9.52e-05 4.00e-06 4.00e-04 3.29e-05 4.00e-04 4.00e-06 1.35e-05 2.33e-04 9.00e-05
27555 5.50500e+03 -4.41294e+00 3.26521e-04 1.56514e-04 1.59e-04 6.67e-07 8.44e-04 2.61e-05 6.02e-04 1.24e-07 8.15e-06 2.16e-04 1.57e-04 9.56e-05 4.00e-06 4.00e-04 3.29e-05 4.00e-04 4.00e-06 1.35e-05 2.32e-04 8.98e-05 9.56e-05 4.00e-06 4.00e-04 3.29e-05 4.00e-04 4.00e-06 1.35e-05 2.32e-04 8.98e-05
27605 5.51500e+03 -4.48410e+00 3.05037e-04 7.49331e-05 1.21e-04 5.84e-07 8.25e-04 3.15e-05 5.47e-04 3.18e-08 8.70e-06 2.30e-04 7.49e-05 9.58e-05 4.00e-06 4.00e-04 3.29e-05 4.00e-04 4.00e-06 1.34e-05 2.32e-04 8.95e-05 9.58e-05 4.00e-06 4.00e-04 3.29e-05 4.00e-04 4.00e-06 1.34e-05 2.32e-04 8.95e-05
27655 5.52500e+03 -4.51706e+00 3.10938e-04 3.39403e-05 1.33e-04 5.50e-07 8.49e-04 3.32e-05 5.39e-04 1.38e-07 3.84e-06 2.29e-04 3.39e-05 9.60e-05 3.99e-06 3.99e-04 3.29e-05 3.99e-04 3.99e-06 1.34e-05 2.32e-04 8.92e-05 9.60e-05 3.99e-06 3.99e-04 3.29e-05 3.99e-04 3.99e-06 1.34e-05 2.32e-04 8.92e-05
27705 5.53500e+03 -4.52815e+00 3.15408e-04 1.62974e-05 1.50e-04 5.76e-07 8.26e-04 2.66e-05 5.75e-04 9.02e-08 4.07e-06 2.26e-04 1.63e-05 9.61e-05 3.99e-06 3.99e-04 3.29e-05 3.99e-04 3.99e-06 1.34e-05 2.31e-04 8.89e-05 9.61e-05 3.99e-06 3.99e-04 3.29e-05 3.99e-04 3.99e-06 1.34e-05 2.31e-04 8.89e-05
27755 5.54500e+03 -4.47597e+00 3.16691e-04 2.77350e-05 1.76e-04 5.49e-07 8.28e-04 3.62e-05 5.42e-04 5.17e-08 3.33e-06 3.16e-04 2.77e-05 9.63e-05 3.99e-06 3.99e-04 3.29e-05 3.99e-04 3.99e-06 1.33e-05 2.31e-04 8.87e-05 9.63e-05 3.99e-06 3.99e-04 3.29e-05 3.99e-04 3.99e-06 1.33e-05 2.31e-04 8.87e-05
27805 5.55500e+03 -4.48729e+00 3.10614e-04 8.66738e-05 1.26e-04 5.54e-07 8.35e-04 2.88e-05 5.63e-04 7.38e-08 3.63e-06 2.66e-04 8.67e-05 9.65e-05 3.98e-06 3.98e-04 3.29e-05 3.98e-04 3.98e-06 1.33e-05 2.31e-04 8.83e-05 9.65e-05 3.98e-06 3.98e-04 3.29e-05 3.98e-04 3.98e-06 1.33e-05 2.31e-04 8.83e-05
27855 5.56500e+03 -4.36690e+00 3.43515e-04 5.10420e-05 2.70e-04 6.64e-07 8.32e-04 4.27e-05 5.72e-04 7.40e-08 1.25e-05 2.56e-04 5.10e-05 9.69e-05 3.98e-06 3.98e-04 3.29e-05 3.98e-04 3.98e-06 1.32e-05 2.31e-04 8.81e-05 9.69e-05 3.98e-06 3.98e-04 3.29e-05 3.98e-04 3.98e-06 1.32e-05 2.31e-04 8.81e-05
27905 5.57500e+03 -4.46453e+00 3.10908e-04 8.74677e-05 1.48e-04 6.02e-07 7.73e-04 2.83e-05 6.04e-04 2.33e-07 9.08e-06 2.16e-04 8.75e-05 9.73e-05 3.98e-06 3.98e-04 3.28e-05 3.98e-04 3.98e-06 1.32e-05 2.31e-04 8.78e-05 9.73e-05 3.98e-06 3.98e-04 3.28e-05 3.98e-04 3.98e-06 1.32e-05 2.31e-04 8.78e-05
27955 5.58500e+03 -4.36410e+00 3.40556e-04 1.62093e-04 2.16e-04 5.44e-07 8.90e-04 4.20e-05 5.55e-04 1.94e-07 4.80e-06 2.23e-04 1.62e-04 9.77e-05 3.97e-06 3.98e-04 3.28e-05 3.98e-04 3.97e-06 1.32e-05 2.30e-04 8.76e-05 9.77e-05 3.98e-06 3.98e-04 3.28e-05 3.98e-04 3.98e-06 1.32e-05 2.30e-04 8.76e-05
28005 5.59500e+03 -4.48571e+00 3.12956e-04 3.60152e-05 1.96e-04 6.04e-07 7.66e-04 2.97e-05 5.72e-04 7.54e-08 6.27e-06 2.24e-04 3.60e-05 9.80e-05 3.97e-06 3.97e-04 3.29e-05 3.97e-04 3.97e-06 1.31e-05 2.30e-04 8.72e-05 9.80e-05 3.97e-06 3.97e-04 3.29e-05 3.97e-04 3.97e-06 1.31e-05 2.30e-04 8.72e-05
28055 5.60500e+03 -4.46109e+00 3.33240e-04 7.02565e-05 2.03e-04 5.90e-07 8.66e-04 3.03e-05 5.66e-04 1.31e-07 3.65e-06 2.05e-04 7.03e-05 9.83e-05 3.97e-06 3.97e-04 3.28e-05 3.97e-04 3.97e-06 1.31e-05 2.30e-04 8.69e-05 9.83e-05 3.97e-06 3.97e-04 3.28e-05 3.97e-04 3.97e-06 1.31e-05 2.30e-04 8.69e-05
28105 5.61500e+03 -4.46486e+00 3.33664e-04 4.97593e-05 1.16e-04 6.43e-07 9.19e-04 5.13e-05 5.81e-04 6.33e-08 4.42e-06 2.49e-04 4.98e-05 9.86e-05 3.97e-06 3.97e-04 3.27e-05 3.97e-04 3.97e-06 1.30e-05 2.29e-04 8.66e-05 9.86e-05 3.97e-06 3.97e-04 3.27e-05 3.97e-04 3.97e-06 1.30e-05 2.29e-04 8.66e-05
28155 5.62500e+03 -4.50828e+00 3.17088e-04 1.96936e-06 2.40e-04 6.38e-07 8.06e-04 2.49e-05 5.14e-04 9.29e-08 4.20e-06 2.02e-04 1.97e-06 9.90e-05 3.96e-06 3.96e-04 3.27e-05 3.96e-04 3.96e-06 1.30e-05 2.29e-04 8.65e-05 9.90e-05 3.96e-06 3.96e-04 3.27e-05 3.96e-04 3.96e-06 1.30e-05 2.29e-04 8.65e-05
28205 5.63500e+03 -4.49685e+00 3.21727e-04 1.19640e-05 2.00e-04 5.61e-07 8.37e-04 2.80e-05 5.43e-04 6.43e-08 5.24e-06 2.49e-04 1.20e-05 9.95e-05 3.96e-06 3.96e-04 3.27e-05 3.96e-04 3.96e-06 1.30e-05 2.29e-04 8.62e-05 9.95e-05 3.96e-06 3.96e-04 3.27e-05 3.96e-04 3.96e-06 1.30e-05 2.29e-04 8.62e-05
28255 5.64500e+03 -4.45894e+00 3.28677e-04 5.84951e-05 1.80e-04 6.01e-07 8.52e-04 3.31e-05 5.78e-04 9.60e-08 6.22e-06 2.44e-04 5.85e-05 9.98e-05 3.96e-06 3.96e-04 3.26e-05 3.96e-04 3.96e-06 1.29e-05 2.28e-04 8.59e-05 9.98e-05 3.96e-06 3.96e-04 3.26e-05 3.96e-04 3.96e-06 1.29e-05 2.28e-04 8.59e-05
28305 5.65500e+03 -4.48947e+00 3.26303e-04 1.92537e-05 1.83e-04 6.44e-07 8.31e-04 2.40e-05 5.93e-04 1.04e-07 8.48e-06 2.41e-04 1.93e-05 1.00e-04 3.96e-06 3.96e-04 3.27e-05 3.96e-04 3.96e-06 1.29e-05 2.28e-04 8.60e-05 1.00e-04 3.96e-06 3.96e-04 3.27e-05 3.96e-04 3.96e-06 1.29e-05 2.28e-04 8.60e-05
28355 5.66500e+03 -4.38121e+00 3.58656e-04 2.93141e-05 3.67e-04 5.87e-07 8.21e-04 2.83e-05 5.77e-04 1.51e-07 8.19e-06 2.35e-04 2.93e-05 1.01e-04 3.95e-06 3.95e-04 3.26e-05 3.95e-04 3.95e-06 1.28e-05 2.28e-04 8.59e-05 1.01e-04 3.95e-06 3.95e-04 3.26e-05 3.95e-04 3.95e-06 1.28e-05 2.28e-04 8.59e-05
28405 5.67500e+03 -4.51253e+00 3.15099e-04 2.21793e-05 1.75e-04 5.64e-07 8.27e-04 2.64e-05 5.47e-04 6.52e-08 6.33e-06 2.17e-04 2.22e-05 1.01e-04 3.95e-06 3.95e-04 3.25e-05 3.95e-04 3.95e-06 1.28e-05 2.28e-04 8.57e-05 1.01e-04 3.95e-06 3.95e-04 3.25e-05 3.95e-04 3.95e-06 1.28e-05 2.28e-04 8.57e-05
28455 5.68500e+03 -4.46838e+00 3.29642e-04 1.25633e-05 1.73e-04 5.42e-07 8.42e-04 4.03e-05 5.92e-04 9.53e-08 8.58e-06 2.55e-04 1.26e-05 1.01e-04 3.95e-06 3.95e-04 3.25e-05 3.95e-04 3.95e-06 1.28e-05 2.28e-04 8.54e-05 1.01e-04 3.95e-06 3.95e-04 3.25e-05 3.95e-04 3.95e-06 1.28e-05 2.28e-04 8.54e-05
28505 5.69500e+03 -4.33809e+00 3.52141e-04 9.87890e-05 1.69e-04 5.67e-07 8.98e-04 4.55e-05 6.48e-04 2.45e-07 2.05e-05 2.45e-04 9.88e-05 1.02e-04 3.94e-06 3.95e-04 3.26e-05 3.95e-04 3.94e-06 1.27e-05 2.28e-04 8.52e-05 1.02e-04 3.95e-06 3.95e-04 3.26e-05 3.95e-04 3.95e-06 1.27e-05 2.28e-04 8.52e-05
28555 5.70500e+03 -4.44353e+00 3.10976e-04 1.49432e-05 1.78e-04 6.52e-07 7.52e-04 3.48e-05 5.89e-04 8.31e-08 1.99e-05 2.25e-04 1.49e-05 1.02e-04 3.94e-06 3.94e-04 3.25e-05 3.94e-04 3.94e-06 1.27e-05 2.28e-04 8.51e-05 1.02e-04 3.94e-06 3.94e-04 3.25e-05 3.94e-04 3.94e-06 1.27e-05 2.28e-04 8.51e-05
28605 5.71500e+03 -4.39503e+00 3.68132e-04 1.94356e-05 3.82e-04 6.07e-07 8.39e-04 2.50e-05 5.93e-04 1.02e-07 5.35e-06 2.38e-04 1.94e-05 1.03e-04 3.94e-06 3.94e-04 3.25e-05 3.94e-04 3.94e-06 1.27e-05 2.28e-04 8.49e-05 1.03e-04 3.94e-06 3.94e-04 3.25e-05 3.94e-04 3.94e-06 1.27e-05 2.28e-04 8.49e-05
28655 5.72500e+03 -4.47412e+00 3.31884e-04 5.36896e-05 1.87e-04 6.02e-07 8.88e-04 3.44e-05 5.50e-04 6.16e-08 5.29e-06 1.93e-04 5.37e-05 1.03e-04 3.94e-06 3.94e-04 3.25e-05 3.94e-04 3.94e-06 1.26e-05 2.28e-04 8.48e-05 1.03e-04 3.94e-06 3.94e-04 3.25e-05 3.94e-04 3.94e-06 1.26e-05 2.28e-04 8.48e-05
28705 5.73500e+03 -4.38666e+00 3.51761e-04 1.27206e-05 3.34e-04 6.41e-07 8.49e-04 3.55e-05 5.40e-04 1.06e-07 1.32e-05 2.12e-04 1.27e-05 1.04e-04 3.94e-06 3.94e-04 3.24e-05 3.94e-04 3.94e-06 1.26e-05 2.27e-04 8.46e-05 1.04e-04 3.94e-06 3.94e-04 3.24e-05 3.94e-04 3.94e-06 1.26e-05 2.27e-04 8.46e-05
28755 5.74500e+03 -4.48858e+00 3.16030e-04 3.91288e-05 1.89e-04 5.95e-07 8.16e-04 3.18e-05 5.43e-04 1.13e-07 7.33e-06 1.97e-04 3.91e-05 1.04e-04 3.93e-06 3.93e-04 3.24e-05 3.93e-04 3.93e-06 1.26e-05 2.27e-04 8.45e-05 1.04e-04 3.93e-06 3.93e-04 3.24e-05 3.93e-04 3.93e-06 1.26e-05 2.27e-04 8.45e-05
28805 5.75500e+03 -4.51350e+00 3.05013e-04 2.80861e-05 1.44e-04 5.24e-07 8.02e-04 3.14e-05 5.47e-04 5.20e-08 6.58e-06 2.52e-04 2.81e-05 1.04e-04 3.93e-06 3.93e-04 3.24e-05 3.93e-04 3.93e-06 1.25e-05 2.27e-04 8.43e-05 1.04e-04 3.93e-06 3.93e-04 3.24e-05 3.93e-04 3.93e-06 1.25e-05 2.27e-04 8.43e-05
28855 5.76500e+03 -4.44929e+00 3.39540e-04 7.90340e-05 1.29e-04 5.66e-07 9.12e-04 4.28e-05 6.13e-04 7.63e-08 6.85e-06 2.20e-04 7.90e-05 1.05e-04 3.93e-06 3.93e-04 3.24e-05 3.93e-04 3.93e-06 1.25e-05 2.27e-04 8.42e-05 1.05e-04 3.93e-06 3.93e-04 3.24e-05 3.93e-04 3.93e-06 1.25e-05 2.27e-04 8.42e-05
28905 5.77500e+03 -4.18483e+00 4.38632e-04 3.12229e-05 7.01e-04 5.81e-07 8.20e-04 3.49e-05 6.36e-04 1.39e-07 1.07e-05 2.13e-04 3.12e-05 1.05e-04 3.93e-06 3.93e-04 3.24e-05 3.93e-04 3.92e-06 1.25e-05 2.27e-04 8.40e-05 1.05e-04 3.93e-06 3.93e-04 3.24e-05 3.93e-04 3.93e-06 1.25e-05 2.27e-04 8.40e-05
28955 5.78500e+03 -4.39031e+00 3.50566e-04 3.05298e-05 3.46e-04 6.62e-07 8.30e-04 3.85e-05 5.38e-04 9.46e-08 5.93e-06 2.57e-04 3.05e-05 1.05e-04 3.92e-06 3.92e-04 3.24e-05 3.92e-04 3.92e-06 1.24e-05 2.26e-04 8.39e-05 1.05e-04 3.92e-06 3.92e-04 3.24e-05 3.92e-04 3.92e-06 1.24e-05 2.26e-04 8.39e-05
29005 5.79500e+03 -4.47858e+00 3.21611e-04 2.39620e-05 1.96e-04 5.94e-07 8.10e-04 3.62e-05 5.65e-04 8.13e-08 5.38e-06 2.66e-04 2.40e-05 1.06e-04 3.92e-06 3.92e-04 3.25e-05 3.92e-04 3.92e-06 1.24e-05 2.26e-04 8.38e-05 1.06e-04 3.92e-06 3.92e-04 3.25e-05 3.92e-04 3.92e-06 1.24e-05 2.26e-04 8.38e-05
29055 5.80500e+03 -4.46984e+00 3.19515e-04 6.64146e-05 1.53e-04 5.70e-07 8.31e-04 3.35e-05 5.79e-04 8.76e-08 8.17e-06 2.27e-04 6.64e-05 1.06e-04 3.92e-06 3.92e-04 3.25e-05 3.92e-04 3.92e-06 1.23e-05 2.26e-04 8.36e-05 1.06e-04 3.92e-06 3.92e-04 3.25e-05 3.92e-04 3.92e-06 1.23e-05 2.26e-04 8.36e-05
29105 5.81500e+03 -4.46814e+00 3.39634e-04 1.58021e-05 2.44e-04 5.96e-07 8.88e-04 3.63e-05 5.29e-04 7.86e-08 4.58e-06 2.21e-04 1.58e-05 1.07e-04 3.92e-06 3.92e-04 3.25e-05 3.92e-04 3.92e-06 1.23e-05 2.26e-04 8.35e-05 1.07e-04 3.92e-06 3.92e-04 3.25e-05 3.92e-04 3.92e-06 1.23e-05 2.26e-04 8.35e-05
29155 5.82500e+03 -4.47257e+00 3.19546e-04 4.93008e-05 1.63e-04 5.73e-07 7.94e-04 4.65e-05 5.94e-04 8.56e-08 3.49e-06 2.53e-04 4.93e-05 1.07e-04 3.91e-06 3.91e-04 3.25e-05 3.92e-04 3.91e-06 1.22e-05 2.26e-04 8.33e-05 1.07e-04 3.92e-06 3.91e-04 3.25e-05 3.92e-04 3.92e-06 1.22e-05 2.26e-04 8.33e-05
29205 5.83500e+03 -4.45079e+00 3.40608e-04 4.56577e-05 1.98e-04 5.33e-07 8.73e-04 2.62e-05 6.05e-04 8.73e-08 1.31e-05 1.92e-04 4.57e-05 1.07e-04 3.91e-06 3.91e-04 3.26e-05 3.91e-04 3.91e-06 1.22e-05 2.25e-04 8.32e-05 1.07e-04 3.91e-06 3.91e-04 3.26e-05 3.91e-04 3.91e-06 1.22e-05 2.25e-04 8.32e-05
29255 5.84500e+03 -4.46840e+00 3.24901e-04 9.15712e-05 1.81e-04 5.30e-07 8.28e-04 3.18e-05 5.83e-04 7.41e-08 3.61e-06 2.08e-04 9.16e-05 1.08e-04 3.91e-06 3.91e-04 3.25e-05 3.91e-04 3.91e-06 1.22e-05 2.25e-04 8.29e-05 1.08e-04 3.91e-06 3.91e-04 3.25e-05 3.91e-04 3.91e-06 1.22e-05 2.25e-04 8.29e-05
29305 5.85500e+03 -4.46562e+00 3.20257e-04 1.01207e-04 1.98e-04 4.95e-07 8.36e-04 2.68e-05 5.40e-04 9.65e-08 5.03e-06 1.88e-04 1.01e-04 1.08e-04 3.91e-06 3.91e-04 3.25e-05 3.91e-04 3.91e-06 1.22e-05 2.25e-04 8.29e-05 1.08e-04 3.91e-06 3.91e-04 3.25e-05 3.91e-04 3.91e-06 1.22e-05 2.25e-04 8.29e-05
29355 5.86500e+03 -4.48504e+00 2.94213e-04 1.15787e-04 1.44e-04 5.65e-07 7.87e-04 2.44e-05 5.15e-04 7.35e-08 6.03e-06 2.20e-04 1.16e-04 1.08e-04 3.91e-06 3.91e-04 3.25e-05 3.91e-04 3.91e-06 1.21e-05 2.25e-04 8.28e-05 1.08e-04 3.91e-06 3.91e-04 3.25e-05 3.91e-04 3.91e-06 1.21e-05 2.25e-04 8.28e-05
29405 5.87500e+03 -4.46335e+00 3.19347e-04 6.63268e-05 1.88e-04 5.43e-07 7.96e-04 3.65e-05 5.75e-04 7.65e-08 4.71e-06 2.54e-04 6.63e-05 1.09e-04 3.90e-06 3.90e-04 3.24e-05 3.90e-04 3.90e-06 1.21e-05 2.24e-04 8.26e-05 1.09e-04 3.90e-06 3.90e-04 3.24e-05 3.90e-04 3.90e-06 1.21e-05 2.24e-04 8.26e-05
29455 5.88500e+03 -4.44429e+00 3.14728e-04 1.38082e-04 1.71e-04 5.41e-07 8.26e-04 3.34e-05 5.43e-04 5.77e-08 3.40e-06 2.21e-04 1.38e-04 1.09e-04 3.90e-06 3.90e-04 3.24e-05 3.90e-04 3.90e-06 1.21e-05 2.24e-04 8.24e-05 1.09e-04 3.90e-06 3.90e-04 3.24e-05 3.90e-04 3.90e-06 1.21e-05 2.24e-04 8.24e-05
29505 5.89500e+03 -4.33111e+00 3.32813e-04 1.70402e-04 2.05e-04 5.40e-07 8.27e-04 2.59e-05 6.06e-04 7.58e-08 2.21e-05 1.86e-04 1.70e-04 1.09e-04 3.90e-06 3.90e-04 3.25e-05 3.90e-04 3.90e-06 1.20e-05 2.24e-04 8.24e-05 1.09e-04 3.90e-06 3.90e-04 3.25e-05 3.90e-04 3.90e-06 1.20e-05 2.24e-04 8.24e-05
29555 5.90500e+03 -4.45697e+00 3.37677e-04 7.00876e-05 2.13e-04 5.70e-07 8.55e-04 3.29e-05 5.86e-04 6.05e-08 5.11e-06 1.97e-04 7.01e-05 1.10e-04 3.90e-06 3.90e-04 3.25e-05 3.90e-04 3.89e-06 1.20e-05 2.24e-04 8.23e-05 1.10e-04 3.90e-06 3.90e-04 3.25e-05 3.90e-04 3.90e-06 1.20e-05 2.24e-04 8.23e-05
29605 5.91500e+03 -4.51911e+00 3.13200e-04 5.95028e-05 1.42e-04 5.56e-07 7.91e-04 2.78e-05 6.05e-04 9.28e-08 3.96e-06 2.04e-04 5.95e-05 1.10e-04 3.89e-06 3.89e-04 3.25e-05 3.89e-04 3.89e-06 1.20e-05 2.24e-04 8.23e-05 1.10e-04 3.89e-06 3.89e-04 3.25e-05 3.89e-04 3.89e-06 1.20e-05 2.24e-04 8.23e-05
29655 5.92500e+03 -4.51154e+00 3.12501e-04 2.15123e-05 1.67e-04 5.63e-07 8.16e-04 2.78e-05 5.51e-04 6.58e-08 8.29e-06 2.24e-04 2.15e-05 1.10e-04 3.89e-06 3.89e-04 3.25e-05 3.89e-04 3.89e-06 1.19e-05 2.24e-04 8.22e-05 1.10e-04 3.89e-06 3.89e-04 3.25e-05 3.89e-04 3.89e-06 1.19e-05 2.24e-04 8.22e-05
29705 5.93500e+03 -4.45361e+00 3.39477e-04 2.80198e-05 2.99e-04 6.25e-07 8.46e-04 2.78e-05 5.24e-04 8.59e-08 5.11e-06 2.28e-04 2.80e-05 1.11e-04 3.89e-06 3.89e-04 3.25e-05 3.89e-04 3.89e-06 1.19e-05 2.24e-04 8.21e-05 1.11e-04 3.89e-06 3.89e-04 3.25e-05 3.89e-04 3.89e-06 1.19e-05 2.24e-04 8.21e-05
29755 5.94500e+03 -4.56107e+00 3.01775e-04 6.43118e-06 1.69e-04 5.39e-07 7.69e-04 2.62e-05 5.44e-04 1.02e-07 2.86e-06 2.08e-04 6.43e-06 1.11e-04 3.88e-06 3.89e-04 3.25e-05 3.89e-04 3.88e-06 1.19e-05 2.24e-04 8.19e-05 1.11e-04 3.89e-06 3.89e-04 3.25e-05 3.89e-04 3.89e-06 1.19e-05 2.24e-04 8.19e-05
29805 5.95500e+03 -4.24983e+00 4.04629e-04 7.08776e-05 6.46e-04 5.84e-07 7.65e-04 3.08e-05 5.81e-04 8.02e-08 7.04e-06 1.99e-04 7.09e-05 1.12e-04 3.88e-06 3.88e-04 3.24e-05 3.88e-04 3.88e-06 1.18e-05 2.24e-04 8.16e-05 1.12e-04 3.88e-06 3.88e-04 3.24e-05 3.88e-04 3.88e-06 1.18e-05 2.24e-04 8.16e-05
29855 5.96500e+03 -4.42688e+00 3.19477e-04 1.05059e-04 2.13e-04 5.25e-07 7.93e-04 2.94e-05 5.61e-04 1.24e-07 1.17e-05 1.79e-04 1.05e-04 1.12e-04 3.88e-06 3.88e-04 3.24e-05 3.88e-04 3.88e-06 1.18e-05 2.23e-04 8.14e-05 1.12e-04 3.88e-06 3.88e-04 3.24e-05 3.88e-04 3.88e-06 1.18e-05 2.23e-04 8.14e-05
29905 5.97500e+03 -4.52484e+00 3.26258e-04 1.08412e-05 2.26e-04 5.28e-07 8.14e-04 2.56e-05 5.65e-04 1.39e-07 3.37e-06 1.88e-04 1.08e-05 1.12e-04 3.88e-06 3.88e-04 3.24e-05 3.88e-04 3.88e-06 1.17e-05 2.23e-04 8.13e-05 1.12e-04 3.88e-06 3.88e-04 3.24e-05 3.88e-04 3.88e-06 1.17e-05 2.23e-04 8.13e-05
29955 5.98500e+03 -4.38871e+00 3.16199e-04 1.21763e-05 2.29e-04 5.39e-07 7.82e-04 2.65e-05 5.44e-04 7.26e-08 3.19e-05 2.12e-04 1.22e-05 1.13e-04 3.87e-06 3.88e-04 3.24e-05 3.88e-04 3.87e-06 1.17e-05 2.23e-04 8.10e-05 1.13e-04 3.88e-06 3.88e-04 3.24e-05 3.88e-04 3.88e-06 1.17e-05 2.23e-04 8.10e-05
30005 5.99400e+03 -4.51293e+00 3.14133e-04 3.76538e-05 1.31e-04 5.68e-07 8.13e-04 3.52e-05 5.91e-04 1.93e-07 4.02e-06 2.55e-04 3.77e-05 1.13e-04 3.87e-06 3.87e-04 3.23e-05 3.87e-04 3.87e-06 1.17e-05 2.23e-04 8.08e-05 1.13e-04 3.87e-06 3.87e-04 3.23e-05 3.87e-04 3.87e-06 1.17e-05 2.23e-04 8.08e-05
30055 6.00400e+03 -4.34020e+00 3.79323e-04 2.27803e-05 5.14e-04 5.93e-07 8.28e-04 3.26e-05 5.22e-04 5.56e-08 9.03e-06 1.97e-04 2.28e-05 1.14e-04 3.87e-06 3.87e-04 3.23e-05 3.87e-04 3.87e-06 1.16e-05 2.23e-04 8.06e-05 1.14e-04 3.87e-06 3.87e-04 3.23e-05 3.87e-04 3.87e-06 1.16e-05 2.23e-04 8.06e-05
30105 6.01400e+03 -4.17782e+00 4.68564e-04 4.21768e-05 7.85e-04 5.88e-07 8.81e-04 3.92e-05 6.38e-04 9.00e-08 4.14e-06 2.18e-04 4.22e-05 1.14e-04 3.87e-06 3.87e-04 3.24e-05 3.87e-04 3.87e-06 1.16e-05 2.23e-04 8.05e-05 1.14e-04 3.87e-06 3.87e-04 3.24e-05 3.87e-04 3.87e-06 1.16e-05 2.23e-04 8.05e-05
30155 6.02400e+03 -4.47923e+00 3.30655e-04 2.27629e-05 2.54e-04 5.60e-07 8.17e-04 2.75e-05 5.54e-04 1.68e-07 7.32e-06 2.04e-04 2.28e-05 1.14e-04 3.86e-06 3.87e-04 3.23e-05 3.87e-04 3.87e-06 1.16e-05 2.23e-04 8.04e-05 1.14e-04 3.87e-06 3.87e-04 3.23e-05 3.87e-04 3.87e-06 1.16e-05 2.23e-04 8.04e-05
30205 6.03400e+03 -4.47644e+00 3.21090e-04 3.00868e-05 1.99e-04 5.51e-07 8.17e-04 4.50e-05 5.44e-04 1.21e-07 4.47e-06 2.47e-04 3.01e-05 1.15e-04 3.86e-06 3.86e-04 3.23e-05 3.86e-04 3.86e-06 1.15e-05 2.23e-04 8.02e-05 1.15e-04 3.86e-06 3.86e-04 3.23e-05 3.86e-04 3.86e-06 1.15e-05 2.23e-04 8.02e-05
30255 6.04400e+03 -4.48960e+00 3.19205e-04 3.00288e-05 1.77e-04 5.55e-07 8.15e-04 4.48e-05 5.58e-04 7.77e-08 4.86e-06 2.27e-04 3.00e-05 1.15e-04 3.86e-06 3.86e-04 3.24e-05 3.86e-04 3.86e-06 1.15e-05 2.23e-04 8.00e-05 1.15e-04 3.86e-06 3.86e-04 3.24e-05 3.86e-04 3.86e-06 1.15e-05 2.23e-04 8.00e-05
30305 6.05400e+03 -4.43462e+00 3.34024e-04 4.17195e-05 2.13e-04 5.51e-07 8.52e-04 2.56e-05 5.79e-04 7.22e-08 1.66e-05 2.17e-04 4.17e-05 1.16e-04 3.86e-06 3.86e-04 3.23e-05 3.86e-04 3.86e-06 1.15e-05 2.23e-04 7.97e-05 1.16e-04 3.86e-06 3.86e-04 3.23e-05 3.86e-04 3.86e-06 1.15e-05 2.23e-04 7.97e-05
30355 6.06400e+03 -4.39294e+00 3.53758e-04 6.44518e-05 3.21e-04 5.27e-07 8.76e-04 4.24e-05 5.28e-04 9.99e-08 5.09e-06 2.38e-04 6.45e-05 1.16e-04 3.86e-06 3.86e-04 3.22e-05 3.86e-04 3.85e-06 1.15e-05 2.23e-04 7.97e-05 1.16e-04 3.86e-06 3.86e-04 3.22e-05 3.86e-04 3.86e-06 1.15e-05 2.23e-04 7.97e-05
30405 6.07400e+03 -4.37791e+00 3.68902e-04 8.76828e-05 3.91e-04 5.29e-07 8.75e-04 2.78e-05 5.51e-04 1.02e-07 3.66e-06 2.18e-04 8.77e-05 1.17e-04 3.85e-06 3.85e-04 3.23e-05 3.85e-04 3.85e-06 1.14e-05 2.23e-04 7.94e-05 1.17e-04 3.85e-06 3.85e-04 3.23e-05 3.85e-04 3.85e-06 1.14e-05 2.23e-04 7.94e-05
30455 6.08400e+03 -4.45695e+00 3.30556e-04 7.22869e-05 2.28e-04 5.27e-07 8.51e-04 2.76e-05 5.45e-04 1.38e-07 7.56e-06 1.96e-04 7.23e-05 1.17e-04 3.85e-06 3.85e-04 3.23e-05 3.85e-04 3.85e-06 1.14e-05 2.23e-04 7.94e-05 1.17e-04 3.85e-06 3.85e-04 3.23e-05 3.85e-04 3.85e-06 1.14e-05 2.23e-04 7.94e-05
30505 6.09400e+03 -4.50459e+00 3.22639e-04 1.71377e-05 2.10e-04 5.08e-07 7.95e-04 3.75e-05 5.70e-04 6.33e-08 4.26e-06 2.15e-04 1.71e-05 1.18e-04 3.85e-06 3.85e-04 3.22e-05 3.85e-04 3.85e-06 1.14e-05 2.23e-04 7.94e-05 1.18e-04 3.85e-06 3.85e-04 3.22e-05 3.85e-04 3.85e-06 1.14e-05 2.23e-04 7.94e-05
30555 6.10400e+03 -4.45458e+00 3.48021e-04 1.93316e-05 1.86e-04 5.58e-07 8.87e-04 2.58e-05 6.41e-04 6.65e-08 1.57e-05 2.15e-04 1.93e-05 1.18e-04 3.85e-06 3.85e-04 3.22e-05 3.85e-04 3.85e-06 1.14e-05 2.22e-04 7.92e-05 1.18e-04 3.85e-06 3.85e-04 3.22e-05 3.85e-04 3.85e-06 1.14e-05 2.22e-04 7.92e-05
30605 6.11400e+03 -4.54153e+00 3.02889e-04 1.04226e-05 1.94e-04 5.27e-07 7.85e-04 2.94e-05 5.05e-04 6.44e-08 3.53e-06 2.30e-04 1.04e-05 1.18e-04 3.84e-06 3.85e-04 3.22e-05 3.85e-04 3.84e-06 1.14e-05 2.23e-04 7.92e-05 1.18e-04 3.85e-06 3.85e-04 3.22e-05 3.85e-04 3.85e-06 1.14e-05 2.23e-04 7.92e-05
30655 6.12400e+03 -4.34874e+00 3.53659e-04 1.41608e-04 3.27e-04 6.06e-07 8.26e-04 2.96e-05 5.85e-04 4.64e-08 7.89e-06 2.24e-04 1.42e-04 1.19e-04 3.84e-06 3.84e-04 3.22e-05 3.84e-04 3.84e-06 1.13e-05 2.23e-04 7.90e-05 1.19e-04 3.84e-06 3.84e-04 3.22e-05 3.84e-04 3.84e-06 1.13e-05 2.23e-04 7.90e-05
30705 6.13400e+03 -4.33651e+00 3.71220e-04 7.07511e-05 3.60e-04 6.70e-07 8.62e-04 3.36e-05 6.00e-04 3.80e-07 1.48e-05 1.98e-04 7.08e-05 1.19e-04 3.84e-06 3.84e-04 3.21e-05 3.84e-04 3.84e-06 1.13e-05 2.22e-04 7.89e-05 1.19e-04 3.84e-06 3.84e-04 3.21e-05 3.84e-04 3.84e-06 1.13e-05 2.22e-04 7.89e-05
30755 6.14400e+03 -4.43002e+00 3.45992e-04 1.71636e-05 2.94e-04 5.42e-07 8.40e-04 3.20e-05 5.64e-04 8.14e-08 1.13e-05 2.38e-04 1.72e-05 1.20e-04 3.84e-06 3.84e-04 3.21e-05 3.84e-04 3.84e-06 1.13e-05 2.22e-04 7.89e-05 1.20e-04 3.84e-06 3.84e-04 3.21e-05 3.84e-04 3.84e-06 1.13e-05 2.22e-04 7.89e-05
30805 6.15400e+03 -4.40015e+00 3.38606e-04 6.17539e-05 2.65e-04 5.35e-07 8.21e-04 3.45e-05 5.73e-04 9.06e-08 1.34e-05 2.34e-04 6.18e-05 1.20e-04 3.84e-06 3.84e-04 3.21e-05 3.84e-04 3.84e-06 1.13e-05 2.23e-04 7.89e-05 1.20e-04 3.84e-06 3.84e-04 3.21e-05 3.84e-04 3.84e-06 1.13e-05 2.23e-04 7.89e-05
30855 6.16400e+03 -4.46681e+00 3.16367e-04 6.61302e-05 1.95e-04 5.91e-07 7.85e-04 4.01e-05 5.61e-04 8.45e-08 3.64e-06 2.62e-04 6.61e-05 1.21e-04 3.83e-06 3.84e-04 3.20e-05 3.84e-04 3.84e-06 1.13e-05 2.23e-04 7.88e-05 1.21e-04 3.84e-06 3.84e-04 3.20e-05 3.84e-04 3.84e-06 1.13e-05 2.23e-04 7.88e-05
30905 6.17400e+03 -4.48179e+00 3.24492e-04 3.74019e-05 2.15e-04 5.53e-07 8.17e-04 3.80e-05 5.52e-04 8.13e-08 6.32e-06 1.98e-04 3.74e-05 1.21e-04 3.83e-06 3.83e-04 3.19e-05 3.83e-04 3.83e-06 1.13e-05 2.23e-04 7.87e-05 1.21e-04 3.83e-06 3.83e-04 3.19e-05 3.83e-04 3.83e-06 1.13e-05 2.23e-04 7.87e-05
30955 6.18400e+03 -4.47388e+00 3.30327e-04 4.44285e-05 2.14e-04 5.79e-07 8.16e-04 2.61e-05 5.95e-04 5.50e-08 9.69e-06 2.05e-04 4.44e-05 1.22e-04 3.83e-06 3.83e-04 3.19e-05 3.83e-04 3.83e-06 1.13e-05 2.23e-04 7.85e-05 1.22e-04 3.83e-06 3.83e-04 3.19e-05 3.83e-04 3.83e-06 1.13e-05 2.23e-04 7.85e-05
31005 6.19400e+03 -4.49558e+00 3.28914e-04 1.38792e-05 1.78e-04 5.22e-07 8.63e-04 4.55e-05 5.58e-04 8.27e-08 4.47e-06 2.36e-04 1.39e-05 1.22e-04 3.83e-06 3.83e-04 3.19e-05 3.83e-04 3.83e-06 1.12e-05 2.23e-04 7.84e-05 1.22e-04 3.83e-06 3.83e-04 3.19e-05 3.83e-04 3.83e-06 1.12e-05 2.23e-04 7.84e-05
31055 6.20400e+03 -4.43896e+00 3.29095e-04 1.07961e-04 1.75e-04 4.94e-07 8.90e-04 2.81e-05 5.52e-04 1.19e-07 9.07e-06 2.18e-04 1.08e-04 1.23e-04 3.83e-06 3.83e-04 3.19e-05 3.83e-04 3.83e-06 1.12e-05 2.23e-04 7.83e-05 1.23e-04 3.83e-06 3.83e-04 3.19e-05 3.83e-04 3.83e-06 1.12e-05 2.23e-04 7.83e-05
31105 6.21400e+03 -4.51752e+00 3.14813e-04 1.59722e-05 1.88e-04 4.91e-07 8.53e-04 3.07e-05 5.01e-04 9.00e-08 4.95e-06 2.58e-04 1.60e-05 1.23e-04 3.82e-06 3.83e-04 3.18e-05 3.83e-04 3.82e-06 1.12e-05 2.23e-04 7.81e-05 1.23e-04 3.83e-06 3.83e-04 3.18e-05 3.83e-04 3.83e-06 1.12e-05 2.23e-04 7.81e-05
31155 6.22400e+03 -4.45902e+00 2.94785e-04 1.01112e-04 1.74e-04 5.76e-07 7.47e-04 2.78e-05 5.25e-04 6.66e-08 1.12e-05 2.16e-04 1.01e-04 1.23e-04 3.82e-06 3.82e-04 3.18e-05 3.82e-04 3.82e-06 1.12e-05 2.24e-04 7.79e-05 1.23e-04 3.82e-06 3.82e-04 3.18e-05 3.82e-04 3.82e-06 1.12e-05 2.24e-04 7.79e-05
31205 6.23400e+03 -4.35495e+00 3.91055e-04 3.14932e-05 5.60e-04 5.79e-07 8.13e-04 2.87e-05 5.54e-04 7.63e-08 4.75e-06 2.04e-04 3.15e-05 1.23e-04 3.82e-06 3.82e-04 3.18e-05 3.82e-04 3.82e-06 1.12e-05 2.24e-04 7.78e-05 1.23e-04 3.82e-06 3.82e-04 3.18e-05 3.82e-04 3.82e-06 1.12e-05 2.24e-04 7.78e-05
31255 6.24400e+03 -4.52385e+00 3.13085e-04 2.26579e-05 2.31e-04 5.02e-07 7.64e-04 2.43e-05 5.45e-04 8.79e-08 3.95e-06 2.31e-04 2.27e-05 1.24e-04 3.82e-06 3.82e-04 3.18e-05 3.82e-04 3.82e-06 1.11e-05 2.24e-04 7.75e-05 1.24e-04 3.82e-06 3.82e-04 3.18e-05 3.82e-04 3.82e-06 1.11e-05 2.24e-04 7.75e-05
31305 6.25400e+03 -4.47665e+00 3.20560e-04 4.01488e-05 1.74e-04 5.82e-07 7.62e-04 3.91e-05 6.27e-04 8.27e-08 7.39e-06 2.49e-04 4.01e-05 1.24e-04 3.81e-06 3.82e-04 3.17e-05 3.82e-04 3.82e-06 1.11e-05 2.24e-04 7.74e-05 1.24e-04 3.82e-06 3.82e-04 3.17e-05 3.82e-04 3.82e-06 1.11e-05 2.24e-04 7.74e-05
31355 6.26400e+03 -4.51377e+00 3.23624e-04 3.99052e-05 1.97e-04 5.12e-07 8.69e-04 2.69e-05 5.24e-04 6.93e-08 4.50e-06 2.06e-04 3.99e-05 1.25e-04 3.81e-06 3.81e-04 3.17e-05 3.81e-04 3.81e-06 1.11e-05 2.25e-04 7.73e-05 1.25e-04 3.81e-06 3.81e-04 3.17e-05 3.81e-04 3.81e-06 1.11e-05 2.25e-04 7.73e-05
31405 6.27400e+03 -4.47484e+00 3.23612e-04 6.33964e-05 1.76e-04 5.13e-07 8.31e-04 2.38e-05 5.87e-04 1.07e-07 9.29e-06 2.42e-04 6.34e-05 1.25e-04 3.81e-06 3.81e-04 3.17e-05 3.81e-04 3.81e-06 1.10e-05 2.24e-04 7.71e-05 1.25e-04 3.81e-06 3.81e-04 3.17e-05 3.81e-04 3.81e-06 1.10e-05 2.24e-04 7.71e-05
31455 6.28400e+03 -4.51859e+00 3.15032e-04 5.55272e-05 1.69e-04 5.13e-07 7.90e-04 2.49e-05 5.90e-04 9.88e-08 4.06e-06 2.22e-04 5.55e-05 1.25e-04 3.81e-06 3.81e-04 3.17e-05 3.81e-04 3.81e-06 1.10e-05 2.25e-04 7.70e-05 1.25e-04 3.81e-06 3.81e-04 3.17e-05 3.81e-04 3.81e-06 1.10e-05 2.25e-04 7.70e-05
31505 6.29400e+03 -4.45444e+00 3.42218e-04 6.06617e-05 2.98e-04 5.17e-07 8.31e-04 2.83e-05 5.53e-04 1.08e-07 4.23e-06 2.07e-04 6.07e-05 1.26e-04 3.81e-06 3.81e-04 3.16e-05 3.81e-04 3.81e-06 1.10e-05 2.25e-04 7.69e-05 1.26e-04 3.81e-06 3.81e-04 3.16e-05 3.81e-04 3.81e-06 1.10e-05 2.25e-04 7.69e-05
31555 6.30400e+03 -4.36429e+00 3.17155e-04 1.99876e-04 1.48e-04 5.11e-07 8.29e-04 4.36e-05 5.65e-04 9.39e-08 7.83e-06 2.46e-04 2.00e-04 1.26e-04 3.80e-06 3.80e-04 3.17e-05 3.81e-04 3.80e-06 1.10e-05 2.25e-04 7.67e-05 1.26e-04 3.81e-06 3.80e-04 3.17e-05 3.81e-04 3.81e-06 1.10e-05 2.25e-04 7.67e-05
31605 6.31400e+03 -4.48242e+00 3.52944e-04 1.03580e-05 1.68e-04 5.24e-07 8.46e-04 2.94e-05 7.21e-04 2.57e-07 9.74e-06 2.36e-04 1.04e-05 1.26e-04 3.80e-06 3.80e-04 3.17e-05 3.80e-04 3.80e-06 1.09e-05 2.25e-04 7.69e-05 1.26e-04 3.80e-06 3.80e-04 3.17e-05 3.80e-04 3.80e-06 1.09e-05 2.25e-04 7.69e-05
31655 6.32400e+03 -4.40503e+00 3.17338e-04 1.80325e-04 2.20e-04 5.25e-07 7.74e-04 2.53e-05 5.68e-04 8.31e-08 5.39e-06 2.23e-04 1.80e-04 1.27e-04 3.80e-06 3.80e-04 3.18e-05 3.80e-04 3.80e-06 1.09e-05 2.25e-04 7.70e-05 1.27e-04 3.80e-06 3.80e-04 3.18e-05 3.80e-04 3.80e-06 1.09e-05 2.25e-04 7.70e-05
31705 6.33400e+03 -4.48837e+00 3.13631e-04 1.95495e-05 1.75e-04 5.49e-07 8.24e-04 3.02e-05 5.38e-04 7.65e-08 1.39e-05 2.12e-04 1.95e-05 1.27e-04 3.80e-06 3.80e-04 3.17e-05 3.80e-04 3.80e-06 1.09e-05 2.25e-04 7.69e-05 1.27e-04 3.80e-06 3.80e-04 3.17e-05 3.80e-04 3.80e-06 1.09e-05 2.25e-04 7.69e-05
31755 6.34400e+03 -4.34470e+00 3.20657e-04 1.71605e-04 1.76e-04 5.09e-07 8.92e-04 3.49e-05 5.00e-04 8.05e-08 1.75e-05 2.24e-04 1.72e-04 1.28e-04 3.80e-06 3.80e-04 3.18e-05 3.80e-04 3.80e-06 1.09e-05 2.25e-04 7.67e-05 1.28e-04 3.80e-06 3.80e-04 3.18e-05 3.80e-04 3.80e-06 1.09e-05 2.25e-04 7.67e-05
31805 6.35400e+03 -4.48156e+00 3.21890e-04 6.64847e-05 2.34e-04 5.41e-07 8.16e-04 2.76e-05 5.31e-04 1.07e-07 4.85e-06 2.11e-04 6.65e-05 1.28e-04 3.80e-06 3.80e-04 3.18e-05 3.80e-04 3.80e-06 1.09e-05 2.26e-04 7.66e-05 1.28e-04 3.80e-06 3.80e-04 3.18e-05 3.80e-04 3.80e-06 1.09e-05 2.26e-04 7.66e-05
31855 6.36400e+03 -4.47300e+00 3.13860e-04 3.26194e-05 2.20e-04 5.62e-07 7.84e-04 3.63e-05 5.28e-04 8.28e-08 7.93e-06 2.67e-04 3.26e-05 1.29e-04 3.79e-06 3.80e-04 3.17e-05 3.79e-04 3.79e-06 1.09e-05 2.25e-04 7.65e-05 1.29e-04 3.80e-06 3.80e-04 3.17e-05 3.79e-04 3.80e-06 1.09e-05 2.25e-04 7.65e-05
31905 6.37400e+03 -4.43983e+00 2.97514e-04 9.92617e-05 1.78e-04 5.28e-07 7.48e-04 3.52e-05 5.26e-04 5.90e-08 9.57e-06 2.80e-04 9.93e-05 1.29e-04 3.79e-06 3.79e-04 3.18e-05 3.79e-04 3.79e-06 1.09e-05 2.26e-04 7.65e-05 1.29e-04 3.79e-06 3.79e-04 3.18e-05 3.79e-04 3.79e-06 1.09e-05 2.26e-04 7.65e-05
31955 6.38400e+03 -4.41936e+00 3.58450e-04 4.07643e-05 4.22e-04 5.06e-07 7.99e-04 2.51e-05 5.45e-04 6.26e-08 6.08e-06 2.15e-04 4.08e-05 1.30e-04 3.79e-06 3.79e-04 3.18e-05 3.79e-04 3.79e-06 1.08e-05 2.26e-04 7.64e-05 1.30e-04 3.79e-06 3.79e-04 3.18e-05 3.79e-04 3.79e-06 1.08e-05 2.26e-04 7.64e-05
32005 6.39400e+03 -4.40531e+00 3.40221e-04 1.88929e-04 1.78e-04 4.82e-07 8.55e-04 2.29e-05 6.45e-04 2.07e-07 4.40e-06 2.11e-04 1.89e-04 1.30e-04 3.79e-06 3.79e-04 3.17e-05 3.79e-04 3.79e-06 1.08e-05 2.25e-04 7.63e-05 1.30e-04 3.79e-06 3.79e-04 3.17e-05 3.79e-04 3.79e-06 1.08e-05 2.25e-04 7.63e-05
32055 6.40400e+03 -4.42882e+00 3.30507e-04 5.09235e-05 2.67e-04 4.89e-07 8.08e-04 2.23e-05 5.55e-04 6.94e-08 1.69e-05 2.03e-04 5.09e-05 1.31e-04 3.78e-06 3.79e-04 3.15e-05 3.79e-04 3.78e-06 1.08e-05 2.24e-04 7.62e-05 1.31e-04 3.79e-06 3.79e-04 3.15e-05 3.79e-04 3.79e-06 1.08e-05 2.24e-04 7.62e-05
32105 6.41400e+03 -4.17524e+00 3.76410e-04 1.70885e-04 5.19e-04 5.16e-07 8.00e-04 2.37e-05 5.39e-04 1.15e-07 2.74e-05 2.23e-04 1.71e-04 1.31e-04 3.78e-06 3.78e-04 3.13e-05 3.78e-04 3.78e-06 1.08e-05 2.23e-04 7.60e-05 1.31e-04 3.78e-06 3.78e-04 3.13e-05 3.78e-04 3.78e-06 1.08e-05 2.23e-04 7.60e-05
32155 6.42400e+03 -4.41591e+00 3.45546e-04 1.02103e-04 3.36e-04 4.73e-07 8.20e-04 2.51e-05 5.46e-04 3.59e-08 6.19e-06 1.93e-04 1.02e-04 1.32e-04 3.78e-06 3.78e-04 3.11e-05 3.78e-04 3.78e-06 1.07e-05 2.22e-04 7.61e-05 1.32e-04 3.78e-06 3.78e-04 3.11e-05 3.78e-04 3.78e-06 1.07e-05 2.22e-04 7.61e-05
32205 6.43400e+03 -4.50456e+00 3.21119e-04 8.60538e-05 1.89e-04 4.95e-07 8.35e-04 2.23e-05 5.59e-04 6.07e-08 3.24e-06 1.98e-04 8.61e-05 1.32e-04 3.78e-06 3.78e-04 3.08e-05 3.78e-04 3.78e-06 1.07e-05 2.20e-04 7.62e-05 1.32e-04 3.78e-06 3.78e-04 3.08e-05 3.78e-04 3.78e-06 1.07e-05 2.20e-04 7.62e-05
32255 6.44400e+03 -4.46838e+00 3.19475e-04 3.04285e-05 2.26e-04 5.04e-07 8.24e-04 2.50e-05 5.22e-04 9.07e-08 1.50e-05 2.04e-04 3.04e-05 1.33e-04 3.77e-06 3.78e-04 3.06e-05 3.78e-04 3.77e-06 1.07e-05 2.19e-04 7.62e-05 1.33e-04 3.78e-06 3.78e-04 3.06e-05 3.78e-04 3.78e-06 1.07e-05 2.19e-04 7.62e-05
32305 6.45400e+03 -4.51560e+00 3.09717e-04 4.22392e-05 1.99e-04 5.13e-07 7.90e-04 2.29e-05 5.37e-04 5.81e-08 8.21e-06 1.99e-04 4.22e-05 1.33e-04 3.77e-06 3.77e-04 3.04e-05 3.77e-04 3.77e-06 1.07e-05 2.18e-04 7.61e-05 1.33e-04 3.77e-06 3.77e-04 3.04e-05 3.77e-04 3.77e-06 1.07e-05 2.18e-04 7.61e-05
32355 6.46400e+03 -4.45745e+00 3.32229e-04 1.15034e-04 2.85e-04 5.01e-07 8.05e-04 1.90e-05 5.51e-04 5.09e-08 2.96e-06 1.98e-04 1.15e-04 1.34e-04 3.77e-06 3.77e-04 3.02e-05 3.77e-04 3.77e-06 1.06e-05 2.17e-04 7.61e-05 1.34e-04 3.77e-06 3.77e-04 3.02e-05 3.77e-04 3.77e-06 1.06e-05 2.17e-04 7.61e-05
32405 6.47400e+03 -4.37631e+00 3.43358e-04 1.87493e-04 3.29e-04 4.64e-07 8.29e-04 2.50e-05 5.33e-04 8.11e-08 3.23e-06 1.86e-04 1.87e-04 1.34e-04 3.77e-06 3.77e-04 3.00e-05 3.77e-04 3.77e-06 1.06e-05 2.16e-04 7.60e-05 1.34e-04 3.77e-06 3.77e-04 3.00e-05 3.77e-04 3.77e-06 1.06e-05 2.16e-04 7.60e-05
32455 6.48400e+03 -4.53694e+00 3.03998e-04 3.44063e-05 2.13e-04 5.00e-07 7.75e-04 2.06e-05 5.11e-04 9.44e-08 5.26e-06 2.16e-04 3.44e-05 1.35e-04 3.77e-06 3.77e-04 2.98e-05 3.77e-04 3.77e-06 1.06e-05 2.15e-04 7.61e-05 1.35e-04 3.77e-06 3.77e-04 2.98e-05 3.77e-04 3.77e-06 1.06e-05 2.15e-04 7.61e-05
32505 6.49400e+03 -4.56160e+00 3.20180e-04 1.46293e-05 1.97e-04 4.89e-07 8.21e-04 2.14e-05 5.61e-04 4.75e-08 3.93e-06 1.72e-04 1.46e-05 1.35e-04 3.76e-06 3.76e-04 2.96e-05 3.76e-04 3.76e-06 1.06e-05 2.14e-04 7.61e-05 1.35e-04 3.76e-06 3.76e-04 2.96e-05 3.76e-04 3.76e-06 1.06e-05 2.14e-04 7.61e-05
32555 6.50400e+03 -4.51794e+00 3.35645e-04 2.60771e-05 2.34e-04 5.27e-07 8.71e-04 2.18e-05 5.50e-04 1.05e-07 4.52e-06 2.08e-04 2.61e-05 1.35e-04 3.76e-06 3.76e-04 2.95e-05 3.76e-04 3.76e-06 1.06e-05 2.13e-04 7.62e-05 1.35e-04 3.76e-06 3.76e-04 2.95e-05 3.76e-04 3.76e-06 1.06e-05 2.13e-04 7.62e-05
32605 6.51400e+03 -4.42655e+00 3.38517e-04 1.05074e-04 3.15e-04 5.02e-07 8.28e-04 1.75e-05 5.32e-04 4.48e-08 9.45e-06 1.83e-04 1.05e-04 1.36e-04 3.76e-06 3.76e-04 2.93e-05 3.76e-04 3.76e-06 1.06e-05 2.12e-04 7.61e-05 1.36e-04 3.76e-06 3.76e-04 2.93e-05 3.76e-04 3.76e-06 1.06e-05 2.12e-04 7.61e-05
32655 6.52400e+03 -4.48332e+00 3.13606e-04 1.21935e-04 2.20e-04 5.21e-07 8.03e-04 1.82e-05 5.26e-04 1.30e-07 4.78e-06 1.70e-04 1.22e-04 1.37e-04 3.76e-06 3.76e-04 2.91e-05 3.76e-04 3.76e-06 1.05e-05 2.11e-04 7.60e-05 1.37e-04 3.76e-06 3.76e-04 2.91e-05 3.76e-04 3.76e-06 1.05e-05 2.11e-04 7.60e-05
32705 6.53400e+03 -4.45818e+00 3.09880e-04 2.23460e-05 2.66e-04 4.89e-07 7.59e-04 1.81e-05 5.06e-04 6.16e-08 2.17e-05 1.75e-04 2.23e-05 1.37e-04 3.75e-06 3.76e-04 2.89e-05 3.76e-04 3.75e-06 1.05e-05 2.10e-04 7.60e-05 1.37e-04 3.76e-06 3.76e-04 2.89e-05 3.76e-04 3.76e-06 1.05e-05 2.10e-04 7.60e-05
32755 6.54400e+03 -4.51717e+00 3.23300e-04 3.97915e-05 2.52e-04 4.63e-07 8.01e-04 1.80e-05 5.45e-04 6.90e-08 5.78e-06 2.02e-04 3.98e-05 1.38e-04 3.75e-06 3.75e-04 2.87e-05 3.75e-04 3.75e-06 1.05e-05 2.10e-04 7.59e-05 1.38e-04 3.75e-06 3.75e-04 2.87e-05 3.75e-04 3.75e-06 1.05e-05 2.10e-04 7.59e-05
32805 6.55400e+03 -4.47552e+00 3.47356e-04 3.97856e-05 3.71e-04 4.78e-07 8.03e-04 1.65e-05 5.46e-04 8.19e-08 5.41e-06 1.94e-04 3.98e-05 1.38e-04 3.75e-06 3.75e-04 2.85e-05 3.75e-04 3.75e-06 1.05e-05 2.09e-04 7.58e-05 1.38e-04 3.75e-06 3.75e-04 2.85e-05 3.75e-04 3.75e-06 1.05e-05 2.09e-04 7.58e-05
32855 6.56400e+03 -4.53762e+00 3.17622e-04 2.47873e-05 1.86e-04 4.95e-07 8.14e-04 2.02e-05 5.68e-04 8.40e-08 7.62e-06 1.94e-04 2.48e-05 1.38e-04 3.75e-06 3.75e-04 2.84e-05 3.75e-04 3.75e-06 1.05e-05 2.08e-04 7.56e-05 1.38e-04 3.75e-06 3.75e-04 2.84e-05 3.75e-04 3.75e-06 1.05e-05 2.08e-04 7.56e-05
32905 6.57400e+03 -4.51897e+00 3.10193e-04 2.65574e-05 1.85e-04 4.77e-07 7.91e-04 1.82e-05 5.57e-04 9.86e-08 1.25e-05 1.98e-04 2.66e-05 1.39e-04 3.74e-06 3.75e-04 2.82e-05 3.75e-04 3.74e-06 1.04e-05 2.07e-04 7.56e-05 1.39e-04 3.75e-06 3.75e-04 2.82e-05 3.75e-04 3.75e-06 1.04e-05 2.07e-04 7.56e-05
32955 6.58400e+03 -4.42953e+00 3.21998e-04 5.03227e-05 2.32e-04 4.71e-07 8.19e-04 2.37e-05 5.34e-04 6.71e-08 2.13e-05 1.78e-04 5.03e-05 1.39e-04 3.74e-06 3.74e-04 2.80e-05 3.74e-04 3.74e-06 1.04e-05 2.06e-04 7.55e-05 1.39e-04 3.74e-06 3.74e-04 2.80e-05 3.74e-04 3.74e-06 1.04e-05 2.06e-04 7.55e-05
33005 6.59400e+03 -4.44938e+00 3.35086e-04 8.54609e-05 2.71e-04 5.87e-07 8.06e-04 1.91e-05 5.79e-04 4.50e-08 1.04e-05 1.81e-04 8.55e-05 1.40e-04 3.74e-06 3.74e-04 2.79e-05 3.74e-04 3.74e-06 1.04e-05 2.06e-04 7.54e-05 1.40e-04 3.74e-06 3.74e-04 2.79e-05 3.74e-04 3.74e-06 1.04e-05 2.06e-04 7.54e-05
33055 6.60400e+03 -4.55561e+00 3.15338e-04 3.23498e-05 2.08e-04 5.09e-07 8.15e-04 2.00e-05 5.33e-04 6.79e-08 3.53e-06 1.78e-04 3.23e-05 1.40e-04 3.74e-06 3.74e-04 2.77e-05 3.74e-04 3.74e-06 1.04e-05 2.05e-04 7.54e-05 1.40e-04 3.74e-06 3.74e-04 2.77e-05 3.74e-04 3.74e-06 1.04e-05 2.05e-04 7.54e-05
33105 6.61400e+03 -4.50980e+00 3.25407e-04 2.82555e-05 2.51e-04 5.57e-07 8.32e-04 1.92e-05 5.24e-04 7.69e-08 9.24e-06 1.83e-04 2.83e-05 1.41e-04 3.74e-06 3.74e-04 2.76e-05 3.74e-04 3.74e-06 1.03e-05 2.04e-04 7.53e-05 1.41e-04 3.74e-06 3.74e-04 2.76e-05 3.74e-04 3.74e-06 1.03e-05 2.04e-04 7.53e-05
33155 6.62400e+03 -4.52349e+00 3.02710e-04 1.04699e-04 1.88e-04 4.88e-07 7.57e-04 1.58e-05 5.53e-04 7.74e-08 3.77e-06 1.80e-04 1.05e-04 1.41e-04 3.73e-06 3.74e-04 2.74e-05 3.74e-04 3.74e-06 1.03e-05 2.03e-04 7.53e-05 1.41e-04 3.74e-06 3.74e-04 2.74e-05 3.74e-04 3.74e-06 1.03e-05 2.03e-04 7.53e-05
33205 6.63400e+03 -4.35422e+00 3.32189e-04 2.69957e-04 2.28e-04 5.10e-07 8.38e-04 2.41e-05 5.70e-04 3.84e-08 3.66e-06 1.85e-04 2.70e-04 1.42e-04 3.73e-06 3.73e-04 2.73e-05 3.73e-04 3.73e-06 1.03e-05 2.02e-04 7.54e-05 1.42e-04 3.73e-06 3.73e-04 2.73e-05 3.73e-04 3.73e-06 1.03e-05 2.02e-04 7.54e-05
33255 6.64400e+03 -4.51699e+00 3.21244e-04 5.08943e-05 2.49e-04 5.52e-07 7.92e-04 1.69e-05 5.47e-04 7.90e-08 5.79e-06 1.95e-04 5.09e-05 1.43e-04 3.73e-06 3.73e-04 2.71e-05 3.73e-04 3.73e-06 1.03e-05 2.01e-04 7.53e-05 1.43e-04 3.73e-06 3.73e-04 2.71e-05 3.73e-04 3.73e-06 1.03e-05 2.01e-04 7.53e-05
33305 6.65400e+03 -4.48094e+00 3.32504e-04 6.00741e-05 2.19e-04 4.93e-07 8.50e-04 1.75e-05 5.75e-04 8.59e-08 1.21e-05 1.74e-04 6.01e-05 1.43e-04 3.73e-06 3.73e-04 2.70e-05 3.73e-04 3.73e-06 1.03e-05 2.01e-04 7.53e-05 1.43e-04 3.73e-06 3.73e-04 2.70e-05 3.73e-04 3.73e-06 1.03e-05 2.01e-04 7.53e-05
33355 6.66400e+03 -4.46267e+00 3.54497e-04 4.07083e-05 3.83e-04 4.82e-07 8.06e-04 1.67e-05 5.67e-04 6.23e-08 7.78e-06 1.84e-04 4.07e-05 1.44e-04 3.73e-06 3.73e-04 2.68e-05 3.73e-04 3.73e-06 1.03e-05 2.00e-04 7.54e-05 1.44e-04 3.73e-06 3.73e-04 2.68e-05 3.73e-04 3.73e-06 1.03e-05 2.00e-04 7.54e-05
33405 6.67400e+03 -4.49665e+00 3.09877e-04 1.27549e-04 2.11e-04 5.15e-07 8.01e-04 1.76e-05 5.20e-04 7.80e-08 3.17e-06 1.80e-04 1.28e-04 1.44e-04 3.72e-06 3.73e-04 2.67e-05 3.73e-04 3.72e-06 1.02e-05 1.99e-04 7.54e-05 1.44e-04 3.73e-06 3.73e-04 2.67e-05 3.73e-04 3.73e-06 1.02e-05 1.99e-04 7.54e-05
33455 6.68400e+03 -4.58439e+00 3.02608e-04 3.58954e-05 1.91e-04 5.13e-07 7.57e-04 1.60e-05 5.49e-04 1.16e-07 3.21e-06 1.54e-04 3.59e-05 1.44e-04 3.72e-06 3.72e-04 2.65e-05 3.72e-04 3.72e-06 1.02e-05 1.99e-04 7.52e-05 1.44e-04 3.72e-06 3.72e-04 2.65e-05 3.72e-04 3.72e-06 1.02e-05 1.99e-04 7.52e-05
33505 6.69400e+03 -4.50806e+00 3.21225e-04 4.76721e-05 2.83e-04 5.02e-07 7.52e-04 1.67e-05 5.54e-04 5.70e-08 7.20e-06 1.91e-04 4.77e-05 1.45e-04 3.72e-06 3.72e-04 2.64e-05 3.72e-04 3.72e-06 1.02e-05 1.98e-04 7.51e-05 1.45e-04 3.72e-06 3.72e-04 2.64e-05 3.72e-04 3.72e-06 1.02e-05 1.98e-04 7.51e-05
33555 6.70400e+03 -4.51670e+00 3.05748e-04 1.17477e-04 1.80e-04 4.91e-07 7.91e-04 1.53e-05 5.42e-04 1.41e-07 3.42e-06 1.84e-04 1.17e-04 1.46e-04 3.72e-06 3.72e-04 2.62e-05 3.72e-04 3.72e-06 1.02e-05 1.97e-04 7.49e-05 1.46e-04 3.72e-06 3.72e-04 2.62e-05 3.72e-04 3.72e-06 1.02e-05 1.97e-04 7.49e-05
33605 6.71400e+03 -4.53059e+00 3.12545e-04 7.96401e-05 1.84e-04 4.38e-07 7.99e-04 1.78e-05 5.61e-04 7.76e-08 3.26e-06 2.05e-04 7.96e-05 1.46e-04 3.71e-06 3.72e-04 2.61e-05 3.72e-04 3.71e-06 1.01e-05 1.96e-04 7.48e-05 1.46e-04 3.72e-06 3.72e-04 2.61e-05 3.72e-04 3.72e-06 1.01e-05 1.96e-04 7.48e-05
33655 6.72400e+03 -4.54075e+00 3.16595e-04 4.47784e-05 2.00e-04 4.82e-07 8.22e-04 1.97e-05 5.41e-04 8.08e-08 4.56e-06 1.97e-04 4.48e-05 1.46e-04 3.71e-06 3.71e-04 2.59e-05 3.71e-04 3.71e-06 1.01e-05 1.95e-04 7.47e-05 1.46e-04 3.71e-06 3.71e-04 2.59e-05 3.71e-04 3.71e-06 1.01e-05 1.95e-04 7.47e-05
33705 6.73400e+03 -4.50560e+00 3.11274e-04 8.61372e-05 2.37e-04 4.80e-07 7.61e-04 1.97e-05 5.39e-04 5.74e-08 5.78e-06 1.75e-04 8.61e-05 1.47e-04 3.71e-06 3.71e-04 2.58e-05 3.71e-04 3.71e-06 1.01e-05 1.95e-04 7.46e-05 1.47e-04 3.71e-06 3.71e-04 2.58e-05 3.71e-04 3.71e-06 1.01e-05 1.95e-04 7.46e-05
33755 6.74400e+03 -4.48320e+00 3.23059e-04 8.25357e-05 2.11e-04 5.17e-07 8.16e-04 1.73e-05 5.70e-04 9.90e-08 1.13e-05 1.60e-04 8.25e-05 1.47e-04 3.71e-06 3.71e-04 2.57e-05 3.71e-04 3.71e-06 1.01e-05 1.94e-04 7.45e-05 1.47e-04 3.71e-06 3.71e-04 2.57e-05 3.71e-04 3.71e-06 1.01e-05 1.94e-04 7.45e-05
33805 6.75400e+03 -4.48650e+00 3.28244e-04 9.20598e-05 2.57e-04 5.26e-07 8.33e-04 1.39e-05 5.37e-04 8.35e-08 7.19e-06 1.77e-04 9.21e-05 1.48e-04 3.71e-06 3.71e-04 2.55e-05 3.71e-04 3.71e-06 1.00e-05 1.94e-04 7.44e-05 1.48e-04 3.71e-06 3.71e-04 2.55e-05 3.71e-04 3.71e-06 1.00e-05 1.94e-04 7.44e-05
33855 6.76400e+03 -4.47459e+00 3.41710e-04 6.77491e-05 3.28e-04 4.67e-07 7.80e-04 1.81e-05 5.82e-04 6.73e-08 6.84e-06 1.74e-04 6.77e-05 1.49e-04 3.71e-06 3.71e-04 2.54e-05 3.71e-04 3.71e-06 1.00e-05 1.93e-04 7.43e-05 1.49e-04 3.71e-06 3.71e-04 2.54e-05 3.71e-04 3.71e-06 1.00e-05 1.93e-04 7.43e-05
33905 6.77400e+03 -4.51102e+00 3.38306e-04 5.36442e-05 2.78e-04 4.80e-07 8.28e-04 2.02e-05 5.64e-04 1.04e-07 3.98e-06 1.70e-04 5.36e-05 1.49e-04 3.70e-06 3.70e-04 2.52e-05 3.70e-04 3.70e-06 1.00e-05 1.93e-04 7.43e-05 1.49e-04 3.70e-06 3.70e-04 2.52e-05 3.70e-04 3.70e-06 1.00e-05 1.93e-04 7.43e-05
33955 6.78400e+03 -4.43041e+00 3.32759e-04 4.67523e-05 1.99e-04 4.57e-07 8.04e-04 1.64e-05 6.44e-04 9.30e-08 2.25e-05 2.15e-04 4.68e-05 1.50e-04 3.70e-06 3.70e-04 2.51e-05 3.70e-04 3.70e-06 9.98e-06 1.92e-04 7.42e-05 1.50e-04 3.70e-06 3.70e-04 2.51e-05 3.70e-04 3.70e-06 9.98e-06 1.92e-04 7.42e-05
34005 6.79400e+03 -4.55214e+00 3.34353e-04 1.63172e-05 2.45e-04 4.93e-07 7.87e-04 1.54e-05 6.23e-04 1.38e-07 4.72e-06 1.81e-04 1.63e-05 1.50e-04 3.70e-06 3.70e-04 2.49e-05 3.70e-04 3.70e-06 9.97e-06 1.91e-04 7.41e-05 1.50e-04 3.70e-06 3.70e-04 2.49e-05 3.70e-04 3.70e-06 9.97e-06 1.91e-04 7.41e-05
34055 6.80400e+03 -4.46339e+00 3.25441e-04 1.10848e-04 2.68e-04 5.26e-07 8.20e-04 1.48e-05 5.23e-04 5.61e-08 7.35e-06 2.05e-04 1.11e-04 1.51e-04 3.70e-06 3.70e-04 2.48e-05 3.70e-04 3.70e-06 9.94e-06 1.91e-04 7.40e-05 1.51e-04 3.70e-06 3.70e-04 2.48e-05 3.70e-04 3.70e-06 9.94e-06 1.91e-04 7.40e-05
34105 6.81400e+03 -4.50919e+00 3.32577e-04 7.61009e-05 2.56e-04 5.00e-07 8.15e-04 1.84e-05 5.73e-04 8.86e-08 3.49e-06 1.77e-04 7.61e-05 1.51e-04 3.70e-06 3.70e-04 2.47e-05 3.70e-04 3.70e-06 9.90e-06 1.90e-04 7.38e-05 1.51e-04 3.70e-06 3.70e-04 2.47e-05 3.70e-04 3.70e-06 9.90e-06 1.90e-04 7.38e-05
34155 6.82400e+03 -4.45858e+00 3.51869e-04 4.35345e-05 3.10e-04 4.63e-07 8.48e-04 1.69e-05 5.84e-04 1.25e-07 1.18e-05 1.96e-04 4.35e-05 1.52e-04 3.69e-06 3.70e-04 2.45e-05 3.70e-04 3.69e-06 9.87e-06 1.90e-04 7.36e-05 1.52e-04 3.70e-06 3.70e-04 2.45e-05 3.70e-04 3.70e-06 9.87e-06 1.90e-04 7.36e-05
34205 6.83400e+03 -4.54228e+00 3.15069e-04 1.93669e-05 1.98e-04 4.52e-07 8.05e-04 2.35e-05 5.49e-04 6.44e-08 7.81e-06 1.84e-04 1.94e-05 1.53e-04 3.69e-06 3.69e-04 2.44e-05 3.69e-04 3.69e-06 9.85e-06 1.89e-04 7.35e-05 1.53e-04 3.69e-06 3.69e-04 2.44e-05 3.69e-04 3.69e-06 9.85e-06 1.89e-04 7.35e-05
34255 6.84400e+03 -4.52825e+00 3.15408e-04 8.19417e-05 2.00e-04 4.46e-07 8.08e-04 1.71e-05 5.51e-04 8.30e-08 5.73e-06 1.54e-04 8.19e-05 1.53e-04 3.69e-06 3.69e-04 2.43e-05 3.69e-04 3.69e-06 9.82e-06 1.89e-04 7.32e-05 1.53e-04 3.69e-06 3.69e-04 2.43e-05 3.69e-04 3.69e-06 9.82e-06 1.89e-04 7.32e-05
34305 6.85400e+03 -4.51252e+00 3.07734e-04 3.18477e-05 2.26e-04 4.46e-07 7.63e-04 1.69e-05 5.32e-04 7.32e-08 1.55e-05 1.53e-04 3.18e-05 1.53e-04 3.69e-06 3.69e-04 2.42e-05 3.69e-04 3.69e-06 9.81e-06 1.88e-04 7.31e-05 1.53e-04 3.69e-06 3.69e-04 2.42e-05 3.69e-04 3.69e-06 9.81e-06 1.88e-04 7.31e-05
34355 6.86400e+03 -4.34577e+00 3.73530e-04 8.96507e-05 5.55e-04 5.07e-07 7.53e-04 1.74e-05 5.42e-04 6.10e-08 1.55e-05 1.62e-04 8.97e-05 1.54e-04 3.69e-06 3.69e-04 2.40e-05 3.69e-04 3.68e-06 9.80e-06 1.88e-04 7.30e-05 1.54e-04 3.69e-06 3.69e-04 2.40e-05 3.69e-04 3.69e-06 9.80e-06 1.88e-04 7.30e-05
34405 6.87400e+03 -4.57662e+00 3.09657e-04 3.07170e-05 2.31e-04 4.53e-07 7.65e-04 1.44e-05 5.38e-04 3.66e-08 3.30e-06 1.86e-04 3.07e-05 1.55e-04 3.68e-06 3.68e-04 2.39e-05 3.68e-04 3.68e-06 9.79e-06 1.87e-04 7.29e-05 1.55e-04 3.68e-06 3.68e-04 2.39e-05 3.68e-04 3.68e-06 9.79e-06 1.87e-04 7.29e-05
34455 6.88400e+03 -4.38400e+00 3.39618e-04 7.88350e-05 3.80e-04 4.27e-07 7.72e-04 1.46e-05 5.32e-04 2.01e-07 2.23e-05 1.60e-04 7.88e-05 1.55e-04 3.68e-06 3.68e-04 2.38e-05 3.68e-04 3.68e-06 9.78e-06 1.86e-04 7.28e-05 1.55e-04 3.68e-06 3.68e-04 2.38e-05 3.68e-04 3.68e-06 9.78e-06 1.86e-04 7.28e-05
34505 6.89400e+03 -4.53312e+00 3.24146e-04 5.69093e-05 2.07e-04 4.52e-07 8.39e-04 2.25e-05 5.52e-04 5.37e-08 3.48e-06 1.83e-04 5.69e-05 1.56e-04 3.68e-06 3.68e-04 2.37e-05 3.68e-04 3.68e-06 9.77e-06 1.86e-04 7.27e-05 1.56e-04 3.68e-06 3.68e-04 2.37e-05 3.68e-04 3.68e-06 9.77e-06 1.86e-04 7.27e-05
34555 6.90400e+03 -4.52355e+00 2.98314e-04 4.82870e-05 2.16e-04 4.52e-07 7.26e-04 1.61e-05 5.33e-04 7.88e-08 1.29e-05 1.63e-04 4.83e-05 1.56e-04 3.68e-06 3.68e-04 2.35e-05 3.68e-04 3.68e-06 9.76e-06 1.86e-04 7.26e-05 1.56e-04 3.68e-06 3.68e-04 2.35e-05 3.68e-04 3.68e-06 9.76e-06 1.86e-04 7.26e-05
34605 6.91400e+03 -4.57256e+00 2.95728e-04 2.24785e-05 1.98e-04 4.39e-07 7.60e-04 1.48e-05 5.06e-04 9.81e-08 8.75e-06 1.73e-04 2.25e-05 1.56e-04 3.67e-06 3.68e-04 2.34e-05 3.67e-04 3.67e-06 9.75e-06 1.85e-04 7.25e-05 1.56e-04 3.68e-06 3.68e-04 2.34e-05 3.67e-04 3.68e-06 9.75e-06 1.85e-04 7.25e-05
34655 6.92400e+03 -4.56226e+00 3.09752e-04 6.35747e-05 1.91e-04 4.29e-07 7.85e-04 1.49e-05 5.58e-04 1.43e-07 4.31e-06 1.55e-04 6.36e-05 1.57e-04 3.67e-06 3.67e-04 2.33e-05 3.67e-04 3.67e-06 9.73e-06 1.85e-04 7.24e-05 1.57e-04 3.67e-06 3.67e-04 2.33e-05 3.67e-04 3.67e-06 9.73e-06 1.85e-04 7.24e-05
34705 6.93400e+03 -4.49445e+00 3.61719e-04 5.91436e-06 4.60e-04 4.49e-07 8.04e-04 1.70e-05 5.27e-04 1.07e-07 5.73e-06 1.73e-04 5.91e-06 1.57e-04 3.67e-06 3.67e-04 2.32e-05 3.67e-04 3.67e-06 9.71e-06 1.85e-04 7.23e-05 1.57e-04 3.67e-06 3.67e-04 2.32e-05 3.67e-04 3.67e-06 9.71e-06 1.85e-04 7.23e-05
34755 6.94400e+03 -4.52226e+00 3.20221e-04 4.82617e-05 2.20e-04 4.44e-07 7.95e-04 1.52e-05 5.70e-04 7.53e-08 9.84e-06 1.77e-04 4.83e-05 1.57e-04 3.67e-06 3.67e-04 2.31e-05 3.67e-04 3.67e-06 9.70e-06 1.84e-04 7.22e-05 1.57e-04 3.67e-06 3.67e-04 2.31e-05 3.67e-04 3.67e-06 9.70e-06 1.84e-04 7.22e-05
34805 6.95400e+03 -4.55559e+00 3.24718e-04 7.07084e-06 2.75e-04 4.64e-07 7.80e-04 1.77e-05 5.50e-04 7.94e-08 4.69e-06 2.02e-04 7.07e-06 1.58e-04 3.67e-06 3.67e-04 2.30e-05 3.67e-04 3.67e-06 9.68e-06 1.84e-04 7.22e-05 1.58e-04 3.67e-06 3.67e-04 2.30e-05 3.67e-04 3.67e-06 9.68e-06 1.84e-04 7.22e-05
34855 6.96400e+03 -4.42330e+00 3.15235e-04 3.64728e-05 2.48e-04 4.39e-07 7.76e-04 2.04e-05 5.32e-04 8.23e-08 2.73e-05 1.60e-04 3.65e-05 1.59e-04 3.66e-06 3.66e-04 2.29e-05 3.66e-04 3.66e-06 9.67e-06 1.84e-04 7.21e-05 1.59e-04 3.66e-06 3.66e-04 2.29e-05 3.66e-04 3.66e-06 9.67e-06 1.84e-04 7.21e-05
34905 6.97400e+03 -4.48968e+00 3.43714e-04 8.94685e-05 3.16e-04 4.83e-07 7.85e-04 1.54e-05 6.02e-04 7.19e-08 4.12e-06 1.66e-04 8.95e-05 1.60e-04 3.66e-06 3.66e-04 2.28e-05 3.66e-04 3.66e-06 9.65e-06 1.83e-04 7.20e-05 1.60e-04 3.66e-06 3.66e-04 2.28e-05 3.66e-04 3.66e-06 9.65e-06 1.83e-04 7.20e-05
34955 6.98400e+03 -4.57901e+00 3.00495e-04 4.22321e-05 2.21e-04 4.42e-07 7.72e-04 1.39e-05 4.95e-04 8.79e-08 3.98e-06 1.78e-04 4.22e-05 1.60e-04 3.66e-06 3.66e-04 2.27e-05 3.66e-04 3.66e-06 9.64e-06 1.83e-04 7.20e-05 1.60e-04 3.66e-06 3.66e-04 2.27e-05 3.66e-04 3.66e-06 9.64e-06 1.83e-04 7.20e-05
35005 6.99300e+03 -4.52576e+00 3.27315e-04 6.21889e-05 2.95e-04 4.47e-07 7.83e-04 1.80e-05 5.40e-04 3.83e-08 3.08e-06 1.76e-04 6.22e-05 1.60e-04 3.66e-06 3.66e-04 2.26e-05 3.66e-04 3.66e-06 9.61e-06 1.83e-04 7.20e-05 1.60e-04 3.66e-06 3.66e-04 2.26e-05 3.66e-04 3.66e-06 9.61e-06 1.83e-04 7.20e-05
35055 7.00300e+03 -4.58638e+00 3.02586e-04 2.84962e-05 1.99e-04 4.61e-07 7.63e-04 1.34e-05 5.37e-04 1.03e-07 5.36e-06 1.74e-04 2.85e-05 1.61e-04 3.66e-06 3.66e-04 2.25e-05 3.66e-04 3.66e-06 9.60e-06 1.82e-04 7.20e-05 1.61e-04 3.66e-06 3.66e-04 2.25e-05 3.66e-04 3.66e-06 9.60e-06 1.82e-04 7.20e-05
35105 7.01300e+03 -4.56575e+00 3.13590e-04 4.30834e-05 2.00e-04 4.27e-07 7.61e-04 1.44e-05 5.92e-04 4.29e-08 4.41e-06 1.92e-04 4.31e-05 1.61e-04 3.65e-06 3.66e-04 2.24e-05 3.66e-04 3.65e-06 9.60e-06 1.82e-04 7.21e-05 1.61e-04 3.66e-06 3.66e-04 2.24e-05 3.66e-04 3.66e-06 9.60e-06 1.82e-04 7.21e-05
35155 7.02300e+03 -4.47952e+00 3.07352e-04 1.26874e-04 2.00e-04 4.53e-07 7.84e-04 1.60e-05 5.37e-04 1.16e-07 8.44e-06 1.86e-04 1.27e-04 1.62e-04 3.65e-06 3.65e-04 2.23e-05 3.65e-04 3.65e-06 9.58e-06 1.82e-04 7.22e-05 1.62e-04 3.65e-06 3.65e-04 2.23e-05 3.65e-04 3.65e-06 9.58e-06 1.82e-04 7.22e-05
35205 7.03300e+03 -4.43403e+00 3.12990e-04 1.93004e-04 2.23e-04 4.61e-07 7.63e-04 1.34e-05 5.64e-04 4.66e-08 6.09e-06 2.08e-04 1.93e-04 1.62e-04 3.65e-06 3.65e-04 2.22e-05 3.65e-04 3.65e-06 9.58e-06 1.81e-04 7.23e-05 1.62e-04 3.65e-06 3.65e-04 2.22e-05 3.65e-04 3.65e-06 9.58e-06 1.81e-04 7.23e-05
35255 7.04300e+03 -4.42827e+00 3.60917e-04 1.04865e-04 3.76e-04 4.35e-07 8.16e-04 2.01e-05 5.92e-04 1.36e-07 6.70e-06 1.68e-04 1.05e-04 1.63e-04 3.65e-06 3.65e-04 2.21e-05 3.65e-04 3.65e-06 9.57e-06 1.81e-04 7.23e-05 1.63e-04 3.65e-06 3.65e-04 2.21e-05 3.65e-04 3.65e-06 9.57e-06 1.81e-04 7.23e-05
35305 7.05300e+03 -4.56570e+00 3.23121e-04 1.11959e-05 2.19e-04 4.10e-07 8.25e-04 1.53e-05 5.56e-04 3.75e-08 7.57e-06 1.73e-04 1.12e-05 1.63e-04 3.65e-06 3.65e-04 2.20e-05 3.65e-04 3.65e-06 9.55e-06 1.80e-04 7.22e-05 1.63e-04 3.65e-06 3.65e-04 2.20e-05 3.65e-04 3.65e-06 9.55e-06 1.80e-04 7.22e-05
35355 7.06300e+03 -4.57321e+00 3.02587e-04 4.33928e-05 2.05e-04 4.07e-07 7.73e-04 1.41e-05 5.20e-04 6.20e-08 6.26e-06 1.61e-04 4.34e-05 1.64e-04 3.64e-06 3.65e-04 2.19e-05 3.65e-04 3.64e-06 9.53e-06 1.80e-04 7.21e-05 1.64e-04 3.65e-06 3.65e-04 2.19e-05 3.65e-04 3.65e-06 9.53e-06 1.80e-04 7.21e-05
35405 7.07300e+03 -4.55133e+00 3.33874e-04 2.17375e-05 2.46e-04 4.37e-07 8.40e-04 1.58e-05 5.67e-04 4.65e-08 7.35e-06 1.51e-04 2.17e-05 1.64e-04 3.64e-06 3.64e-04 2.18e-05 3.64e-04 3.64e-06 9.52e-06 1.79e-04 7.20e-05 1.64e-04 3.64e-06 3.64e-04 2.18e-05 3.64e-04 3.64e-06 9.52e-06 1.79e-04 7.20e-05
35455 7.08300e+03 -4.54017e+00 3.46133e-04 1.60694e-05 3.58e-04 4.24e-07 7.97e-04 1.41e-05 5.61e-04 6.73e-08 5.36e-06 1.55e-04 1.61e-05 1.65e-04 3.64e-06 3.64e-04 2.17e-05 3.64e-04 3.64e-06 9.50e-06 1.79e-04 7.19e-05 1.65e-04 3.64e-06 3.64e-04 2.17e-05 3.64e-04 3.64e-06 9.50e-06 1.79e-04 7.19e-05
35505 7.09300e+03 -4.51603e+00 3.09427e-04 2.77781e-05 2.40e-04 4.10e-07 7.64e-04 1.40e-05 5.29e-04 6.70e-08 1.53e-05 1.79e-04 2.78e-05 1.65e-04 3.64e-06 3.64e-04 2.16e-05 3.64e-04 3.64e-06 9.48e-06 1.79e-04 7.17e-05 1.65e-04 3.64e-06 3.64e-04 2.16e-05 3.64e-04 3.64e-06 9.48e-06 1.79e-04 7.17e-05
35555 7.10300e+03 -4.56717e+00 3.16903e-04 1.00479e-05 1.95e-04 4.21e-07 8.35e-04 1.66e-05 5.38e-04 1.93e-07 8.61e-06 1.66e-04 1.00e-05 1.66e-04 3.64e-06 3.64e-04 2.15e-05 3.64e-04 3.64e-06 9.49e-06 1.78e-04 7.17e-05 1.66e-04 3.64e-06 3.64e-04 2.15e-05 3.64e-04 3.64e-06 9.49e-06 1.78e-04 7.17e-05
35605 7.11300e+03 -4.38800e+00 4.15382e-04 3.93998e-05 7.50e-04 4.26e-07 7.60e-04 1.31e-05 5.54e-04 5.13e-08 6.27e-06 1.83e-04 3.94e-05 1.66e-04 3.63e-06 3.64e-04 2.14e-05 3.64e-04 3.64e-06 9.50e-06 1.78e-04 7.16e-05 1.66e-04 3.64e-06 3.64e-04 2.14e-05 3.64e-04 3.64e-06 9.50e-06 1.78e-04 7.16e-05
35655 7.12300e+03 -4.50640e+00 3.45031e-04 1.41332e-05 4.12e-04 4.49e-07 7.61e-04 1.78e-05 5.34e-04 5.89e-08 6.88e-06 1.86e-04 1.41e-05 1.67e-04 3.63e-06 3.63e-04 2.13e-05 3.63e-04 3.63e-06 9.48e-06 1.78e-04 7.15e-05 1.67e-04 3.63e-06 3.63e-04 2.13e-05 3.63e-04 3.63e-06 9.48e-06 1.78e-04 7.15e-05
35705 7.13300e+03 -4.61617e+00 2.99205e-04 1.73923e-05 1.91e-04 3.97e-07 7.65e-04 1.58e-05 5.23e-04 4.72e-08 3.05e-06 1.57e-04 1.74e-05 1.68e-04 3.63e-06 3.63e-04 2.12e-05 3.63e-04 3.63e-06 9.47e-06 1.77e-04 7.15e-05 1.68e-04 3.63e-06 3.63e-04 2.12e-05 3.63e-04 3.63e-06 9.47e-06 1.77e-04 7.15e-05
35755 7.14300e+03 -4.49389e+00 3.12518e-04 3.70988e-05 2.32e-04 4.73e-07 7.46e-04 1.33e-05 5.71e-04 5.37e-08 1.74e-05 1.90e-04 3.71e-05 1.68e-04 3.63e-06 3.63e-04 2.11e-05 3.63e-04 3.63e-06 9.46e-06 1.77e-04 7.15e-05 1.68e-04 3.63e-06 3.63e-04 2.11e-05 3.63e-04 3.63e-06 9.46e-06 1.77e-04 7.15e-05
35805 7.15300e+03 -4.53316e+00 3.18993e-04 3.05761e-05 2.05e-04 4.20e-07 8.08e-04 1.57e-05 5.65e-04 1.03e-07 1.06e-05 1.90e-04 3.06e-05 1.68e-04 3.63e-06 3.63e-04 2.10e-05 3.63e-04 3.63e-06 9.45e-06 1.77e-04 7.14e-05 1.68e-04 3.63e-06 3.63e-04 2.10e-05 3.63e-04 3.63e-06 9.45e-06 1.77e-04 7.14e-05
35855 7.16300e+03 -4.33052e+00 3.40522e-04 2.76877e-04 2.13e-04 4.58e-07 8.13e-04 1.62e-05 6.60e-04 9.79e-08 9.16e-06 1.88e-04 2.77e-04 1.69e-04 3.63e-06 3.63e-04 2.10e-05 3.63e-04 3.63e-06 9.43e-06 1.77e-04 7.13e-05 1.69e-04 3.63e-06 3.63e-04 2.10e-05 3.63e-04 3.63e-06 9.43e-06 1.77e-04 7.13e-05
35905 7.17300e+03 -4.51000e+00 3.45515e-04 2.52988e-05 3.76e-04 4.30e-07 7.77e-04 1.31e-05 5.61e-04 1.67e-07 8.45e-06 1.75e-04 2.53e-05 1.69e-04 3.62e-06 3.63e-04 2.09e-05 3.63e-04 3.62e-06 9.42e-06 1.77e-04 7.13e-05 1.69e-04 3.63e-06 3.63e-04 2.09e-05 3.63e-04 3.63e-06 9.42e-06 1.77e-04 7.13e-05
35955 7.18300e+03 -4.57231e+00 3.09184e-04 2.58921e-05 2.10e-04 4.34e-07 7.55e-04 1.32e-05 5.67e-04 9.87e-08 7.85e-06 1.70e-04 2.59e-05 1.70e-04 3.62e-06 3.62e-04 2.08e-05 3.62e-04 3.62e-06 9.41e-06 1.77e-04 7.12e-05 1.70e-04 3.62e-06 3.62e-04 2.08e-05 3.62e-04 3.62e-06 9.41e-06 1.77e-04 7.12e-05
36005 7.19300e+03 -4.46560e+00 3.08287e-04 4.01940e-05 2.09e-04 4.57e-07 7.59e-04 1.35e-05 5.60e-04 1.09e-07 2.39e-05 1.71e-04 4.02e-05 1.70e-04 3.62e-06 3.62e-04 2.07e-05 3.62e-04 3.62e-06 9.39e-06 1.77e-04 7.11e-05 1.70e-04 3.62e-06 3.62e-04 2.07e-05 3.62e-04 3.62e-06 9.39e-06 1.77e-04 7.11e-05
36055 7.20300e+03 -4.55238e+00 3.21578e-04 6.41418e-05 2.24e-04 4.07e-07 8.01e-04 1.34e-05 5.69e-04 7.48e-08 3.68e-06 1.81e-04 6.41e-05 1.71e-04 3.62e-06 3.62e-04 2.06e-05 3.62e-04 3.62e-06 9.39e-06 1.76e-04 7.12e-05 1.71e-04 3.62e-06 3.62e-04 2.06e-05 3.62e-04 3.62e-06 9.39e-06 1.76e-04 7.12e-05
36105 7.21300e+03 -4.45076e+00 3.32795e-04 1.32880e-04 3.54e-04 4.63e-07 7.37e-04 1.39e-05 5.59e-04 7.48e-08 6.26e-06 1.81e-04 1.33e-04 1.71e-04 3.62e-06 3.62e-04 2.05e-05 3.62e-04 3.62e-06 9.36e-06 1.76e-04 7.12e-05 1.71e-04 3.62e-06 3.62e-04 2.05e-05 3.62e-04 3.62e-06 9.36e-06 1.76e-04 7.12e-05
36155 7.22300e+03 -4.54620e+00 3.16433e-04 2.86249e-05 3.02e-04 4.22e-07 7.37e-04 1.87e-05 5.24e-04 8.73e-08 5.24e-06 1.86e-04 2.86e-05 1.72e-04 3.62e-06 3.62e-04 2.04e-05 3.62e-04 3.61e-06 9.33e-06 1.76e-04 7.11e-05 1.72e-04 3.62e-06 3.62e-04 2.04e-05 3.62e-04 3.62e-06 9.33e-06 1.76e-04 7.11e-05
36205 7.23300e+03 -4.43900e+00 3.44874e-04 1.59619e-04 2.97e-04 4.38e-07 8.09e-04 1.66e-05 6.01e-04 6.58e-08 4.37e-06 1.70e-04 1.60e-04 1.73e-04 3.61e-06 3.61e-04 2.03e-05 3.61e-04 3.61e-06 9.31e-06 1.75e-04 7.12e-05 1.73e-04 3.61e-06 3.61e-04 2.03e-05 3.61e-04 3.61e-06 9.31e-06 1.75e-04 7.12e-05
36255 7.24300e+03 -4.48423e+00 3.44887e-04 3.52696e-05 4.34e-04 5.10e-07 7.43e-04 1.40e-05 5.34e-04 8.39e-08 9.95e-06 1.74e-04 3.53e-05 1.73e-04 3.61e-06 3.61e-04 2.03e-05 3.61e-04 3.61e-06 9.30e-06 1.75e-04 7.12e-05 1.73e-04 3.61e-06 3.61e-04 2.03e-05 3.61e-04 3.61e-06 9.30e-06 1.75e-04 7.12e-05
36305 7.25300e+03 -4.55957e+00 3.13299e-04 6.38080e-05 2.26e-04 4.11e-07 7.61e-04 1.57e-05 5.64e-04 5.40e-08 2.80e-06 1.80e-04 6.38e-05 1.74e-04 3.61e-06 3.61e-04 2.02e-05 3.61e-04 3.61e-06 9.29e-06 1.75e-04 7.12e-05 1.74e-04 3.61e-06 3.61e-04 2.02e-05 3.61e-04 3.61e-06 9.29e-06 1.75e-04 7.12e-05
36355 7.26300e+03 -4.48307e+00 3.37829e-04 1.01973e-04 3.58e-04 3.97e-07 7.70e-04 1.44e-05 5.46e-04 1.20e-07 3.93e-06 1.87e-04 1.02e-04 1.75e-04 3.61e-06 3.61e-04 2.01e-05 3.61e-04 3.61e-06 9.26e-06 1.75e-04 7.12e-05 1.75e-04 3.61e-06 3.61e-04 2.01e-05 3.61e-04 3.61e-06 9.26e-06 1.75e-04 7.12e-05
36405 7.27300e+03 -4.57234e+00 3.03506e-04 5.63872e-05 2.16e-04 4.15e-07 7.53e-04 1.66e-05 5.32e-04 4.42e-08 3.16e-06 1.74e-04 5.64e-05 1.76e-04 3.61e-06 3.61e-04 2.00e-05 3.61e-04 3.61e-06 9.24e-06 1.74e-04 7.11e-05 1.76e-04 3.61e-06 3.61e-04 2.00e-05 3.61e-04 3.61e-06 9.24e-06 1.74e-04 7.11e-05
36455 7.28300e+03 -4.56209e+00 3.01897e-04 8.33109e-05 2.01e-04 4.07e-07 7.53e-04 1.35e-05 5.42e-04 1.20e-07 3.31e-06 1.72e-04 8.33e-05 1.76e-04 3.60e-06 3.61e-04 1.99e-05 3.61e-04 3.60e-06 9.25e-06 1.74e-04 7.09e-05 1.76e-04 3.61e-06 3.61e-04 1.99e-05 3.61e-04 3.61e-06 9.25e-06 1.74e-04 7.09e-05
36505 7.29300e+03 -4.53239e+00 3.19276e-04 7.03879e-05 2.40e-04 4.13e-07 7.86e-04 1.40e-05 5.56e-04 7.46e-08 6.76e-06 1.68e-04 7.04e-05 1.77e-04 3.60e-06 3.60e-04 1.98e-05 3.60e-04 3.60e-06 9.24e-06 1.74e-04 7.09e-05 1.77e-04 3.60e-06 3.60e-04 1.98e-05 3.60e-04 3.60e-06 9.24e-06 1.74e-04 7.09e-05
36555 7.30300e+03 -4.49681e+00 2.98225e-04 1.74677e-04 2.05e-04 4.12e-07 7.42e-04 1.37e-05 5.29e-04 1.19e-07 4.05e-06 1.43e-04 1.75e-04 1.77e-04 3.60e-06 3.60e-04 1.98e-05 3.60e-04 3.60e-06 9.22e-06 1.74e-04 7.07e-05 1.77e-04 3.60e-06 3.60e-04 1.98e-05 3.60e-04 3.60e-06 9.22e-06 1.74e-04 7.07e-05
36605 7.31300e+03 -4.13676e+00 3.08699e-04 1.01627e-04 2.34e-04 4.25e-07 7.58e-04 1.32e-05 5.38e-04 2.04e-07 7.08e-05 1.51e-04 1.02e-04 1.78e-04 3.60e-06 3.60e-04 1.97e-05 3.60e-04 3.60e-06 9.22e-06 1.74e-04 7.07e-05 1.78e-04 3.60e-06 3.60e-04 1.97e-05 3.60e-04 3.60e-06 9.22e-06 1.74e-04 7.07e-05
36655 7.32300e+03 -4.56896e+00 3.34054e-04 1.94461e-05 3.01e-04 3.83e-07 7.95e-04 1.31e-05 5.61e-04 4.11e-08 4.48e-06 1.68e-04 1.94e-05 1.79e-04 3.60e-06 3.60e-04 1.96e-05 3.60e-04 3.60e-06 9.22e-06 1.73e-04 7.08e-05 1.79e-04 3.60e-06 3.60e-04 1.96e-05 3.60e-04 3.60e-06 9.22e-06 1.73e-04 7.08e-05
36705 7.33300e+03 -4.58577e+00 2.83562e-04 6.36926e-05 2.02e-04 3.91e-07 7.20e-04 1.24e-05 4.84e-04 4.11e-07 5.06e-06 1.55e-04 6.37e-05 1.79e-04 3.60e-06 3.60e-04 1.95e-05 3.60e-04 3.60e-06 9.20e-06 1.73e-04 7.07e-05 1.79e-04 3.60e-06 3.60e-04 1.95e-05 3.60e-04 3.60e-06 9.20e-06 1.73e-04 7.07e-05
36755 7.34300e+03 -4.52527e+00 2.92295e-04 1.37138e-04 1.89e-04 4.10e-07 7.48e-04 1.35e-05 5.11e-04 4.39e-08 3.94e-06 1.78e-04 1.37e-04 1.80e-04 3.60e-06 3.60e-04 1.94e-05 3.60e-04 3.59e-06 9.19e-06 1.73e-04 7.07e-05 1.80e-04 3.60e-06 3.60e-04 1.94e-05 3.60e-04 3.60e-06 9.19e-06 1.73e-04 7.07e-05
36805 7.35300e+03 -4.53349e+00 3.31106e-04 4.52771e-05 3.08e-04 4.28e-07 7.76e-04 1.47e-05 5.57e-04 7.11e-08 7.23e-06 1.52e-04 4.53e-05 1.80e-04 3.59e-06 3.59e-04 1.94e-05 3.59e-04 3.59e-06 9.17e-06 1.73e-04 7.06e-05 1.80e-04 3.59e-06 3.59e-04 1.94e-05 3.59e-04 3.59e-06 9.17e-06 1.73e-04 7.06e-05
36855 7.36300e+03 -4.53478e+00 3.00763e-04 1.11413e-04 2.03e-04 4.29e-07 7.45e-04 1.75e-05 5.37e-04 5.70e-08 3.89e-06 1.49e-04 1.11e-04 1.81e-04 3.59e-06 3.59e-04 1.93e-05 3.59e-04 3.59e-06 9.16e-06 1.73e-04 7.05e-05 1.81e-04 3.59e-06 3.59e-04 1.93e-05 3.59e-04 3.59e-06 9.16e-06 1.73e-04 7.05e-05
36905 7.37300e+03 -4.51646e+00 3.08936e-04 1.31955e-04 2.38e-04 4.16e-07 7.65e-04 1.30e-05 5.28e-04 5.07e-08 4.15e-06 1.55e-04 1.32e-04 1.81e-04 3.59e-06 3.59e-04 1.92e-05 3.59e-04 3.59e-06 9.13e-06 1.72e-04 7.05e-05 1.81e-04 3.59e-06 3.59e-04 1.92e-05 3.59e-04 3.59e-06 9.13e-06 1.72e-04 7.05e-05
36955 7.38300e+03 -4.52036e+00 2.97346e-04 1.53545e-04 1.81e-04 4.34e-07 7.60e-04 1.41e-05 5.32e-04 6.60e-08 3.55e-06 1.46e-04 1.54e-04 1.82e-04 3.59e-06 3.59e-04 1.91e-05 3.59e-04 3.59e-06 9.13e-06 1.72e-04 7.05e-05 1.82e-04 3.59e-06 3.59e-04 1.91e-05 3.59e-04 3.59e-06 9.13e-06 1.72e-04 7.05e-05
37005 7.39300e+03 -4.56847e+00 3.01809e-04 1.48624e-05 2.07e-04 3.83e-07 7.43e-04 1.35e-05 5.45e-04 6.56e-08 1.04e-05 1.90e-04 1.49e-05 1.83e-04 3.59e-06 3.59e-04 1.90e-05 3.59e-04 3.58e-06 9.11e-06 1.71e-04 7.05e-05 1.83e-04 3.59e-06 3.59e-04 1.90e-05 3.59e-04 3.59e-06 9.11e-06 1.71e-04 7.05e-05
37055 7.40300e+03 -4.53892e+00 3.23591e-04 1.34118e-05 3.07e-04 3.92e-07 7.61e-04 1.40e-05 5.35e-04 1.29e-07 1.01e-05 1.87e-04 1.34e-05 1.83e-04 3.58e-06 3.59e-04 1.90e-05 3.59e-04 3.58e-06 9.12e-06 1.71e-04 7.04e-05 1.83e-04 3.59e-06 3.59e-04 1.90e-05 3.59e-04 3.59e-06 9.12e-06 1.71e-04 7.04e-05
37105 7.41300e+03 -4.57209e+00 3.04691e-04 7.38018e-05 2.29e-04 3.94e-07 7.45e-04 1.33e-05 5.36e-04 3.92e-08 3.56e-06 1.51e-04 7.38e-05 1.83e-04 3.58e-06 3.58e-04 1.89e-05 3.58e-04 3.58e-06 9.11e-06 1.71e-04 7.03e-05 1.83e-04 3.58e-06 3.58e-04 1.89e-05 3.58e-04 3.58e-06 9.11e-06 1.71e-04 7.03e-05
37155 7.42300e+03 -4.55598e+00 3.28038e-04 4.84197e-05 2.45e-04 3.72e-07 8.15e-04 1.41e-05 5.66e-04 5.72e-08 5.03e-06 1.65e-04 4.84e-05 1.84e-04 3.58e-06 3.58e-04 1.88e-05 3.58e-04 3.58e-06 9.10e-06 1.71e-04 7.02e-05 1.84e-04 3.58e-06 3.58e-04 1.88e-05 3.58e-04 3.58e-06 9.10e-06 1.71e-04 7.02e-05
37205 7.43300e+03 -4.53177e+00 3.04614e-04 1.28796e-04 2.14e-04 4.18e-07 7.86e-04 1.30e-05 5.10e-04 6.60e-08 3.28e-06 1.55e-04 1.29e-04 1.84e-04 3.58e-06 3.58e-04 1.87e-05 3.58e-04 3.58e-06 9.09e-06 1.71e-04 7.01e-05 1.84e-04 3.58e-06 3.58e-04 1.87e-05 3.58e-04 3.58e-06 9.09e-06 1.71e-04 7.01e-05
37255 7.44300e+03 -4.57126e+00 3.02190e-04 5.88233e-05 2.15e-04 4.11e-07 7.42e-04 1.34e-05 5.40e-04 4.39e-08 4.29e-06 1.88e-04 5.88e-05 1.85e-04 3.58e-06 3.58e-04 1.86e-05 3.58e-04 3.58e-06 9.10e-06 1.70e-04 7.00e-05 1.85e-04 3.58e-06 3.58e-04 1.86e-05 3.58e-04 3.58e-06 9.10e-06 1.70e-04 7.00e-05
37305 7.45300e+03 -4.55091e+00 3.14196e-04 7.96814e-05 1.96e-04 3.89e-07 8.01e-04 1.26e-05 5.61e-04 4.82e-08 4.84e-06 1.77e-04 7.97e-05 1.86e-04 3.58e-06 3.58e-04 1.86e-05 3.58e-04 3.57e-06 9.09e-06 1.70e-04 6.99e-05 1.86e-04 3.58e-06 3.58e-04 1.86e-05 3.58e-04 3.58e-06 9.09e-06 1.70e-04 6.99e-05
37355 7.46300e+03 -4.51923e+00 3.13671e-04 4.99267e-05 2.71e-04 4.28e-07 7.27e-04 1.36e-05 5.57e-04 9.11e-08 1.07e-05 1.93e-04 4.99e-05 1.86e-04 3.57e-06 3.57e-04 1.85e-05 3.57e-04 3.57e-06 9.08e-06 1.70e-04 6.98e-05 1.86e-04 3.57e-06 3.57e-04 1.85e-05 3.57e-04 3.57e-06 9.08e-06 1.70e-04 6.98e-05
37405 7.47300e+03 -4.46340e+00 3.17465e-04 1.87846e-04 2.42e-04 4.06e-07 7.66e-04 1.37e-05 5.65e-04 2.51e-07 3.68e-06 1.55e-04 1.88e-04 1.87e-04 3.57e-06 3.57e-04 1.84e-05 3.57e-04 3.57e-06 9.08e-06 1.70e-04 6.97e-05 1.87e-04 3.57e-06 3.57e-04 1.84e-05 3.57e-04 3.57e-06 9.08e-06 1.70e-04 6.97e-05
37455 7.48300e+03 -4.50037e+00 3.23035e-04 1.42388e-04 2.08e-04 3.61e-07 8.19e-04 1.30e-05 5.75e-04 8.24e-08 4.35e-06 1.59e-04 1.42e-04 1.88e-04 3.57e-06 3.57e-04 1.83e-05 3.57e-04 3.57e-06 9.08e-06 1.70e-04 6.96e-05 1.88e-04 3.57e-06 3.57e-04 1.83e-05 3.57e-04 3.57e-06 9.08e-06 1.70e-04 6.96e-05
37505 7.49300e+03 -4.54488e+00 3.11871e-04 7.65607e-05 2.03e-04 3.94e-07 7.93e-04 1.36e-05 5.49e-04 4.72e-08 6.98e-06 1.57e-04 7.66e-05 1.88e-04 3.57e-06 3.57e-04 1.83e-05 3.57e-04 3.57e-06 9.07e-06 1.70e-04 6.95e-05 1.88e-04 3.57e-06 3.57e-04 1.83e-05 3.57e-04 3.57e-06 9.07e-06 1.70e-04 6.95e-05
37555 7.50300e+03 -4.59385e+00 3.19277e-04 1.94662e-05 2.54e-04 3.71e-07 7.89e-04 1.29e-05 5.40e-04 3.51e-08 4.62e-06 1.61e-04 1.95e-05 1.88e-04 3.57e-06 3.57e-04 1.82e-05 3.57e-04 3.57e-06 9.07e-06 1.70e-04 6.94e-05 1.88e-04 3.57e-06 3.57e-04 1.82e-05 3.57e-04 3.57e-06 9.07e-06 1.70e-04 6.94e-05
37605 7.51300e+03 -4.47028e+00 3.17992e-04 1.79328e-04 2.12e-04 4.17e-07 7.91e-04 1.33e-05 5.73e-04 5.54e-08 4.48e-06 1.63e-04 1.79e-04 1.89e-04 3.56e-06 3.57e-04 1.81e-05 3.57e-04 3.56e-06 9.07e-06 1.70e-04 6.92e-05 1.89e-04 3.57e-06 3.57e-04 1.81e-05 3.57e-04 3.57e-06 9.07e-06 1.70e-04 6.92e-05
37655 7.52300e+03 -4.60439e+00 3.16671e-04 8.50449e-06 2.14e-04 3.73e-07 8.01e-04 1.28e-05 5.55e-04 7.41e-08 4.62e-06 1.79e-04 8.50e-06 1.89e-04 3.56e-06 3.56e-04 1.81e-05 3.56e-04 3.56e-06 9.07e-06 1.70e-04 6.91e-05 1.89e-04 3.56e-06 3.56e-04 1.81e-05 3.56e-04 3.56e-06 9.07e-06 1.70e-04 6.91e-05
37705 7.53300e+03 -4.49867e+00 3.13518e-04 1.37823e-05 2.18e-04 4.37e-07 7.76e-04 1.37e-05 5.59e-04 7.40e-08 2.15e-05 1.68e-04 1.38e-05 1.90e-04 3.56e-06 3.56e-04 1.80e-05 3.56e-04 3.56e-06 9.06e-06 1.70e-04 6.91e-05 1.90e-04 3.56e-06 3.56e-04 1.80e-05 3.56e-04 3.56e-06 9.06e-06 1.70e-04 6.91e-05
37755 7.54300e+03 -4.48220e+00 3.19344e-04 1.76711e-05 2.31e-04 4.10e-07 7.95e-04 1.65e-05 5.54e-04 8.62e-08 1.98e-05 1.97e-04 1.77e-05 1.91e-04 3.56e-06 3.56e-04 1.80e-05 3.56e-04 3.56e-06 9.05e-06 1.71e-04 6.90e-05 1.91e-04 3.56e-06 3.56e-04 1.80e-05 3.56e-04 3.56e-06 9.05e-06 1.71e-04 6.90e-05
37805 7.55300e+03 -4.44107e+00 3.22578e-04 1.02506e-04 1.88e-04 3.64e-07 8.11e-04 1.84e-05 5.95e-04 4.23e-08 1.74e-05 1.56e-04 1.03e-04 1.92e-04 3.56e-06 3.56e-04 1.79e-05 3.56e-04 3.56e-06 9.05e-06 1.71e-04 6.90e-05 1.92e-04 3.56e-06 3.56e-04 1.79e-05 3.56e-04 3.56e-06 9.05e-06 1.71e-04 6.90e-05
37855 7.56300e+03 -4.59380e+00 3.04731e-04 2.69588e-05 1.98e-04 3.79e-07 7.77e-04 1.52e-05 5.32e-04 4.02e-08 5.52e-06 1.65e-04 2.70e-05 1.92e-04 3.56e-06 3.56e-04 1.78e-05 3.56e-04 3.56e-06 9.04e-06 1.71e-04 6.89e-05 1.92e-04 3.56e-06 3.56e-04 1.78e-05 3.56e-04 3.56e-06 9.04e-06 1.71e-04 6.89e-05
37905 7.57300e+03 -4.38614e+00 3.03552e-04 3.04238e-04 1.92e-04 3.53e-07 7.49e-04 1.34e-05 5.63e-04 9.97e-08 4.78e-06 1.50e-04 3.04e-04 1.92e-04 3.56e-06 3.56e-04 1.78e-05 3.56e-04 3.56e-06 9.04e-06 1.70e-04 6.89e-05 1.92e-04 3.56e-06 3.56e-04 1.78e-05 3.56e-04 3.56e-06 9.04e-06 1.70e-04 6.89e-05
37955 7.58300e+03 -4.53976e+00 3.39318e-04 2.61952e-05 3.41e-04 4.46e-07 7.53e-04 1.45e-05 5.88e-04 1.22e-07 5.54e-06 1.92e-04 2.62e-05 1.93e-04 3.55e-06 3.56e-04 1.77e-05 3.56e-04 3.55e-06 9.02e-06 1.70e-04 6.89e-05 1.93e-04 3.56e-06 3.56e-04 1.77e-05 3.56e-04 3.56e-06 9.02e-06 1.70e-04 6.89e-05
38005 7.59300e+03 -4.49337e+00 3.04454e-04 1.63040e-04 2.40e-04 3.94e-07 7.71e-04 1.36e-05 4.98e-04 6.38e-08 3.91e-06 1.64e-04 1.63e-04 1.94e-04 3.55e-06 3.55e-04 1.76e-05 3.55e-04 3.55e-06 9.01e-06 1.70e-04 6.88e-05 1.94e-04 3.55e-06 3.55e-04 1.76e-05 3.55e-04 3.55e-06 9.01e-06 1.70e-04 6.88e-05
38055 7.60300e+03 -4.53668e+00 3.31964e-04 6.23080e-05 2.84e-04 3.65e-07 7.93e-04 1.47e-05 5.67e-04 6.05e-08 5.42e-06 1.60e-04 6.23e-05 1.94e-04 3.55e-06 3.55e-04 1.76e-05 3.55e-04 3.55e-06 9.00e-06 1.70e-04 6.89e-05 1.94e-04 3.55e-06 3.55e-04 1.76e-05 3.55e-04 3.55e-06 9.00e-06 1.70e-04 6.89e-05
38105 7.61300e+03 -4.56082e+00 3.07667e-04 6.43370e-05 2.25e-04 3.72e-07 7.80e-04 1.35e-05 5.19e-04 5.09e-08 5.51e-06 1.73e-04 6.43e-05 1.95e-04 3.55e-06 3.55e-04 1.75e-05 3.55e-04 3.55e-06 8.98e-06 1.70e-04 6.89e-05 1.95e-04 3.55e-06 3.55e-04 1.75e-05 3.55e-04 3.55e-06 8.98e-06 1.70e-04 6.89e-05
38155 7.62300e+03 -4.54358e+00 2.97752e-04 9.38124e-05 2.12e-04 3.62e-07 7.21e-04 1.51e-05 5.40e-04 5.39e-08 3.31e-06 2.09e-04 9.38e-05 1.95e-04 3.55e-06 3.55e-04 1.74e-05 3.55e-04 3.55e-06 8.96e-06 1.70e-04 6.88e-05 1.95e-04 3.55e-06 3.55e-04 1.74e-05 3.55e-04 3.55e-06 8.96e-06 1.70e-04 6.88e-05
38205 7.63300e+03 -4.51897e+00 3.13895e-04 4.37748e-05 2.09e-04 4.10e-07 7.55e-04 1.42e-05 5.91e-04 5.72e-08 1.40e-05 1.73e-04 4.38e-05 1.96e-04 3.55e-06 3.55e-04 1.74e-05 3.55e-04 3.54e-06 8.94e-06 1.70e-04 6.87e-05 1.96e-04 3.55e-06 3.55e-04 1.74e-05 3.55e-04 3.55e-06 8.94e-06 1.70e-04 6.87e-05
38255 7.64300e+03 -4.54701e+00 3.26510e-04 3.23979e-05 3.77e-04 3.83e-07 7.15e-04 1.30e-05 5.27e-04 1.58e-07 6.72e-06 1.67e-04 3.24e-05 1.97e-04 3.55e-06 3.55e-04 1.73e-05 3.55e-04 3.54e-06 8.92e-06 1.70e-04 6.87e-05 1.97e-04 3.55e-06 3.55e-04 1.73e-05 3.55e-04 3.55e-06 8.92e-06 1.70e-04 6.87e-05
38305 7.65300e+03 -4.55607e+00 3.17671e-04 2.26123e-05 2.24e-04 4.01e-07 7.77e-04 1.66e-05 5.70e-04 6.41e-08 8.75e-06 1.76e-04 2.26e-05 1.97e-04 3.54e-06 3.54e-04 1.72e-05 3.54e-04 3.54e-06 8.90e-06 1.70e-04 6.86e-05 1.97e-04 3.54e-06 3.54e-04 1.72e-05 3.54e-04 3.54e-06 8.90e-06 1.70e-04 6.86e-05
38355 7.66300e+03 -4.53960e+00 3.11578e-04 9.32223e-05 2.40e-04 3.95e-07 7.42e-04 1.36e-05 5.62e-04 1.78e-07 5.27e-06 1.49e-04 9.32e-05 1.98e-04 3.54e-06 3.54e-04 1.72e-05 3.54e-04 3.54e-06 8.91e-06 1.70e-04 6.85e-05 1.98e-04 3.54e-06 3.54e-04 1.72e-05 3.54e-04 3.54e-06 8.91e-06 1.70e-04 6.85e-05
38405 7.67300e+03 -4.50493e+00 3.07635e-04 7.41444e-05 2.04e-04 3.73e-07 7.74e-04 1.34e-05 5.46e-04 1.02e-07 1.43e-05 1.61e-04 7.41e-05 1.99e-04 3.54e-06 3.54e-04 1.71e-05 3.54e-04 3.54e-06 8.92e-06 1.70e-04 6.85e-05 1.99e-04 3.54e-06 3.54e-04 1.71e-05 3.54e-04 3.54e-06 8.92e-06 1.70e-04 6.85e-05
38455 7.68300e+03 -4.53957e+00 3.38029e-04 4.89121e-05 2.94e-04 3.52e-07 8.23e-04 1.91e-05 5.54e-04 6.73e-08 3.80e-06 1.59e-04 4.89e-05 1.99e-04 3.54e-06 3.54e-04 1.70e-05 3.54e-04 3.54e-06 8.91e-06 1.70e-04 6.84e-05 1.99e-04 3.54e-06 3.54e-04 1.70e-05 3.54e-04 3.54e-06 8.91e-06 1.70e-04 6.84e-05
38505 7.69300e+03 -4.60364e+00 3.21443e-04 2.23609e-05 1.91e-04 3.44e-07 8.10e-04 1.32e-05 5.92e-04 6.05e-08 3.44e-06 1.72e-04 2.24e-05 2.00e-04 3.54e-06 3.54e-04 1.70e-05 3.54e-04 3.54e-06 8.90e-06 1.70e-04 6.83e-05 2.00e-04 3.54e-06 3.54e-04 1.70e-05 3.54e-04 3.54e-06 8.90e-06 1.70e-04 6.83e-05
38555 7.70300e+03 -4.53490e+00 3.11419e-04 5.59359e-05 2.38e-04 3.78e-07 7.84e-04 1.55e-05 5.19e-04 7.41e-08 9.53e-06 1.65e-04 5.59e-05 2.00e-04 3.53e-06 3.54e-04 1.69e-05 3.54e-04 3.54e-06 8.89e-06 1.70e-04 6.83e-05 2.00e-04 3.54e-06 3.54e-04 1.69e-05 3.54e-04 3.54e-06 8.89e-06 1.70e-04 6.83e-05
38605 7.71300e+03 -4.57823e+00 3.06426e-04 2.28030e-05 2.04e-04 3.84e-07 7.68e-04 2.08e-05 5.40e-04 4.18e-08 6.49e-06 1.47e-04 2.28e-05 2.01e-04 3.53e-06 3.54e-04 1.68e-05 3.54e-04 3.53e-06 8.89e-06 1.69e-04 6.82e-05 2.01e-04 3.54e-06 3.54e-04 1.68e-05 3.54e-04 3.54e-06 8.89e-06 1.69e-04 6.82e-05
38655 7.72300e+03 -4.52277e+00 3.31438e-04 4.32266e-05 3.07e-04 3.37e-07 8.01e-04 1.47e-05 5.34e-04 1.03e-07 8.23e-06 1.93e-04 4.32e-05 2.01e-04 3.53e-06 3.53e-04 1.67e-05 3.53e-04 3.53e-06 8.88e-06 1.69e-04 6.82e-05 2.01e-04 3.53e-06 3.53e-04 1.67e-05 3.53e-04 3.53e-06 8.88e-06 1.69e-04 6.82e-05
38705 7.73300e+03 -4.50406e+00 3.78609e-04 1.96142e-05 4.93e-04 3.97e-07 7.98e-04 1.46e-05 5.87e-04 7.70e-08 5.05e-06 1.88e-04 1.96e-05 2.01e-04 3.53e-06 3.53e-04 1.67e-05 3.53e-04 3.53e-06 8.87e-06 1.69e-04 6.81e-05 2.01e-04 3.53e-06 3.53e-04 1.67e-05 3.53e-04 3.53e-06 8.87e-06 1.69e-04 6.81e-05
38755 7.74300e+03 -4.56283e+00 2.97536e-04 1.44107e-05 1.90e-04 3.45e-07 7.55e-04 1.40e-05 5.28e-04 6.46e-08 1.38e-05 1.69e-04 1.44e-05 2.02e-04 3.53e-06 3.53e-04 1.66e-05 3.53e-04 3.53e-06 8.87e-06 1.69e-04 6.81e-05 2.02e-04 3.53e-06 3.53e-04 1.66e-05 3.53e-04 3.53e-06 8.87e-06 1.69e-04 6.81e-05
38805 7.75300e+03 -4.54000e+00 3.47726e-04 4.51386e-05 3.24e-04 3.39e-07 8.31e-04 1.21e-05 5.71e-04 1.19e-07 5.21e-06 1.74e-04 4.51e-05 2.02e-04 3.53e-06 3.53e-04 1.66e-05 3.53e-04 3.53e-06 8.85e-06 1.69e-04 6.80e-05 2.02e-04 3.53e-06 3.53e-04 1.66e-05 3.53e-04 3.53e-06 8.85e-06 1.69e-04 6.80e-05
38855 7.76300e+03 -4.55102e+00 3.27632e-04 3.03955e-05 3.36e-04 4.09e-07 7.57e-04 1.30e-05 5.32e-04 4.83e-08 7.19e-06 1.75e-04 3.04e-05 2.02e-04 3.53e-06 3.53e-04 1.65e-05 3.53e-04 3.53e-06 8.83e-06 1.69e-04 6.79e-05 2.02e-04 3.53e-06 3.53e-04 1.65e-05 3.53e-04 3.53e-06 8.83e-06 1.69e-04 6.79e-05
38905 7.77300e+03 -4.32432e+00 3.22479e-04 1.59531e-05 2.57e-04 3.66e-07 7.97e-04 1.65e-05 5.41e-04 6.33e-08 4.61e-05 1.65e-04 1.60e-05 2.03e-04 3.52e-06 3.53e-04 1.64e-05 3.53e-04 3.53e-06 8.83e-06 1.69e-04 6.79e-05 2.03e-04 3.53e-06 3.53e-04 1.64e-05 3.53e-04 3.53e-06 8.83e-06 1.69e-04 6.79e-05
38955 7.78300e+03 -4.56785e+00 3.29354e-04 2.18569e-05 3.49e-04 4.14e-07 7.57e-04 1.53e-05 5.25e-04 4.27e-08 3.81e-06 1.80e-04 2.19e-05 2.04e-04 3.52e-06 3.53e-04 1.64e-05 3.53e-04 3.52e-06 8.82e-06 1.69e-04 6.78e-05 2.04e-04 3.53e-06 3.53e-04 1.64e-05 3.53e-04 3.53e-06 8.82e-06 1.69e-04 6.78e-05
39005 7.79300e+03 -4.48573e+00 3.30320e-04 8.06715e-05 2.48e-04 3.85e-07 7.90e-04 1.60e-05 5.97e-04 6.15e-08 1.08e-05 1.76e-04 8.07e-05 2.05e-04 3.52e-06 3.52e-04 1.63e-05 3.52e-04 3.52e-06 8.82e-06 1.69e-04 6.78e-05 2.05e-04 3.52e-06 3.52e-04 1.63e-05 3.52e-04 3.52e-06 8.82e-06 1.69e-04 6.78e-05
39055 7.80300e+03 -4.37392e+00 3.88027e-04 1.36400e-04 5.02e-04 3.67e-07 8.51e-04 1.46e-05 5.72e-04 8.95e-08 1.03e-05 1.75e-04 1.36e-04 2.05e-04 3.52e-06 3.52e-04 1.63e-05 3.52e-04 3.52e-06 8.82e-06 1.69e-04 6.77e-05 2.05e-04 3.52e-06 3.52e-04 1.63e-05 3.52e-04 3.52e-06 8.82e-06 1.69e-04 6.77e-05
39105 7.81300e+03 -4.54398e+00 3.23689e-04 5.59007e-05 3.67e-04 3.71e-07 7.29e-04 1.27e-05 5.09e-04 7.54e-08 6.93e-06 1.43e-04 5.59e-05 2.06e-04 3.52e-06 3.52e-04 1.62e-05 3.52e-04 3.52e-06 8.80e-06 1.69e-04 6.77e-05 2.06e-04 3.52e-06 3.52e-04 1.62e-05 3.52e-04 3.52e-06 8.80e-06 1.69e-04 6.77e-05
39155 7.82300e+03 -4.49285e+00 3.10975e-04 3.77427e-05 2.83e-04 3.83e-07 7.26e-04 1.16e-05 5.34e-04 4.39e-08 1.94e-05 1.75e-04 3.77e-05 2.06e-04 3.52e-06 3.52e-04 1.62e-05 3.52e-04 3.52e-06 8.79e-06 1.68e-04 6.77e-05 2.06e-04 3.52e-06 3.52e-04 1.62e-05 3.52e-04 3.52e-06 8.79e-06 1.68e-04 6.77e-05
39205 7.83300e+03 -4.43495e+00 3.44019e-04 1.72678e-04 3.46e-04 3.51e-07 7.81e-04 1.34e-05 5.80e-04 4.91e-08 5.00e-06 1.75e-04 1.73e-04 2.07e-04 3.52e-06 3.52e-04 1.61e-05 3.52e-04 3.52e-06 8.79e-06 1.68e-04 6.77e-05 2.07e-04 3.52e-06 3.52e-04 1.61e-05 3.52e-04 3.52e-06 8.79e-06 1.68e-04 6.77e-05
39255 7.84300e+03 -4.59583e+00 3.04362e-04 4.04787e-05 2.29e-04 3.99e-07 7.38e-04 1.36e-05 5.40e-04 3.70e-08 4.47e-06 1.57e-04 4.05e-05 2.08e-04 3.52e-06 3.52e-04 1.60e-05 3.52e-04 3.52e-06 8.78e-06 1.68e-04 6.77e-05 2.08e-04 3.52e-06 3.52e-04 1.60e-05 3.52e-04 3.52e-06 8.78e-06 1.68e-04 6.77e-05
39305 7.85300e+03 -4.48525e+00 3.93080e-04 3.26048e-05 6.25e-04 3.64e-07 7.74e-04 1.45e-05 5.51e-04 4.28e-08 3.98e-06 1.71e-04 3.26e-05 2.09e-04 3.52e-06 3.52e-04 1.60e-05 3.52e-04 3.52e-06 8.79e-06 1.68e-04 6.77e-05 2.09e-04 3.52e-06 3.52e-04 1.60e-05 3.52e-04 3.52e-06 8.79e-06 1.68e-04 6.77e-05
39355 7.86300e+03 -4.53991e+00 3.00500e-04 1.22919e-05 1.98e-04 3.51e-07 7.44e-04 1.28e-05 5.48e-04 4.13e-08 1.81e-05 1.66e-04 1.23e-05 2.09e-04 3.51e-06 3.52e-04 1.59e-05 3.52e-04 3.51e-06 8.79e-06 1.68e-04 6.77e-05 2.09e-04 3.52e-06 3.52e-04 1.59e-05 3.52e-04 3.52e-06 8.79e-06 1.68e-04 6.77e-05
39405 7.87300e+03 -4.60338e+00 3.19189e-04 2.35923e-05 2.87e-04 3.55e-07 7.51e-04 1.19e-05 5.46e-04 8.51e-08 3.41e-06 1.60e-04 2.36e-05 2.10e-04 3.51e-06 3.51e-04 1.59e-05 3.51e-04 3.51e-06 8.80e-06 1.68e-04 6.77e-05 2.10e-04 3.51e-06 3.51e-04 1.59e-05 3.51e-04 3.51e-06 8.80e-06 1.68e-04 6.77e-05
39455 7.88300e+03 -4.61759e+00 3.02889e-04 2.97544e-05 2.03e-04 4.08e-07 7.56e-04 1.26e-05 5.42e-04 8.67e-08 3.30e-06 1.60e-04 2.98e-05 2.10e-04 3.51e-06 3.51e-04 1.58e-05 3.51e-04 3.51e-06 8.78e-06 1.69e-04 6.77e-05 2.10e-04 3.51e-06 3.51e-04 1.58e-05 3.51e-04 3.51e-06 8.78e-06 1.69e-04 6.77e-05
39505 7.89300e+03 -4.55232e+00 3.30424e-04 3.31578e-05 3.56e-04 3.67e-07 7.38e-04 1.20e-05 5.46e-04 6.90e-08 6.72e-06 1.78e-04 3.32e-05 2.11e-04 3.51e-06 3.51e-04 1.58e-05 3.51e-04 3.51e-06 8.78e-06 1.69e-04 6.76e-05 2.11e-04 3.51e-06 3.51e-04 1.58e-05 3.51e-04 3.51e-06 8.78e-06 1.69e-04 6.76e-05
39555 7.90300e+03 -4.57863e+00 2.93010e-04 5.18739e-05 2.13e-04 3.54e-07 7.14e-04 1.46e-05 5.23e-04 6.27e-08 4.32e-06 2.07e-04 5.19e-05 2.11e-04 3.51e-06 3.51e-04 1.57e-05 3.51e-04 3.51e-06 8.79e-06 1.68e-04 6.76e-05 2.11e-04 3.51e-06 3.51e-04 1.57e-05 3.51e-04 3.51e-06 8.79e-06 1.68e-04 6.76e-05
39605 7.91300e+03 -4.47423e+00 3.33927e-04 1.30224e-04 3.48e-04 3.70e-07 7.60e-04 1.32e-05 5.48e-04 4.40e-08 5.37e-06 1.82e-04 1.30e-04 2.11e-04 3.51e-06 3.51e-04 1.56e-05 3.51e-04 3.51e-06 8.77e-06 1.68e-04 6.75e-05 2.11e-04 3.51e-06 3.51e-04 1.56e-05 3.51e-04 3.51e-06 8.77e-06 1.68e-04 6.75e-05
39655 7.92300e+03 -4.55516e+00 3.04425e-04 6.91916e-05 2.07e-04 3.64e-07 7.51e-04 1.21e-05 5.52e-04 4.62e-08 8.30e-06 1.60e-04 6.92e-05 2.12e-04 3.51e-06 3.51e-04 1.56e-05 3.51e-04 3.50e-06 8.78e-06 1.68e-04 6.75e-05 2.12e-04 3.51e-06 3.51e-04 1.56e-05 3.51e-04 3.51e-06 8.78e-06 1.68e-04 6.75e-05
39705 7.93300e+03 -4.55235e+00 3.40575e-04 3.14710e-05 3.65e-04 3.49e-07 7.75e-04 1.36e-05 5.49e-04 7.33e-08 5.67e-06 1.61e-04 3.15e-05 2.12e-04 3.50e-06 3.50e-04 1.55e-05 3.50e-04 3.50e-06 8.77e-06 1.68e-04 6.75e-05 2.12e-04 3.50e-06 3.50e-04 1.55e-05 3.50e-04 3.50e-06 8.77e-06 1.68e-04 6.75e-05
39755 7.94300e+03 -4.59894e+00 3.19035e-04 2.27789e-05 3.11e-04 3.78e-07 7.61e-04 1.21e-05 5.11e-04 1.42e-07 3.69e-06 1.59e-04 2.28e-05 2.13e-04 3.50e-06 3.50e-04 1.55e-05 3.50e-04 3.50e-06 8.77e-06 1.68e-04 6.74e-05 2.13e-04 3.50e-06 3.50e-04 1.55e-05 3.50e-04 3.50e-06 8.77e-06 1.68e-04 6.74e-05
39805 7.95300e+03 -4.57451e+00 2.94614e-04 8.20024e-05 2.00e-04 3.55e-07 7.33e-04 1.10e-05 5.30e-04 7.12e-08 4.41e-06 1.80e-04 8.20e-05 2.14e-04 3.50e-06 3.50e-04 1.54e-05 3.50e-04 3.50e-06 8.75e-06 1.68e-04 6.73e-05 2.14e-04 3.50e-06 3.50e-04 1.54e-05 3.50e-04 3.50e-06 8.75e-06 1.68e-04 6.73e-05
39855 7.96300e+03 -4.48010e+00 3.25675e-04 1.38996e-04 3.28e-04 3.78e-07 7.64e-04 1.21e-05 5.24e-04 5.84e-08 6.37e-06 1.61e-04 1.39e-04 2.14e-04 3.50e-06 3.50e-04 1.54e-05 3.50e-04 3.50e-06 8.75e-06 1.68e-04 6.73e-05 2.14e-04 3.50e-06 3.50e-04 1.54e-05 3.50e-04 3.50e-06 8.75e-06 1.68e-04 6.73e-05
39905 7.97300e+03 -4.58024e+00 3.09291e-04 1.16761e-05 2.04e-04 3.83e-07 7.53e-04 1.32e-05 5.76e-04 8.40e-08 1.06e-05 1.60e-04 1.17e-05 2.14e-04 3.50e-06 3.50e-04 1.53e-05 3.50e-04 3.50e-06 8.75e-06 1.68e-04 6.73e-05 2.14e-04 3.50e-06 3.50e-04 1.53e-05 3.50e-04 3.50e-06 8.75e-06 1.68e-04 6.73e-05
39955 7.98300e+03 -4.50284e+00 3.08381e-04 6.95911e-05 1.94e-04 3.98e-07 7.43e-04 1.53e-05 5.89e-04 5.28e-08 1.23e-05 2.01e-04 6.96e-05 2.15e-04 3.50e-06 3.50e-04 1.53e-05 3.50e-04 3.50e-06 8.75e-06 1.68e-04 6.73e-05 2.15e-04 3.50e-06 3.50e-04 1.53e-05 3.50e-04 3.50e-06 8.75e-06 1.68e-04 6.73e-05
40005 7.99200e+03 -4.54348e+00 3.48411e-04 5.30370e-05 4.12e-04 3.80e-07 7.76e-04 1.14e-05 5.42e-04 6.95e-08 3.94e-06 1.58e-04 5.30e-05 2.15e-04 3.49e-06 3.50e-04 1.52e-05 3.50e-04 3.50e-06 8.75e-06 1.68e-04 6.73e-05 2.15e-04 3.50e-06 3.50e-04 1.52e-05 3.50e-04 3.50e-06 8.75e-06 1.68e-04 6.73e-05
40055 8.00200e+03 -4.54712e+00 3.39733e-04 2.41435e-05 3.60e-04 3.59e-07 7.57e-04 1.30e-05 5.68e-04 4.28e-08 7.48e-06 1.73e-04 2.41e-05 2.16e-04 3.49e-06 3.50e-04 1.52e-05 3.50e-04 3.49e-06 8.75e-06 1.68e-04 6.72e-05 2.16e-04 3.50e-06 3.50e-04 1.52e-05 3.50e-04 3.50e-06 8.75e-06 1.68e-04 6.72e-05
40105 8.01200e+03 -4.57124e+00 3.29633e-04 2.98309e-05 3.18e-04 3.61e-07 7.63e-04 1.14e-05 5.55e-04 4.40e-08 5.45e-06 1.79e-04 2.98e-05 2.16e-04 3.49e-06 3.49e-04 1.52e-05 3.49e-04 3.49e-06 8.75e-06 1.68e-04 6.71e-05 2.16e-04 3.49e-06 3.49e-04 1.52e-05 3.49e-04 3.49e-06 8.75e-06 1.68e-04 6.71e-05
40155 8.02200e+03 -4.45617e+00 3.21268e-04 1.19436e-04 2.17e-04 3.83e-07 7.75e-04 1.29e-05 6.01e-04 1.23e-07 1.47e-05 1.55e-04 1.19e-04 2.17e-04 3.49e-06 3.49e-04 1.51e-05 3.49e-04 3.49e-06 8.74e-06 1.68e-04 6.70e-05 2.17e-04 3.49e-06 3.49e-04 1.51e-05 3.49e-04 3.49e-06 8.74e-06 1.68e-04 6.70e-05
40205 8.03200e+03 -4.29778e+00 3.16576e-04 1.53047e-04 2.21e-04 3.88e-07 7.70e-04 1.17e-05 5.80e-04 5.97e-08 3.62e-05 1.63e-04 1.53e-04 2.17e-04 3.49e-06 3.49e-04 1.51e-05 3.49e-04 3.49e-06 8.73e-06 1.68e-04 6.70e-05 2.17e-04 3.49e-06 3.49e-04 1.51e-05 3.49e-04 3.49e-06 8.73e-06 1.68e-04 6.70e-05
40255 8.04200e+03 -4.52881e+00 3.09731e-04 4.76939e-05 2.72e-04 3.84e-07 7.38e-04 1.83e-05 5.21e-04 8.17e-08 9.35e-06 1.74e-04 4.77e-05 2.18e-04 3.49e-06 3.49e-04 1.50e-05 3.49e-04 3.49e-06 8.74e-06 1.68e-04 6.70e-05 2.18e-04 3.49e-06 3.49e-04 1.50e-05 3.49e-04 3.49e-06 8.74e-06 1.68e-04 6.70e-05
40305 8.05200e+03 -4.39928e+00 3.49699e-04 4.28508e-05 3.99e-04 4.18e-07 7.77e-04 1.17e-05 5.60e-04 1.42e-07 2.92e-05 1.31e-04 4.29e-05 2.19e-04 3.49e-06 3.49e-04 1.49e-05 3.49e-04 3.49e-06 8.76e-06 1.68e-04 6.69e-05 2.19e-04 3.49e-06 3.49e-04 1.49e-05 3.49e-04 3.49e-06 8.76e-06 1.68e-04 6.69e-05
40355 8.06200e+03 -4.56244e+00 3.40769e-04 3.15973e-05 4.66e-04 4.19e-07 7.13e-04 1.17e-05 5.12e-04 7.43e-08 4.77e-06 1.41e-04 3.16e-05 2.20e-04 3.49e-06 3.49e-04 1.49e-05 3.49e-04 3.49e-06 8.75e-06 1.68e-04 6.69e-05 2.20e-04 3.49e-06 3.49e-04 1.49e-05 3.49e-04 3.49e-06 8.75e-06 1.68e-04 6.69e-05
40405 8.07200e+03 -4.43650e+00 3.00937e-04 1.27515e-04 1.97e-04 4.24e-07 7.79e-04 1.23e-05 5.15e-04 8.33e-08 1.81e-05 1.89e-04 1.28e-04 2.20e-04 3.49e-06 3.49e-04 1.48e-05 3.49e-04 3.49e-06 8.74e-06 1.68e-04 6.69e-05 2.20e-04 3.49e-06 3.49e-04 1.48e-05 3.49e-04 3.49e-06 8.74e-06 1.68e-04 6.69e-05
40455 8.08200e+03 -4.59764e+00 3.00529e-04 1.46061e-05 2.35e-04 3.72e-07 7.17e-04 1.14e-05 5.39e-04 8.10e-08 7.85e-06 1.86e-04 1.46e-05 2.21e-04 3.49e-06 3.49e-04 1.48e-05 3.49e-04 3.49e-06 8.74e-06 1.67e-04 6.68e-05 2.21e-04 3.49e-06 3.49e-04 1.48e-05 3.49e-04 3.49e-06 8.74e-06 1.67e-04 6.68e-05
40505 8.09200e+03 -4.54058e+00 3.05109e-04 5.81894e-05 2.44e-04 3.81e-07 7.13e-04 1.48e-05 5.53e-04 5.75e-08 9.08e-06 1.76e-04 5.82e-05 2.21e-04 3.48e-06 3.49e-04 1.47e-05 3.49e-04 3.49e-06 8.73e-06 1.67e-04 6.66e-05 2.21e-04 3.49e-06 3.49e-04 1.47e-05 3.49e-04 3.49e-06 8.73e-06 1.67e-04 6.66e-05
40555 8.10200e+03 -4.48959e+00 2.98019e-04 2.97475e-05 2.37e-04 3.69e-07 7.29e-04 1.34e-05 5.11e-04 1.61e-07 2.36e-05 1.53e-04 2.97e-05 2.22e-04 3.48e-06 3.48e-04 1.47e-05 3.48e-04 3.48e-06 8.74e-06 1.68e-04 6.66e-05 2.22e-04 3.48e-06 3.48e-04 1.47e-05 3.48e-04 3.48e-06 8.74e-06 1.68e-04 6.66e-05
40605 8.11200e+03 -4.58214e+00 3.29145e-04 1.20854e-05 3.15e-04 4.32e-07 7.78e-04 1.06e-05 5.41e-04 8.35e-08 7.05e-06 1.70e-04 1.21e-05 2.22e-04 3.48e-06 3.48e-04 1.46e-05 3.48e-04 3.48e-06 8.75e-06 1.68e-04 6.67e-05 2.22e-04 3.48e-06 3.48e-04 1.46e-05 3.48e-04 3.48e-06 8.75e-06 1.68e-04 6.67e-05
40655 8.12200e+03 -4.46897e+00 3.09205e-04 1.30043e-04 2.95e-04 4.22e-07 7.24e-04 1.16e-05 5.15e-04 9.17e-08 1.07e-05 1.87e-04 1.30e-04 2.23e-04 3.48e-06 3.48e-04 1.46e-05 3.48e-04 3.48e-06 8.76e-06 1.67e-04 6.66e-05 2.23e-04 3.48e-06 3.48e-04 1.46e-05 3.48e-04 3.48e-06 8.76e-06 1.67e-04 6.66e-05
40705 8.13200e+03 -4.60461e+00 3.06385e-04 2.31014e-05 2.49e-04 3.70e-07 7.61e-04 1.13e-05 5.11e-04 7.28e-08 5.61e-06 1.71e-04 2.31e-05 2.23e-04 3.48e-06 3.48e-04 1.45e-05 3.48e-04 3.48e-06 8.75e-06 1.67e-04 6.66e-05 2.23e-04 3.48e-06 3.48e-04 1.45e-05 3.48e-04 3.48e-06 8.75e-06 1.67e-04 6.66e-05
40755 8.14200e+03 -4.61492e+00 3.10621e-04 1.50928e-05 2.21e-04 3.84e-07 7.71e-04 1.29e-05 5.48e-04 8.27e-08 4.63e-06 1.58e-04 1.51e-05 2.24e-04 3.48e-06 3.48e-04 1.45e-05 3.48e-04 3.48e-06 8.77e-06 1.67e-04 6.65e-05 2.24e-04 3.48e-06 3.48e-04 1.45e-05 3.48e-04 3.48e-06 8.77e-06 1.67e-04 6.65e-05
40805 8.15200e+03 -4.52610e+00 3.31819e-04 5.05244e-06 3.19e-04 3.93e-07 7.56e-04 1.26e-05 5.71e-04 5.63e-08 1.72e-05 1.39e-04 5.05e-06 2.24e-04 3.48e-06 3.48e-04 1.44e-05 3.48e-04 3.48e-06 8.76e-06 1.67e-04 6.63e-05 2.24e-04 3.48e-06 3.48e-04 1.44e-05 3.48e-04 3.48e-06 8.76e-06 1.67e-04 6.63e-05
40855 8.16200e+03 -4.60557e+00 3.02328e-04 3.20430e-05 2.20e-04 3.93e-07 7.70e-04 1.16e-05 5.10e-04 5.46e-08 5.20e-06 1.70e-04 3.20e-05 2.25e-04 3.47e-06 3.48e-04 1.44e-05 3.48e-04 3.47e-06 8.75e-06 1.67e-04 6.61e-05 2.25e-04 3.48e-06 3.48e-04 1.44e-05 3.48e-04 3.48e-06 8.75e-06 1.67e-04 6.61e-05
40905 8.17200e+03 -4.62354e+00 2.94898e-04 2.08919e-05 1.99e-04 3.73e-07 7.54e-04 1.27e-05 5.09e-04 8.99e-08 5.26e-06 1.53e-04 2.09e-05 2.25e-04 3.47e-06 3.48e-04 1.43e-05 3.48e-04 3.47e-06 8.74e-06 1.66e-04 6.60e-05 2.25e-04 3.48e-06 3.48e-04 1.43e-05 3.48e-04 3.48e-06 8.74e-06 1.66e-04 6.60e-05
40955 8.18200e+03 -4.56931e+00 3.00702e-04 5.83504e-05 1.97e-04 3.95e-07 7.54e-04 1.14e-05 5.41e-04 5.18e-08 7.71e-06 1.76e-04 5.84e-05 2.26e-04 3.47e-06 3.47e-04 1.43e-05 3.47e-04 3.47e-06 8.74e-06 1.66e-04 6.60e-05 2.26e-04 3.47e-06 3.47e-04 1.43e-05 3.47e-04 3.47e-06 8.74e-06 1.66e-04 6.60e-05
41005 8.19200e+03 -4.56413e+00 3.24068e-04 4.87740e-05 3.55e-04 3.86e-07 7.36e-04 1.30e-05 5.17e-04 5.54e-08 3.92e-06 1.74e-04 4.88e-05 2.26e-04 3.47e-06 3.47e-04 1.42e-05 3.47e-04 3.47e-06 8.73e-06 1.66e-04 6.59e-05 2.26e-04 3.47e-06 3.47e-04 1.42e-05 3.47e-04 3.47e-06 8.73e-06 1.66e-04 6.59e-05
41055 8.20200e+03 -4.50673e+00 3.22720e-04 1.04481e-04 3.17e-04 3.68e-07 7.77e-04 1.38e-05 5.05e-04 9.12e-08 7.00e-06 1.49e-04 1.04e-04 2.27e-04 3.47e-06 3.47e-04 1.42e-05 3.47e-04 3.47e-06 8.71e-06 1.66e-04 6.58e-05 2.27e-04 3.47e-06 3.47e-04 1.42e-05 3.47e-04 3.47e-06 8.71e-06 1.66e-04 6.58e-05
41105 8.21200e+03 -4.59185e+00 3.17147e-04 4.41606e-05 2.18e-04 3.82e-07 7.88e-04 1.33e-05 5.66e-04 5.29e-08 4.27e-06 1.45e-04 4.42e-05 2.28e-04 3.47e-06 3.47e-04 1.41e-05 3.47e-04 3.47e-06 8.70e-06 1.66e-04 6.58e-05 2.28e-04 3.47e-06 3.47e-04 1.41e-05 3.47e-04 3.47e-06 8.70e-06 1.66e-04 6.58e-05
41155 8.22200e+03 -4.62474e+00 3.01658e-04 1.58936e-05 1.93e-04 3.72e-07 7.56e-04 1.31e-05 5.46e-04 1.70e-07 5.21e-06 1.41e-04 1.59e-05 2.28e-04 3.47e-06 3.47e-04 1.41e-05 3.47e-04 3.47e-06 8.68e-06 1.65e-04 6.57e-05 2.28e-04 3.47e-06 3.47e-04 1.41e-05 3.47e-04 3.47e-06 8.68e-06 1.65e-04 6.57e-05
41205 8.23200e+03 -4.21809e+00 3.23760e-04 1.66621e-04 2.43e-04 4.13e-07 7.53e-04 1.59e-05 6.06e-04 6.20e-08 4.33e-05 1.53e-04 1.67e-04 2.28e-04 3.47e-06 3.47e-04 1.40e-05 3.47e-04 3.47e-06 8.68e-06 1.65e-04 6.57e-05 2.28e-04 3.47e-06 3.47e-04 1.40e-05 3.47e-04 3.47e-06 8.68e-06 1.65e-04 6.57e-05
41255 8.24200e+03 -4.56039e+00 3.31827e-04 4.26007e-05 3.67e-04 4.09e-07 7.50e-04 1.23e-05 5.30e-04 1.28e-07 5.83e-06 1.48e-04 4.26e-05 2.29e-04 3.47e-06 3.47e-04 1.41e-05 3.47e-04 3.47e-06 8.69e-06 1.65e-04 6.58e-05 2.29e-04 3.47e-06 3.47e-04 1.41e-05 3.47e-04 3.47e-06 8.69e-06 1.65e-04 6.58e-05
41305 8.25200e+03 -4.51666e+00 3.05717e-04 1.11835e-04 2.28e-04 4.03e-07 7.28e-04 1.08e-05 5.61e-04 7.82e-08 7.72e-06 1.84e-04 1.12e-04 2.29e-04 3.46e-06 3.47e-04 1.40e-05 3.47e-04 3.47e-06 8.68e-06 1.65e-04 6.58e-05 2.29e-04 3.47e-06 3.47e-04 1.40e-05 3.47e-04 3.47e-06 8.68e-06 1.65e-04 6.58e-05
41355 8.26200e+03 -4.55999e+00 3.24478e-04 6.49793e-06 2.97e-04 3.63e-07 7.85e-04 1.57e-05 5.24e-04 5.97e-08 1.01e-05 1.60e-04 6.50e-06 2.29e-04 3.46e-06 3.46e-04 1.40e-05 3.46e-04 3.46e-06 8.67e-06 1.65e-04 6.58e-05 2.29e-04 3.46e-06 3.46e-04 1.40e-05 3.46e-04 3.46e-06 8.67e-06 1.65e-04 6.58e-05
41405 8.27200e+03 -4.51288e+00 3.29119e-04 5.41288e-05 2.80e-04 3.54e-07 7.58e-04 1.19e-05 5.96e-04 4.41e-08 1.24e-05 1.74e-04 5.41e-05 2.30e-04 3.46e-06 3.46e-04 1.39e-05 3.46e-04 3.46e-06 8.66e-06 1.65e-04 6.57e-05 2.30e-04 3.46e-06 3.46e-04 1.39e-05 3.46e-04 3.46e-06 8.66e-06 1.65e-04 6.57e-05
41455 8.28200e+03 -4.63325e+00 2.91725e-04 2.02447e-05 2.10e-04 3.47e-07 7.15e-04 1.18e-05 5.21e-04 5.91e-08 3.77e-06 1.73e-04 2.02e-05 2.30e-04 3.46e-06 3.46e-04 1.39e-05 3.46e-04 3.46e-06 8.66e-06 1.65e-04 6.55e-05 2.30e-04 3.46e-06 3.46e-04 1.39e-05 3.46e-04 3.46e-06 8.66e-06 1.65e-04 6.55e-05
41505 8.29200e+03 -4.51159e+00 3.09927e-04 2.66832e-05 2.34e-04 3.53e-07 7.42e-04 1.59e-05 5.57e-04 1.34e-07 1.74e-05 1.59e-04 2.67e-05 2.30e-04 3.46e-06 3.46e-04 1.39e-05 3.46e-04 3.46e-06 8.66e-06 1.65e-04 6.55e-05 2.30e-04 3.46e-06 3.46e-04 1.39e-05 3.46e-04 3.46e-06 8.66e-06 1.65e-04 6.55e-05
41555 8.30200e+03 -4.62815e+00 3.00825e-04 3.35022e-05 2.53e-04 3.98e-07 7.33e-04 9.87e-06 5.08e-04 6.07e-08 3.82e-06 1.43e-04 3.35e-05 2.31e-04 3.46e-06 3.46e-04 1.38e-05 3.46e-04 3.46e-06 8.65e-06 1.65e-04 6.53e-05 2.31e-04 3.46e-06 3.46e-04 1.38e-05 3.46e-04 3.46e-06 8.65e-06 1.65e-04 6.53e-05
41605 8.31200e+03 -4.47342e+00 4.02817e-04 6.15589e-05 7.09e-04 3.95e-07 7.50e-04 1.26e-05 5.42e-04 4.10e-08 4.40e-06 1.39e-04 6.16e-05 2.31e-04 3.45e-06 3.46e-04 1.38e-05 3.46e-04 3.46e-06 8.65e-06 1.65e-04 6.52e-05 2.31e-04 3.46e-06 3.46e-04 1.38e-05 3.46e-04 3.46e-06 8.65e-06 1.65e-04 6.52e-05
41655 8.32200e+03 -4.61352e+00 2.98105e-04 1.64882e-05 2.55e-04 3.28e-07 7.05e-04 1.35e-05 5.17e-04 6.34e-08 3.77e-06 1.98e-04 1.65e-05 2.32e-04 3.45e-06 3.46e-04 1.37e-05 3.46e-04 3.45e-06 8.64e-06 1.65e-04 6.52e-05 2.32e-04 3.46e-06 3.46e-04 1.37e-05 3.46e-04 3.46e-06 8.64e-06 1.65e-04 6.52e-05
41705 8.33200e+03 -4.55630e+00 3.48949e-04 1.93830e-05 4.52e-04 3.66e-07 7.33e-04 1.28e-05 5.47e-04 1.36e-07 3.92e-06 1.94e-04 1.94e-05 2.32e-04 3.45e-06 3.45e-04 1.37e-05 3.45e-04 3.45e-06 8.64e-06 1.65e-04 6.51e-05 2.32e-04 3.45e-06 3.45e-04 1.37e-05 3.45e-04 3.45e-06 8.64e-06 1.65e-04 6.51e-05
41755 8.34200e+03 -4.56821e+00 3.04352e-04 6.24455e-05 2.24e-04 4.03e-07 7.48e-04 1.32e-05 5.36e-04 6.77e-08 5.56e-06 1.74e-04 6.24e-05 2.33e-04 3.45e-06 3.45e-04 1.36e-05 3.45e-04 3.45e-06 8.63e-06 1.64e-04 6.50e-05 2.33e-04 3.45e-06 3.45e-04 1.36e-05 3.45e-04 3.45e-06 8.63e-06 1.64e-04 6.50e-05
41805 8.35200e+03 -4.48125e+00 3.12202e-04 2.87939e-05 2.35e-04 3.81e-07 7.35e-04 1.14e-05 5.80e-04 1.75e-07 2.37e-05 1.66e-04 2.88e-05 2.33e-04 3.45e-06 3.45e-04 1.36e-05 3.45e-04 3.45e-06 8.62e-06 1.64e-04 6.49e-05 2.33e-04 3.45e-06 3.45e-04 1.36e-05 3.45e-04 3.45e-06 8.62e-06 1.64e-04 6.49e-05
41855 8.36200e+03 -4.60726e+00 2.88473e-04 5.91236e-05 2.01e-04 3.58e-07 7.15e-04 1.10e-05 5.15e-04 5.19e-08 4.66e-06 1.56e-04 5.91e-05 2.34e-04 3.45e-06 3.45e-04 1.36e-05 3.45e-04 3.45e-06 8.63e-06 1.64e-04 6.48e-05 2.34e-04 3.45e-06 3.45e-04 1.36e-05 3.45e-04 3.45e-06 8.63e-06 1.64e-04 6.48e-05
41905 8.37200e+03 -4.55442e+00 3.03008e-04 2.04253e-05 2.24e-04 3.53e-07 7.30e-04 1.14e-05 5.49e-04 4.55e-08 1.50e-05 1.69e-04 2.04e-05 2.34e-04 3.45e-06 3.45e-04 1.35e-05 3.45e-04 3.45e-06 8.63e-06 1.64e-04 6.47e-05 2.34e-04 3.45e-06 3.45e-04 1.35e-05 3.45e-04 3.45e-06 8.63e-06 1.64e-04 6.47e-05
41955 8.38200e+03 -4.57502e+00 3.26944e-04 4.63717e-05 3.95e-04 3.80e-07 7.14e-04 9.47e-06 5.16e-04 5.49e-08 5.34e-06 1.52e-04 4.64e-05 2.34e-04 3.45e-06 3.45e-04 1.35e-05 3.45e-04 3.45e-06 8.63e-06 1.64e-04 6.46e-05 2.34e-04 3.45e-06 3.45e-04 1.35e-05 3.45e-04 3.45e-06 8.63e-06 1.64e-04 6.46e-05
42005 8.39200e+03 -4.60046e+00 3.19002e-04 3.32118e-05 2.12e-04 3.85e-07 8.07e-04 1.09e-05 5.64e-04 4.72e-08 4.47e-06 1.70e-04 3.32e-05 2.35e-04 3.45e-06 3.45e-04 1.34e-05 3.45e-04 3.44e-06 8.63e-06 1.64e-04 6.45e-05 2.35e-04 3.45e-06 3.45e-04 1.34e-05 3.45e-04 3.45e-06 8.63e-06 1.64e-04 6.45e-05
42055 8.40200e+03 -4.54314e+00 3.23326e-04 8.03577e-05 2.80e-04 4.33e-07 7.49e-04 1.22e-05 5.76e-04 7.05e-08 5.01e-06 1.66e-04 8.04e-05 2.35e-04 3.45e-06 3.45e-04 1.34e-05 3.45e-04 3.44e-06 8.62e-06 1.63e-04 6.44e-05 2.35e-04 3.45e-06 3.45e-04 1.34e-05 3.45e-04 3.45e-06 8.62e-06 1.63e-04 6.44e-05
42105 8.41200e+03 -4.56979e+00 3.16216e-04 2.63359e-05 3.44e-04 4.50e-07 6.90e-04 1.05e-05 5.36e-04 1.27e-07 8.66e-06 1.75e-04 2.63e-05 2.35e-04 3.44e-06 3.44e-04 1.34e-05 3.44e-04 3.44e-06 8.60e-06 1.63e-04 6.43e-05 2.35e-04 3.44e-06 3.44e-04 1.34e-05 3.44e-04 3.44e-06 8.60e-06 1.63e-04 6.43e-05
42155 8.42200e+03 -4.54600e+00 3.20514e-04 7.06966e-06 3.03e-04 4.21e-07 7.43e-04 1.73e-05 5.39e-04 6.25e-08 1.21e-05 1.52e-04 7.07e-06 2.36e-04 3.44e-06 3.44e-04 1.33e-05 3.44e-04 3.44e-06 8.60e-06 1.62e-04 6.44e-05 2.36e-04 3.44e-06 3.44e-04 1.33e-05 3.44e-04 3.44e-06 8.60e-06 1.62e-04 6.44e-05
42205 8.43200e+03 -4.60514e+00 2.94516e-04 3.95509e-05 1.87e-04 3.83e-07 7.27e-04 1.02e-05 5.48e-04 4.04e-08 6.75e-06 1.70e-04 3.96e-05 2.36e-04 3.44e-06 3.44e-04 1.33e-05 3.44e-04 3.44e-06 8.60e-06 1.62e-04 6.43e-05 2.36e-04 3.44e-06 3.44e-04 1.33e-05 3.44e-04 3.44e-06 8.60e-06 1.62e-04 6.43e-05
42255 8.44200e+03 -4.51903e+00 3.16405e-04 9.99442e-05 1.99e-04 3.40e-07 7.62e-04 1.31e-05 6.07e-04 5.09e-08 6.95e-06 1.79e-04 9.99e-05 2.36e-04 3.44e-06 3.44e-04 1.33e-05 3.44e-04 3.44e-06 8.59e-06 1.62e-04 6.43e-05 2.36e-04 3.44e-06 3.44e-04 1.33e-05 3.44e-04 3.44e-06 8.59e-06 1.62e-04 6.43e-05
42305 8.45200e+03 -4.14531e+00 3.02051e-04 3.36658e-04 2.20e-04 4.08e-07 7.15e-04 1.45e-05 5.60e-04 4.94e-08 3.37e-05 1.78e-04 3.37e-04 2.37e-04 3.44e-06 3.44e-04 1.32e-05 3.44e-04 3.44e-06 8.59e-06 1.62e-04 6.43e-05 2.37e-04 3.44e-06 3.44e-04 1.32e-05 3.44e-04 3.44e-06 8.59e-06 1.62e-04 6.43e-05
42355 8.46200e+03 -4.60312e+00 3.07362e-04 2.44484e-05 2.70e-04 3.91e-07 7.26e-04 1.25e-05 5.28e-04 3.53e-08 5.13e-06 1.70e-04 2.44e-05 2.37e-04 3.44e-06 3.44e-04 1.32e-05 3.44e-04 3.44e-06 8.59e-06 1.62e-04 6.43e-05 2.37e-04 3.44e-06 3.44e-04 1.32e-05 3.44e-04 3.44e-06 8.59e-06 1.62e-04 6.43e-05
42405 8.47200e+03 -4.54069e+00 3.08781e-04 1.19275e-04 2.25e-04 3.69e-07 7.52e-04 1.06e-05 5.56e-04 1.40e-07 3.47e-06 1.69e-04 1.19e-04 2.38e-04 3.44e-06 3.44e-04 1.32e-05 3.44e-04 3.44e-06 8.57e-06 1.62e-04 6.42e-05 2.38e-04 3.44e-06 3.44e-04 1.32e-05 3.44e-04 3.44e-06 8.57e-06 1.62e-04 6.42e-05
42455 8.48200e+03 -4.50099e+00 2.96462e-04 8.32632e-05 1.98e-04 3.68e-07 7.25e-04 1.06e-05 5.48e-04 7.54e-08 1.56e-05 1.84e-04 8.33e-05 2.38e-04 3.43e-06 3.44e-04 1.31e-05 3.44e-04 3.44e-06 8.57e-06 1.62e-04 6.41e-05 2.38e-04 3.44e-06 3.44e-04 1.31e-05 3.44e-04 3.44e-06 8.57e-06 1.62e-04 6.41e-05
42505 8.49200e+03 -4.62614e+00 2.93225e-04 2.47486e-05 1.87e-04 3.74e-07 7.11e-04 1.03e-05 5.57e-04 4.90e-08 5.44e-06 1.74e-04 2.47e-05 2.39e-04 3.43e-06 3.44e-04 1.31e-05 3.44e-04 3.43e-06 8.57e-06 1.62e-04 6.41e-05 2.39e-04 3.44e-06 3.44e-04 1.31e-05 3.44e-04 3.44e-06 8.57e-06 1.62e-04 6.41e-05
42555 8.50200e+03 -4.56621e+00 3.40086e-04 1.68484e-05 3.64e-04 3.46e-07 7.47e-04 1.25e-05 5.77e-04 5.33e-08 7.46e-06 1.58e-04 1.68e-05 2.39e-04 3.43e-06 3.43e-04 1.31e-05 3.43e-04 3.43e-06 8.56e-06 1.62e-04 6.41e-05 2.39e-04 3.43e-06 3.43e-04 1.31e-05 3.43e-04 3.43e-06 8.56e-06 1.62e-04 6.41e-05
42605 8.51200e+03 -4.53513e+00 3.09933e-04 1.11764e-04 2.17e-04 3.43e-07 7.36e-04 1.07e-05 5.86e-04 1.46e-07 4.81e-06 1.78e-04 1.12e-04 2.40e-04 3.43e-06 3.43e-04 1.30e-05 3.43e-04 3.43e-06 8.54e-06 1.62e-04 6.40e-05 2.40e-04 3.43e-06 3.43e-04 1.30e-05 3.43e-04 3.43e-06 8.54e-06 1.62e-04 6.40e-05
42655 8.52200e+03 -4.56386e+00 3.13850e-04 5.40738e-05 2.81e-04 3.70e-07 7.66e-04 1.67e-05 5.05e-04 7.37e-08 4.81e-06 1.48e-04 5.41e-05 2.40e-04 3.43e-06 3.43e-04 1.30e-05 3.43e-04 3.43e-06 8.53e-06 1.61e-04 6.39e-05 2.40e-04 3.43e-06 3.43e-04 1.30e-05 3.43e-04 3.43e-06 8.53e-06 1.61e-04 6.39e-05
42705 8.53200e+03 -4.59463e+00 3.17203e-04 2.05209e-05 2.68e-04 3.63e-07 7.70e-04 1.49e-05 5.33e-04 1.91e-07 5.26e-06 1.46e-04 2.05e-05 2.40e-04 3.43e-06 3.43e-04 1.29e-05 3.43e-04 3.43e-06 8.52e-06 1.62e-04 6.38e-05 2.40e-04 3.43e-06 3.43e-04 1.29e-05 3.43e-04 3.43e-06 8.52e-06 1.62e-04 6.38e-05
42755 8.54200e+03 -4.61973e+00 3.04336e-04 3.51377e-05 2.30e-04 3.27e-07 7.27e-04 9.63e-06 5.54e-04 6.69e-08 4.25e-06 1.64e-04 3.51e-05 2.41e-04 3.43e-06 3.43e-04 1.29e-05 3.43e-04 3.43e-06 8.51e-06 1.61e-04 6.37e-05 2.41e-04 3.43e-06 3.43e-04 1.29e-05 3.43e-04 3.43e-06 8.51e-06 1.61e-04 6.37e-05
42805 8.55200e+03 -4.58429e+00 3.19707e-04 4.75945e-05 2.84e-04 3.48e-07 7.67e-04 1.22e-05 5.35e-04 7.39e-08 4.53e-06 1.52e-04 4.76e-05 2.41e-04 3.42e-06 3.43e-04 1.29e-05 3.43e-04 3.43e-06 8.50e-06 1.62e-04 6.38e-05 2.41e-04 3.43e-06 3.43e-04 1.29e-05 3.43e-04 3.43e-06 8.50e-06 1.62e-04 6.38e-05
42855 8.56200e+03 -4.57770e+00 2.96378e-04 4.90848e-05 1.99e-04 3.28e-07 7.42e-04 1.01e-05 5.30e-04 5.32e-08 8.91e-06 1.82e-04 4.91e-05 2.42e-04 3.42e-06 3.43e-04 1.28e-05 3.43e-04 3.42e-06 8.50e-06 1.62e-04 6.38e-05 2.42e-04 3.43e-06 3.43e-04 1.28e-05 3.43e-04 3.43e-06 8.50e-06 1.62e-04 6.38e-05
42905 8.57200e+03 -4.61524e+00 2.99857e-04 1.74967e-05 2.34e-04 3.74e-07 7.23e-04 1.15e-05 5.30e-04 5.76e-08 6.25e-06 1.70e-04 1.75e-05 2.42e-04 3.42e-06 3.43e-04 1.28e-05 3.43e-04 3.42e-06 8.50e-06 1.62e-04 6.37e-05 2.42e-04 3.43e-06 3.43e-04 1.28e-05 3.43e-04 3.43e-06 8.50e-06 1.62e-04 6.37e-05
42955 8.58200e+03 -4.57813e+00 3.30799e-04 2.56314e-05 2.17e-04 3.72e-07 8.27e-04 9.68e-06 5.99e-04 5.87e-08 9.02e-06 1.57e-04 2.56e-05 2.43e-04 3.42e-06 3.42e-04 1.28e-05 3.42e-04 3.42e-06 8.50e-06 1.62e-04 6.36e-05 2.43e-04 3.42e-06 3.42e-04 1.28e-05 3.42e-04 3.42e-06 8.50e-06 1.62e-04 6.36e-05
43005 8.59200e+03 -4.57964e+00 3.05250e-04 7.13319e-05 2.80e-04 3.55e-07 7.08e-04 1.41e-05 5.24e-04 5.29e-08 3.19e-06 1.44e-04 7.13e-05 2.43e-04 3.42e-06 3.42e-04 1.27e-05 3.42e-04 3.42e-06 8.49e-06 1.61e-04 6.36e-05 2.43e-04 3.42e-06 3.42e-04 1.27e-05 3.42e-04 3.42e-06 8.49e-06 1.61e-04 6.36e-05
43055 8.60200e+03 -4.61199e+00 3.00846e-04 3.97866e-05 2.32e-04 3.97e-07 7.45e-04 1.04e-05 5.16e-04 8.26e-08 4.86e-06 1.59e-04 3.98e-05 2.44e-04 3.42e-06 3.42e-04 1.27e-05 3.42e-04 3.42e-06 8.47e-06 1.61e-04 6.36e-05 2.44e-04 3.42e-06 3.42e-04 1.27e-05 3.42e-04 3.42e-06 8.47e-06 1.61e-04 6.36e-05
43105 8.61200e+03 -4.48342e+00 4.03018e-04 1.47241e-05 6.70e-04 3.46e-07 7.44e-04 1.12e-05 5.89e-04 5.68e-08 9.15e-06 1.85e-04 1.47e-05 2.45e-04 3.42e-06 3.42e-04 1.27e-05 3.42e-04 3.42e-06 8.47e-06 1.61e-04 6.35e-05 2.45e-04 3.42e-06 3.42e-04 1.27e-05 3.42e-04 3.42e-06 8.47e-06 1.61e-04 6.35e-05
43155 8.62200e+03 -4.51995e+00 3.04557e-04 3.46630e-05 2.93e-04 3.52e-07 6.96e-04 1.78e-05 5.16e-04 5.64e-08 1.29e-05 1.78e-04 3.47e-05 2.45e-04 3.42e-06 3.42e-04 1.27e-05 3.42e-04 3.42e-06 8.46e-06 1.62e-04 6.34e-05 2.45e-04 3.42e-06 3.42e-04 1.27e-05 3.42e-04 3.42e-06 8.46e-06 1.62e-04 6.34e-05
43205 8.63200e+03 -4.53181e+00 3.16600e-04 1.00372e-05 2.79e-04 3.41e-07 7.48e-04 1.83e-05 5.37e-04 4.02e-08 1.24e-05 1.86e-04 1.00e-05 2.46e-04 3.42e-06 3.42e-04 1.26e-05 3.42e-04 3.42e-06 8.46e-06 1.61e-04 6.34e-05 2.46e-04 3.42e-06 3.42e-04 1.26e-05 3.42e-04 3.42e-06 8.46e-06 1.61e-04 6.34e-05
43255 8.64200e+03 -4.65452e+00 3.00584e-04 1.10476e-05 2.03e-04 3.21e-07 7.49e-04 9.23e-06 5.41e-04 7.16e-08 4.64e-06 1.38e-04 1.10e-05 2.47e-04 3.42e-06 3.42e-04 1.26e-05 3.42e-04 3.42e-06 8.47e-06 1.62e-04 6.33e-05 2.47e-04 3.42e-06 3.42e-04 1.26e-05 3.42e-04 3.42e-06 8.47e-06 1.62e-04 6.33e-05
43305 8.65200e+03 -4.56246e+00 3.20230e-04 1.95738e-05 3.16e-04 3.54e-07 7.38e-04 1.02e-05 5.37e-04 4.93e-08 1.26e-05 1.54e-04 1.96e-05 2.47e-04 3.42e-06 3.42e-04 1.26e-05 3.42e-04 3.42e-06 8.46e-06 1.61e-04 6.32e-05 2.47e-04 3.42e-06 3.42e-04 1.26e-05 3.42e-04 3.42e-06 8.46e-06 1.61e-04 6.32e-05
43355 8.66200e+03 -4.59490e+00 3.20989e-04 2.10867e-05 3.34e-04 3.50e-07 7.21e-04 1.11e-05 5.39e-04 1.38e-07 5.70e-06 1.66e-04 2.11e-05 2.48e-04 3.41e-06 3.42e-04 1.25e-05 3.42e-04 3.42e-06 8.47e-06 1.61e-04 6.30e-05 2.48e-04 3.42e-06 3.42e-04 1.25e-05 3.42e-04 3.42e-06 8.47e-06 1.61e-04 6.30e-05
43405 8.67200e+03 -4.59763e+00 3.01971e-04 5.94812e-05 2.24e-04 3.34e-07 7.36e-04 1.14e-05 5.39e-04 1.04e-07 4.44e-06 1.48e-04 5.95e-05 2.48e-04 3.41e-06 3.41e-04 1.25e-05 3.41e-04 3.41e-06 8.45e-06 1.61e-04 6.27e-05 2.48e-04 3.41e-06 3.41e-04 1.25e-05 3.41e-04 3.41e-06 8.45e-06 1.61e-04 6.27e-05
43455 8.68200e+03 -4.57331e+00 3.43658e-04 2.72291e-05 5.32e-04 3.61e-07 6.76e-04 9.99e-06 5.01e-04 6.19e-08 5.13e-06 1.54e-04 2.72e-05 2.48e-04 3.41e-06 3.41e-04 1.24e-05 3.41e-04 3.41e-06 8.45e-06 1.61e-04 6.25e-05 2.48e-04 3.41e-06 3.41e-04 1.24e-05 3.41e-04 3.41e-06 8.45e-06 1.61e-04 6.25e-05
43505 8.69200e+03 -4.57137e+00 2.95554e-04 5.00290e-05 2.24e-04 3.25e-07 7.15e-04 1.71e-05 5.22e-04 6.75e-08 5.25e-06 1.79e-04 5.00e-05 2.48e-04 3.41e-06 3.41e-04 1.24e-05 3.41e-04 3.41e-06 8.45e-06 1.62e-04 6.24e-05 2.48e-04 3.41e-06 3.41e-04 1.24e-05 3.41e-04 3.41e-06 8.45e-06 1.62e-04 6.24e-05
43555 8.70200e+03 -4.61993e+00 3.04079e-04 2.80385e-05 2.39e-04 3.32e-07 7.39e-04 1.05e-05 5.32e-04 8.83e-08 3.75e-06 1.82e-04 2.80e-05 2.49e-04 3.41e-06 3.41e-04 1.24e-05 3.41e-04 3.41e-06 8.45e-06 1.62e-04 6.23e-05 2.49e-04 3.41e-06 3.41e-04 1.24e-05 3.41e-04 3.41e-06 8.45e-06 1.62e-04 6.23e-05
43605 8.71200e+03 -4.60272e+00 3.09770e-04 3.58846e-05 2.56e-04 3.43e-07 7.35e-04 9.79e-06 5.48e-04 1.01e-07 6.04e-06 1.60e-04 3.59e-05 2.50e-04 3.41e-06 3.41e-04 1.23e-05 3.41e-04 3.41e-06 8.44e-06 1.62e-04 6.21e-05 2.50e-04 3.41e-06 3.41e-04 1.23e-05 3.41e-04 3.41e-06 8.44e-06 1.62e-04 6.21e-05
43655 8.72200e+03 -4.62495e+00 3.26219e-04 9.35826e-06 3.90e-04 3.81e-07 7.21e-04 1.02e-05 5.09e-04 6.52e-08 3.48e-06 1.46e-04 9.36e-06 2.51e-04 3.41e-06 3.41e-04 1.23e-05 3.41e-04 3.41e-06 8.43e-06 1.61e-04 6.19e-05 2.51e-04 3.41e-06 3.41e-04 1.23e-05 3.41e-04 3.41e-06 8.43e-06 1.61e-04 6.19e-05
43705 8.73200e+03 -4.62068e+00 2.97153e-04 2.72729e-05 2.17e-04 3.54e-07 7.32e-04 1.34e-05 5.23e-04 4.20e-08 4.64e-06 1.51e-04 2.73e-05 2.51e-04 3.40e-06 3.41e-04 1.23e-05 3.41e-04 3.41e-06 8.43e-06 1.61e-04 6.18e-05 2.51e-04 3.41e-06 3.41e-04 1.23e-05 3.41e-04 3.41e-06 8.43e-06 1.61e-04 6.18e-05
43755 8.74200e+03 -4.49376e+00 3.03800e-04 1.54659e-05 2.19e-04 3.62e-07 7.57e-04 1.03e-05 5.32e-04 4.85e-08 2.68e-05 1.48e-04 1.55e-05 2.52e-04 3.40e-06 3.41e-04 1.23e-05 3.41e-04 3.40e-06 8.42e-06 1.61e-04 6.16e-05 2.52e-04 3.41e-06 3.41e-04 1.23e-05 3.41e-04 3.41e-06 8.42e-06 1.61e-04 6.16e-05
43805 8.75200e+03 -4.63525e+00 2.91073e-04 7.94986e-06 2.00e-04 3.29e-07 7.07e-04 1.15e-05 5.36e-04 6.96e-08 6.59e-06 1.64e-04 7.95e-06 2.51e-04 3.40e-06 3.40e-04 1.22e-05 3.40e-04 3.40e-06 8.42e-06 1.61e-04 6.13e-05 2.51e-04 3.40e-06 3.40e-04 1.22e-05 3.40e-04 3.40e-06 8.42e-06 1.61e-04 6.13e-05
43855 8.76200e+03 -4.44708e+00 3.33876e-04 6.45022e-06 3.71e-04 3.62e-07 7.58e-04 1.34e-05 5.27e-04 4.64e-08 2.76e-05 1.59e-04 6.45e-06 2.52e-04 3.40e-06 3.40e-04 1.22e-05 3.40e-04 3.40e-06 8.42e-06 1.61e-04 6.10e-05 2.52e-04 3.40e-06 3.40e-04 1.22e-05 3.40e-04 3.40e-06 8.42e-06 1.61e-04 6.10e-05
43905 8.77200e+03 -4.61609e+00 3.23383e-04 9.02060e-06 3.29e-04 3.80e-07 7.57e-04 1.18e-05 5.18e-04 7.93e-08 3.88e-06 1.66e-04 9.02e-06 2.53e-04 3.40e-06 3.40e-04 1.22e-05 3.40e-04 3.40e-06 8.42e-06 1.61e-04 6.07e-05 2.53e-04 3.40e-06 3.40e-04 1.22e-05 3.40e-04 3.40e-06 8.42e-06 1.61e-04 6.07e-05
43955 8.78200e+03 -4.57432e+00 3.05312e-04 1.72417e-06 2.22e-04 3.42e-07 7.27e-04 1.29e-05 5.64e-04 1.02e-07 1.33e-05 1.73e-04 1.72e-06 2.53e-04 3.40e-06 3.40e-04 1.22e-05 3.40e-04 3.40e-06 8.41e-06 1.61e-04 6.04e-05 2.53e-04 3.40e-06 3.40e-04 1.22e-05 3.40e-04 3.40e-06 8.41e-06 1.61e-04 6.04e-05
44005 8.79200e+03 -4.60441e+00 3.00219e-04 1.25869e-05 2.47e-04 3.49e-07 7.41e-04 9.17e-06 5.03e-04 4.79e-08 1.12e-05 1.56e-04 1.26e-05 2.53e-04 3.40e-06 3.40e-04 1.21e-05 3.40e-04 3.40e-06 8.39e-06 1.61e-04 6.01e-05 2.53e-04 3.40e-06 3.40e-04 1.21e-05 3.40e-04 3.40e-06 8.39e-06 1.61e-04 6.01e-05
44055 8.80200e+03 -4.64618e+00 3.04173e-04 2.34835e-06 2.41e-04 3.29e-07 7.20e-04 1.11e-05 5.49e-04 5.19e-08 3.86e-06 1.71e-04 2.35e-06 2.54e-04 3.40e-06 3.40e-04 1.21e-05 3.40e-04 3.40e-06 8.38e-06 1.60e-04 5.98e-05 2.54e-04 3.40e-06 3.40e-04 1.21e-05 3.40e-04 3.40e-06 8.38e-06 1.60e-04 5.98e-05
44105 8.81200e+03 -4.60369e+00 3.40982e-04 2.01528e-05 4.42e-04 3.29e-07 7.27e-04 8.62e-06 5.27e-04 1.29e-07 5.25e-06 1.30e-04 2.02e-05 2.54e-04 3.39e-06 3.40e-04 1.20e-05 3.40e-04 3.39e-06 8.37e-06 1.60e-04 5.95e-05 2.54e-04 3.40e-06 3.40e-04 1.20e-05 3.40e-04 3.40e-06 8.37e-06 1.60e-04 5.95e-05
44155 8.82200e+03 -4.59303e+00 3.14225e-04 3.25103e-05 2.22e-04 3.22e-07 7.46e-04 1.02e-05 5.92e-04 1.32e-07 8.07e-06 1.51e-04 3.25e-05 2.54e-04 3.39e-06 3.40e-04 1.19e-05 3.40e-04 3.39e-06 8.36e-06 1.60e-04 5.93e-05 2.54e-04 3.40e-06 3.40e-04 1.19e-05 3.40e-04 3.40e-06 8.36e-06 1.60e-04 5.93e-05
44205 8.83200e+03 -4.53262e+00 3.68738e-04 7.69873e-05 5.52e-04 3.21e-07 7.27e-04 7.71e-06 5.56e-04 1.11e-07 3.56e-06 1.45e-04 7.70e-05 2.54e-04 3.39e-06 3.40e-04 1.18e-05 3.40e-04 3.39e-06 8.36e-06 1.59e-04 5.91e-05 2.54e-04 3.40e-06 3.40e-04 1.18e-05 3.40e-04 3.40e-06 8.36e-06 1.59e-04 5.91e-05
44255 8.84200e+03 -4.58915e+00 3.57398e-04 2.20257e-06 4.48e-04 3.45e-07 7.53e-04 8.05e-06 5.77e-04 7.94e-08 7.45e-06 1.50e-04 2.20e-06 2.55e-04 3.39e-06 3.39e-04 1.17e-05 3.39e-04 3.39e-06 8.36e-06 1.59e-04 5.89e-05 2.55e-04 3.39e-06 3.39e-04 1.17e-05 3.39e-04 3.39e-06 8.36e-06 1.59e-04 5.89e-05
44305 8.85200e+03 -4.63490e+00 3.31962e-04 3.16402e-06 3.96e-04 3.47e-07 7.41e-04 8.01e-06 5.15e-04 6.16e-08 4.34e-06 1.46e-04 3.16e-06 2.56e-04 3.39e-06 3.39e-04 1.17e-05 3.39e-04 3.39e-06 8.36e-06 1.58e-04 5.87e-05 2.56e-04 3.39e-06 3.39e-04 1.17e-05 3.39e-04 3.39e-06 8.36e-06 1.58e-04 5.87e-05
44355 8.86200e+03 -4.53257e+00 3.44901e-04 6.42878e-05 4.37e-04 3.41e-07 7.30e-04 9.26e-06 5.49e-04 5.69e-08 8.58e-06 1.41e-04 6.43e-05 2.56e-04 3.39e-06 3.39e-04 1.16e-05 3.39e-04 3.39e-06 8.35e-06 1.58e-04 5.84e-05 2.56e-04 3.39e-06 3.39e-04 1.16e-05 3.39e-04 3.39e-06 8.35e-06 1.58e-04 5.84e-05
44405 8.87200e+03 -4.61803e+00 3.23746e-04 3.56587e-05 2.58e-04 3.10e-07 7.54e-04 7.99e-06 5.98e-04 5.59e-08 4.38e-06 1.50e-04 3.57e-05 2.57e-04 3.39e-06 3.39e-04 1.15e-05 3.39e-04 3.39e-06 8.35e-06 1.58e-04 5.82e-05 2.57e-04 3.39e-06 3.39e-04 1.15e-05 3.39e-04 3.39e-06 8.35e-06 1.58e-04 5.82e-05
44455 8.88200e+03 -4.59581e+00 3.16438e-04 1.46604e-05 2.90e-04 3.05e-07 7.74e-04 7.69e-06 5.10e-04 5.21e-08 1.14e-05 1.55e-04 1.47e-05 2.57e-04 3.39e-06 3.39e-04 1.15e-05 3.39e-04 3.39e-06 8.35e-06 1.57e-04 5.80e-05 2.57e-04 3.39e-06 3.39e-04 1.15e-05 3.39e-04 3.39e-06 8.35e-06 1.57e-04 5.80e-05
44505 8.89200e+03 -4.60155e+00 3.18550e-04 1.54733e-05 3.25e-04 3.06e-07 7.12e-04 8.24e-06 5.48e-04 5.03e-08 1.01e-05 1.43e-04 1.55e-05 2.58e-04 3.39e-06 3.39e-04 1.14e-05 3.39e-04 3.39e-06 8.34e-06 1.57e-04 5.77e-05 2.58e-04 3.39e-06 3.39e-04 1.14e-05 3.39e-04 3.39e-06 8.34e-06 1.57e-04 5.77e-05
44555 8.90200e+03 -4.60312e+00 3.08665e-04 2.13286e-05 2.80e-04 3.50e-07 7.08e-04 1.12e-05 5.43e-04 7.31e-08 7.20e-06 1.65e-04 2.13e-05 2.58e-04 3.39e-06 3.39e-04 1.13e-05 3.39e-04 3.38e-06 8.33e-06 1.57e-04 5.74e-05 2.58e-04 3.39e-06 3.39e-04 1.13e-05 3.39e-04 3.39e-06 8.33e-06 1.57e-04 5.74e-05
44605 8.91200e+03 -4.64404e+00 2.93749e-04 1.50631e-05 1.95e-04 3.18e-07 7.41e-04 7.60e-06 5.25e-04 4.43e-08 7.32e-06 1.64e-04 1.51e-05 2.58e-04 3.38e-06 3.39e-04 1.13e-05 3.39e-04 3.38e-06 8.31e-06 1.57e-04 5.72e-05 2.58e-04 3.39e-06 3.39e-04 1.13e-05 3.39e-04 3.39e-06 8.31e-06 1.57e-04 5.72e-05
44655 8.92200e+03 -4.62218e+00 2.99195e-04 6.34004e-05 2.19e-04 3.15e-07 7.27e-04 7.61e-06 5.43e-04 3.75e-08 3.66e-06 1.46e-04 6.34e-05 2.59e-04 3.38e-06 3.38e-04 1.12e-05 3.38e-04 3.38e-06 8.31e-06 1.56e-04 5.69e-05 2.59e-04 3.38e-06 3.38e-04 1.12e-05 3.38e-04 3.38e-06 8.31e-06 1.56e-04 5.69e-05
44705 8.93200e+03 -4.64190e+00 3.10366e-04 3.47573e-05 2.65e-04 3.01e-07 7.52e-04 6.78e-06 5.28e-04 6.50e-08 3.77e-06 1.46e-04 3.48e-05 2.59e-04 3.38e-06 3.38e-04 1.11e-05 3.38e-04 3.38e-06 8.31e-06 1.56e-04 5.67e-05 2.59e-04 3.38e-06 3.38e-04 1.11e-05 3.38e-04 3.38e-06 8.31e-06 1.56e-04 5.67e-05
44755 8.94200e+03 -4.64955e+00 2.96466e-04 3.29348e-05 1.97e-04 3.22e-07 7.50e-04 8.46e-06 5.27e-04 3.94e-08 3.71e-06 1.51e-04 3.29e-05 2.59e-04 3.38e-06 3.38e-04 1.10e-05 3.38e-04 3.38e-06 8.28e-06 1.56e-04 5.64e-05 2.59e-04 3.38e-06 3.38e-04 1.10e-05 3.38e-04 3.38e-06 8.28e-06 1.56e-04 5.64e-05
44805 8.95200e+03 -4.55446e+00 2.99560e-04 6.36641e-05 1.97e-04 2.90e-07 7.43e-04 7.53e-06 5.50e-04 7.85e-08 1.36e-05 1.53e-04 6.37e-05 2.59e-04 3.38e-06 3.38e-04 1.10e-05 3.38e-04 3.38e-06 8.27e-06 1.55e-04 5.62e-05 2.59e-04 3.38e-06 3.38e-04 1.10e-05 3.38e-04 3.38e-06 8.27e-06 1.55e-04 5.62e-05
44855 8.96200e+03 -4.61223e+00 3.13290e-04 6.94540e-05 2.57e-04 3.24e-07 7.65e-04 7.52e-06 5.37e-04 4.39e-08 3.37e-06 1.27e-04 6.95e-05 2.59e-04 3.38e-06 3.38e-04 1.09e-05 3.38e-04 3.38e-06 8.27e-06 1.55e-04 5.59e-05 2.59e-04 3.38e-06 3.38e-04 1.09e-05 3.38e-04 3.38e-06 8.27e-06 1.55e-04 5.59e-05
44905 8.97200e+03 -4.62874e+00 2.94746e-04 2.02801e-05 2.09e-04 3.16e-07 7.14e-04 8.35e-06 5.42e-04 6.99e-08 1.03e-05 1.25e-04 2.03e-05 2.59e-04 3.38e-06 3.38e-04 1.08e-05 3.38e-04 3.38e-06 8.26e-06 1.55e-04 5.57e-05 2.59e-04 3.38e-06 3.38e-04 1.08e-05 3.38e-04 3.38e-06 8.26e-06 1.55e-04 5.57e-05
44955 8.98200e+03 -4.60031e+00 2.93193e-04 7.31274e-05 1.91e-04 3.29e-07 7.34e-04 8.99e-06 5.32e-04 4.98e-08 5.05e-06 1.53e-04 7.31e-05 2.59e-04 3.37e-06 3.38e-04 1.08e-05 3.38e-04 3.38e-06 8.25e-06 1.54e-04 5.55e-05 2.59e-04 3.38e-06 3.38e-04 1.08e-05 3.38e-04 3.38e-06 8.25e-06 1.54e-04 5.55e-05
45005 8.99100e+03 -4.60187e+00 3.16682e-04 2.33656e-05 3.61e-04 3.02e-07 6.57e-04 7.31e-06 5.57e-04 1.47e-07 9.61e-06 1.46e-04 2.34e-05 2.59e-04 3.37e-06 3.38e-04 1.07e-05 3.38e-04 3.37e-06 8.24e-06 1.54e-04 5.53e-05 2.59e-04 3.38e-06 3.38e-04 1.07e-05 3.38e-04 3.38e-06 8.24e-06 1.54e-04 5.53e-05
45055 9.00100e+03 -4.67391e+00 3.10246e-04 8.28765e-06 2.54e-04 3.09e-07 7.48e-04 7.74e-06 5.42e-04 4.84e-08 3.34e-06 1.33e-04 8.29e-06 2.59e-04 3.37e-06 3.38e-04 1.07e-05 3.38e-04 3.37e-06 8.23e-06 1.54e-04 5.52e-05 2.59e-04 3.38e-06 3.38e-04 1.07e-05 3.38e-04 3.38e-06 8.23e-06 1.54e-04 5.52e-05
45105 9.01100e+03 -4.66127e+00 2.90675e-04 2.91423e-05 2.66e-04 3.07e-07 6.66e-04 6.97e-06 5.14e-04 8.37e-08 4.60e-06 1.39e-04 2.91e-05 2.59e-04 3.37e-06 3.38e-04 1.07e-05 3.38e-04 3.37e-06 8.23e-06 1.54e-04 5.52e-05 2.59e-04 3.38e-06 3.38e-04 1.07e-05 3.38e-04 3.38e-06 8.23e-06 1.54e-04 5.52e-05
45155 9.02100e+03 -4.68250e+00 2.95529e-04 1.05462e-05 2.78e-04 3.29e-07 6.85e-04 6.46e-06 5.07e-04 5.23e-08 3.87e-06 1.40e-04 1.05e-05 2.59e-04 3.37e-06 3.38e-04 1.07e-05 3.38e-04 3.37e-06 8.23e-06 1.54e-04 5.52e-05 2.59e-04 3.38e-06 3.38e-04 1.07e-05 3.38e-04 3.38e-06 8.23e-06 1.54e-04 5.52e-05
45205 9.03100e+03 -4.66152e+00 3.07639e-04 2.45915e-05 2.56e-04 3.11e-07 7.45e-04 7.31e-06 5.29e-04 5.01e-08 3.30e-06 1.34e-04 2.46e-05 2.60e-04 3.37e-06 3.38e-04 1.07e-05 3.38e-04 3.37e-06 8.23e-06 1.54e-04 5.52e-05 2.60e-04 3.38e-06 3.38e-04 1.07e-05 3.38e-04 3.38e-06 8.23e-06 1.54e-04 5.52e-05
45255 9.04100e+03 -4.62525e+00 3.41747e-04 6.07566e-06 4.66e-04 3.22e-07 7.12e-04 8.25e-06 5.22e-04 5.52e-08 4.29e-06 1.48e-04 6.08e-06 2.60e-04 3.37e-06 3.37e-04 1.07e-05 3.37e-04 3.37e-06 8.22e-06 1.54e-04 5.52e-05 2.60e-04 3.37e-06 3.37e-04 1.07e-05 3.37e-04 3.37e-06 8.22e-06 1.54e-04 5.52e-05
45305 9.05100e+03 -4.67401e+00 3.05056e-04 5.22931e-06 2.62e-04 3.06e-07 7.23e-04 7.97e-06 5.32e-04 5.73e-08 3.32e-06 1.49e-04 5.23e-06 2.60e-04 3.37e-06 3.37e-04 1.07e-05 3.37e-04 3.37e-06 8.22e-06 1.54e-04 5.51e-05 2.60e-04 3.37e-06 3.37e-04 1.07e-05 3.37e-04 3.37e-06 8.22e-06 1.54e-04 5.51e-05
45355 9.06100e+03 -4.61661e+00 3.14197e-04 1.74303e-05 2.68e-04 3.07e-07 7.52e-04 7.19e-06 5.43e-04 5.66e-08 9.29e-06 1.52e-04 1.74e-05 2.60e-04 3.37e-06 3.37e-04 1.07e-05 3.37e-04 3.37e-06 8.22e-06 1.54e-04 5.51e-05 2.60e-04 3.37e-06 3.37e-04 1.07e-05 3.37e-04 3.37e-06 8.22e-06 1.54e-04 5.51e-05
45405 9.07100e+03 -4.62358e+00 3.46151e-04 1.76166e-05 4.90e-04 3.10e-07 6.91e-04 7.15e-06 5.42e-04 5.93e-08 3.49e-06 1.38e-04 1.76e-05 2.60e-04 3.37e-06 3.37e-04 1.07e-05 3.37e-04 3.37e-06 8.22e-06 1.54e-04 5.51e-05 2.60e-04 3.37e-06 3.37e-04 1.07e-05 3.37e-04 3.37e-06 8.22e-06 1.54e-04 5.51e-05
45455 9.08100e+03 -4.64119e+00 3.23971e-04 1.45792e-05 3.87e-04 3.18e-07 7.07e-04 7.71e-06 5.18e-04 5.30e-08 3.08e-06 1.62e-04 1.46e-05 2.60e-04 3.37e-06 3.37e-04 1.07e-05 3.37e-04 3.37e-06 8.21e-06 1.53e-04 5.50e-05 2.60e-04 3.37e-06 3.37e-04 1.07e-05 3.37e-04 3.37e-06 8.21e-06 1.53e-04 5.50e-05
45505 9.09100e+03 -4.67709e+00 2.97129e-04 9.39460e-06 2.69e-04 2.96e-07 7.07e-04 8.40e-06 5.01e-04 5.00e-08 3.38e-06 1.40e-04 9.39e-06 2.60e-04 3.37e-06 3.37e-04 1.07e-05 3.37e-04 3.37e-06 8.21e-06 1.53e-04 5.50e-05 2.60e-04 3.37e-06 3.37e-04 1.07e-05 3.37e-04 3.37e-06 8.21e-06 1.53e-04 5.50e-05
45555 9.10100e+03 -4.66612e+00 3.02936e-04 2.00660e-05 2.47e-04 3.03e-07 7.18e-04 8.05e-06 5.41e-04 7.18e-08 3.21e-06 1.38e-04 2.01e-05 2.60e-04 3.37e-06 3.37e-04 1.07e-05 3.37e-04 3.37e-06 8.21e-06 1.53e-04 5.50e-05 2.60e-04 3.37e-06 3.37e-04 1.07e-05 3.37e-04 3.37e-06 8.21e-06 1.53e-04 5.50e-05
45605 9.11100e+03 -4.66905e+00 3.05851e-04 1.60961e-05 2.45e-04 3.01e-07 7.44e-04 7.65e-06 5.32e-04 5.18e-08 2.97e-06 1.45e-04 1.61e-05 2.60e-04 3.37e-06 3.37e-04 1.07e-05 3.37e-04 3.37e-06 8.21e-06 1.53e-04 5.50e-05 2.60e-04 3.37e-06 3.37e-04 1.07e-05 3.37e-04 3.37e-06 8.21e-06 1.53e-04 5.50e-05
45655 9.12100e+03 -4.67546e+00 3.02112e-04 7.55392e-06 2.49e-04 3.06e-07 7.29e-04 8.40e-06 5.24e-04 5.59e-08 3.62e-06 1.37e-04 7.55e-06 2.60e-04 3.37e-06 3.37e-04 1.06e-05 3.37e-04 3.37e-06 8.20e-06 1.53e-04 5.49e-05 2.60e-04 3.37e-06 3.37e-04 1.06e-05 3.37e-04 3.37e-06 8.20e-06 1.53e-04 5.49e-05
45705 9.13100e+03 -4.63194e+00 3.46431e-04 7.81609e-06 4.76e-04 3.01e-07 7.18e-04 7.08e-06 5.30e-04 8.19e-08 3.04e-06 1.53e-04 7.82e-06 2.60e-04 3.37e-06 3.37e-04 1.06e-05 3.37e-04 3.37e-06 8.20e-06 1.53e-04 5.49e-05 2.60e-04 3.37e-06 3.37e-04 1.06e-05 3.37e-04 3.37e-06 8.20e-06 1.53e-04 5.49e-05
45755 9.14100e+03 -4.61844e+00 3.33651e-04 2.94044e-06 4.04e-04 3.01e-07 7.19e-04 7.84e-06 5.37e-04 6.45e-08 7.51e-06 1.49e-04 2.94e-06 2.60e-04 3.37e-06 3.37e-04 1.06e-05 3.37e-04 3.37e-06 8.20e-06 1.53e-04 5.49e-05 2.60e-04 3.37e-06 3.37e-04 1.06e-05 3.37e-04 3.37e-06 8.20e-06 1.53e-04 5.49e-05
45805 9.15100e+03 -4.63722e+00 3.13997e-04 1.65527e-05 3.35e-04 2.90e-07 6.89e-04 7.37e-06 5.38e-04 1.10e-07 6.51e-06 1.37e-04 1.66e-05 2.60e-04 3.37e-06 3.37e-04 1.06e-05 3.37e-04 3.37e-06 8.19e-06 1.53e-04 5.49e-05 2.60e-04 3.37e-06 3.37e-04 1.06e-05 3.37e-04 3.37e-06 8.19e-06 1.53e-04 5.49e-05
45855 9.16100e+03 -4.63298e+00 3.48638e-04 8.53078e-06 4.44e-04 3.05e-07 7.50e-04 7.31e-06 5.41e-04 1.16e-07 3.04e-06 1.43e-04 8.53e-06 2.61e-04 3.37e-06 3.37e-04 1.06e-05 3.37e-04 3.37e-06 8.19e-06 1.53e-04 5.48e-05 2.61e-04 3.37e-06 3.37e-04 1.06e-05 3.37e-04 3.37e-06 8.19e-06 1.53e-04 5.48e-05
45905 9.17100e+03 -4.65072e+00 3.12970e-04 3.12773e-05 3.26e-04 2.95e-07 7.40e-04 7.79e-06 4.91e-04 5.69e-08 3.35e-06 1.18e-04 3.13e-05 2.61e-04 3.37e-06 3.37e-04 1.06e-05 3.37e-04 3.37e-06 8.19e-06 1.53e-04 5.48e-05 2.61e-04 3.37e-06 3.37e-04 1.06e-05 3.37e-04 3.37e-06 8.19e-06 1.53e-04 5.48e-05
45955 9.18100e+03 -4.66117e+00 3.20259e-04 3.94701e-06 3.37e-04 2.90e-07 7.25e-04 8.07e-06 5.32e-04 6.66e-08 2.97e-06 1.51e-04 3.95e-06 2.61e-04 3.37e-06 3.37e-04 1.06e-05 3.37e-04 3.37e-06 8.18e-06 1.53e-04 5.48e-05 2.61e-04 3.37e-06 3.37e-04 1.06e-05 3.37e-04 3.37e-06 8.18e-06 1.53e-04 5.48e-05
46005 9.19100e+03 -4.68779e+00 3.06319e-04 1.22292e-06 2.51e-04 2.84e-07 7.33e-04 7.13e-06 5.40e-04 5.96e-08 3.31e-06 1.36e-04 1.22e-06 2.61e-04 3.37e-06 3.37e-04 1.06e-05 3.37e-04 3.37e-06 8.18e-06 1.53e-04 5.47e-05 2.61e-04 3.37e-06 3.37e-04 1.06e-05 3.37e-04 3.37e-06 8.18e-06 1.53e-04 5.47e-05
46055 9.20100e+03 -4.63840e+00 3.40389e-04 8.55829e-06 4.20e-04 2.95e-07 7.31e-04 7.10e-06 5.43e-04 5.02e-08 3.31e-06 1.52e-04 8.56e-06 2.61e-04 3.37e-06 3.37e-04 1.06e-05 3.37e-04 3.37e-06 8.18e-06 1.53e-04 5.47e-05 2.61e-04 3.37e-06 3.37e-04 1.06e-05 3.37e-04 3.37e-06 8.18e-06 1.53e-04 5.47e-05
46105 9.21100e+03 -4.63339e+00 3.17413e-04 3.89422e-05 3.18e-04 3.04e-07 7.31e-04 6.99e-06 5.31e-04 7.04e-08 3.59e-06 1.42e-04 3.89e-05 2.61e-04 3.37e-06 3.37e-04 1.06e-05 3.37e-04 3.37e-06 8.18e-06 1.53e-04 5.47e-05 2.61e-04 3.37e-06 3.37e-04 1.06e-05 3.37e-04 3.37e-06 8.18e-06 1.53e-04 5.47e-05
46155 9.22100e+03 -4.63554e+00 3.17378e-04 2.78453e-05 3.39e-04 2.82e-07 6.92e-04 9.09e-06 5.46e-04 1.05e-07 2.92e-06 1.47e-04 2.78e-05 2.61e-04 3.37e-06 3.37e-04 1.06e-05 3.37e-04 3.37e-06 8.17e-06 1.53e-04 5.47e-05 2.61e-04 3.37e-06 3.37e-04 1.06e-05 3.37e-04 3.37e-06 8.17e-06 1.53e-04 5.47e-05
46205 9.23100e+03 -4.66118e+00 3.02503e-04 2.11858e-05 2.74e-04 2.97e-07 6.99e-04 7.73e-06 5.32e-04 1.08e-07 2.70e-06 1.60e-04 2.12e-05 2.62e-04 3.37e-06 3.37e-04 1.06e-05 3.37e-04 3.37e-06 8.17e-06 1.53e-04 5.46e-05 2.62e-04 3.37e-06 3.37e-04 1.06e-05 3.37e-04 3.37e-06 8.17e-06 1.53e-04 5.46e-05
46255 9.24100e+03 -4.60480e+00 3.27652e-04 3.19463e-05 3.78e-04 3.06e-07 7.24e-04 7.47e-06 5.28e-04 6.32e-08 6.69e-06 1.45e-04 3.19e-05 2.62e-04 3.37e-06 3.37e-04 1.06e-05 3.37e-04 3.37e-06 8.17e-06 1.53e-04 5.46e-05 2.62e-04 3.37e-06 3.37e-04 1.06e-05 3.37e-04 3.37e-06 8.17e-06 1.53e-04 5.46e-05
46305 9.25100e+03 -4.62132e+00 3.29560e-04 4.07010e-06 3.56e-04 2.85e-07 7.40e-04 8.55e-06 5.43e-04 8.48e-08 7.60e-06 1.44e-04 4.07e-06 2.62e-04 3.37e-06 3.37e-04 1.06e-05 3.37e-04 3.37e-06 8.16e-06 1.53e-04 5.46e-05 2.62e-04 3.37e-06 3.37e-04 1.06e-05 3.37e-04 3.37e-06 8.16e-06 1.53e-04 5.46e-05
46355 9.26100e+03 -4.59038e+00 3.43681e-04 3.10046e-05 3.66e-04 2.84e-07 7.71e-04 9.05e-06 5.72e-04 9.68e-08 5.51e-06 1.52e-04 3.10e-05 2.62e-04 3.37e-06 3.37e-04 1.06e-05 3.37e-04 3.37e-06 8.16e-06 1.53e-04 5.46e-05 2.62e-04 3.37e-06 3.37e-04 1.06e-05 3.37e-04 3.37e-06 8.16e-06 1.53e-04 5.46e-05
46405 9.27100e+03 -4.65384e+00 3.23287e-04 4.64633e-06 3.60e-04 3.06e-07 7.15e-04 8.05e-06 5.33e-04 4.12e-08 3.91e-06 1.44e-04 4.65e-06 2.62e-04 3.37e-06 3.37e-04 1.06e-05 3.37e-04 3.37e-06 8.16e-06 1.53e-04 5.45e-05 2.62e-04 3.37e-06 3.37e-04 1.06e-05 3.37e-04 3.37e-06 8.16e-06 1.53e-04 5.45e-05
46455 9.28100e+03 -4.61014e+00 3.19844e-04 3.59051e-05 3.08e-04 2.87e-07 7.41e-04 8.14e-06 5.41e-04 3.60e-08 6.12e-06 1.49e-04 3.59e-05 2.62e-04 3.37e-06 3.37e-04 1.06e-05 3.37e-04 3.37e-06 8.16e-06 1.53e-04 5.45e-05 2.62e-04 3.37e-06 3.37e-04 1.06e-05 3.37e-04 3.37e-06 8.16e-06 1.53e-04 5.45e-05
46505 9.29100e+03 -4.60627e+00 3.14877e-04 2.00257e-05 3.53e-04 2.86e-07 6.92e-04 7.49e-06 5.22e-04 4.42e-08 1.08e-05 1.31e-04 2.00e-05 2.62e-04 3.37e-06 3.37e-04 1.06e-05 3.37e-04 3.37e-06 8.16e-06 1.52e-04 5.45e-05 2.62e-04 3.37e-06 3.37e-04 1.06e-05 3.37e-04 3.37e-06 8.16e-06 1.52e-04 5.45e-05
46555 9.30100e+03 -4.64009e+00 3.32297e-04 7.99724e-06 3.86e-04 2.94e-07 7.46e-04 9.27e-06 5.20e-04 5.21e-08 3.55e-06 1.39e-04 8.00e-06 2.62e-04 3.37e-06 3.37e-04 1.06e-05 3.37e-04 3.37e-06 8.15e-06 1.52e-04 5.45e-05 2.62e-04 3.37e-06 3.37e-04 1.06e-05 3.37e-04 3.37e-06 8.15e-06 1.52e-04 5.45e-05
46605 9.31100e+03 -4.63737e+00 3.27846e-04 3.60382e-06 3.40e-04 2.89e-07 7.59e-04 8.54e-06 5.31e-04 4.30e-08 5.06e-06 1.57e-04 3.60e-06 2.62e-04 3.37e-06 3.37e-04 1.06e-05 3.37e-04 3.37e-06 8.15e-06 1.52e-04 5.44e-05 2.62e-04 3.37e-06 3.37e-04 1.06e-05 3.37e-04 3.37e-06 8.15e-06 1.52e-04 5.44e-05
46655 9.32100e+03 -4.56841e+00 3.29804e-04 2.99629e-05 3.77e-04 3.07e-07 7.29e-04 7.50e-06 5.35e-04 7.67e-08 1.25e-05 1.36e-04 3.00e-05 2.63e-04 3.37e-06 3.37e-04 1.05e-05 3.37e-04 3.37e-06 8.15e-06 1.52e-04 5.44e-05 2.63e-04 3.37e-06 3.37e-04 1.05e-05 3.37e-04 3.37e-06 8.15e-06 1.52e-04 5.44e-05
46705 9.33100e+03 -4.66778e+00 3.11677e-04 1.49793e-05 3.66e-04 2.94e-07 6.87e-04 7.25e-06 4.97e-04 3.64e-08 3.20e-06 1.28e-04 1.50e-05 2.63e-04 3.37e-06 3.37e-04 1.05e-05 3.37e-04 3.37e-06 8.15e-06 1.52e-04 5.44e-05 2.63e-04 3.37e-06 3.37e-04 1.05e-05 3.37e-04 3.37e-06 8.15e-06 1.52e-04 5.44e-05
46755 9.34100e+03 -4.61007e+00 3.26353e-04 7.75374e-06 3.99e-04 3.09e-07 6.97e-04 7.25e-06 5.29e-04 9.23e-08 8.83e-06 1.61e-04 7.75e-06 2.63e-04 3.37e-06 3.37e-04 1.05e-05 3.37e-04 3.37e-06 8.14e-06 1.52e-04 5.44e-05 2.63e-04 3.37e-06 3.37e-04 1.05e-05 3.37e-04 3.37e-06 8.14e-06 1.52e-04 5.44e-05
46805 9.35100e+03 -4.55826e+00 3.22832e-04 3.77256e-05 2.89e-04 2.96e-07 7.51e-04 8.52e-06 5.66e-04 3.95e-08 1.40e-05 1.30e-04 3.77e-05 2.63e-04 3.37e-06 3.37e-04 1.05e-05 3.37e-04 3.37e-06 8.14e-06 1.52e-04 5.43e-05 2.63e-04 3.37e-06 3.37e-04 1.05e-05 3.37e-04 3.37e-06 8.14e-06 1.52e-04 5.43e-05
46855 9.36100e+03 -4.62708e+00 3.11666e-04 3.32744e-05 3.22e-04 2.89e-07 7.06e-04 7.47e-06 5.23e-04 4.36e-08 5.41e-06 1.50e-04 3.33e-05 2.63e-04 3.37e-06 3.37e-04 1.05e-05 3.37e-04 3.37e-06 8.14e-06 1.52e-04 5.43e-05 2.63e-04 3.37e-06 3.37e-04 1.05e-05 3.37e-04 3.37e-06 8.14e-06 1.52e-04 5.43e-05
46905 9.37100e+03 -4.63626e+00 3.24194e-04 1.06427e-06 3.73e-04 2.99e-07 6.96e-04 8.08e-06 5.44e-04 4.47e-08 6.56e-06 1.50e-04 1.06e-06 2.63e-04 3.37e-06 3.37e-04 1.05e-05 3.37e-04 3.37e-06 8.14e-06 1.52e-04 5.43e-05 2.63e-04 3.37e-06 3.37e-04 1.05e-05 3.37e-04 3.37e-06 8.14e-06 1.52e-04 5.43e-05
46955 9.38100e+03 -4.66287e+00 2.98457e-04 1.31136e-05 2.91e-04 3.10e-07 6.92e-04 7.51e-06 5.02e-04 3.72e-08 5.70e-06 1.36e-04 1.31e-05 2.63e-04 3.37e-06 3.37e-04 1.05e-05 3.37e-04 3.37e-06 8.14e-06 1.52e-04 5.43e-05 2.63e-04 3.37e-06 3.37e-04 1.05e-05 3.37e-04 3.37e-06 8.14e-06 1.52e-04 5.43e-05
47005 9.39100e+03 -4.62608e+00 3.51879e-04 1.04883e-05 4.15e-04 3.02e-07 7.66e-04 7.17e-06 5.71e-04 4.21e-08 3.27e-06 1.58e-04 1.05e-05 2.63e-04 3.37e-06 3.37e-04 1.05e-05 3.37e-04 3.37e-06 8.13e-06 1.52e-04 5.42e-05 2.63e-04 3.37e-06 3.37e-04 1.05e-05 3.37e-04 3.37e-06 8.13e-06 1.52e-04 5.42e-05
47055 9.40100e+03 -4.63867e+00 3.29620e-04 2.20498e-05 4.17e-04 3.09e-07 6.98e-04 7.47e-06 5.25e-04 3.89e-08 3.33e-06 1.36e-04 2.20e-05 2.63e-04 3.37e-06 3.37e-04 1.05e-05 3.37e-04 3.37e-06 8.13e-06 1.52e-04 5.42e-05 2.63e-04 3.37e-06 3.37e-04 1.05e-05 3.37e-04 3.37e-06 8.13e-06 1.52e-04 5.42e-05
47105 9.41100e+03 -4.67546e+00 3.08159e-04 8.11792e-06 2.72e-04 3.08e-07 7.23e-04 7.53e-06 5.38e-04 3.64e-08 2.88e-06 1.48e-04 8.12e-06 2.64e-04 3.37e-06 3.37e-04 1.05e-05 3.37e-04 3.37e-06 8.13e-06 1.52e-04 5.42e-05 2.64e-04 3.37e-06 3.37e-04 1.05e-05 3.37e-04 3.37e-06 8.13e-06 1.52e-04 5.42e-05
47155 9.42100e+03 -4.68009e+00 3.00854e-04 1.73323e-06 2.89e-04 2.98e-07 7.04e-04 6.84e-06 5.04e-04 3.63e-08 4.26e-06 1.53e-04 1.73e-06 2.64e-04 3.37e-06 3.37e-04 1.05e-05 3.37e-04 3.37e-06 8.13e-06 1.52e-04 5.42e-05 2.64e-04 3.37e-06 3.37e-04 1.05e-05 3.37e-04 3.37e-06 8.13e-06 1.52e-04 5.42e-05
47205 9.43100e+03 -4.61790e+00 3.22427e-04 1.55859e-05 2.90e-04 3.17e-07 7.63e-04 8.21e-06 5.51e-04 4.54e-08 7.46e-06 1.55e-04 1.56e-05 2.64e-04 3.37e-06 3.37e-04 1.05e-05 3.37e-04 3.37e-06 8.12e-06 1.52e-04 5.41e-05 2.64e-04 3.37e-06 3.37e-04 1.05e-05 3.37e-04 3.37e-06 8.12e-06 1.52e-04 5.41e-05
47255 9.44100e+03 -4.64749e+00 3.46326e-04 4.57733e-06 4.50e-04 2.99e-07 7.47e-04 7.01e-06 5.27e-04 3.28e-08 3.16e-06 1.29e-04 4.58e-06 2.64e-04 3.37e-06 3.37e-04 1.05e-05 3.37e-04 3.37e-06 8.12e-06 1.52e-04 5.41e-05 2.64e-04 3.37e-06 3.37e-04 1.05e-05 3.37e-04 3.37e-06 8.12e-06 1.52e-04 5.41e-05
47305 9.45100e+03 -4.62101e+00 3.33816e-04 3.50836e-05 4.28e-04 3.12e-07 7.06e-04 7.20e-06 5.28e-04 4.28e-08 3.58e-06 1.36e-04 3.51e-05 2.64e-04 3.37e-06 3.37e-04 1.05e-05 3.37e-04 3.37e-06 8.12e-06 1.52e-04 5.41e-05 2.64e-04 3.37e-06 3.37e-04 1.05e-05 3.37e-04 3.37e-06 8.12e-06 1.52e-04 5.41e-05
47355 9.46100e+03 -4.67115e+00 3.09555e-04 7.43880e-06 2.76e-04 2.87e-07 7.11e-04 6.88e-06 5.53e-04 6.29e-08 3.67e-06 1.53e-04 7.44e-06 2.64e-04 3.37e-06 3.37e-04 1.05e-05 3.37e-04 3.37e-06 8.12e-06 1.52e-04 5.41e-05 2.64e-04 3.37e-06 3.37e-04 1.05e-05 3.37e-04 3.37e-06 8.12e-06 1.52e-04 5.41e-05
47405 9.47100e+03 -4.60898e+00 3.34738e-04 1.64667e-05 4.22e-04 2.94e-07 7.37e-04 8.31e-06 5.06e-04 5.26e-08 7.35e-06 1.34e-04 1.65e-05 2.64e-04 3.37e-06 3.37e-04 1.05e-05 3.37e-04 3.37e-06 8.11e-06 1.52e-04 5.40e-05 2.64e-04 3.37e-06 3.37e-04 1.05e-05 3.37e-04 3.37e-06 8.11e-06 1.52e-04 5.40e-05
47455 9.48100e+03 -4.64283e+00 3.14926e-04 2.30087e-05 2.86e-04 2.93e-07 7.48e-04 8.06e-06 5.32e-04 4.70e-08 4.02e-06 1.51e-04 2.30e-05 2.64e-04 3.37e-06 3.37e-04 1.05e-05 3.37e-04 3.37e-06 8.11e-06 1.52e-04 5.40e-05 2.64e-04 3.37e-06 3.37e-04 1.05e-05 3.37e-04 3.37e-06 8.11e-06 1.52e-04 5.40e-05
47505 9.49100e+03 -4.67396e+00 2.83849e-04 2.14735e-05 2.57e-04 2.96e-07 6.67e-04 6.57e-06 4.88e-04 4.95e-08 5.38e-06 1.39e-04 2.15e-05 2.64e-04 3.37e-06 3.37e-04 1.05e-05 3.37e-04 3.37e-06 8.11e-06 1.52e-04 5.40e-05 2.64e-04 3.37e-06 3.37e-04 1.05e-05 3.37e-04 3.37e-06 8.11e-06 1.52e-04 5.40e-05
47555 9.50100e+03 -4.64698e+00 3.30154e-04 1.39368e-05 4.00e-04 2.99e-07 7.09e-04 6.85e-06 5.35e-04 6.84e-08 3.62e-06 1.40e-04 1.39e-05 2.64e-04 3.37e-06 3.37e-04 1.05e-05 3.37e-04 3.37e-06 8.11e-06 1.51e-04 5.39e-05 2.64e-04 3.37e-06 3.37e-04 1.05e-05 3.37e-04 3.37e-06 8.11e-06 1.51e-04 5.39e-05
47605 9.51100e+03 -4.64495e+00 3.19974e-04 2.79626e-05 3.36e-04 2.90e-07 7.11e-04 6.80e-06 5.46e-04 5.72e-08 3.36e-06 1.44e-04 2.80e-05 2.64e-04 3.37e-06 3.37e-04 1.04e-05 3.37e-04 3.37e-06 8.11e-06 1.51e-04 5.39e-05 2.64e-04 3.37e-06 3.37e-04 1.04e-05 3.37e-04 3.37e-06 8.11e-06 1.51e-04 5.39e-05
47655 9.52100e+03 -4.67212e+00 3.12497e-04 6.42132e-06 3.35e-04 3.04e-07 6.95e-04 7.54e-06 5.25e-04 5.57e-08 3.18e-06 1.40e-04 6.42e-06 2.64e-04 3.37e-06 3.37e-04 1.04e-05 3.37e-04 3.37e-06 8.10e-06 1.51e-04 5.39e-05 2.64e-04 3.37e-06 3.37e-04 1.04e-05 3.37e-04 3.37e-06 8.10e-06 1.51e-04 5.39e-05
47705 9.53100e+03 -4.65054e+00 3.18041e-04 2.54383e-06 3.49e-04 2.97e-07 7.18e-04 7.58e-06 5.15e-04 5.90e-08 6.61e-06 1.31e-04 2.54e-06 2.64e-04 3.37e-06 3.37e-04 1.04e-05 3.37e-04 3.37e-06 8.10e-06 1.51e-04 5.39e-05 2.64e-04 3.37e-06 3.37e-04 1.04e-05 3.37e-04 3.37e-06 8.10e-06 1.51e-04 5.39e-05
47755 9.54100e+03 -4.61275e+00 3.31770e-04 3.31410e-06 4.16e-04 2.90e-07 7.10e-04 7.14e-06 5.25e-04 4.65e-08 1.00e-05 1.36e-04 3.31e-06 2.65e-04 3.37e-06 3.37e-04 1.04e-05 3.37e-04 3.37e-06 8.10e-06 1.51e-04 5.38e-05 2.65e-04 3.37e-06 3.37e-04 1.04e-05 3.37e-04 3.37e-06 8.10e-06 1.51e-04 5.38e-05
47805 9.55100e+03 -4.65203e+00 3.31316e-04 4.81318e-06 3.42e-04 3.04e-07 7.62e-04 7.16e-06 5.44e-04 5.36e-08 4.23e-06 1.42e-04 4.81e-06 2.65e-04 3.37e-06 3.37e-04 1.04e-05 3.37e-04 3.37e-06 8.10e-06 1.51e-04 5.38e-05 2.65e-04 3.37e-06 3.37e-04 1.04e-05 3.37e-04 3.37e-06 8.10e-06 1.51e-04 5.38e-05
47855 9.56100e+03 -4.66029e+00 3.10211e-04 1.98516e-05 3.37e-04 2.87e-07 6.87e-04 7.40e-06 5.19e-04 8.22e-08 3.49e-06 1.35e-04 1.99e-05 2.65e-04 3.37e-06 3.37e-04 1.04e-05 3.37e-04 3.37e-06 8.10e-06 1.51e-04 5.38e-05 2.65e-04 3.37e-06 3.37e-04 1.04e-05 3.37e-04 3.37e-06 8.10e-06 1.51e-04 5.38e-05
47905 9.57100e+03 -4.64285e+00 3.28387e-04 2.17897e-05 4.06e-04 2.91e-07 7.01e-04 7.84e-06 5.26e-04 5.56e-08 3.24e-06 1.28e-04 2.18e-05 2.65e-04 3.37e-06 3.37e-04 1.04e-05 3.37e-04 3.37e-06 8.09e-06 1.51e-04 5.38e-05 2.65e-04 3.37e-06 3.37e-04 1.04e-05 3.37e-04 3.37e-06 8.09e-06 1.51e-04 5.38e-05
47955 9.58100e+03 -4.64907e+00 3.17513e-04 1.31277e-05 3.51e-04 2.84e-07 7.07e-04 7.25e-06 5.21e-04 6.64e-08 4.26e-06 1.55e-04 1.31e-05 2.65e-04 3.37e-06 3.37e-04 1.04e-05 3.37e-04 3.37e-06 8.09e-06 1.51e-04 5.37e-05 2.65e-04 3.37e-06 3.37e-04 1.04e-05 3.37e-04 3.37e-06 8.09e-06 1.51e-04 5.37e-05
48005 9.59100e+03 -4.65983e+00 3.02308e-04 1.03955e-05 2.61e-04 3.00e-07 7.22e-04 7.68e-06 5.21e-04 4.72e-08 6.35e-06 1.34e-04 1.04e-05 2.65e-04 3.37e-06 3.37e-04 1.04e-05 3.37e-04 3.37e-06 8.09e-06 1.51e-04 5.37e-05 2.65e-04 3.37e-06 3.37e-04 1.04e-05 3.37e-04 3.37e-06 8.09e-06 1.51e-04 5.37e-05
48055 9.60100e+03 -4.64459e+00 3.09427e-04 1.64270e-05 2.97e-04 2.90e-07 7.25e-04 6.83e-06 5.19e-04 5.76e-08 6.75e-06 1.43e-04 1.64e-05 2.65e-04 3.37e-06 3.37e-04 1.04e-05 3.37e-04 3.37e-06 8.09e-06 1.51e-04 5.37e-05 2.65e-04 3.37e-06 3.37e-04 1.04e-05 3.37e-04 3.37e-06 8.09e-06 1.51e-04 5.37e-05
48105 9.61100e+03 -4.63896e+00 3.41072e-04 5.39458e-06 3.87e-04 2.98e-07 7.42e-04 7.73e-06 5.68e-04 7.56e-08 3.98e-06 1.45e-04 5.39e-06 2.65e-04 3.37e-06 3.37e-04 1.04e-05 3.37e-04 3.37e-06 8.09e-06 1.51e-04 5.37e-05 2.65e-04 3.37e-06 3.37e-04 1.04e-05 3.37e-04 3.37e-06 8.09e-06 1.51e-04 5.37e-05
48155 9.62100e+03 -4.65622e+00 3.13013e-04 2.07340e-05 3.71e-04 2.79e-07 6.65e-04 7.01e-06 5.23e-04 4.73e-08 4.53e-06 1.22e-04 2.07e-05 2.65e-04 3.37e-06 3.37e-04 1.04e-05 3.37e-04 3.37e-06 8.08e-06 1.51e-04 5.36e-05 2.65e-04 3.37e-06 3.37e-04 1.04e-05 3.37e-04 3.37e-06 8.08e-06 1.51e-04 5.36e-05
48205 9.63100e+03 -4.66616e+00 3.21892e-04 5.28151e-06 2.52e-04 2.80e-07 7.81e-04 7.69e-06 5.69e-04 9.22e-08 3.56e-06 1.40e-04 5.28e-06 2.66e-04 3.37e-06 3.37e-04 1.04e-05 3.37e-04 3.37e-06 8.08e-06 1.51e-04 5.36e-05 2.66e-04 3.37e-06 3.37e-04 1.04e-05 3.37e-04 3.37e-06 8.08e-06 1.51e-04 5.36e-05
48255 9.64100e+03 -4.62105e+00 3.38310e-04 2.71623e-05 3.85e-04 2.89e-07 7.60e-04 6.79e-06 5.39e-04 3.85e-08 3.87e-06 1.57e-04 2.72e-05 2.66e-04 3.37e-06 3.37e-04 1.04e-05 3.37e-04 3.37e-06 8.08e-06 1.50e-04 5.36e-05 2.66e-04 3.37e-06 3.37e-04 1.04e-05 3.37e-04 3.37e-06 8.08e-06 1.50e-04 5.36e-05
48305 9.65100e+03 -4.64982e+00 3.15130e-04 1.64628e-05 2.92e-04 2.96e-07 7.27e-04 7.61e-06 5.48e-04 5.68e-08 4.98e-06 1.38e-04 1.65e-05 2.66e-04 3.37e-06 3.37e-04 1.04e-05 3.37e-04 3.37e-06 8.07e-06 1.50e-04 5.36e-05 2.66e-04 3.37e-06 3.37e-04 1.04e-05 3.37e-04 3.37e-06 8.07e-06 1.50e-04 5.36e-05
48355 9.66100e+03 -4.64804e+00 3.25662e-04 8.35385e-06 3.45e-04 3.00e-07 7.19e-04 7.18e-06 5.56e-04 1.00e-07 4.64e-06 1.47e-04 8.35e-06 2.66e-04 3.37e-06 3.37e-04 1.04e-05 3.37e-04 3.37e-06 8.07e-06 1.50e-04 5.35e-05 2.66e-04 3.37e-06 3.37e-04 1.04e-05 3.37e-04 3.37e-06 8.07e-06 1.50e-04 5.35e-05
48405 9.67100e+03 -4.68940e+00 2.89689e-04 1.18550e-05 2.76e-04 2.99e-07 6.67e-04 6.61e-06 4.98e-04 4.11e-08 4.14e-06 1.34e-04 1.19e-05 2.66e-04 3.37e-06 3.37e-04 1.04e-05 3.37e-04 3.37e-06 8.07e-06 1.50e-04 5.35e-05 2.66e-04 3.37e-06 3.37e-04 1.04e-05 3.37e-04 3.37e-06 8.07e-06 1.50e-04 5.35e-05
48455 9.68100e+03 -4.52375e+00 3.59946e-04 7.98052e-06 4.19e-04 2.98e-07 8.10e-04 9.07e-06 5.62e-04 1.39e-07 1.69e-05 1.42e-04 7.98e-06 2.66e-04 3.37e-06 3.37e-04 1.04e-05 3.37e-04 3.37e-06 8.07e-06 1.50e-04 5.35e-05 2.66e-04 3.37e-06 3.37e-04 1.04e-05 3.37e-04 3.37e-06 8.07e-06 1.50e-04 5.35e-05
48505 9.69100e+03 -4.66756e+00 2.96098e-04 1.99149e-05 2.59e-04 2.95e-07 6.96e-04 8.48e-06 5.17e-04 1.17e-07 3.82e-06 1.34e-04 1.99e-05 2.66e-04 3.37e-06 3.37e-04 1.04e-05 3.37e-04 3.37e-06 8.06e-06 1.50e-04 5.35e-05 2.66e-04 3.37e-06 3.37e-04 1.04e-05 3.37e-04 3.37e-06 8.06e-06 1.50e-04 5.35e-05
48555 9.70100e+03 -4.67185e+00 3.01537e-04 1.61258e-05 2.50e-04 2.79e-07 7.16e-04 7.05e-06 5.35e-04 6.26e-08 4.06e-06 1.41e-04 1.61e-05 2.66e-04 3.36e-06 3.37e-04 1.03e-05 3.37e-04 3.37e-06 8.06e-06 1.50e-04 5.34e-05 2.66e-04 3.37e-06 3.37e-04 1.03e-05 3.37e-04 3.37e-06 8.06e-06 1.50e-04 5.34e-05
48605 9.71100e+03 -4.63986e+00 3.47985e-04 3.60961e-06 3.87e-04 2.97e-07 7.78e-04 7.47e-06 5.67e-04 4.48e-08 3.98e-06 1.39e-04 3.61e-06 2.66e-04 3.36e-06 3.37e-04 1.03e-05 3.37e-04 3.37e-06 8.06e-06 1.50e-04 5.34e-05 2.66e-04 3.37e-06 3.37e-04 1.03e-05 3.37e-04 3.37e-06 8.06e-06 1.50e-04 5.34e-05
48655 9.72100e+03 -4.66331e+00 3.22560e-04 1.34629e-05 3.97e-04 2.83e-07 6.77e-04 7.20e-06 5.31e-04 4.30e-08 2.98e-06 1.26e-04 1.35e-05 2.66e-04 3.36e-06 3.37e-04 1.03e-05 3.37e-04 3.37e-06 8.05e-06 1.50e-04 5.34e-05 2.66e-04 3.37e-06 3.37e-04 1.03e-05 3.37e-04 3.37e-06 8.05e-06 1.50e-04 5.34e-05
48705 9.73100e+03 -4.61579e+00 3.37948e-04 3.20485e-05 3.98e-04 3.06e-07 7.31e-04 8.55e-06 5.52e-04 9.16e-08 3.35e-06 1.39e-04 3.20e-05 2.66e-04 3.36e-06 3.36e-04 1.03e-05 3.36e-04 3.36e-06 8.05e-06 1.50e-04 5.34e-05 2.66e-04 3.36e-06 3.36e-04 1.03e-05 3.36e-04 3.36e-06 8.05e-06 1.50e-04 5.34e-05
48755 9.74100e+03 -4.65868e+00 3.25046e-04 9.24620e-06 3.42e-04 2.79e-07 7.44e-04 7.19e-06 5.31e-04 4.79e-08 3.43e-06 1.44e-04 9.25e-06 2.66e-04 3.36e-06 3.36e-04 1.03e-05 3.36e-04 3.36e-06 8.05e-06 1.50e-04 5.33e-05 2.66e-04 3.36e-06 3.36e-04 1.03e-05 3.36e-04 3.36e-06 8.05e-06 1.50e-04 5.33e-05
48805 9.75100e+03 -4.60157e+00 3.17428e-04 1.97963e-05 2.75e-04 2.73e-07 7.51e-04 6.98e-06 5.54e-04 4.55e-08 1.19e-05 1.39e-04 1.98e-05 2.66e-04 3.36e-06 3.36e-04 1.03e-05 3.36e-04 3.36e-06 8.05e-06 1.50e-04 5.33e-05 2.66e-04 3.36e-06 3.36e-04 1.03e-05 3.36e-04 3.36e-06 8.05e-06 1.50e-04 5.33e-05
48855 9.76100e+03 -4.68048e+00 3.13685e-04 2.47511e-06 3.15e-04 2.94e-07 7.06e-04 7.25e-06 5.40e-04 1.20e-07 2.97e-06 1.37e-04 2.48e-06 2.66e-04 3.36e-06 3.36e-04 1.03e-05 3.36e-04 3.36e-06 8.05e-06 1.50e-04 5.33e-05 2.66e-04 3.36e-06 3.36e-04 1.03e-05 3.36e-04 3.36e-06 8.05e-06 1.50e-04 5.33e-05
48905 9.77100e+03 -4.65431e+00 3.18382e-04 5.98679e-06 3.48e-04 2.96e-07 7.06e-04 6.93e-06 5.31e-04 1.56e-07 5.56e-06 1.38e-04 5.99e-06 2.67e-04 3.36e-06 3.36e-04 1.03e-05 3.36e-04 3.36e-06 8.04e-06 1.50e-04 5.33e-05 2.67e-04 3.36e-06 3.36e-04 1.03e-05 3.36e-04 3.36e-06 8.04e-06 1.50e-04 5.33e-05
48955 9.78100e+03 -4.66346e+00 3.12430e-04 2.56519e-05 3.15e-04 2.83e-07 7.14e-04 6.79e-06 5.27e-04 1.08e-07 3.22e-06 1.23e-04 2.57e-05 2.67e-04 3.36e-06 3.36e-04 1.03e-05 3.36e-04 3.36e-06 8.04e-06 1.50e-04 5.32e-05 2.67e-04 3.36e-06 3.36e-04 1.03e-05 3.36e-04 3.36e-06 8.04e-06 1.50e-04 5.32e-05
49005 9.79100e+03 -4.67670e+00 3.07171e-04 1.17863e-05 3.02e-04 2.82e-07 7.02e-04 7.13e-06 5.24e-04 6.88e-08 3.31e-06 1.35e-04 1.18e-05 2.67e-04 3.36e-06 3.36e-04 1.03e-05 3.36e-04 3.36e-06 8.04e-06 1.50e-04 5.32e-05 2.67e-04 3.36e-06 3.36e-04 1.03e-05 3.36e-04 3.36e-06 8.04e-06 1.50e-04 5.32e-05
49055 9.80100e+03 -4.55338e+00 3.41721e-04 7.53733e-05 3.56e-04 2.98e-07 7.64e-04 9.75e-06 5.79e-04 1.17e-07 4.71e-06 1.40e-04 7.54e-05 2.67e-04 3.36e-06 3.36e-04 1.03e-05 3.36e-04 3.36e-06 8.04e-06 1.50e-04 5.32e-05 2.67e-04 3.36e-06 3.36e-04 1.03e-05 3.36e-04 3.36e-06 8.04e-06 1.50e-04 5.32e-05
49105 9.81100e+03 -4.66197e+00 3.09402e-04 9.42949e-06 3.25e-04 2.92e-07 7.02e-04 7.23e-06 5.13e-04 8.69e-08 4.89e-06 1.42e-04 9.43e-06 2.67e-04 3.36e-06 3.36e-04 1.03e-05 3.36e-04 3.36e-06 8.04e-06 1.49e-04 5.32e-05 2.67e-04 3.36e-06 3.36e-04 1.03e-05 3.36e-04 3.36e-06 8.04e-06 1.49e-04 5.32e-05
49155 9.82100e+03 -4.65967e+00 3.12107e-04 1.28383e-05 3.36e-04 3.04e-07 6.96e-04 6.91e-06 5.21e-04 8.52e-08 4.81e-06 1.37e-04 1.28e-05 2.67e-04 3.36e-06 3.36e-04 1.03e-05 3.36e-04 3.36e-06 8.03e-06 1.49e-04 5.31e-05 2.67e-04 3.36e-06 3.36e-04 1.03e-05 3.36e-04 3.36e-06 8.03e-06 1.49e-04 5.31e-05
49205 9.83100e+03 -4.63925e+00 3.27422e-04 4.70874e-06 3.67e-04 2.97e-07 7.24e-04 7.35e-06 5.39e-04 8.09e-08 7.27e-06 1.26e-04 4.71e-06 2.67e-04 3.36e-06 3.36e-04 1.03e-05 3.36e-04 3.36e-06 8.03e-06 1.49e-04 5.31e-05 2.67e-04 3.36e-06 3.36e-04 1.03e-05 3.36e-04 3.36e-06 8.03e-06 1.49e-04 5.31e-05
49255 9.84100e+03 -4.65902e+00 3.14281e-04 1.73370e-05 3.03e-04 2.96e-07 7.06e-04 7.58e-06 5.54e-04 6.50e-08 3.25e-06 1.46e-04 1.73e-05 2.67e-04 3.36e-06 3.36e-04 1.03e-05 3.36e-04 3.36e-06 8.03e-06 1.49e-04 5.31e-05 2.67e-04 3.36e-06 3.36e-04 1.03e-05 3.36e-04 3.36e-06 8.03e-06 1.49e-04 5.31e-05
49305 9.85100e+03 -4.59109e+00 3.27576e-04 2.36686e-05 3.34e-04 2.95e-07 7.39e-04 7.12e-06 5.58e-04 7.24e-08 1.03e-05 1.54e-04 2.37e-05 2.67e-04 3.36e-06 3.36e-04 1.03e-05 3.36e-04 3.36e-06 8.03e-06 1.49e-04 5.31e-05 2.67e-04 3.36e-06 3.36e-04 1.03e-05 3.36e-04 3.36e-06 8.03e-06 1.49e-04 5.31e-05
49355 9.86100e+03 -4.63026e+00 3.18206e-04 2.34632e-05 2.86e-04 3.02e-07 7.37e-04 7.38e-06 5.60e-04 5.91e-08 6.28e-06 1.46e-04 2.35e-05 2.68e-04 3.36e-06 3.36e-04 1.03e-05 3.36e-04 3.36e-06 8.02e-06 1.49e-04 5.30e-05 2.68e-04 3.36e-06 3.36e-04 1.03e-05 3.36e-04 3.36e-06 8.02e-06 1.49e-04 5.30e-05
49405 9.87100e+03 -4.63359e+00 3.36908e-04 9.10531e-06 3.34e-04 3.01e-07 7.72e-04 6.79e-06 5.72e-04 7.74e-08 6.20e-06 1.40e-04 9.11e-06 2.68e-04 3.36e-06 3.36e-04 1.03e-05 3.36e-04 3.36e-06 8.02e-06 1.49e-04 5.30e-05 2.68e-04 3.36e-06 3.36e-04 1.03e-05 3.36e-04 3.36e-06 8.02e-06 1.49e-04 5.30e-05
49455 9.88100e+03 -4.66313e+00 3.03598e-04 2.16478e-05 3.23e-04 3.03e-07 6.72e-04 6.62e-06 5.16e-04 6.49e-08 4.63e-06 1.32e-04 2.16e-05 2.68e-04 3.36e-06 3.36e-04 1.03e-05 3.36e-04 3.36e-06 8.02e-06 1.49e-04 5.30e-05 2.68e-04 3.36e-06 3.36e-04 1.03e-05 3.36e-04 3.36e-06 8.02e-06 1.49e-04 5.30e-05
49505 9.89100e+03 -4.68301e+00 3.07789e-04 1.03360e-05 2.77e-04 2.86e-07 7.14e-04 7.10e-06 5.40e-04 7.33e-08 2.91e-06 1.32e-04 1.03e-05 2.68e-04 3.36e-06 3.36e-04 1.03e-05 3.36e-04 3.36e-06 8.02e-06 1.49e-04 5.30e-05 2.68e-04 3.36e-06 3.36e-04 1.03e-05 3.36e-04 3.36e-06 8.02e-06 1.49e-04 5.30e-05
49555 9.90100e+03 -4.48332e+00 3.29060e-04 1.03808e-05 3.28e-04 2.94e-07 7.16e-04 1.19e-05 5.89e-04 5.30e-08 2.40e-05 1.56e-04 1.04e-05 2.68e-04 3.36e-06 3.36e-04 1.02e-05 3.36e-04 3.36e-06 8.02e-06 1.49e-04 5.29e-05 2.68e-04 3.36e-06 3.36e-04 1.02e-05 3.36e-04 3.36e-06 8.02e-06 1.49e-04 5.29e-05
49605 9.91100e+03 -4.65642e+00 3.19588e-04 1.41079e-05 3.20e-04 2.85e-07 7.20e-04 7.01e-06 5.51e-04 5.30e-08 5.14e-06 1.23e-04 1.41e-05 2.68e-04 3.36e-06 3.36e-04 1.02e-05 3.36e-04 3.36e-06 8.01e-06 1.49e-04 5.29e-05 2.68e-04 3.36e-06 3.36e-04 1.02e-05 3.36e-04 3.36e-06 8.01e-06 1.49e-04 5.29e-05
49655 9.92100e+03 -4.55242e+00 3.25755e-04 6.03788e-05 3.35e-04 2.85e-07 7.29e-04 6.99e-06 5.57e-04 6.26e-08 1.18e-05 1.32e-04 6.04e-05 2.68e-04 3.36e-06 3.36e-04 1.02e-05 3.36e-04 3.36e-06 8.01e-06 1.49e-04 5.29e-05 2.68e-04 3.36e-06 3.36e-04 1.02e-05 3.36e-04 3.36e-06 8.01e-06 1.49e-04 5.29e-05
49705 9.93100e+03 -4.64968e+00 3.23572e-04 1.25415e-05 3.50e-04 2.86e-07 7.16e-04 8.59e-06 5.43e-04 9.01e-08 3.32e-06 1.43e-04 1.25e-05 2.68e-04 3.36e-06 3.36e-04 1.02e-05 3.36e-04 3.36e-06 8.01e-06 1.49e-04 5.29e-05 2.68e-04 3.36e-06 3.36e-04 1.02e-05 3.36e-04 3.36e-06 8.01e-06 1.49e-04 5.29e-05
49755 9.94100e+03 -4.63234e+00 3.34671e-04 1.51822e-05 3.65e-04 2.82e-07 7.45e-04 7.67e-06 5.56e-04 7.14e-08 3.86e-06 1.60e-04 1.52e-05 2.68e-04 3.36e-06 3.36e-04 1.02e-05 3.36e-04 3.36e-06 8.01e-06 1.49e-04 5.28e-05 2.68e-04 3.36e-06 3.36e-04 1.02e-05 3.36e-04 3.36e-06 8.01e-06 1.49e-04 5.28e-05
49805 9.95100e+03 -4.62704e+00 3.36457e-04 3.20058e-05 4.32e-04 2.85e-07 7.04e-04 7.00e-06 5.38e-04 6.48e-08 3.43e-06 1.33e-04 3.20e-05 2.69e-04 3.36e-06 3.36e-04 1.02e-05 3.36e-04 3.36e-06 8.01e-06 1.49e-04 5.28e-05 2.69e-04 3.36e-06 3.36e-04 1.02e-05 3.36e-04 3.36e-06 8.01e-06 1.49e-04 5.28e-05
49855 9.96100e+03 -4.65083e+00 3.01965e-04 2.84752e-05 2.77e-04 2.74e-07 6.99e-04 7.19e-06 5.27e-04 5.83e-08 5.58e-06 1.31e-04 2.85e-05 2.69e-04 3.36e-06 3.36e-04 1.02e-05 3.36e-04 3.36e-06 8.00e-06 1.49e-04 5.28e-05 2.69e-04 3.36e-06 3.36e-04 1.02e-05 3.36e-04 3.36e-06 8.00e-06 1.49e-04 5.28e-05
49905 9.97100e+03 -4.67121e+00 3.05167e-04 1.51788e-05 3.13e-04 2.80e-07 6.84e-04 7.56e-06 5.21e-04 8.15e-08 3.07e-06 1.43e-04 1.52e-05 2.69e-04 3.36e-06 3.36e-04 1.02e-05 3.36e-04 3.36e-06 8.00e-06 1.49e-04 5.28e-05 2.69e-04 3.36e-06 3.36e-04 1.02e-05 3.36e-04 3.36e-06 8.00e-06 1.49e-04 5.28e-05
49955 9.98100e+03 -4.65812e+00 3.16847e-04 2.22372e-05 3.05e-04 2.92e-07 7.16e-04 7.16e-06 5.56e-04 5.22e-08 2.97e-06 1.42e-04 2.22e-05 2.69e-04 3.36e-06 3.36e-04 1.02e-05 3.36e-04 3.36e-06 8.00e-06 1.49e-04 5.27e-05 2.69e-04 3.36e-06 3.36e-04 1.02e-05 3.36e-04 3.36e-06 8.00e-06 1.49e-04 5.27e-05
50005 9.99000e+03 -4.61635e+00 3.12083e-04 7.34854e-06 3.30e-04 2.95e-07 6.98e-04 7.21e-06 5.25e-04 6.79e-08 1.19e-05 1.36e-04 7.35e-06 2.69e-04 3.36e-06 3.36e-04 1.02e-05 3.36e-04 3.36e-06 8.00e-06 1.48e-04 5.27e-05 2.69e-04 3.36e-06 3.36e-04 1.02e-05 3.36e-04 3.36e-06 8.00e-06 1.48e-04 5.27e-05
50055 1.00000e+04 -4.19546e+00 3.44139e-04 5.39511e-06 4.51e-04 2.91e-07 7.01e-04 9.50e-06 5.58e-04 5.67e-08 6.75e-05 1.19e-04 5.40e-06 2.69e-04 3.36e-06 3.36e-04 1.02e-05 3.36e-04 3.36e-06 8.00e-06 1.48e-04 5.27e-05 2.69e-04 3.36e-06 3.36e-04 1.02e-05 3.36e-04 3.36e-06 8.00e-06 1.48e-04 5.27e-05
50105 1.00100e+04 -4.54962e+00 3.49484e-04 2.95611e-05 4.06e-04 2.76e-07 7.48e-04 7.78e-06 5.86e-04 4.60e-08 1.34e-05 1.26e-04 2.96e-05 2.69e-04 3.36e-06 3.36e-04 1.02e-05 3.36e-04 3.36e-06 7.99e-06 1.48e-04 5.27e-05 2.69e-04 3.36e-06 3.36e-04 1.02e-05 3.36e-04 3.36e-06 7.99e-06 1.48e-04 5.27e-05
50155 1.00200e+04 -4.68678e+00 3.11447e-04 4.13671e-06 3.27e-04 2.89e-07 7.04e-04 7.11e-06 5.19e-04 4.58e-08 3.18e-06 1.24e-04 4.14e-06 2.69e-04 3.36e-06 3.36e-04 1.02e-05 3.36e-04 3.36e-06 7.99e-06 1.48e-04 5.26e-05 2.69e-04 3.36e-06 3.36e-04 1.02e-05 3.36e-04 3.36e-06 7.99e-06 1.48e-04 5.26e-05
50205 1.00300e+04 -4.62718e+00 3.25422e-04 1.42568e-05 3.66e-04 2.86e-07 7.03e-04 1.14e-05 5.47e-04 3.90e-08 4.14e-06 1.41e-04 1.43e-05 2.70e-04 3.36e-06 3.36e-04 1.02e-05 3.36e-04 3.36e-06 7.99e-06 1.48e-04 5.26e-05 2.70e-04 3.36e-06 3.36e-04 1.02e-05 3.36e-04 3.36e-06 7.99e-06 1.48e-04 5.26e-05
50255 1.00400e+04 -4.64056e+00 3.25477e-04 9.55361e-06 3.66e-04 2.99e-07 7.25e-04 8.41e-06 5.28e-04 5.76e-08 5.93e-06 1.26e-04 9.55e-06 2.70e-04 3.36e-06 3.36e-04 1.02e-05 3.36e-04 3.36e-06 7.99e-06 1.48e-04 5.26e-05 2.70e-04 3.36e-06 3.36e-04 1.02e-05 3.36e-04 3.36e-06 7.99e-06 1.48e-04 5.26e-05
50305 1.00500e+04 -4.65087e+00 3.19068e-04 7.55969e-06 3.36e-04 2.93e-07 7.29e-04 6.99e-06 5.23e-04 7.13e-08 6.64e-06 1.29e-04 7.56e-06 2.70e-04 3.36e-06 3.36e-04 1.02e-05 3.36e-04 3.36e-06 7.99e-06 1.48e-04 5.26e-05 2.70e-04 3.36e-06 3.36e-04 1.02e-05 3.36e-04 3.36e-06 7.99e-06 1.48e-04 5.26e-05
50355 1.00600e+04 -4.67158e+00 2.97300e-04 2.44071e-05 2.74e-04 2.84e-07 6.90e-04 7.14e-06 5.15e-04 5.92e-08 3.89e-06 1.31e-04 2.44e-05 2.70e-04 3.36e-06 3.36e-04 1.02e-05 3.36e-04 3.36e-06 7.98e-06 1.48e-04 5.25e-05 2.70e-04 3.36e-06 3.36e-04 1.02e-05 3.36e-04 3.36e-06 7.98e-06 1.48e-04 5.25e-05
50405 1.00700e+04 -4.65742e+00 3.21949e-04 9.57793e-06 3.33e-04 2.75e-07 7.28e-04 7.23e-06 5.41e-04 5.17e-08 4.76e-06 1.33e-04 9.58e-06 2.70e-04 3.36e-06 3.36e-04 1.02e-05 3.36e-04 3.36e-06 7.98e-06 1.48e-04 5.25e-05 2.70e-04 3.36e-06 3.36e-04 1.02e-05 3.36e-04 3.36e-06 7.98e-06 1.48e-04 5.25e-05
50455 1.00800e+04 -4.59048e+00 3.14148e-04 6.67742e-06 3.13e-04 2.81e-07 7.18e-04 1.18e-05 5.27e-04 6.34e-08 1.18e-05 1.42e-04 6.68e-06 2.70e-04 3.36e-06 3.36e-04 1.02e-05 3.36e-04 3.36e-06 7.98e-06 1.48e-04 5.25e-05 2.70e-04 3.36e-06 3.36e-04 1.02e-05 3.36e-04 3.36e-06 7.98e-06 1.48e-04 5.25e-05
50505 1.00900e+04 -4.66440e+00 3.32209e-04 5.51844e-06 3.72e-04 2.93e-07 7.36e-04 7.44e-06 5.45e-04 8.60e-08 3.01e-06 1.26e-04 5.52e-06 2.70e-04 3.36e-06 3.36e-04 1.02e-05 3.36e-04 3.36e-06 7.98e-06 1.48e-04 5.25e-05 2.70e-04 3.36e-06 3.36e-04 1.02e-05 3.36e-04 3.36e-06 7.98e-06 1.48e-04 5.25e-05
50555 1.01000e+04 -4.61912e+00 3.15350e-04 5.34354e-05 3.12e-04 2.90e-07 7.28e-04 7.27e-06 5.29e-04 1.34e-07 4.72e-06 1.24e-04 5.34e-05 2.70e-04 3.36e-06 3.36e-04 1.02e-05 3.36e-04 3.36e-06 7.97e-06 1.48e-04 5.24e-05 2.70e-04 3.36e-06 3.36e-04 1.02e-05 3.36e-04 3.36e-06 7.97e-06 1.48e-04 5.24e-05
50605 1.01100e+04 -4.64629e+00 3.08275e-04 3.33271e-05 2.98e-04 2.86e-07 7.07e-04 7.54e-06 5.29e-04 4.94e-08 3.87e-06 1.41e-04 3.33e-05 2.70e-04 3.36e-06 3.36e-04 1.01e-05 3.36e-04 3.36e-06 7.97e-06 1.48e-04 5.24e-05 2.70e-04 3.36e-06 3.36e-04 1.01e-05 3.36e-04 3.36e-06 7.97e-06 1.48e-04 5.24e-05
50655 1.01200e+04 -4.62917e+00 3.07311e-04 7.39923e-06 2.81e-04 2.83e-07 7.08e-04 7.30e-06 5.40e-04 6.88e-08 1.19e-05 1.18e-04 7.40e-06 2.70e-04 3.36e-06 3.36e-04 1.01e-05 3.36e-04 3.36e-06 7.97e-06 1.48e-04 5.24e-05 2.70e-04 3.36e-06 3.36e-04 1.01e-05 3.36e-04 3.36e-06 7.97e-06 1.48e-04 5.24e-05
50705 1.01300e+04 -4.64401e+00 3.01979e-04 3.66760e-05 2.81e-04 2.70e-07 7.22e-04 6.85e-06 5.00e-04 5.86e-08 5.49e-06 1.34e-04 3.67e-05 2.70e-04 3.36e-06 3.36e-04 1.01e-05 3.36e-04 3.36e-06 7.97e-06 1.48e-04 5.24e-05 2.70e-04 3.36e-06 3.36e-04 1.01e-05 3.36e-04 3.36e-06 7.97e-06 1.48e-04 5.24e-05
50755 1.01400e+04 -4.65213e+00 3.37598e-04 2.83412e-06 4.65e-04 3.11e-07 7.01e-04 6.83e-06 5.15e-04 5.10e-08 3.67e-06 1.43e-04 2.83e-06 2.70e-04 3.36e-06 3.36e-04 1.01e-05 3.36e-04 3.36e-06 7.96e-06 1.47e-04 5.23e-05 2.70e-04 3.36e-06 3.36e-04 1.01e-05 3.36e-04 3.36e-06 7.96e-06 1.47e-04 5.23e-05
50805 1.01500e+04 -4.63240e+00 3.00077e-04 5.70588e-05 2.56e-04 2.83e-07 7.04e-04 7.03e-06 5.33e-04 6.84e-08 4.09e-06 1.37e-04 5.71e-05 2.71e-04 3.36e-06 3.36e-04 1.01e-05 3.36e-04 3.36e-06 7.96e-06 1.47e-04 5.23e-05 2.71e-04 3.36e-06 3.36e-04 1.01e-05 3.36e-04 3.36e-06 7.96e-06 1.47e-04 5.23e-05
50855 1.01600e+04 -4.65707e+00 3.03434e-04 3.99709e-05 2.74e-04 2.90e-07 7.04e-04 6.90e-06 5.32e-04 6.60e-08 3.43e-06 1.24e-04 4.00e-05 2.71e-04 3.36e-06 3.36e-04 1.01e-05 3.36e-04 3.36e-06 7.96e-06 1.47e-04 5.23e-05 2.71e-04 3.36e-06 3.36e-04 1.01e-05 3.36e-04 3.36e-06 7.96e-06 1.47e-04 5.23e-05
50905 1.01700e+04 -4.69000e+00 3.07975e-04 2.27251e-06 2.93e-04 2.88e-07 6.94e-04 7.25e-06 5.45e-04 6.77e-08 3.16e-06 1.31e-04 2.27e-06 2.71e-04 3.36e-06 3.36e-04 1.01e-05 3.36e-04 3.36e-06 7.96e-06 1.47e-04 5.23e-05 2.71e-04 3.36e-06 3.36e-04 1.01e-05 3.36e-04 3.36e-06 7.96e-06 1.47e-04 5.23e-05
50955 1.01800e+04 -4.68947e+00 3.08550e-04 1.01102e-05 2.63e-04 2.83e-07 7.41e-04 6.48e-06 5.31e-04 5.95e-08 3.15e-06 1.24e-04 1.01e-05 2.71e-04 3.36e-06 3.36e-04 1.01e-05 3.36e-04 3.36e-06 7.95e-06 1.47e-04 5.23e-05 2.71e-04 3.36e-06 3.36e-04 1.01e-05 3.36e-04 3.36e-06 7.95e-06 1.47e-04 5.23e-05
51005 1.01900e+04 -4.68445e+00 3.02281e-04 6.87743e-06 2.59e-04 3.06e-07 7.23e-04 7.20e-06 5.21e-04 5.44e-08 3.93e-06 1.35e-04 6.88e-06 2.71e-04 3.36e-06 3.36e-04 1.01e-05 3.36e-04 3.36e-06 7.95e-06 1.47e-04 5.22e-05 2.71e-04 3.36e-06 3.36e-04 1.01e-05 3.36e-04 3.36e-06 7.95e-06 1.47e-04 5.22e-05
51055 1.02000e+04 -4.69014e+00 3.05204e-04 1.16103e-05 2.60e-04 3.02e-07 7.40e-04 6.60e-06 5.19e-04 5.77e-08 3.10e-06 1.24e-04 1.16e-05 2.71e-04 3.36e-06 3.36e-04 1.01e-05 3.36e-04 3.36e-06 7.95e-06 1.47e-04 5.22e-05 2.71e-04 3.36e-06 3.36e-04 1.01e-05 3.36e-04 3.36e-06 7.95e-06 1.47e-04 5.22e-05
51105 1.02100e+04 -4.68239e+00 3.00798e-04 1.69029e-05 2.54e-04 2.94e-07 7.36e-04 7.20e-06 5.07e-04 6.96e-08 3.13e-06 1.31e-04 1.69e-05 2.71e-04 3.36e-06 3.36e-04 1.01e-05 3.36e-04 3.36e-06 7.95e-06 1.47e-04 5.22e-05 2.71e-04 3.36e-06 3.36e-04 1.01e-05 3.36e-04 3.36e-06 7.95e-06 1.47e-04 5.22e-05
51155 1.02200e+04 -4.69739e+00 3.00125e-04 3.61988e-06 2.71e-04 3.04e-07 7.06e-04 6.58e-06 5.17e-04 3.72e-08 3.39e-06 1.34e-04 3.62e-06 2.71e-04 3.36e-06 3.36e-04 1.01e-05 3.36e-04 3.36e-06 7.94e-06 1.47e-04 5.22e-05 2.71e-04 3.36e-06 3.36e-04 1.01e-05 3.36e-04 3.36e-06 7.94e-06 1.47e-04 5.22e-05
51205 1.02300e+04 -4.65843e+00 3.25632e-04 1.35752e-05 3.57e-04 3.01e-07 7.31e-04 6.88e-06 5.33e-04 5.53e-08 3.70e-06 1.33e-04 1.36e-05 2.71e-04 3.36e-06 3.36e-04 1.01e-05 3.36e-04 3.36e-06 7.94e-06 1.47e-04 5.21e-05 2.71e-04 3.36e-06 3.36e-04 1.01e-05 3.36e-04 3.36e-06 7.94e-06 1.47e-04 5.21e-05
51255 1.02400e+04 -4.67749e+00 3.18226e-04 8.94728e-06 2.83e-04 3.00e-07 7.68e-04 7.16e-06 5.33e-04 3.45e-08 3.13e-06 1.28e-04 8.95e-06 2.71e-04 3.36e-06 3.36e-04 1.01e-05 3.36e-04 3.36e-06 7.94e-06 1.47e-04 5.21e-05 2.71e-04 3.36e-06 3.36e-04 1.01e-05 3.36e-04 3.36e-06 7.94e-06 1.47e-04 5.21e-05
51305 1.02500e+04 -4.62717e+00 3.16427e-04 4.31761e-05 3.77e-04 2.97e-07 6.80e-04 7.15e-06 5.17e-04 3.66e-08 4.41e-06 1.35e-04 4.32e-05 2.71e-04 3.36e-06 3.36e-04 1.01e-05 3.36e-04 3.36e-06 7.93e-06 1.47e-04 5.21e-05 2.71e-04 3.36e-06 3.36e-04 1.01e-05 3.36e-04 3.36e-06 7.93e-06 1.47e-04 5.21e-05
51355 1.02600e+04 -4.65698e+00 3.28605e-04 9.80919e-06 3.61e-04 2.87e-07 7.31e-04 7.33e-06 5.43e-04 3.46e-08 3.67e-06 1.37e-04 9.81e-06 2.71e-04 3.36e-06 3.36e-04 1.01e-05 3.36e-04 3.36e-06 7.93e-06 1.47e-04 5.21e-05 2.71e-04 3.36e-06 3.36e-04 1.01e-05 3.36e-04 3.36e-06 7.93e-06 1.47e-04 5.21e-05
51405 1.02700e+04 -4.68252e+00 3.09904e-04 2.53873e-06 3.04e-04 3.03e-07 7.20e-04 6.85e-06 5.18e-04 3.88e-08 3.94e-06 1.38e-04 2.54e-06 2.71e-04 3.36e-06 3.36e-04 1.01e-05 3.36e-04 3.36e-06 7.93e-06 1.47e-04 5.20e-05 2.71e-04 3.36e-06 3.36e-04 1.01e-05 3.36e-04 3.36e-06 7.93e-06 1.47e-04 5.20e-05
51455 1.02800e+04 -4.67465e+00 3.09269e-04 1.10869e-05 3.28e-04 2.98e-07 7.03e-04 7.01e-06 5.08e-04 3.87e-08 3.82e-06 1.34e-04 1.11e-05 2.71e-04 3.36e-06 3.36e-04 1.01e-05 3.36e-04 3.36e-06 7.93e-06 1.47e-04 5.20e-05 2.71e-04 3.36e-06 3.36e-04 1.01e-05 3.36e-04 3.36e-06 7.93e-06 1.47e-04 5.20e-05
51505 1.02900e+04 -4.67827e+00 3.00246e-04 9.52279e-06 2.59e-04 2.98e-07 7.10e-04 7.69e-06 5.24e-04 7.03e-08 3.34e-06 1.53e-04 9.52e-06 2.71e-04 3.36e-06 3.36e-04 1.01e-05 3.36e-04 3.36e-06 7.92e-06 1.47e-04 5.20e-05 2.71e-04 3.36e-06 3.36e-04 1.01e-05 3.36e-04 3.36e-06 7.92e-06 1.47e-04 5.20e-05
51555 1.03000e+04 -4.65215e+00 3.26719e-04 2.04021e-05 3.62e-04 2.94e-07 7.25e-04 7.04e-06 5.39e-04 7.55e-08 3.57e-06 1.28e-04 2.04e-05 2.71e-04 3.36e-06 3.36e-04 1.01e-05 3.36e-04 3.36e-06 7.92e-06 1.46e-04 5.20e-05 2.71e-04 3.36e-06 3.36e-04 1.01e-05 3.36e-04 3.36e-06 7.92e-06 1.46e-04 5.20e-05
51605 1.03100e+04 -4.65895e+00 3.16842e-04 1.62391e-05 3.52e-04 3.05e-07 7.03e-04 7.09e-06 5.22e-04 3.86e-08 3.55e-06 1.45e-04 1.62e-05 2.72e-04 3.36e-06 3.36e-04 1.00e-05 3.36e-04 3.36e-06 7.92e-06 1.46e-04 5.19e-05 2.72e-04 3.36e-06 3.36e-04 1.00e-05 3.36e-04 3.36e-06 7.92e-06 1.46e-04 5.19e-05
51655 1.03200e+04 -4.67515e+00 3.07250e-04 1.74388e-05 3.35e-04 2.97e-07 6.91e-04 8.67e-06 5.02e-04 5.50e-08 2.93e-06 1.11e-04 1.74e-05 2.72e-04 3.36e-06 3.36e-04 1.00e-05 3.36e-04 3.36e-06 7.91e-06 1.46e-04 5.19e-05 2.72e-04 3.36e-06 3.36e-04 1.00e-05 3.36e-04 3.36e-06 7.91e-06 1.46e-04 5.19e-05
51705 1.03300e+04 -4.68866e+00 2.97974e-04 9.57808e-06 3.03e-04 2.95e-07 6.75e-04 7.87e-06 5.04e-04 3.63e-08 3.20e-06 1.28e-04 9.58e-06 2.72e-04 3.36e-06 3.36e-04 1.00e-05 3.36e-04 3.36e-06 7.91e-06 1.46e-04 5.19e-05 2.72e-04 3.36e-06 3.36e-04 1.00e-05 3.36e-04 3.36e-06 7.91e-06 1.46e-04 5.19e-05
51755 1.03400e+04 -4.67716e+00 3.13110e-04 8.17921e-06 3.20e-04 2.89e-07 7.05e-04 6.52e-06 5.33e-04 4.44e-08 3.56e-06 1.40e-04 8.18e-06 2.72e-04 3.36e-06 3.36e-04 1.00e-05 3.36e-04 3.36e-06 7.91e-06 1.46e-04 5.19e-05 2.72e-04 3.36e-06 3.36e-04 1.00e-05 3.36e-04 3.36e-06 7.91e-06 1.46e-04 5.19e-05
51805 1.03500e+04 -4.68823e+00 3.01802e-04 1.57224e-05 3.25e-04 2.94e-07 6.63e-04 6.68e-06 5.15e-04 4.41e-08 2.96e-06 1.23e-04 1.57e-05 2.72e-04 3.36e-06 3.36e-04 1.00e-05 3.36e-04 3.36e-06 7.91e-06 1.46e-04 5.18e-05 2.72e-04 3.36e-06 3.36e-04 1.00e-05 3.36e-04 3.36e-06 7.91e-06 1.46e-04 5.18e-05
51855 1.03600e+04 -4.66703e+00 3.14796e-04 2.09382e-05 3.26e-04 2.90e-07 7.19e-04 6.99e-06 5.22e-04 4.52e-08 3.53e-06 1.21e-04 2.09e-05 2.72e-04 3.36e-06 3.36e-04 1.00e-05 3.36e-04 3.36e-06 7.90e-06 1.46e-04 5.18e-05 2.72e-04 3.36e-06 3.36e-04 1.00e-05 3.36e-04 3.36e-06 7.90e-06 1.46e-04 5.18e-05
51905 1.03700e+04 -4.65509e+00 3.25796e-04 1.64940e-05 3.70e-04 2.90e-07 7.17e-04 7.07e-06 5.35e-04 5.39e-08 3.78e-06 1.30e-04 1.65e-05 2.72e-04 3.36e-06 3.36e-04 1.00e-05 3.36e-04 3.36e-06 7.90e-06 1.46e-04 5.18e-05 2.72e-04 3.36e-06 3.36e-04 1.00e-05 3.36e-04 3.36e-06 7.90e-06 1.46e-04 5.18e-05
51955 1.03800e+04 -4.68327e+00 3.05318e-04 7.11070e-06 3.13e-04 2.80e-07 7.06e-04 7.26e-06 5.00e-04 7.44e-08 3.49e-06 1.35e-04 7.11e-06 2.72e-04 3.36e-06 3.36e-04 1.00e-05 3.36e-04 3.35e-06 7.90e-06 1.46e-04 5.18e-05 2.72e-04 3.36e-06 3.36e-04 1.00e-05 3.36e-04 3.36e-06 7.90e-06 1.46e-04 5.18e-05
52005 1.03900e+04 -4.66041e+00 3.05577e-04 3.44091e-05 2.79e-04 2.83e-07 7.34e-04 8.04e-06 5.06e-04 9.68e-08 3.28e-06 1.13e-04 3.44e-05 2.72e-04 3.35e-06 3.35e-04 1.00e-05 3.35e-04 3.35e-06 7.90e-06 1.46e-04 5.18e-05 2.72e-04 3.35e-06 3.35e-04 1.00e-05 3.35e-04 3.35e-06 7.90e-06 1.46e-04 5.18e-05
52055 1.04000e+04 -4.64582e+00 3.20820e-04 3.79351e-05 3.96e-04 2.86e-07 6.77e-04 6.46e-06 5.24e-04 4.76e-08 3.36e-06 1.19e-04 3.79e-05 2.73e-04 3.35e-06 3.35e-04 1.00e-05 3.35e-04 3.35e-06 7.89e-06 1.46e-04 5.17e-05 2.73e-04 3.35e-06 3.35e-04 1.00e-05 3.35e-04 3.35e-06 7.89e-06 1.46e-04 5.17e-05
52105 1.04100e+04 -4.64578e+00 3.11476e-04 1.38856e-06 3.21e-04 2.66e-07 7.08e-04 7.26e-06 5.20e-04 4.00e-08 9.54e-06 1.26e-04 1.39e-06 2.73e-04 3.35e-06 3.35e-04 1.00e-05 3.35e-04 3.35e-06 7.89e-06 1.46e-04 5.17e-05 2.73e-04 3.35e-06 3.35e-04 1.00e-05 3.35e-04 3.35e-06 7.89e-06 1.46e-04 5.17e-05
52155 1.04200e+04 -4.63526e+00 3.16710e-04 3.75859e-05 3.36e-04 2.80e-07 7.15e-04 8.48e-06 5.24e-04 8.60e-08 3.78e-06 1.26e-04 3.76e-05 2.73e-04 3.35e-06 3.35e-04 9.99e-06 3.35e-04 3.35e-06 7.89e-06 1.46e-04 5.17e-05 2.73e-04 3.35e-06 3.35e-04 9.99e-06 3.35e-04 3.35e-06 7.89e-06 1.46e-04 5.17e-05
52205 1.04300e+04 -4.66784e+00 3.00740e-04 2.39240e-05 3.18e-04 2.87e-07 6.94e-04 6.78e-06 4.85e-04 4.15e-08 3.59e-06 1.45e-04 2.39e-05 2.73e-04 3.35e-06 3.35e-04 9.99e-06 3.35e-04 3.35e-06 7.89e-06 1.46e-04 5.17e-05 2.73e-04 3.35e-06 3.35e-04 9.99e-06 3.35e-04 3.35e-06 7.89e-06 1.46e-04 5.17e-05
52255 1.04400e+04 -4.64756e+00 3.25052e-04 2.46163e-05 3.03e-04 2.81e-07 7.28e-04 7.31e-06 5.87e-04 3.40e-08 3.15e-06 1.46e-04 2.46e-05 2.73e-04 3.35e-06 3.35e-04 9.98e-06 3.35e-04 3.35e-06 7.89e-06 1.46e-04 5.16e-05 2.73e-04 3.35e-06 3.35e-04 9.98e-06 3.35e-04 3.35e-06 7.89e-06 1.46e-04 5.16e-05
52305 1.04500e+04 -4.65273e+00 3.19577e-04 8.68087e-06 3.16e-04 2.71e-07 7.31e-04 6.80e-06 5.44e-04 4.63e-08 5.92e-06 1.44e-04 8.68e-06 2.73e-04 3.35e-06 3.35e-04 9.98e-06 3.35e-04 3.35e-06 7.88e-06 1.45e-04 5.16e-05 2.73e-04 3.35e-06 3.35e-04 9.98e-06 3.35e-04 3.35e-06 7.88e-06 1.45e-04 5.16e-05
52355 1.04600e+04 -4.67962e+00 3.01445e-04 9.20007e-06 2.90e-04 2.79e-07 7.02e-04 7.21e-06 5.08e-04 7.15e-08 4.34e-06 1.36e-04 9.20e-06 2.73e-04 3.35e-06 3.35e-04 9.97e-06 3.35e-04 3.35e-06 7.88e-06 1.45e-04 5.16e-05 2.73e-04 3.35e-06 3.35e-04 9.97e-06 3.35e-04 3.35e-06 7.88e-06 1.45e-04 5.16e-05
52405 1.04700e+04 -4.60173e+00 3.26983e-04 5.42784e-05 3.84e-04 2.82e-07 6.85e-04 7.31e-06 5.59e-04 4.03e-08 4.81e-06 1.39e-04 5.43e-05 2.73e-04 3.35e-06 3.35e-04 9.97e-06 3.35e-04 3.35e-06 7.88e-06 1.45e-04 5.16e-05 2.73e-04 3.35e-06 3.35e-04 9.97e-06 3.35e-04 3.35e-06 7.88e-06 1.45e-04 5.16e-05
52455 1.04800e+04 -4.65571e+00 3.22210e-04 1.79946e-05 3.64e-04 2.90e-07 7.02e-04 7.09e-06 5.38e-04 5.85e-08 4.15e-06 1.27e-04 1.80e-05 2.73e-04 3.35e-06 3.35e-04 9.96e-06 3.35e-04 3.35e-06 7.88e-06 1.45e-04 5.15e-05 2.73e-04 3.35e-06 3.35e-04 9.96e-06 3.35e-04 3.35e-06 7.88e-06 1.45e-04 5.15e-05
52505 1.04900e+04 -4.64307e+00 3.17891e-04 2.94222e-05 2.75e-04 2.86e-07 7.40e-04 8.16e-06 5.65e-04 7.17e-08 3.85e-06 1.36e-04 2.94e-05 2.73e-04 3.35e-06 3.35e-04 9.96e-06 3.35e-04 3.35e-06 7.88e-06 1.45e-04 5.15e-05 2.73e-04 3.35e-06 3.35e-04 9.96e-06 3.35e-04 3.35e-06 7.88e-06 1.45e-04 5.15e-05
52555 1.05000e+04 -4.69185e+00 2.99255e-04 1.04626e-05 2.45e-04 2.87e-07 6.99e-04 7.31e-06 5.45e-04 6.28e-08 3.22e-06 1.29e-04 1.05e-05 2.74e-04 3.35e-06 3.35e-04 9.96e-06 3.35e-04 3.35e-06 7.87e-06 1.45e-04 5.15e-05 2.74e-04 3.35e-06 3.35e-04 9.96e-06 3.35e-04 3.35e-06 7.87e-06 1.45e-04 5.15e-05
52605 1.05100e+04 -4.63789e+00 3.23045e-04 2.25151e-05 3.10e-04 2.83e-07 7.46e-04 6.63e-06 5.53e-04 4.48e-08 5.67e-06 1.44e-04 2.25e-05 2.73e-04 3.35e-06 3.35e-04 9.95e-06 3.35e-04 3.35e-06 7.87e-06 1.45e-04 5.15e-05 2.73e-04 3.35e-06 3.35e-04 9.95e-06 3.35e-04 3.35e-06 7.87e-06 1.45e-04 5.15e-05
52655 1.05200e+04 -4.66740e+00 3.04330e-04 2.20591e-05 2.92e-04 2.93e-07 6.80e-04 6.63e-06 5.43e-04 4.66e-08 3.40e-06 1.51e-04 2.21e-05 2.74e-04 3.35e-06 3.35e-04 9.95e-06 3.35e-04 3.35e-06 7.87e-06 1.45e-04 5.14e-05 2.74e-04 3.35e-06 3.35e-04 9.95e-06 3.35e-04 3.35e-06 7.87e-06 1.45e-04 5.14e-05
52705 1.05300e+04 -4.68200e+00 3.08086e-04 8.51228e-06 2.83e-04 2.82e-07 7.06e-04 6.64e-06 5.44e-04 5.66e-08 4.15e-06 1.31e-04 8.51e-06 2.74e-04 3.35e-06 3.35e-04 9.94e-06 3.35e-04 3.35e-06 7.87e-06 1.45e-04 5.14e-05 2.74e-04 3.35e-06 3.35e-04 9.94e-06 3.35e-04 3.35e-06 7.87e-06 1.45e-04 5.14e-05
52755 1.05400e+04 -4.64637e+00 3.13316e-04 3.80046e-05 2.30e-04 2.73e-07 7.63e-04 7.31e-06 5.66e-04 6.90e-08 3.36e-06 1.39e-04 3.80e-05 2.74e-04 3.35e-06 3.35e-04 9.94e-06 3.35e-04 3.35e-06 7.87e-06 1.45e-04 5.14e-05 2.74e-04 3.35e-06 3.35e-04 9.94e-06 3.35e-04 3.35e-06 7.87e-06 1.45e-04 5.14e-05
52805 1.05500e+04 -4.68849e+00 2.93231e-04 9.85429e-06 2.24e-04 2.67e-07 7.13e-04 6.47e-06 5.22e-04 5.57e-08 5.32e-06 1.30e-04 9.85e-06 2.73e-04 3.35e-06 3.35e-04 9.93e-06 3.35e-04 3.35e-06 7.86e-06 1.45e-04 5.14e-05 2.73e-04 3.35e-06 3.35e-04 9.93e-06 3.35e-04 3.35e-06 7.86e-06 1.45e-04 5.14e-05
52855 1.05600e+04 -4.68073e+00 2.91303e-04 2.80645e-05 2.20e-04 2.81e-07 7.06e-04 6.93e-06 5.24e-04 5.69e-08 3.78e-06 1.24e-04 2.81e-05 2.73e-04 3.35e-06 3.35e-04 9.93e-06 3.35e-04 3.35e-06 7.86e-06 1.45e-04 5.13e-05 2.73e-04 3.35e-06 3.35e-04 9.93e-06 3.35e-04 3.35e-06 7.86e-06 1.45e-04 5.13e-05
52905 1.05700e+04 -4.65939e+00 2.94358e-04 3.93256e-05 2.24e-04 2.85e-07 7.07e-04 6.87e-06 5.34e-04 7.51e-08 5.02e-06 1.18e-04 3.93e-05 2.73e-04 3.35e-06 3.35e-04 9.92e-06 3.35e-04 3.35e-06 7.86e-06 1.45e-04 5.13e-05 2.73e-04 3.35e-06 3.35e-04 9.92e-06 3.35e-04 3.35e-06 7.86e-06 1.45e-04 5.13e-05
52955 1.05800e+04 -4.68469e+00 2.97556e-04 1.01555e-05 2.22e-04 2.81e-07 7.11e-04 8.52e-06 5.46e-04 6.08e-08 3.79e-06 1.28e-04 1.02e-05 2.73e-04 3.35e-06 3.35e-04 9.92e-06 3.35e-04 3.35e-06 7.86e-06 1.45e-04 5.13e-05 2.73e-04 3.35e-06 3.35e-04 9.92e-06 3.35e-04 3.35e-06 7.86e-06 1.45e-04 5.13e-05
53005 1.05900e+04 -4.65715e+00 2.90569e-04 3.29856e-05 2.13e-04 2.80e-07 6.95e-04 7.00e-06 5.37e-04 4.31e-08 5.81e-06 1.36e-04 3.30e-05 2.73e-04 3.35e-06 3.35e-04 9.91e-06 3.35e-04 3.35e-06 7.86e-06 1.45e-04 5.13e-05 2.73e-04 3.35e-06 3.35e-04 9.91e-06 3.35e-04 3.35e-06 7.86e-06 1.45e-04 5.13e-05
53055 1.06000e+04 -4.66696e+00 3.02930e-04 1.00331e-05 2.25e-04 2.67e-07 7.23e-04 6.77e-06 5.60e-04 5.43e-08 6.86e-06 1.32e-04 1.00e-05 2.73e-04 3.35e-06 3.35e-04 9.91e-06 3.35e-04 3.35e-06 7.86e-06 1.45e-04 5.13e-05 2.73e-04 3.35e-06 3.35e-04 9.91e-06 3.35e-04 3.35e-06 7.86e-06 1.45e-04 5.13e-05
53105 1.06100e+04 -4.66165e+00 3.05734e-04 2.96530e-05 2.24e-04 3.02e-07 7.32e-04 6.67e-06 5.65e-04 4.50e-08 3.19e-06 1.52e-04 2.97e-05 2.73e-04 3.35e-06 3.35e-04 9.90e-06 3.35e-04 3.35e-06 7.85e-06 1.45e-04 5.12e-05 2.73e-04 3.35e-06 3.35e-04 9.90e-06 3.35e-04 3.35e-06 7.85e-06 1.45e-04 5.12e-05
53155 1.06200e+04 -4.65395e+00 2.92390e-04 4.25962e-05 2.05e-04 2.73e-07 7.08e-04 6.24e-06 5.43e-04 7.72e-08 5.61e-06 1.28e-04 4.26e-05 2.73e-04 3.35e-06 3.35e-04 9.90e-06 3.35e-04 3.35e-06 7.85e-06 1.45e-04 5.12e-05 2.73e-04 3.35e-06 3.35e-04 9.90e-06 3.35e-04 3.35e-06 7.85e-06 1.45e-04 5.12e-05
53205 1.06300e+04 -4.70427e+00 2.82339e-04 1.37194e-05 1.88e-04 2.82e-07 6.89e-04 6.90e-06 5.27e-04 3.36e-08 3.41e-06 1.35e-04 1.37e-05 2.73e-04 3.35e-06 3.35e-04 9.89e-06 3.35e-04 3.35e-06 7.85e-06 1.44e-04 5.12e-05 2.73e-04 3.35e-06 3.35e-04 9.89e-06 3.35e-04 3.35e-06 7.85e-06 1.44e-04 5.12e-05
53255 1.06400e+04 -4.71459e+00 2.79603e-04 7.24813e-06 1.79e-04 2.72e-07 6.79e-04 6.96e-06 5.32e-04 4.30e-08 3.66e-06 1.28e-04 7.25e-06 2.72e-04 3.35e-06 3.35e-04 9.89e-06 3.35e-04 3.35e-06 7.84e-06 1.44e-04 5.12e-05 2.72e-04 3.35e-06 3.35e-04 9.89e-06 3.35e-04 3.35e-06 7.84e-06 1.44e-04 5.12e-05
53305 1.06500e+04 -4.61652e+00 3.60769e-04 2.21759e-05 5.35e-04 2.93e-07 7.16e-04 7.54e-06 5.45e-04 4.77e-08 3.64e-06 1.21e-04 2.22e-05 2.72e-04 3.35e-06 3.35e-04 9.88e-06 3.35e-04 3.35e-06 7.84e-06 1.44e-04 5.11e-05 2.72e-04 3.35e-06 3.35e-04 9.88e-06 3.35e-04 3.35e-06 7.84e-06 1.44e-04 5.11e-05
53355 1.06600e+04 -4.70205e+00 2.92571e-04 6.99420e-06 1.83e-04 2.83e-07 7.39e-04 7.24e-06 5.33e-04 4.39e-08 3.02e-06 1.40e-04 6.99e-06 2.72e-04 3.35e-06 3.35e-04 9.88e-06 3.35e-04 3.35e-06 7.84e-06 1.44e-04 5.11e-05 2.72e-04 3.35e-06 3.35e-04 9.88e-06 3.35e-04 3.35e-06 7.84e-06 1.44e-04 5.11e-05
53405 1.06700e+04 -4.63300e+00 3.38159e-04 1.02482e-05 4.33e-04 2.80e-07 7.20e-04 6.66e-06 5.31e-04 4.11e-08 7.20e-06 1.19e-04 1.02e-05 2.72e-04 3.35e-06 3.35e-04 9.87e-06 3.35e-04 3.35e-06 7.84e-06 1.44e-04 5.11e-05 2.72e-04 3.35e-06 3.35e-04 9.87e-06 3.35e-04 3.35e-06 7.84e-06 1.44e-04 5.11e-05
53455 1.06800e+04 -4.70460e+00 2.85114e-04 1.23054e-05 1.89e-04 2.69e-07 7.00e-04 6.92e-06 5.29e-04 4.06e-08 3.32e-06 1.34e-04 1.23e-05 2.72e-04 3.35e-06 3.35e-04 9.87e-06 3.35e-04 3.35e-06 7.83e-06 1.44e-04 5.11e-05 2.72e-04 3.35e-06 3.35e-04 9.87e-06 3.35e-04 3.35e-06 7.83e-06 1.44e-04 5.11e-05
53505 1.06900e+04 -4.71132e+00 2.87190e-04 8.80803e-06 1.87e-04 2.73e-07 7.08e-04 6.69e-06 5.34e-04 5.69e-08 3.17e-06 1.27e-04 8.81e-06 2.72e-04 3.35e-06 3.35e-04 9.86e-06 3.35e-04 3.35e-06 7.83e-06 1.44e-04 5.10e-05 2.72e-04 3.35e-06 3.35e-04 9.86e-06 3.35e-04 3.35e-06 7.83e-06 1.44e-04 5.10e-05
53555 1.07000e+04 -4.70122e+00 2.88458e-04 4.12703e-06 1.78e-04 2.77e-07 7.07e-04 6.78e-06 5.50e-04 6.15e-08 4.06e-06 1.47e-04 4.13e-06 2.72e-04 3.35e-06 3.35e-04 9.86e-06 3.35e-04 3.35e-06 7.83e-06 1.44e-04 5.10e-05 2.72e-04 3.35e-06 3.35e-04 9.86e-06 3.35e-04 3.35e-06 7.83e-06 1.44e-04 5.10e-05
53605 1.07100e+04 -4.68906e+00 2.81408e-04 1.14686e-05 1.74e-04 2.89e-07 7.05e-04 7.19e-06 5.21e-04 5.51e-08 5.63e-06 1.39e-04 1.15e-05 2.72e-04 3.35e-06 3.35e-04 9.85e-06 3.35e-04 3.35e-06 7.83e-06 1.44e-04 5.10e-05 2.72e-04 3.35e-06 3.35e-04 9.85e-06 3.35e-04 3.35e-06 7.83e-06 1.44e-04 5.10e-05
53655 1.07200e+04 -4.72130e+00 2.70709e-04 5.88024e-06 1.63e-04 2.74e-07 6.76e-04 6.66e-06 5.08e-04 4.97e-08 3.74e-06 1.38e-04 5.88e-06 2.72e-04 3.35e-06 3.35e-04 9.85e-06 3.35e-04 3.35e-06 7.83e-06 1.44e-04 5.10e-05 2.72e-04 3.35e-06 3.35e-04 9.85e-06 3.35e-04 3.35e-06 7.83e-06 1.44e-04 5.10e-05
53705 1.07300e+04 -4.70739e+00 2.78525e-04 1.27598e-05 1.61e-04 2.71e-07 7.00e-04 8.09e-06 5.23e-04 4.23e-08 3.48e-06 1.23e-04 1.28e-05 2.72e-04 3.35e-06 3.35e-04 9.84e-06 3.35e-04 3.35e-06 7.82e-06 1.44e-04 5.09e-05 2.72e-04 3.35e-06 3.35e-04 9.84e-06 3.35e-04 3.35e-06 7.82e-06 1.44e-04 5.09e-05
53755 1.07400e+04 -4.63534e+00 3.63343e-04 5.70558e-06 6.04e-04 2.90e-07 6.82e-04 6.52e-06 5.24e-04 4.89e-08 3.18e-06 1.30e-04 5.71e-06 2.72e-04 3.35e-06 3.35e-04 9.84e-06 3.35e-04 3.35e-06 7.82e-06 1.44e-04 5.09e-05 2.72e-04 3.35e-06 3.35e-04 9.84e-06 3.35e-04 3.35e-06 7.82e-06 1.44e-04 5.09e-05
53805 1.07500e+04 -4.69464e+00 2.88743e-04 5.24488e-06 1.68e-04 2.71e-07 7.09e-04 6.60e-06 5.60e-04 5.06e-08 5.60e-06 1.37e-04 5.24e-06 2.72e-04 3.35e-06 3.35e-04 9.83e-06 3.35e-04 3.35e-06 7.82e-06 1.44e-04 5.09e-05 2.72e-04 3.35e-06 3.35e-04 9.83e-06 3.35e-04 3.35e-06 7.82e-06 1.44e-04 5.09e-05
53855 1.07600e+04 -4.63319e+00 3.45956e-04 1.94373e-05 5.15e-04 2.97e-07 6.88e-04 7.19e-06 5.19e-04 5.29e-08 4.37e-06 1.11e-04 1.94e-05 2.72e-04 3.35e-06 3.35e-04 9.83e-06 3.35e-04 3.35e-06 7.82e-06 1.44e-04 5.09e-05 2.72e-04 3.35e-06 3.35e-04 9.83e-06 3.35e-04 3.35e-06 7.82e-06 1.44e-04 5.09e-05
53905 1.07700e+04 -4.71675e+00 2.88896e-04 1.62211e-06 1.61e-04 2.98e-07 7.54e-04 7.14e-06 5.22e-04 1.12e-07 3.22e-06 1.23e-04 1.62e-06 2.72e-04 3.35e-06 3.35e-04 9.82e-06 3.35e-04 3.35e-06 7.81e-06 1.44e-04 5.08e-05 2.72e-04 3.35e-06 3.35e-04 9.82e-06 3.35e-04 3.35e-06 7.81e-06 1.44e-04 5.08e-05
53955 1.07800e+04 -4.72206e+00 2.69867e-04 5.91519e-06 1.57e-04 2.69e-07 6.69e-04 7.45e-06 5.16e-04 6.33e-08 3.27e-06 1.36e-04 5.92e-06 2.72e-04 3.35e-06 3.35e-04 9.82e-06 3.35e-04 3.35e-06 7.81e-06 1.44e-04 5.08e-05 2.72e-04 3.35e-06 3.35e-04 9.82e-06 3.35e-04 3.35e-06 7.81e-06 1.44e-04 5.08e-05
54005 1.07900e+04 -4.69117e+00 2.73308e-04 3.45795e-05 1.52e-04 2.73e-07 6.88e-04 6.16e-06 5.20e-04 5.15e-08 3.92e-06 1.35e-04 3.46e-05 2.71e-04 3.35e-06 3.35e-04 9.81e-06 3.35e-04 3.35e-06 7.81e-06 1.44e-04 5.08e-05 2.71e-04 3.35e-06 3.35e-04 9.81e-06 3.35e-04 3.35e-06 7.81e-06 1.44e-04 5.08e-05
54055 1.08000e+04 -4.69678e+00 2.70995e-04 3.48879e-05 1.52e-04 2.84e-07 6.74e-04 6.31e-06 5.22e-04 7.08e-08 3.54e-06 1.28e-04 3.49e-05 2.71e-04 3.35e-06 3.35e-04 9.81e-06 3.35e-04 3.35e-06 7.81e-06 1.44e-04 5.08e-05 2.71e-04 3.35e-06 3.35e-04 9.81e-06 3.35e-04 3.35e-06 7.81e-06 1.44e-04 5.08e-05
54105 1.08100e+04 -4.67424e+00 2.69446e-04 2.53350e-05 1.49e-04 2.92e-07 6.64e-04 6.89e-06 5.26e-04 6.93e-08 8.12e-06 1.25e-04 2.53e-05 2.71e-04 3.35e-06 3.35e-04 9.80e-06 3.35e-04 3.35e-06 7.80e-06 1.43e-04 5.08e-05 2.71e-04 3.35e-06 3.35e-04 9.80e-06 3.35e-04 3.35e-06 7.80e-06 1.43e-04 5.08e-05
54155 1.08200e+04 -4.69755e+00 2.92482e-04 7.38611e-06 1.61e-04 2.84e-07 7.41e-04 6.75e-06 5.54e-04 6.75e-08 3.65e-06 1.49e-04 7.39e-06 2.71e-04 3.35e-06 3.35e-04 9.80e-06 3.35e-04 3.35e-06 7.80e-06 1.43e-04 5.07e-05 2.71e-04 3.35e-06 3.35e-04 9.80e-06 3.35e-04 3.35e-06 7.80e-06 1.43e-04 5.07e-05
54205 1.08300e+04 -4.61044e+00 3.96525e-04 3.29366e-06 7.05e-04 2.95e-07 7.31e-04 6.83e-06 5.40e-04 8.41e-08 3.08e-06 1.17e-04 3.29e-06 2.71e-04 3.35e-06 3.35e-04 9.79e-06 3.35e-04 3.35e-06 7.80e-06 1.43e-04 5.07e-05 2.71e-04 3.35e-06 3.35e-04 9.79e-06 3.35e-04 3.35e-06 7.80e-06 1.43e-04 5.07e-05
54255 1.08400e+04 -4.70620e+00 2.77419e-04 1.53818e-05 1.54e-04 2.91e-07 7.06e-04 6.96e-06 5.20e-04 8.65e-08 3.76e-06 1.31e-04 1.54e-05 2.71e-04 3.35e-06 3.35e-04 9.79e-06 3.35e-04 3.35e-06 7.80e-06 1.43e-04 5.07e-05 2.71e-04 3.35e-06 3.35e-04 9.79e-06 3.35e-04 3.35e-06 7.80e-06 1.43e-04 5.07e-05
54305 1.08500e+04 -4.64982e+00 2.75981e-04 2.84435e-05 1.45e-04 2.88e-07 7.09e-04 5.83e-06 5.20e-04 7.09e-08 1.15e-05 1.18e-04 2.84e-05 2.71e-04 3.35e-06 3.35e-04 9.78e-06 3.35e-04 3.35e-06 7.79e-06 1.43e-04 5.06e-05 2.71e-04 3.35e-06 3.35e-04 9.78e-06 3.35e-04 3.35e-06 7.79e-06 1.43e-04 5.06e-05
54355 1.08600e+04 -4.70356e+00 2.82538e-04 1.54252e-05 1.49e-04 2.74e-07 7.17e-04 6.54e-06 5.40e-04 5.84e-08 4.30e-06 1.26e-04 1.54e-05 2.71e-04 3.35e-06 3.35e-04 9.78e-06 3.35e-04 3.35e-06 7.79e-06 1.43e-04 5.06e-05 2.71e-04 3.35e-06 3.35e-04 9.78e-06 3.35e-04 3.35e-06 7.79e-06 1.43e-04 5.06e-05
54405 1.08700e+04 -4.71880e+00 2.80067e-04 6.54295e-06 1.47e-04 2.91e-07 6.99e-04 6.73e-06 5.48e-04 5.23e-08 3.49e-06 1.29e-04 6.54e-06 2.71e-04 3.35e-06 3.35e-04 9.77e-06 3.35e-04 3.35e-06 7.79e-06 1.43e-04 5.06e-05 2.71e-04 3.35e-06 3.35e-04 9.77e-06 3.35e-04 3.35e-06 7.79e-06 1.43e-04 5.06e-05
54455 1.08800e+04 -4.71221e+00 2.76883e-04 1.25228e-05 1.41e-04 2.90e-07 7.13e-04 6.63e-06 5.24e-04 1.04e-07 3.79e-06 1.30e-04 1.25e-05 2.71e-04 3.35e-06 3.35e-04 9.77e-06 3.35e-04 3.35e-06 7.78e-06 1.43e-04 5.06e-05 2.71e-04 3.35e-06 3.35e-04 9.77e-06 3.35e-04 3.35e-06 7.78e-06 1.43e-04 5.06e-05
54505 1.08900e+04 -4.73820e+00 2.61375e-04 5.96441e-06 1.43e-04 2.98e-07 6.50e-04 6.49e-06 5.07e-04 5.08e-08 3.66e-06 1.22e-04 5.96e-06 2.71e-04 3.35e-06 3.35e-04 9.76e-06 3.35e-04 3.35e-06 7.78e-06 1.43e-04 5.06e-05 2.71e-04 3.35e-06 3.35e-04 9.76e-06 3.35e-04 3.35e-06 7.78e-06 1.43e-04 5.06e-05
54555 1.09000e+04 -4.72932e+00 2.68617e-04 8.34697e-06 1.39e-04 2.82e-07 6.92e-04 6.22e-06 5.06e-04 7.85e-08 3.41e-06 1.31e-04 8.35e-06 2.71e-04 3.35e-06 3.35e-04 9.76e-06 3.35e-04 3.35e-06 7.78e-06 1.43e-04 5.05e-05 2.71e-04 3.35e-06 3.35e-04 9.76e-06 3.35e-04 3.35e-06 7.78e-06 1.43e-04 5.05e-05
54605 1.09100e+04 -4.70946e+00 2.74641e-04 8.99948e-06 1.47e-04 2.93e-07 6.94e-04 6.67e-06 5.25e-04 7.16e-08 5.28e-06 1.25e-04 9.00e-06 2.71e-04 3.35e-06 3.35e-04 9.75e-06 3.35e-04 3.35e-06 7.77e-06 1.43e-04 5.05e-05 2.71e-04 3.35e-06 3.35e-04 9.75e-06 3.35e-04 3.35e-06 7.77e-06 1.43e-04 5.05e-05
54655 1.09200e+04 -4.62476e+00 2.94805e-04 7.05498e-05 1.51e-04 2.93e-07 7.59e-04 7.03e-06 5.57e-04 2.14e-07 4.40e-06 1.31e-04 7.05e-05 2.71e-04 3.35e-06 3.35e-04 9.75e-06 3.35e-04 3.35e-06 7.77e-06 1.43e-04 5.05e-05 2.71e-04 3.35e-06 3.35e-04 9.75e-06 3.35e-04 3.35e-06 7.77e-06 1.43e-04 5.05e-05
54705 1.09300e+04 -4.70243e+00 2.67310e-04 2.56616e-05 1.54e-04 2.82e-07 6.64e-04 6.40e-06 5.12e-04 6.20e-08 3.81e-06 1.43e-04 2.57e-05 2.71e-04 3.35e-06 3.35e-04 9.74e-06 3.35e-04 3.35e-06 7.77e-06 1.43e-04 5.05e-05 2.71e-04 3.35e-06 3.35e-04 9.74e-06 3.35e-04 3.35e-06 7.77e-06 1.43e-04 5.05e-05
54755 1.09400e+04 -4.50911e+00 3.73371e-04 2.51224e-05 6.71e-04 3.02e-07 6.88e-04 6.59e-06 5.01e-04 3.54e-08 1.67e-05 1.23e-04 2.51e-05 2.71e-04 3.35e-06 3.35e-04 9.74e-06 3.35e-04 3.35e-06 7.77e-06 1.43e-04 5.04e-05 2.71e-04 3.35e-06 3.35e-04 9.74e-06 3.35e-04 3.35e-06 7.77e-06 1.43e-04 5.04e-05
54805 1.09500e+04 -4.68829e+00 2.78110e-04 1.84775e-05 1.53e-04 2.95e-07 7.24e-04 7.16e-06 5.06e-04 5.84e-08 5.33e-06 1.38e-04 1.85e-05 2.70e-04 3.35e-06 3.35e-04 9.73e-06 3.35e-04 3.35e-06 7.76e-06 1.43e-04 5.04e-05 2.70e-04 3.35e-06 3.35e-04 9.73e-06 3.35e-04 3.35e-06 7.76e-06 1.43e-04 5.04e-05
54855 1.09600e+04 -4.70024e+00 2.79794e-04 3.50232e-06 1.43e-04 2.95e-07 7.28e-04 6.77e-06 5.21e-04 3.83e-08 6.39e-06 1.34e-04 3.50e-06 2.70e-04 3.35e-06 3.35e-04 9.73e-06 3.35e-04 3.35e-06 7.76e-06 1.43e-04 5.04e-05 2.70e-04 3.35e-06 3.35e-04 9.73e-06 3.35e-04 3.35e-06 7.76e-06 1.43e-04 5.04e-05
54905 1.09700e+04 -4.67899e+00 3.23944e-04 2.03615e-06 3.51e-04 2.95e-07 7.25e-04 6.83e-06 5.37e-04 4.43e-08 3.63e-06 1.27e-04 2.04e-06 2.70e-04 3.35e-06 3.35e-04 9.72e-06 3.35e-04 3.35e-06 7.76e-06 1.43e-04 5.04e-05 2.70e-04 3.35e-06 3.35e-04 9.72e-06 3.35e-04 3.35e-06 7.76e-06 1.43e-04 5.04e-05
54955 1.09800e+04 -4.66227e+00 2.91055e-04 1.61993e-05 1.73e-04 2.83e-07 7.38e-04 6.37e-06 5.38e-04 1.07e-07 8.70e-06 1.30e-04 1.62e-05 2.70e-04 3.35e-06 3.35e-04 9.72e-06 3.35e-04 3.35e-06 7.76e-06 1.43e-04 5.03e-05 2.70e-04 3.35e-06 3.35e-04 9.72e-06 3.35e-04 3.35e-06 7.76e-06 1.43e-04 5.03e-05
55005 1.09890e+04 -4.71732e+00 2.75045e-04 1.20901e-05 1.72e-04 2.73e-07 6.75e-04 6.50e-06 5.22e-04 4.36e-08 3.62e-06 1.29e-04 1.21e-05 2.70e-04 3.35e-06 3.35e-04 9.71e-06 3.35e-04 3.35e-06 7.76e-06 1.42e-04 5.03e-05 2.70e-04 3.35e-06 3.35e-04 9.71e-06 3.35e-04 3.35e-06 7.76e-06 1.42e-04 5.03e-05
55055 1.09990e+04 -4.63987e+00 3.55298e-04 1.35896e-05 4.93e-04 2.98e-07 7.29e-04 6.44e-06 5.48e-04 4.44e-08 3.61e-06 1.20e-04 1.36e-05 2.70e-04 3.34e-06 3.35e-04 9.71e-06 3.35e-04 3.34e-06 7.75e-06 1.42e-04 5.03e-05 2.70e-04 3.35e-06 3.35e-04 9.71e-06 3.35e-04 3.35e-06 7.75e-06 1.42e-04 5.03e-05
55105 1.10090e+04 -4.66399e+00 3.19044e-04 1.21397e-05 3.65e-04 2.92e-07 7.10e-04 6.84e-06 5.13e-04 6.33e-08 3.37e-06 1.51e-04 1.21e-05 2.71e-04 3.34e-06 3.34e-04 9.71e-06 3.34e-04 3.34e-06 7.75e-06 1.42e-04 5.03e-05 2.71e-04 3.34e-06 3.34e-04 9.71e-06 3.34e-04 3.34e-06 7.75e-06 1.42e-04 5.03e-05
55155 1.10190e+04 -4.65348e+00 3.26978e-04 2.25218e-05 4.19e-04 2.97e-07 7.01e-04 6.52e-06 5.08e-04 7.38e-08 3.50e-06 1.27e-04 2.25e-05 2.71e-04 3.34e-06 3.34e-04 9.70e-06 3.34e-04 3.34e-06 7.75e-06 1.42e-04 5.03e-05 2.71e-04 3.34e-06 3.34e-04 9.70e-06 3.34e-04 3.34e-06 7.75e-06 1.42e-04 5.03e-05
55205 1.10290e+04 -4.67049e+00 3.25519e-04 7.44784e-06 3.91e-04 3.04e-07 7.09e-04 6.05e-06 5.22e-04 4.91e-08 4.16e-06 1.28e-04 7.45e-06 2.71e-04 3.34e-06 3.34e-04 9.70e-06 3.34e-04 3.34e-06 7.74e-06 1.42e-04 5.02e-05 2.71e-04 3.34e-06 3.34e-04 9.70e-06 3.34e-04 3.34e-06 7.74e-06 1.42e-04 5.02e-05
55255 1.10390e+04 -4.65946e+00 3.09630e-04 1.71295e-05 3.26e-04 2.96e-07 6.96e-04 6.65e-06 5.19e-04 5.80e-08 4.48e-06 1.55e-04 1.71e-05 2.71e-04 3.34e-06 3.34e-04 9.69e-06 3.34e-04 3.34e-06 7.74e-06 1.42e-04 5.02e-05 2.71e-04 3.34e-06 3.34e-04 9.69e-06 3.34e-04 3.34e-06 7.74e-06 1.42e-04 5.02e-05
55305 1.10490e+04 -4.71987e+00 2.80294e-04 1.48824e-06 2.21e-04 3.03e-07 6.71e-04 6.93e-06 5.02e-04 6.21e-08 3.80e-06 1.25e-04 1.49e-06 2.71e-04 3.34e-06 3.34e-04 9.69e-06 3.34e-04 3.34e-06 7.74e-06 1.42e-04 5.02e-05 2.71e-04 3.34e-06 3.34e-04 9.69e-06 3.34e-04 3.34e-06 7.74e-06 1.42e-04 5.02e-05
55355 1.10590e+04 -4.68787e+00 2.89491e-04 1.10357e-05 2.50e-04 2.95e-07 6.71e-04 7.91e-06 5.19e-04 7.47e-08 5.63e-06 1.10e-04 1.10e-05 2.71e-04 3.34e-06 3.34e-04 9.68e-06 3.34e-04 3.34e-06 7.73e-06 1.42e-04 5.02e-05 2.71e-04 3.34e-06 3.34e-04 9.68e-06 3.34e-04 3.34e-06 7.73e-06 1.42e-04 5.02e-05
55405 1.10690e+04 -4.70284e+00 2.93989e-04 4.97126e-06 2.49e-04 3.02e-07 6.80e-04 6.60e-06 5.34e-04 4.88e-08 3.84e-06 1.32e-04 4.97e-06 2.71e-04 3.34e-06 3.34e-04 9.67e-06 3.34e-04 3.34e-06 7.73e-06 1.42e-04 5.01e-05 2.71e-04 3.34e-06 3.34e-04 9.67e-06 3.34e-04 3.34e-06 7.73e-06 1.42e-04 5.01e-05
55455 1.10790e+04 -4.19129e+00 3.05430e-04 8.09497e-06 2.84e-04 2.96e-07 7.12e-04 5.86e-06 5.25e-04 3.92e-07 7.33e-05 1.23e-04 8.09e-06 2.71e-04 3.34e-06 3.34e-04 9.67e-06 3.34e-04 3.34e-06 7.73e-06 1.42e-04 5.01e-05 2.71e-04 3.34e-06 3.34e-04 9.67e-06 3.34e-04 3.34e-06 7.73e-06 1.42e-04 5.01e-05
55505 1.10890e+04 -4.69803e+00 3.05538e-04 5.50590e-06 2.56e-04 3.04e-07 7.45e-04 5.89e-06 5.21e-04 6.09e-08 3.40e-06 1.35e-04 5.51e-06 2.71e-04 3.34e-06 3.34e-04 9.66e-06 3.34e-04 3.34e-06 7.73e-06 1.42e-04 5.01e-05 2.71e-04 3.34e-06 3.34e-04 9.66e-06 3.34e-04 3.34e-06 7.73e-06 1.42e-04 5.01e-05
55555 1.10990e+04 -4.67720e+00 3.07946e-04 1.72616e-05 2.75e-04 3.09e-07 7.15e-04 7.22e-06 5.42e-04 5.06e-08 4.26e-06 1.14e-04 1.73e-05 2.71e-04 3.34e-06 3.34e-04 9.66e-06 3.34e-04 3.34e-06 7.73e-06 1.42e-04 5.01e-05 2.71e-04 3.34e-06 3.34e-04 9.66e-06 3.34e-04 3.34e-06 7.73e-06 1.42e-04 5.01e-05
55605 1.11090e+04 -4.68484e+00 2.98065e-04 2.05401e-05 2.85e-04 2.88e-07 6.94e-04 6.19e-06 5.05e-04 4.67e-08 3.47e-06 1.35e-04 2.05e-05 2.71e-04 3.34e-06 3.34e-04 9.65e-06 3.34e-04 3.34e-06 7.72e-06 1.42e-04 5.01e-05 2.71e-04 3.34e-06 3.34e-04 9.65e-06 3.34e-04 3.34e-06 7.72e-06 1.42e-04 5.01e-05
55655 1.11190e+04 -4.68213e+00 3.03388e-04 2.22042e-05 2.57e-04 2.80e-07 7.12e-04 6.68e-06 5.41e-04 5.52e-08 3.52e-06 1.21e-04 2.22e-05 2.71e-04 3.34e-06 3.34e-04 9.65e-06 3.34e-04 3.34e-06 7.72e-06 1.42e-04 5.00e-05 2.71e-04 3.34e-06 3.34e-04 9.65e-06 3.34e-04 3.34e-06 7.72e-06 1.42e-04 5.00e-05
55705 1.11290e+04 -4.69535e+00 3.00479e-04 1.14208e-05 2.80e-04 2.94e-07 7.10e-04 6.42e-06 5.06e-04 7.95e-08 3.56e-06 1.23e-04 1.14e-05 2.71e-04 3.34e-06 3.34e-04 9.64e-06 3.34e-04 3.34e-06 7.72e-06 1.42e-04 5.00e-05 2.71e-04 3.34e-06 3.34e-04 9.64e-06 3.34e-04 3.34e-06 7.72e-06 1.42e-04 5.00e-05
55755 1.11390e+04 -4.65338e+00 3.32209e-04 1.56757e-05 4.29e-04 3.12e-07 7.05e-04 7.33e-06 5.20e-04 6.45e-08 3.10e-06 1.32e-04 1.57e-05 2.71e-04 3.34e-06 3.34e-04 9.64e-06 3.34e-04 3.34e-06 7.72e-06 1.42e-04 5.00e-05 2.71e-04 3.34e-06 3.34e-04 9.64e-06 3.34e-04 3.34e-06 7.72e-06 1.42e-04 5.00e-05
55805 1.11490e+04 -4.69714e+00 3.03154e-04 3.69729e-06 2.89e-04 3.00e-07 7.01e-04 6.11e-06 5.19e-04 3.82e-08 3.15e-06 1.48e-04 3.70e-06 2.71e-04 3.34e-06 3.34e-04 9.63e-06 3.34e-04 3.34e-06 7.72e-06 1.42e-04 5.00e-05 2.71e-04 3.34e-06 3.34e-04 9.63e-06 3.34e-04 3.34e-06 7.72e-06 1.42e-04 5.00e-05
55855 1.11590e+04 -4.71032e+00 2.95833e-04 4.06483e-06 2.78e-04 2.98e-07 6.98e-04 7.53e-06 4.95e-04 4.43e-08 3.28e-06 1.07e-04 4.06e-06 2.71e-04 3.34e-06 3.34e-04 9.63e-06 3.34e-04 3.34e-06 7.71e-06 1.42e-04 4.99e-05 2.71e-04 3.34e-06 3.34e-04 9.63e-06 3.34e-04 3.34e-06 7.71e-06 1.42e-04 4.99e-05
55905 1.11690e+04 -4.70647e+00 2.82871e-04 1.60013e-05 2.05e-04 2.84e-07 6.81e-04 6.54e-06 5.21e-04 5.31e-08 3.11e-06 1.35e-04 1.60e-05 2.71e-04 3.34e-06 3.34e-04 9.63e-06 3.34e-04 3.34e-06 7.71e-06 1.41e-04 4.99e-05 2.71e-04 3.34e-06 3.34e-04 9.63e-06 3.34e-04 3.34e-06 7.71e-06 1.41e-04 4.99e-05
55955 1.11790e+04 -4.70861e+00 2.89529e-04 1.32038e-05 2.04e-04 2.92e-07 7.09e-04 6.97e-06 5.27e-04 4.46e-08 3.21e-06 1.16e-04 1.32e-05 2.71e-04 3.34e-06 3.34e-04 9.62e-06 3.34e-04 3.34e-06 7.71e-06 1.41e-04 4.99e-05 2.71e-04 3.34e-06 3.34e-04 9.62e-06 3.34e-04 3.34e-06 7.71e-06 1.41e-04 4.99e-05
56005 1.11890e+04 -4.70966e+00 2.83859e-04 1.33889e-05 1.86e-04 3.00e-07 7.20e-04 6.73e-06 5.06e-04 4.72e-08 3.38e-06 1.27e-04 1.34e-05 2.71e-04 3.34e-06 3.34e-04 9.62e-06 3.34e-04 3.34e-06 7.71e-06 1.41e-04 4.99e-05 2.71e-04 3.34e-06 3.34e-04 9.62e-06 3.34e-04 3.34e-06 7.71e-06 1.41e-04 4.99e-05
56055 1.11990e+04 -4.70508e+00 2.84031e-04 1.02765e-05 1.78e-04 2.75e-07 7.11e-04 7.55e-06 5.23e-04 3.16e-08 3.29e-06 1.39e-04 1.03e-05 2.71e-04 3.34e-06 3.34e-04 9.61e-06 3.34e-04 3.34e-06 7.70e-06 1.41e-04 4.99e-05 2.71e-04 3.34e-06 3.34e-04 9.61e-06 3.34e-04 3.34e-06 7.70e-06 1.41e-04 4.99e-05
56105 1.12090e+04 -4.63685e+00 3.20677e-04 2.71779e-05 3.91e-04 3.07e-07 6.85e-04 6.70e-06 5.21e-04 6.45e-08 6.84e-06 1.11e-04 2.72e-05 2.71e-04 3.34e-06 3.34e-04 9.61e-06 3.34e-04 3.34e-06 7.70e-06 1.41e-04 4.98e-05 2.71e-04 3.34e-06 3.34e-04 9.61e-06 3.34e-04 3.34e-06 7.70e-06 1.41e-04 4.98e-05
56155 1.12190e+04 -4.68773e+00 2.78305e-04 3.65132e-05 1.74e-04 2.83e-07 7.05e-04 6.78e-06 5.05e-04 3.99e-08 3.32e-06 1.31e-04 3.65e-05 2.71e-04 3.34e-06 3.34e-04 9.60e-06 3.34e-04 3.34e-06 7.70e-06 1.41e-04 4.98e-05 2.71e-04 3.34e-06 3.34e-04 9.60e-06 3.34e-04 3.34e-06 7.70e-06 1.41e-04 4.98e-05
56205 1.12290e+04 -4.71855e+00 2.88167e-04 8.80373e-06 1.73e-04 2.89e-07 7.12e-04 6.58e-06 5.49e-04 5.01e-08 3.25e-06 1.14e-04 8.80e-06 2.71e-04 3.34e-06 3.34e-04 9.60e-06 3.34e-04 3.34e-06 7.70e-06 1.41e-04 4.98e-05 2.71e-04 3.34e-06 3.34e-04 9.60e-06 3.34e-04 3.34e-06 7.70e-06 1.41e-04 4.98e-05
56255 1.12390e+04 -4.66380e+00 2.80220e-04 2.45514e-05 1.78e-04 2.90e-07 6.95e-04 7.41e-06 5.20e-04 6.83e-08 8.70e-06 1.12e-04 2.46e-05 2.71e-04 3.34e-06 3.34e-04 9.59e-06 3.34e-04 3.34e-06 7.70e-06 1.41e-04 4.98e-05 2.71e-04 3.34e-06 3.34e-04 9.59e-06 3.34e-04 3.34e-06 7.70e-06 1.41e-04 4.98e-05
56305 1.12490e+04 -4.61276e+00 3.57875e-04 1.36376e-05 4.83e-04 2.92e-07 7.47e-04 6.27e-06 5.53e-04 7.38e-08 7.11e-06 1.24e-04 1.36e-05 2.71e-04 3.34e-06 3.34e-04 9.59e-06 3.34e-04 3.34e-06 7.69e-06 1.41e-04 4.97e-05 2.71e-04 3.34e-06 3.34e-04 9.59e-06 3.34e-04 3.34e-06 7.69e-06 1.41e-04 4.97e-05
56355 1.12590e+04 -4.66189e+00 3.35592e-04 8.27128e-06 4.09e-04 2.85e-07 7.29e-04 6.35e-06 5.33e-04 7.70e-08 3.10e-06 1.42e-04 8.27e-06 2.71e-04 3.34e-06 3.34e-04 9.58e-06 3.34e-04 3.34e-06 7.69e-06 1.41e-04 4.97e-05 2.71e-04 3.34e-06 3.34e-04 9.58e-06 3.34e-04 3.34e-06 7.69e-06 1.41e-04 4.97e-05
56405 1.12690e+04 -4.65778e+00 2.87992e-04 2.17486e-05 2.07e-04 2.76e-07 6.98e-04 6.34e-06 5.28e-04 6.19e-08 9.30e-06 1.22e-04 2.17e-05 2.71e-04 3.34e-06 3.34e-04 9.58e-06 3.34e-04 3.34e-06 7.69e-06 1.41e-04 4.97e-05 2.71e-04 3.34e-06 3.34e-04 9.58e-06 3.34e-04 3.34e-06 7.69e-06 1.41e-04 4.97e-05
56455 1.12790e+04 -4.67974e+00 2.83942e-04 7.38522e-06 2.07e-04 2.91e-07 6.75e-04 7.20e-06 5.30e-04 3.82e-08 8.06e-06 1.26e-04 7.39e-06 2.71e-04 3.34e-06 3.34e-04 9.57e-06 3.34e-04 3.34e-06 7.69e-06 1.41e-04 4.97e-05 2.71e-04 3.34e-06 3.34e-04 9.57e-06 3.34e-04 3.34e-06 7.69e-06 1.41e-04 4.97e-05
56505 1.12890e+04 -4.70046e+00 2.85140e-04 9.98381e-06 1.83e-04 2.88e-07 6.95e-04 6.25e-06 5.41e-04 6.70e-08 6.46e-06 1.08e-04 9.98e-06 2.71e-04 3.34e-06 3.34e-04 9.57e-06 3.34e-04 3.34e-06 7.69e-06 1.41e-04 4.96e-05 2.71e-04 3.34e-06 3.34e-04 9.57e-06 3.34e-04 3.34e-06 7.69e-06 1.41e-04 4.96e-05
56555 1.12990e+04 -4.71081e+00 2.90181e-04 7.05295e-06 2.00e-04 2.74e-07 6.84e-04 6.43e-06 5.61e-04 3.89e-08 3.85e-06 1.25e-04 7.05e-06 2.71e-04 3.34e-06 3.34e-04 9.56e-06 3.34e-04 3.34e-06 7.69e-06 1.41e-04 4.96e-05 2.71e-04 3.34e-06 3.34e-04 9.56e-06 3.34e-04 3.34e-06 7.69e-06 1.41e-04 4.96e-05
56605 1.13090e+04 -4.67504e+00 3.23864e-04 1.06502e-05 4.16e-04 2.94e-07 6.65e-04 6.20e-06 5.32e-04 4.99e-08 3.17e-06 1.28e-04 1.07e-05 2.71e-04 3.34e-06 3.34e-04 9.56e-06 3.34e-04 3.34e-06 7.68e-06 1.41e-04 4.96e-05 2.71e-04 3.34e-06 3.34e-04 9.56e-06 3.34e-04 3.34e-06 7.68e-06 1.41e-04 4.96e-05
56655 1.13190e+04 -4.66491e+00 2.90376e-04 3.69401e-06 1.88e-04 2.62e-07 7.26e-04 6.82e-06 5.31e-04 4.31e-08 8.77e-06 1.56e-04 3.69e-06 2.71e-04 3.34e-06 3.34e-04 9.56e-06 3.34e-04 3.34e-06 7.68e-06 1.41e-04 4.96e-05 2.71e-04 3.34e-06 3.34e-04 9.56e-06 3.34e-04 3.34e-06 7.68e-06 1.41e-04 4.96e-05
56705 1.13290e+04 -4.66077e+00 2.82204e-04 1.96291e-05 1.86e-04 2.77e-07 6.84e-04 6.96e-06 5.33e-04 6.30e-08 8.12e-06 1.47e-04 1.96e-05 2.71e-04 3.34e-06 3.34e-04 9.55e-06 3.34e-04 3.34e-06 7.68e-06 1.41e-04 4.95e-05 2.71e-04 3.34e-06 3.34e-04 9.55e-06 3.34e-04 3.34e-06 7.68e-06 1.41e-04 4.95e-05
56755 1.13390e+04 -4.67288e+00 3.26808e-04 1.06470e-05 4.42e-04 2.80e-07 6.67e-04 6.30e-06 5.18e-04 4.33e-08 3.60e-06 1.16e-04 1.06e-05 2.71e-04 3.34e-06 3.34e-04 9.55e-06 3.34e-04 3.34e-06 7.68e-06 1.41e-04 4.95e-05 2.71e-04 3.34e-06 3.34e-04 9.55e-06 3.34e-04 3.34e-06 7.68e-06 1.41e-04 4.95e-05
56805 1.13490e+04 -4.59724e+00 3.24957e-04 6.98538e-05 4.32e-04 2.92e-07 6.78e-04 6.27e-06 5.08e-04 3.83e-08 5.26e-06 1.14e-04 6.99e-05 2.71e-04 3.34e-06 3.34e-04 9.54e-06 3.34e-04 3.34e-06 7.68e-06 1.40e-04 4.95e-05 2.71e-04 3.34e-06 3.34e-04 9.54e-06 3.34e-04 3.34e-06 7.68e-06 1.40e-04 4.95e-05
56855 1.13590e+04 -4.66551e+00 3.37520e-04 7.73667e-06 4.17e-04 2.91e-07 7.10e-04 6.15e-06 5.54e-04 5.40e-08 4.14e-06 1.15e-04 7.74e-06 2.71e-04 3.34e-06 3.34e-04 9.54e-06 3.34e-04 3.34e-06 7.67e-06 1.40e-04 4.95e-05 2.71e-04 3.34e-06 3.34e-04 9.54e-06 3.34e-04 3.34e-06 7.67e-06 1.40e-04 4.95e-05
56905 1.13690e+04 -4.68637e+00 2.96751e-04 1.23632e-05 2.08e-04 2.81e-07 7.18e-04 7.07e-06 5.50e-04 1.11e-07 5.13e-06 1.22e-04 1.24e-05 2.71e-04 3.34e-06 3.34e-04 9.53e-06 3.34e-04 3.34e-06 7.67e-06 1.40e-04 4.95e-05 2.71e-04 3.34e-06 3.34e-04 9.53e-06 3.34e-04 3.34e-06 7.67e-06 1.40e-04 4.95e-05
56955 1.13790e+04 -4.72163e+00 2.78595e-04 1.05629e-05 1.82e-04 2.72e-07 6.92e-04 6.36e-06 5.13e-04 7.34e-08 3.86e-06 1.14e-04 1.06e-05 2.71e-04 3.34e-06 3.34e-04 9.53e-06 3.34e-04 3.34e-06 7.67e-06 1.40e-04 4.94e-05 2.71e-04 3.34e-06 3.34e-04 9.53e-06 3.34e-04 3.34e-06 7.67e-06 1.40e-04 4.94e-05
57005 1.13890e+04 -4.59823e+00 3.52786e-04 1.29275e-05 5.05e-04 2.98e-07 7.03e-04 7.11e-06 5.49e-04 9.12e-08 8.97e-06 1.26e-04 1.29e-05 2.71e-04 3.34e-06 3.34e-04 9.52e-06 3.34e-04 3.34e-06 7.67e-06 1.40e-04 4.94e-05 2.71e-04 3.34e-06 3.34e-04 9.52e-06 3.34e-04 3.34e-06 7.67e-06 1.40e-04 4.94e-05
57055 1.13990e+04 -4.69928e+00 2.90024e-04 1.46110e-05 1.88e-04 2.70e-07 7.15e-04 6.80e-06 5.41e-04 6.92e-08 3.27e-06 1.39e-04 1.46e-05 2.71e-04 3.34e-06 3.34e-04 9.52e-06 3.34e-04 3.34e-06 7.67e-06 1.40e-04 4.94e-05 2.71e-04 3.34e-06 3.34e-04 9.52e-06 3.34e-04 3.34e-06 7.67e-06 1.40e-04 4.94e-05
57105 1.14090e+04 -4.68312e+00 3.02534e-04 8.90045e-06 3.52e-04 2.86e-07 6.45e-04 6.36e-06 5.08e-04 5.89e-08 4.73e-06 1.33e-04 8.90e-06 2.71e-04 3.34e-06 3.34e-04 9.52e-06 3.34e-04 3.34e-06 7.66e-06 1.40e-04 4.94e-05 2.71e-04 3.34e-06 3.34e-04 9.52e-06 3.34e-04 3.34e-06 7.66e-06 1.40e-04 4.94e-05
57155 1.14190e+04 -4.68672e+00 2.85808e-04 2.65374e-05 2.06e-04 2.72e-07 7.04e-04 6.53e-06 5.12e-04 5.01e-08 3.77e-06 1.40e-04 2.65e-05 2.71e-04 3.34e-06 3.34e-04 9.51e-06 3.34e-04 3.34e-06 7.66e-06 1.40e-04 4.94e-05 2.71e-04 3.34e-06 3.34e-04 9.51e-06 3.34e-04 3.34e-06 7.66e-06 1.40e-04 4.94e-05
57205 1.14290e+04 -4.71648e+00 2.97924e-04 2.03271e-06 1.80e-04 2.76e-07 7.42e-04 6.51e-06 5.60e-04 1.07e-07 2.87e-06 1.26e-04 2.03e-06 2.71e-04 3.34e-06 3.34e-04 9.51e-06 3.34e-04 3.34e-06 7.66e-06 1.40e-04 4.93e-05 2.71e-04 3.34e-06 3.34e-04 9.51e-06 3.34e-04 3.34e-06 7.66e-06 1.40e-04 4.93e-05
57255 1.14390e+04 -4.65309e+00 3.49831e-04 2.73397e-06 4.99e-04 2.86e-07 7.18e-04 6.85e-06 5.26e-04 6.47e-08 3.62e-06 1.26e-04 2.73e-06 2.71e-04 3.34e-06 3.34e-04 9.50e-06 3.34e-04 3.34e-06 7.66e-06 1.40e-04 4.93e-05 2.71e-04 3.34e-06 3.34e-04 9.50e-06 3.34e-04 3.34e-06 7.66e-06 1.40e-04 4.93e-05
57305 1.14490e+04 -4.68964e+00 2.92676e-04 2.27456e-05 1.84e-04 2.79e-07 7.35e-04 7.23e-06 5.37e-04 7.50e-08 3.53e-06 1.24e-04 2.27e-05 2.71e-04 3.34e-06 3.34e-04 9.50e-06 3.34e-04 3.34e-06 7.65e-06 1.40e-04 4.93e-05 2.71e-04 3.34e-06 3.34e-04 9.50e-06 3.34e-04 3.34e-06 7.65e-06 1.40e-04 4.93e-05
57355 1.14590e+04 -4.72233e+00 2.87246e-04 6.53179e-06 1.65e-04 2.80e-07 7.23e-04 6.60e-06 5.42e-04 5.17e-08 3.08e-06 1.20e-04 6.53e-06 2.71e-04 3.34e-06 3.34e-04 9.49e-06 3.34e-04 3.34e-06 7.65e-06 1.40e-04 4.93e-05 2.71e-04 3.34e-06 3.34e-04 9.49e-06 3.34e-04 3.34e-06 7.65e-06 1.40e-04 4.93e-05
57405 1.14690e+04 -4.72472e+00 2.77077e-04 6.05099e-06 1.61e-04 2.82e-07 6.95e-04 6.64e-06 5.23e-04 5.00e-08 4.02e-06 1.19e-04 6.05e-06 2.71e-04 3.34e-06 3.34e-04 9.49e-06 3.34e-04 3.34e-06 7.65e-06 1.40e-04 4.92e-05 2.71e-04 3.34e-06 3.34e-04 9.49e-06 3.34e-04 3.34e-06 7.65e-06 1.40e-04 4.92e-05
57455 1.14790e+04 -4.67542e+00 3.15325e-04 1.26934e-05 3.09e-04 2.74e-07 7.07e-04 6.73e-06 5.54e-04 9.61e-08 3.44e-06 1.37e-04 1.27e-05 2.70e-04 3.34e-06 3.34e-04 9.49e-06 3.34e-04 3.34e-06 7.65e-06 1.40e-04 4.92e-05 2.70e-04 3.34e-06 3.34e-04 9.49e-06 3.34e-04 3.34e-06 7.65e-06 1.40e-04 4.92e-05
57505 1.14890e+04 -4.66806e+00 3.26677e-04 1.14077e-05 4.14e-04 2.97e-07 6.97e-04 6.47e-06 5.15e-04 6.48e-08 4.15e-06 1.17e-04 1.14e-05 2.70e-04 3.34e-06 3.34e-04 9.48e-06 3.34e-04 3.34e-06 7.65e-06 1.40e-04 4.92e-05 2.70e-04 3.34e-06 3.34e-04 9.48e-06 3.34e-04 3.34e-06 7.65e-06 1.40e-04 4.92e-05
57555 1.14990e+04 -4.70363e+00 2.87439e-04 1.89811e-05 1.66e-04 2.58e-07 7.29e-04 7.18e-06 5.34e-04 7.30e-08 2.96e-06 1.25e-04 1.90e-05 2.70e-04 3.34e-06 3.34e-04 9.48e-06 3.34e-04 3.34e-06 7.64e-06 1.40e-04 4.92e-05 2.70e-04 3.34e-06 3.34e-04 9.48e-06 3.34e-04 3.34e-06 7.64e-06 1.40e-04 4.92e-05
57605 1.15090e+04 -4.72209e+00 2.70904e-04 1.22961e-06 1.72e-04 2.74e-07 6.66e-04 6.34e-06 5.10e-04 4.53e-08 5.07e-06 1.37e-04 1.23e-06 2.70e-04 3.34e-06 3.34e-04 9.47e-06 3.34e-04 3.34e-06 7.64e-06 1.40e-04 4.91e-05 2.70e-04 3.34e-06 3.34e-04 9.47e-06 3.34e-04 3.34e-06 7.64e-06 1.40e-04 4.91e-05
57655 1.15190e+04 -4.69091e+00 2.91166e-04 1.56293e-05 1.62e-04 2.94e-07 7.46e-04 7.95e-06 5.40e-04 5.79e-08 3.55e-06 1.37e-04 1.56e-05 2.70e-04 3.34e-06 3.34e-04 9.47e-06 3.34e-04 3.34e-06 7.64e-06 1.40e-04 4.91e-05 2.70e-04 3.34e-06 3.34e-04 9.47e-06 3.34e-04 3.34e-06 7.64e-06 1.40e-04 4.91e-05
57705 1.15290e+04 -4.71287e+00 2.89701e-04 9.10119e-06 1.63e-04 2.74e-07 7.34e-04 6.31e-06 5.45e-04 7.08e-08 3.06e-06 1.36e-04 9.10e-06 2.70e-04 3.34e-06 3.34e-04 9.46e-06 3.34e-04 3.34e-06 7.64e-06 1.40e-04 4.91e-05 2.70e-04 3.34e-06 3.34e-04 9.46e-06 3.34e-04 3.34e-06 7.64e-06 1.40e-04 4.91e-05
57755 1.15390e+04 -4.63881e+00 3.45772e-04 9.24420e-06 5.00e-04 2.99e-07 7.13e-04 7.21e-06 5.08e-04 7.77e-08 5.17e-06 1.18e-04 9.24e-06 2.70e-04 3.34e-06 3.34e-04 9.46e-06 3.34e-04 3.34e-06 7.63e-06 1.40e-04 4.91e-05 2.70e-04 3.34e-06 3.34e-04 9.46e-06 3.34e-04 3.34e-06 7.63e-06 1.40e-04 4.91e-05
57805 1.15490e+04 -4.71081e+00 2.81128e-04 1.56355e-05 1.65e-04 2.89e-07 7.09e-04 6.12e-06 5.25e-04 6.28e-08 3.22e-06 1.40e-04 1.56e-05 2.70e-04 3.34e-06 3.34e-04 9.45e-06 3.34e-04 3.34e-06 7.63e-06 1.39e-04 4.91e-05 2.70e-04 3.34e-06 3.34e-04 9.45e-06 3.34e-04 3.34e-06 7.63e-06 1.39e-04 4.91e-05
57855 1.15590e+04 -4.71485e+00 2.79659e-04 1.07921e-06 1.57e-04 2.92e-07 6.93e-04 6.64e-06 5.41e-04 6.22e-08 5.78e-06 1.21e-04 1.08e-06 2.70e-04 3.34e-06 3.34e-04 9.45e-06 3.34e-04 3.34e-06 7.63e-06 1.39e-04 4.90e-05 2.70e-04 3.34e-06 3.34e-04 9.45e-06 3.34e-04 3.34e-06 7.63e-06 1.39e-04 4.90e-05
57905 1.15690e+04 -4.71969e+00 2.75078e-04 1.47027e-05 1.60e-04 2.83e-07 6.72e-04 6.25e-06 5.38e-04 6.72e-08 3.18e-06 1.33e-04 1.47e-05 2.70e-04 3.34e-06 3.34e-04 9.44e-06 3.34e-04 3.34e-06 7.63e-06 1.39e-04 4.90e-05 2.70e-04 3.34e-06 3.34e-04 9.44e-06 3.34e-04 3.34e-06 7.63e-06 1.39e-04 4.90e-05
57955 1.15790e+04 -4.73018e+00 2.79103e-04 2.45635e-06 1.51e-04 2.89e-07 7.13e-04 7.01e-06 5.24e-04 7.37e-08 3.79e-06 1.11e-04 2.46e-06 2.70e-04 3.34e-06 3.34e-04 9.44e-06 3.34e-04 3.34e-06 7.62e-06 1.39e-04 4.90e-05 2.70e-04 3.34e-06 3.34e-04 9.44e-06 3.34e-04 3.34e-06 7.62e-06 1.39e-04 4.90e-05
58005 1.15890e+04 -4.62970e+00 3.01490e-04 2.17418e-05 1.51e-04 2.67e-07 7.78e-04 7.12e-06 5.70e-04 6.45e-08 1.10e-05 1.29e-04 2.17e-05 2.70e-04 3.34e-06 3.34e-04 9.43e-06 3.34e-04 3.33e-06 7.62e-06 1.39e-04 4.90e-05 2.70e-04 3.34e-06 3.34e-04 9.43e-06 3.34e-04 3.34e-06 7.62e-06 1.39e-04 4.90e-05
58055 1.15990e+04 -4.63301e+00 3.45397e-04 1.11511e-05 4.81e-04 2.89e-07 7.09e-04 6.74e-06 5.30e-04 5.96e-08 5.93e-06 1.25e-04 1.12e-05 2.70e-04 3.33e-06 3.34e-04 9.43e-06 3.34e-04 3.33e-06 7.62e-06 1.39e-04 4.89e-05 2.70e-04 3.34e-06 3.34e-04 9.43e-06 3.34e-04 3.34e-06 7.62e-06 1.39e-04 4.89e-05
58105 1.16090e+04 -4.64074e+00 2.87457e-04 2.80052e-05 1.72e-04 2.79e-07 7.14e-04 6.09e-06 5.45e-04 4.43e-08 1.07e-05 1.31e-04 2.80e-05 2.70e-04 3.33e-06 3.33e-04 9.42e-06 3.33e-04 3.33e-06 7.62e-06 1.39e-04 4.89e-05 2.70e-04 3.33e-06 3.33e-04 9.42e-06 3.33e-04 3.33e-06 7.62e-06 1.39e-04 4.89e-05
58155 1.16190e+04 -4.62181e+00 3.51664e-04 2.36870e-05 5.01e-04 3.04e-07 6.96e-04 6.78e-06 5.53e-04 8.44e-08 4.61e-06 1.24e-04 2.37e-05 2.70e-04 3.33e-06 3.33e-04 9.42e-06 3.33e-04 3.33e-06 7.61e-06 1.39e-04 4.89e-05 2.70e-04 3.33e-06 3.33e-04 9.42e-06 3.33e-04 3.33e-06 7.61e-06 1.39e-04 4.89e-05
58205 1.16290e+04 -4.66133e+00 2.94557e-04 6.57326e-06 2.01e-04 2.79e-07 7.11e-04 6.50e-06 5.54e-04 4.85e-08 1.01e-05 1.29e-04 6.57e-06 2.70e-04 3.33e-06 3.33e-04 9.42e-06 3.33e-04 3.33e-06 7.61e-06 1.39e-04 4.89e-05 2.70e-04 3.33e-06 3.33e-04 9.42e-06 3.33e-04 3.33e-06 7.61e-06 1.39e-04 4.89e-05
58255 1.16390e+04 -4.70281e+00 2.79235e-04 1.47925e-05 1.79e-04 2.84e-07 6.74e-04 6.95e-06 5.36e-04 6.55e-08 4.44e-06 1.32e-04 1.48e-05 2.70e-04 3.33e-06 3.33e-04 9.41e-06 3.33e-04 3.33e-06 7.61e-06 1.39e-04 4.89e-05 2.70e-04 3.33e-06 3.33e-04 9.41e-06 3.33e-04 3.33e-06 7.61e-06 1.39e-04 4.89e-05
58305 1.16490e+04 -4.65791e+00 3.40806e-04 3.46608e-06 4.35e-04 2.90e-07 7.42e-04 6.38e-06 5.21e-04 9.33e-08 3.06e-06 1.55e-04 3.47e-06 2.70e-04 3.33e-06 3.33e-04 9.41e-06 3.33e-04 3.33e-06 7.61e-06 1.39e-04 4.88e-05 2.70e-04 3.33e-06 3.33e-04 9.41e-06 3.33e-04 3.33e-06 7.61e-06 1.39e-04 4.88e-05
58355 1.16590e+04 -4.62677e+00 3.01682e-04 6.18779e-05 3.39e-04 2.76e-07 6.59e-04 6.32e-06 5.04e-04 6.49e-08 4.28e-06 1.38e-04 6.19e-05 2.70e-04 3.33e-06 3.33e-04 9.40e-06 3.33e-04 3.33e-06 7.60e-06 1.39e-04 4.88e-05 2.70e-04 3.33e-06 3.33e-04 9.40e-06 3.33e-04 3.33e-06 7.60e-06 1.39e-04 4.88e-05
58405 1.16690e+04 -4.66870e+00 3.24192e-04 9.60046e-06 3.61e-04 2.75e-07 7.12e-04 7.46e-06 5.40e-04 5.85e-08 3.69e-06 1.28e-04 9.60e-06 2.70e-04 3.33e-06 3.33e-04 9.40e-06 3.33e-04 3.33e-06 7.60e-06 1.39e-04 4.88e-05 2.70e-04 3.33e-06 3.33e-04 9.40e-06 3.33e-04 3.33e-06 7.60e-06 1.39e-04 4.88e-05
58455 1.16790e+04 -4.69683e+00 2.98245e-04 9.96331e-06 2.93e-04 2.93e-07 6.70e-04 6.73e-06 5.22e-04 5.25e-08 3.84e-06 1.24e-04 9.96e-06 2.70e-04 3.33e-06 3.33e-04 9.39e-06 3.33e-04 3.33e-06 7.60e-06 1.39e-04 4.88e-05 2.70e-04 3.33e-06 3.33e-04 9.39e-06 3.33e-04 3.33e-06 7.60e-06 1.39e-04 4.88e-05
58505 1.16890e+04 -4.70164e+00 2.95930e-04 7.85672e-06 2.94e-04 2.92e-07 6.64e-04 6.30e-06 5.16e-04 7.24e-08 3.32e-06 1.38e-04 7.86e-06 2.70e-04 3.33e-06 3.33e-04 9.39e-06 3.33e-04 3.33e-06 7.60e-06 1.39e-04 4.87e-05 2.70e-04 3.33e-06 3.33e-04 9.39e-06 3.33e-04 3.33e-06 7.60e-06 1.39e-04 4.87e-05
58555 1.16990e+04 -4.70034e+00 2.95997e-04 1.14555e-05 2.69e-04 2.97e-07 6.91e-04 6.43e-06 5.13e-04 5.64e-08 3.24e-06 1.33e-04 1.15e-05 2.70e-04 3.33e-06 3.33e-04 9.38e-06 3.33e-04 3.33e-06 7.59e-06 1.39e-04 4.87e-05 2.70e-04 3.33e-06 3.33e-04 9.38e-06 3.33e-04 3.33e-06 7.59e-06 1.39e-04 4.87e-05
58605 1.17090e+04 -4.67839e+00 3.22147e-04 5.64049e-06 3.22e-04 2.95e-07 7.51e-04 6.30e-06 5.31e-04 5.69e-08 4.44e-06 1.25e-04 5.64e-06 2.70e-04 3.33e-06 3.33e-04 9.38e-06 3.33e-04 3.33e-06 7.59e-06 1.39e-04 4.87e-05 2.70e-04 3.33e-06 3.33e-04 9.38e-06 3.33e-04 3.33e-06 7.59e-06 1.39e-04 4.87e-05
58655 1.17190e+04 -4.52346e+00 3.32098e-04 1.00360e-05 4.83e-04 2.93e-07 6.56e-04 5.66e-06 5.16e-04 4.75e-08 2.30e-05 1.35e-04 1.00e-05 2.70e-04 3.33e-06 3.33e-04 9.37e-06 3.33e-04 3.33e-06 7.59e-06 1.39e-04 4.87e-05 2.70e-04 3.33e-06 3.33e-04 9.37e-06 3.33e-04 3.33e-06 7.59e-06 1.39e-04 4.87e-05
58705 1.17290e+04 -4.69714e+00 3.01776e-04 3.32685e-06 2.92e-04 2.90e-07 6.88e-04 6.51e-06 5.22e-04 3.73e-08 3.78e-06 1.41e-04 3.33e-06 2.70e-04 3.33e-06 3.33e-04 9.37e-06 3.33e-04 3.33e-06 7.59e-06 1.39e-04 4.87e-05 2.70e-04 3.33e-06 3.33e-04 9.37e-06 3.33e-04 3.33e-06 7.59e-06 1.39e-04 4.87e-05
58755 1.17390e+04 -4.67296e+00 3.10850e-04 7.35955e-06 2.75e-04 2.77e-07 7.28e-04 5.99e-06 5.45e-04 5.56e-08 6.28e-06 1.34e-04 7.36e-06 2.71e-04 3.33e-06 3.33e-04 9.36e-06 3.33e-04 3.33e-06 7.58e-06 1.39e-04 4.86e-05 2.71e-04 3.33e-06 3.33e-04 9.36e-06 3.33e-04 3.33e-06 7.58e-06 1.39e-04 4.86e-05
58805 1.17490e+04 -4.65989e+00 3.37479e-04 4.03966e-06 4.58e-04 2.75e-07 6.93e-04 7.78e-06 5.28e-04 4.36e-08 3.48e-06 1.29e-04 4.04e-06 2.71e-04 3.33e-06 3.33e-04 9.36e-06 3.33e-04 3.33e-06 7.58e-06 1.39e-04 4.86e-05 2.71e-04 3.33e-06 3.33e-04 9.36e-06 3.33e-04 3.33e-06 7.58e-06 1.39e-04 4.86e-05
58855 1.17590e+04 -4.70667e+00 2.98611e-04 1.28543e-05 2.72e-04 2.83e-07 6.96e-04 6.20e-06 5.18e-04 4.64e-08 3.07e-06 1.16e-04 1.29e-05 2.71e-04 3.33e-06 3.33e-04 9.35e-06 3.33e-04 3.33e-06 7.58e-06 1.39e-04 4.86e-05 2.71e-04 3.33e-06 3.33e-04 9.35e-06 3.33e-04 3.33e-06 7.58e-06 1.39e-04 4.86e-05
58905 1.17690e+04 -4.61995e+00 3.15176e-04 3.47115e-05 3.20e-04 2.95e-07 7.28e-04 6.98e-06 5.20e-04 5.51e-08 7.74e-06 1.33e-04 3.47e-05 2.71e-04 3.33e-06 3.33e-04 9.35e-06 3.33e-04 3.33e-06 7.58e-06 1.38e-04 4.86e-05 2.71e-04 3.33e-06 3.33e-04 9.35e-06 3.33e-04 3.33e-06 7.58e-06 1.38e-04 4.86e-05
58955 1.17790e+04 -4.68280e+00 3.11175e-04 8.30939e-06 2.82e-04 2.87e-07 7.26e-04 5.77e-06 5.42e-04 7.02e-08 4.04e-06 1.49e-04 8.31e-06 2.71e-04 3.33e-06 3.33e-04 9.34e-06 3.33e-04 3.33e-06 7.58e-06 1.38e-04 4.85e-05 2.71e-04 3.33e-06 3.33e-04 9.34e-06 3.33e-04 3.33e-06 7.58e-06 1.38e-04 4.85e-05
59005 1.17890e+04 -4.70512e+00 2.99959e-04 1.51074e-05 2.30e-04 2.62e-07 7.26e-04 5.90e-06 5.37e-04 5.15e-08 3.33e-06 1.15e-04 1.51e-05 2.71e-04 3.33e-06 3.33e-04 9.34e-06 3.33e-04 3.33e-06 7.57e-06 1.38e-04 4.85e-05 2.71e-04 3.33e-06 3.33e-04 9.34e-06 3.33e-04 3.33e-06 7.57e-06 1.38e-04 4.85e-05
59055 1.17990e+04 -4.64415e+00 3.53367e-04 7.29219e-06 5.52e-04 2.93e-07 6.90e-04 5.83e-06 5.19e-04 1.12e-07 4.29e-06 1.27e-04 7.29e-06 2.71e-04 3.33e-06 3.33e-04 9.33e-06 3.33e-04 3.33e-06 7.57e-06 1.38e-04 4.85e-05 2.71e-04 3.33e-06 3.33e-04 9.33e-06 3.33e-04 3.33e-06 7.57e-06 1.38e-04 4.85e-05
59105 1.18090e+04 -4.66775e+00 2.99303e-04 7.35039e-06 2.59e-04 2.92e-07 7.03e-04 6.41e-06 5.28e-04 5.64e-08 8.08e-06 1.34e-04 7.35e-06 2.71e-04 3.33e-06 3.33e-04 9.33e-06 3.33e-04 3.33e-06 7.57e-06 1.38e-04 4.85e-05 2.71e-04 3.33e-06 3.33e-04 9.33e-06 3.33e-04 3.33e-06 7.57e-06 1.38e-04 4.85e-05
59155 1.18190e+04 -4.69927e+00 2.86718e-04 2.45568e-05 2.05e-04 2.67e-07 6.95e-04 6.22e-06 5.27e-04 8.42e-08 3.72e-06 1.20e-04 2.46e-05 2.71e-04 3.33e-06 3.33e-04 9.32e-06 3.33e-04 3.33e-06 7.57e-06 1.38e-04 4.84e-05 2.71e-04 3.33e-06 3.33e-04 9.32e-06 3.33e-04 3.33e-06 7.57e-06 1.38e-04 4.84e-05
59205 1.18290e+04 -4.72037e+00 2.77747e-04 8.85158e-06 1.91e-04 2.85e-07 6.52e-04 7.51e-06 5.38e-04 4.44e-08 3.19e-06 1.24e-04 8.85e-06 2.71e-04 3.33e-06 3.33e-04 9.32e-06 3.33e-04 3.33e-06 7.56e-06 1.38e-04 4.84e-05 2.71e-04 3.33e-06 3.33e-04 9.32e-06 3.33e-04 3.33e-06 7.56e-06 1.38e-04 4.84e-05
59255 1.18390e+04 -4.71583e+00 2.76761e-04 1.09601e-05 2.00e-04 2.77e-07 6.69e-04 5.72e-06 5.08e-04 6.37e-08 4.27e-06 1.36e-04 1.10e-05 2.71e-04 3.33e-06 3.33e-04 9.31e-06 3.33e-04 3.33e-06 7.56e-06 1.38e-04 4.84e-05 2.71e-04 3.33e-06 3.33e-04 9.31e-06 3.33e-04 3.33e-06 7.56e-06 1.38e-04 4.84e-05
59305 1.18490e+04 -4.71308e+00 2.76815e-04 9.07073e-06 1.94e-04 2.87e-07 6.82e-04 6.05e-06 5.02e-04 4.85e-08 5.28e-06 1.26e-04 9.07e-06 2.70e-04 3.33e-06 3.33e-04 9.31e-06 3.33e-04 3.33e-06 7.56e-06 1.38e-04 4.84e-05 2.70e-04 3.33e-06 3.33e-04 9.31e-06 3.33e-04 3.33e-06 7.56e-06 1.38e-04 4.84e-05
59355 1.18590e+04 -4.68386e+00 2.97211e-04 2.50344e-05 1.79e-04 2.67e-07 7.49e-04 6.72e-06 5.51e-04 5.59e-08 3.83e-06 1.30e-04 2.50e-05 2.70e-04 3.33e-06 3.33e-04 9.30e-06 3.33e-04 3.33e-06 7.56e-06 1.38e-04 4.84e-05 2.70e-04 3.33e-06 3.33e-04 9.30e-06 3.33e-04 3.33e-06 7.56e-06 1.38e-04 4.84e-05
59405 1.18690e+04 -4.70908e+00 2.86578e-04 1.28108e-05 1.72e-04 2.74e-07 7.23e-04 5.89e-06 5.32e-04 5.19e-08 3.19e-06 1.48e-04 1.28e-05 2.70e-04 3.33e-06 3.33e-04 9.30e-06 3.33e-04 3.33e-06 7.56e-06 1.38e-04 4.83e-05 2.70e-04 3.33e-06 3.33e-04 9.30e-06 3.33e-04 3.33e-06 7.56e-06 1.38e-04 4.83e-05
59455 1.18790e+04 -4.69667e+00 2.97965e-04 2.01512e-06 1.67e-04 2.79e-07 7.56e-04 6.17e-06 5.60e-04 4.78e-08 6.18e-06 1.28e-04 2.02e-06 2.70e-04 3.33e-06 3.33e-04 9.30e-06 3.33e-04 3.33e-06 7.56e-06 1.38e-04 4.83e-05 2.70e-04 3.33e-06 3.33e-04 9.30e-06 3.33e-04 3.33e-06 7.56e-06 1.38e-04 4.83e-05
59505 1.18890e+04 -4.66120e+00 2.74233e-04 1.06618e-05 1.60e-04 2.64e-07 6.83e-04 6.28e-06 5.22e-04 7.82e-08 1.18e-05 1.36e-04 1.07e-05 2.70e-04 3.33e-06 3.33e-04 9.29e-06 3.33e-04 3.33e-06 7.55e-06 1.38e-04 4.83e-05 2.70e-04 3.33e-06 3.33e-04 9.29e-06 3.33e-04 3.33e-06 7.55e-06 1.38e-04 4.83e-05
59555 1.18990e+04 -4.70365e+00 2.65297e-04 1.07839e-05 1.58e-04 2.75e-07 6.51e-04 6.59e-06 5.11e-04 5.73e-08 6.99e-06 1.33e-04 1.08e-05 2.70e-04 3.33e-06 3.33e-04 9.29e-06 3.33e-04 3.33e-06 7.55e-06 1.38e-04 4.83e-05 2.70e-04 3.33e-06 3.33e-04 9.29e-06 3.33e-04 3.33e-06 7.55e-06 1.38e-04 4.83e-05
59605 1.19090e+04 -4.68469e+00 2.82410e-04 2.94322e-05 1.52e-04 2.76e-07 7.15e-04 7.58e-06 5.37e-04 1.24e-07 2.92e-06 1.50e-04 2.94e-05 2.70e-04 3.33e-06 3.33e-04 9.28e-06 3.33e-04 3.33e-06 7.55e-06 1.38e-04 4.82e-05 2.70e-04 3.33e-06 3.33e-04 9.28e-06 3.33e-04 3.33e-06 7.55e-06 1.38e-04 4.82e-05
59655 1.19190e+04 -4.66493e+00 2.81336e-04 3.24684e-05 1.45e-04 2.75e-07 7.22e-04 7.04e-06 5.32e-04 5.74e-08 5.60e-06 1.55e-04 3.25e-05 2.70e-04 3.33e-06 3.33e-04 9.28e-06 3.33e-04 3.33e-06 7.55e-06 1.38e-04 4.82e-05 2.70e-04 3.33e-06 3.33e-04 9.28e-06 3.33e-04 3.33e-06 7.55e-06 1.38e-04 4.82e-05
59705 1.19290e+04 -4.62897e+00 3.45417e-04 2.97665e-05 5.21e-04 3.05e-07 7.04e-04 5.78e-06 4.96e-04 7.41e-08 3.32e-06 1.41e-04 2.98e-05 2.70e-04 3.33e-06 3.33e-04 9.27e-06 3.33e-04 3.33e-06 7.54e-06 1.38e-04 4.82e-05 2.70e-04 3.33e-06 3.33e-04 9.27e-06 3.33e-04 3.33e-06 7.54e-06 1.38e-04 4.82e-05
59755 1.19390e+04 -4.70045e+00 2.79450e-04 1.01490e-05 1.54e-04 2.68e-07 7.28e-04 6.81e-06 5.08e-04 5.71e-08 6.30e-06 1.24e-04 1.01e-05 2.70e-04 3.33e-06 3.33e-04 9.27e-06 3.33e-04 3.33e-06 7.54e-06 1.38e-04 4.82e-05 2.70e-04 3.33e-06 3.33e-04 9.27e-06 3.33e-04 3.33e-06 7.54e-06 1.38e-04 4.82e-05
59805 1.19490e+04 -4.63868e+00 3.18572e-04 2.37726e-05 4.02e-04 2.80e-07 6.73e-04 5.94e-06 5.12e-04 5.30e-08 6.77e-06 1.37e-04 2.38e-05 2.70e-04 3.33e-06 3.33e-04 9.26e-06 3.33e-04 3.33e-06 7.54e-06 1.38e-04 4.82e-05 2.70e-04 3.33e-06 3.33e-04 9.26e-06 3.33e-04 3.33e-06 7.54e-06 1.38e-04 4.82e-05
59855 1.19590e+04 -4.66575e+00 3.24575e-04 1.94957e-05 3.93e-04 2.86e-07 7.04e-04 6.70e-06 5.19e-04 8.70e-08 3.20e-06 1.24e-04 1.95e-05 2.70e-04 3.33e-06 3.33e-04 9.26e-06 3.33e-04 3.33e-06 7.54e-06 1.38e-04 4.81e-05 2.70e-04 3.33e-06 3.33e-04 9.26e-06 3.33e-04 3.33e-06 7.54e-06 1.38e-04 4.81e-05
59905 1.19690e+04 -4.73067e+00 2.79798e-04 1.00165e-05 1.79e-04 2.69e-07 6.86e-04 5.73e-06 5.29e-04 6.99e-08 2.99e-06 1.22e-04 1.00e-05 2.70e-04 3.33e-06 3.33e-04 9.25e-06 3.33e-04 3.33e-06 7.54e-06 1.38e-04 4.81e-05 2.70e-04 3.33e-06 3.33e-04 9.25e-06 3.33e-04 3.33e-06 7.54e-06 1.38e-04 4.81e-05
59955 1.19790e+04 -4.68116e+00 3.13473e-04 1.16576e-05 3.83e-04 2.87e-07 6.94e-04 5.93e-06 4.85e-04 6.59e-08 4.38e-06 1.22e-04 1.17e-05 2.70e-04 3.33e-06 3.33e-04 9.25e-06 3.33e-04 3.33e-06 7.53e-06 1.38e-04 4.81e-05 2.70e-04 3.33e-06 3.33e-04 9.25e-06 3.33e-04 3.33e-06 7.53e-06 1.38e-04 4.81e-05
60005 1.19880e+04 -4.70668e+00 2.76889e-04 1.60834e-06 1.74e-04 2.85e-07 6.86e-04 5.99e-06 5.18e-04 6.81e-08 6.88e-06 1.37e-04 1.61e-06 2.70e-04 3.33e-06 3.33e-04 9.24e-06 3.33e-04 3.33e-06 7.53e-06 1.38e-04 4.81e-05 2.70e-04 3.33e-06 3.33e-04 9.24e-06 3.33e-04 3.33e-06 7.53e-06 1.38e-04 4.81e-05
60055 1.19980e+04 -4.73210e+00 2.84626e-04 4.98691e-06 1.87e-04 2.90e-07 7.01e-04 6.14e-06 5.29e-04 5.46e-08 3.12e-06 1.14e-04 4.99e-06 2.70e-04 3.33e-06 3.33e-04 9.24e-06 3.33e-04 3.33e-06 7.53e-06 1.38e-04 4.81e-05 2.70e-04 3.33e-06 3.33e-04 9.24e-06 3.33e-04 3.33e-06 7.53e-06 1.38e-04 4.81e-05
60105 1.20080e+04 -4.66568e+00 3.18525e-04 1.59880e-05 3.79e-04 2.93e-07 6.91e-04 6.22e-06 5.16e-04 5.13e-08 4.26e-06 1.37e-04 1.60e-05 2.70e-04 3.33e-06 3.33e-04 9.24e-06 3.33e-04 3.33e-06 7.53e-06 1.38e-04 4.80e-05 2.70e-04 3.33e-06 3.33e-04 9.24e-06 3.33e-04 3.33e-06 7.53e-06 1.38e-04 4.80e-05
60155 1.20180e+04 -4.68667e+00 2.91904e-04 1.48006e-05 1.83e-04 2.90e-07 7.37e-04 6.03e-06 5.33e-04 6.73e-08 5.16e-06 1.48e-04 1.48e-05 2.70e-04 3.33e-06 3.33e-04 9.23e-06 3.33e-04 3.33e-06 7.52e-06 1.38e-04 4.80e-05 2.70e-04 3.33e-06 3.33e-04 9.23e-06 3.33e-04 3.33e-06 7.52e-06 1.38e-04 4.80e-05
60205 1.20280e+04 -4.70327e+00 2.83520e-04 1.40938e-05 1.85e-04 2.85e-07 6.98e-04 6.40e-06 5.28e-04 7.69e-08 4.38e-06 1.35e-04 1.41e-05 2.70e-04 3.33e-06 3.33e-04 9.23e-06 3.33e-04 3.33e-06 7.52e-06 1.38e-04 4.80e-05 2.70e-04 3.33e-06 3.33e-04 9.23e-06 3.33e-04 3.33e-06 7.52e-06 1.38e-04 4.80e-05
60255 1.20380e+04 -4.69920e+00 2.83783e-04 8.59426e-06 1.82e-04 2.88e-07 6.94e-04 6.12e-06 5.37e-04 5.85e-08 5.71e-06 1.41e-04 8.59e-06 2.70e-04 3.33e-06 3.33e-04 9.22e-06 3.33e-04 3.33e-06 7.52e-06 1.38e-04 4.80e-05 2.70e-04 3.33e-06 3.33e-04 9.22e-06 3.33e-04 3.33e-06 7.52e-06 1.38e-04 4.80e-05
60305 1.20480e+04 -4.67089e+00 3.04000e-04 2.94896e-05 3.19e-04 2.87e-07 6.78e-04 6.25e-06 5.17e-04 4.95e-08 3.48e-06 1.35e-04 2.95e-05 2.70e-04 3.33e-06 3.33e-04 9.22e-06 3.33e-04 3.33e-06 7.52e-06 1.38e-04 4.79e-05 2.70e-04 3.33e-06 3.33e-04 9.22e-06 3.33e-04 3.33e-06 7.52e-06 1.38e-04 4.79e-05
60355 1.20580e+04 -4.63992e+00 3.23035e-04 2.07567e-05 4.08e-04 2.92e-07 6.93e-04 6.06e-06 5.08e-04 6.00e-08 7.13e-06 1.25e-04 2.08e-05 2.70e-04 3.33e-06 3.33e-04 9.21e-06 3.33e-04 3.33e-06 7.52e-06 1.37e-04 4.79e-05 2.70e-04 3.33e-06 3.33e-04 9.21e-06 3.33e-04 3.33e-06 7.52e-06 1.37e-04 4.79e-05
60405 1.20680e+04 -4.71479e+00 2.97176e-04 1.00826e-05 2.09e-04 2.92e-07 7.04e-04 6.02e-06 5.67e-04 5.20e-08 3.38e-06 1.12e-04 1.01e-05 2.70e-04 3.33e-06 3.33e-04 9.21e-06 3.33e-04 3.33e-06 7.51e-06 1.37e-04 4.79e-05 2.70e-04 3.33e-06 3.33e-04 9.21e-06 3.33e-04 3.33e-06 7.51e-06 1.37e-04 4.79e-05
60455 1.20780e+04 -4.71257e+00 2.89898e-04 1.36107e-05 1.71e-04 2.86e-07 7.49e-04 5.93e-06 5.23e-04 3.64e-08 3.93e-06 1.19e-04 1.36e-05 2.70e-04 3.33e-06 3.33e-04 9.20e-06 3.33e-04 3.33e-06 7.51e-06 1.37e-04 4.79e-05 2.70e-04 3.33e-06 3.33e-04 9.20e-06 3.33e-04 3.33e-06 7.51e-06 1.37e-04 4.79e-05
60505 1.20880e+04 -4.69630e+00 3.09736e-04 5.55672e-06 2.95e-04 2.86e-07 7.08e-04 6.55e-06 5.39e-04 8.46e-08 3.49e-06 1.26e-04 5.56e-06 2.69e-04 3.33e-06 3.33e-04 9.20e-06 3.33e-04 3.33e-06 7.51e-06 1.37e-04 4.79e-05 2.69e-04 3.33e-06 3.33e-04 9.20e-06 3.33e-04 3.33e-06 7.51e-06 1.37e-04 4.79e-05
60555 1.20980e+04 -4.67574e+00 2.76178e-04 1.29850e-05 1.98e-04 3.03e-07 6.66e-04 8.17e-06 5.08e-04 4.85e-08 9.34e-06 1.05e-04 1.30e-05 2.70e-04 3.33e-06 3.33e-04 9.19e-06 3.33e-04 3.33e-06 7.51e-06 1.37e-04 4.78e-05 2.70e-04 3.33e-06 3.33e-04 9.19e-06 3.33e-04 3.33e-06 7.51e-06 1.37e-04 4.78e-05
60605 1.21080e+04 -4.66283e+00 3.38601e-04 1.01263e-05 4.60e-04 3.01e-07 6.93e-04 6.10e-06 5.33e-04 9.72e-08 3.38e-06 1.28e-04 1.01e-05 2.70e-04 3.33e-06 3.33e-04 9.19e-06 3.33e-04 3.33e-06 7.51e-06 1.37e-04 4.78e-05 2.70e-04 3.33e-06 3.33e-04 9.19e-06 3.33e-04 3.33e-06 7.51e-06 1.37e-04 4.78e-05
60655 1.21180e+04 -4.68848e+00 2.83386e-04 3.98602e-05 1.71e-04 2.77e-07 6.88e-04 5.91e-06 5.52e-04 1.35e-07 3.40e-06 1.23e-04 3.99e-05 2.69e-04 3.33e-06 3.33e-04 9.19e-06 3.33e-04 3.33e-06 7.50e-06 1.37e-04 4.78e-05 2.69e-04 3.33e-06 3.33e-04 9.19e-06 3.33e-04 3.33e-06 7.50e-06 1.37e-04 4.78e-05
60705 1.21280e+04 -4.71334e+00 2.78242e-04 5.62117e-06 1.57e-04 2.99e-07 7.05e-04 6.93e-06 5.22e-04 3.47e-08 4.98e-06 1.31e-04 5.62e-06 2.69e-04 3.33e-06 3.33e-04 9.18e-06 3.33e-04 3.33e-06 7.50e-06 1.37e-04 4.78e-05 2.69e-04 3.33e-06 3.33e-04 9.18e-06 3.33e-04 3.33e-06 7.50e-06 1.37e-04 4.78e-05
60755 1.21380e+04 -4.67461e+00 2.99964e-04 2.34240e-05 1.82e-04 2.97e-07 7.28e-04 8.81e-06 5.80e-04 3.35e-08 3.02e-06 1.37e-04 2.34e-05 2.69e-04 3.33e-06 3.33e-04 9.18e-06 3.33e-04 3.33e-06 7.50e-06 1.37e-04 4.77e-05 2.69e-04 3.33e-06 3.33e-04 9.18e-06 3.33e-04 3.33e-06 7.50e-06 1.37e-04 4.77e-05
60805 1.21480e+04 -4.67966e+00 3.23894e-04 7.18783e-06 3.94e-04 2.84e-07 6.91e-04 6.05e-06 5.28e-04 5.26e-08 3.42e-06 1.34e-04 7.19e-06 2.69e-04 3.33e-06 3.33e-04 9.17e-06 3.33e-04 3.33e-06 7.50e-06 1.37e-04 4.77e-05 2.69e-04 3.33e-06 3.33e-04 9.17e-06 3.33e-04 3.33e-06 7.50e-06 1.37e-04 4.77e-05
60855 1.21580e+04 -4.64790e+00 3.38778e-04 1.52905e-05 3.37e-04 2.80e-07 7.63e-04 7.42e-06 5.86e-04 3.53e-08 4.20e-06 1.31e-04 1.53e-05 2.69e-04 3.33e-06 3.33e-04 9.17e-06 3.33e-04 3.33e-06 7.50e-06 1.37e-04 4.77e-05 2.69e-04 3.33e-06 3.33e-04 9.17e-06 3.33e-04 3.33e-06 7.50e-06 1.37e-04 4.77e-05
60905 1.21680e+04 -4.70638e+00 2.98792e-04 8.68358e-06 2.38e-04 2.71e-07 7.10e-04 5.85e-06 5.40e-04 6.10e-08 3.99e-06 1.24e-04 8.68e-06 2.70e-04 3.33e-06 3.33e-04 9.16e-06 3.33e-04 3.33e-06 7.49e-06 1.37e-04 4.77e-05 2.70e-04 3.33e-06 3.33e-04 9.16e-06 3.33e-04 3.33e-06 7.49e-06 1.37e-04 4.77e-05
60955 1.21780e+04 -4.69216e+00 3.06792e-04 1.33337e-05 3.12e-04 2.89e-07 6.85e-04 5.27e-06 5.31e-04 6.28e-08 4.05e-06 1.29e-04 1.33e-05 2.70e-04 3.33e-06 3.33e-04 9.16e-06 3.33e-04 3.33e-06 7.49e-06 1.37e-04 4.77e-05 2.70e-04 3.33e-06 3.33e-04 9.16e-06 3.33e-04 3.33e-06 7.49e-06 1.37e-04 4.77e-05
61005 1.21880e+04 -4.69043e+00 3.07836e-04 9.65882e-06 2.95e-04 2.78e-07 6.86e-04 5.81e-06 5.52e-04 9.46e-08 4.00e-06 1.35e-04 9.66e-06 2.70e-04 3.33e-06 3.33e-04 9.15e-06 3.33e-04 3.33e-06 7.49e-06 1.37e-04 4.76e-05 2.70e-04 3.33e-06 3.33e-04 9.15e-06 3.33e-04 3.33e-06 7.49e-06 1.37e-04 4.76e-05
61055 1.21980e+04 -4.70196e+00 2.97421e-04 1.60681e-05 2.90e-04 2.88e-07 6.76e-04 5.99e-06 5.15e-04 5.13e-08 3.15e-06 1.25e-04 1.61e-05 2.70e-04 3.32e-06 3.33e-04 9.15e-06 3.33e-04 3.33e-06 7.49e-06 1.37e-04 4.76e-05 2.70e-04 3.33e-06 3.33e-04 9.15e-06 3.33e-04 3.33e-06 7.49e-06 1.37e-04 4.76e-05
61105 1.22080e+04 -4.57055e+00 2.96594e-04 9.25166e-05 2.44e-04 2.86e-07 7.07e-04 6.38e-06 5.25e-04 7.37e-08 8.29e-06 1.34e-04 9.25e-05 2.70e-04 3.32e-06 3.32e-04 9.15e-06 3.32e-04 3.32e-06 7.49e-06 1.37e-04 4.76e-05 2.70e-04 3.32e-06 3.32e-04 9.15e-06 3.32e-04 3.32e-06 7.49e-06 1.37e-04 4.76e-05
61155 1.22180e+04 -4.60739e+00 3.34584e-04 3.65754e-05 4.36e-04 3.10e-07 6.88e-04 6.53e-06 5.43e-04 8.47e-08 6.34e-06 1.40e-04 3.66e-05 2.70e-04 3.32e-06 3.32e-04 9.14e-06 3.32e-04 3.32e-06 7.48e-06 1.37e-04 4.76e-05 2.70e-04 3.32e-06 3.32e-04 9.14e-06 3.32e-04 3.32e-06 7.48e-06 1.37e-04 4.76e-05
61205 1.22280e+04 -4.58888e+00 3.18348e-04 7.38698e-05 3.04e-04 2.93e-07 7.32e-04 6.05e-06 5.49e-04 7.23e-08 5.51e-06 1.47e-04 7.39e-05 2.70e-04 3.32e-06 3.32e-04 9.14e-06 3.32e-04 3.32e-06 7.48e-06 1.37e-04 4.76e-05 2.70e-04 3.32e-06 3.32e-04 9.14e-06 3.32e-04 3.32e-06 7.48e-06 1.37e-04 4.76e-05
61255 1.22380e+04 -4.66268e+00 3.21425e-04 5.86661e-06 3.34e-04 3.03e-07 7.39e-04 6.29e-06 5.28e-04 8.86e-08 6.78e-06 1.25e-04 5.87e-06 2.70e-04 3.32e-06 3.32e-04 9.13e-06 3.32e-04 3.32e-06 7.48e-06 1.37e-04 4.75e-05 2.70e-04 3.32e-06 3.32e-04 9.13e-06 3.32e-04 3.32e-06 7.48e-06 1.37e-04 4.75e-05
61305 1.22480e+04 -4.67370e+00 3.09138e-04 3.63683e-06 2.61e-04 3.00e-07 7.33e-04 6.18e-06 5.45e-04 6.42e-08 6.99e-06 1.35e-04 3.64e-06 2.70e-04 3.32e-06 3.32e-04 9.13e-06 3.32e-04 3.32e-06 7.48e-06 1.37e-04 4.75e-05 2.70e-04 3.32e-06 3.32e-04 9.13e-06 3.32e-04 3.32e-06 7.48e-06 1.37e-04 4.75e-05
61355 1.22580e+04 -4.66116e+00 2.99551e-04 4.83233e-05 2.87e-04 3.06e-07 6.95e-04 6.01e-06 5.09e-04 5.88e-08 3.33e-06 1.24e-04 4.83e-05 2.70e-04 3.32e-06 3.32e-04 9.13e-06 3.32e-04 3.32e-06 7.48e-06 1.37e-04 4.75e-05 2.70e-04 3.32e-06 3.32e-04 9.13e-06 3.32e-04 3.32e-06 7.48e-06 1.37e-04 4.75e-05
61405 1.22680e+04 -4.51480e+00 3.04400e-04 3.40403e-05 2.93e-04 3.03e-07 6.98e-04 6.96e-06 5.24e-04 1.14e-07 2.36e-05 1.28e-04 3.40e-05 2.70e-04 3.32e-06 3.32e-04 9.12e-06 3.32e-04 3.32e-06 7.48e-06 1.37e-04 4.75e-05 2.70e-04 3.32e-06 3.32e-04 9.12e-06 3.32e-04 3.32e-06 7.48e-06 1.37e-04 4.75e-05
61455 1.22780e+04 -4.67768e+00 2.89194e-04 6.94690e-06 2.37e-04 3.17e-07 6.86e-04 6.58e-06 5.16e-04 1.12e-07 8.74e-06 1.19e-04 6.95e-06 2.70e-04 3.32e-06 3.32e-04 9.12e-06 3.32e-04 3.32e-06 7.47e-06 1.37e-04 4.74e-05 2.70e-04 3.32e-06 3.32e-04 9.12e-06 3.32e-04 3.32e-06 7.47e-06 1.37e-04 4.74e-05
61505 1.22880e+04 -4.69491e+00 3.02400e-04 1.95649e-06 2.91e-04 3.01e-07 6.96e-04 6.11e-06 5.19e-04 4.21e-08 5.16e-06 1.34e-04 1.96e-06 2.70e-04 3.32e-06 3.32e-04 9.11e-06 3.32e-04 3.32e-06 7.47e-06 1.37e-04 4.74e-05 2.70e-04 3.32e-06 3.32e-04 9.11e-06 3.32e-04 3.32e-06 7.47e-06 1.37e-04 4.74e-05
61555 1.22980e+04 -4.67612e+00 3.03748e-04 1.16409e-05 2.40e-04 3.05e-07 7.40e-04 6.23e-06 5.32e-04 4.44e-08 7.07e-06 1.18e-04 1.16e-05 2.70e-04 3.32e-06 3.32e-04 9.11e-06 3.32e-04 3.32e-06 7.47e-06 1.37e-04 4.74e-05 2.70e-04 3.32e-06 3.32e-04 9.11e-06 3.32e-04 3.32e-06 7.47e-06 1.37e-04 4.74e-05
61605 1.23080e+04 -4.66752e+00 2.86800e-04 3.87670e-05 2.36e-04 3.20e-07 6.69e-04 5.82e-06 5.23e-04 6.16e-08 5.71e-06 1.26e-04 3.88e-05 2.70e-04 3.32e-06 3.32e-04 9.10e-06 3.32e-04 3.32e-06 7.47e-06 1.37e-04 4.74e-05 2.70e-04 3.32e-06 3.32e-04 9.10e-06 3.32e-04 3.32e-06 7.47e-06 1.37e-04 4.74e-05
61655 1.23180e+04 -4.68558e+00 2.95557e-04 1.91752e-05 2.48e-04 2.99e-07 6.95e-04 5.91e-06 5.28e-04 5.52e-08 5.04e-06 1.31e-04 1.92e-05 2.70e-04 3.32e-06 3.32e-04 9.10e-06 3.32e-04 3.32e-06 7.46e-06 1.37e-04 4.74e-05 2.70e-04 3.32e-06 3.32e-04 9.10e-06 3.32e-04 3.32e-06 7.46e-06 1.37e-04 4.74e-05
61705 1.23280e+04 -4.65903e+00 3.01785e-04 2.09134e-05 2.68e-04 3.06e-07 7.11e-04 6.01e-06 5.23e-04 4.28e-08 6.79e-06 1.43e-04 2.09e-05 2.70e-04 3.32e-06 3.32e-04 9.10e-06 3.32e-04 3.32e-06 7.46e-06 1.37e-04 4.73e-05 2.70e-04 3.32e-06 3.32e-04 9.10e-06 3.32e-04 3.32e-06 7.46e-06 1.37e-04 4.73e-05
61755 1.23380e+04 -4.71610e+00 2.88198e-04 1.09788e-05 2.21e-04 3.01e-07 6.99e-04 5.73e-06 5.15e-04 3.70e-08 3.30e-06 1.32e-04 1.10e-05 2.70e-04 3.32e-06 3.32e-04 9.09e-06 3.32e-04 3.32e-06 7.46e-06 1.36e-04 4.73e-05 2.70e-04 3.32e-06 3.32e-04 9.09e-06 3.32e-04 3.32e-06 7.46e-06 1.36e-04 4.73e-05
61805 1.23480e+04 -4.70851e+00 2.97041e-04 3.83190e-06 2.58e-04 3.01e-07 7.00e-04 5.78e-06 5.21e-04 4.65e-08 4.54e-06 1.26e-04 3.83e-06 2.70e-04 3.32e-06 3.32e-04 9.09e-06 3.32e-04 3.32e-06 7.46e-06 1.36e-04 4.73e-05 2.70e-04 3.32e-06 3.32e-04 9.09e-06 3.32e-04 3.32e-06 7.46e-06 1.36e-04 4.73e-05
61855 1.23580e+04 -4.73479e+00 2.87412e-04 1.40015e-06 2.31e-04 3.02e-07 6.85e-04 5.67e-06 5.15e-04 6.86e-08 3.03e-06 1.20e-04 1.40e-06 2.70e-04 3.32e-06 3.32e-04 9.08e-06 3.32e-04 3.32e-06 7.45e-06 1.36e-04 4.73e-05 2.70e-04 3.32e-06 3.32e-04 9.08e-06 3.32e-04 3.32e-06 7.45e-06 1.36e-04 4.73e-05
61905 1.23680e+04 -4.70965e+00 2.99018e-04 1.04291e-05 3.04e-04 2.98e-07 6.69e-04 5.54e-06 5.16e-04 4.37e-08 3.08e-06 1.27e-04 1.04e-05 2.70e-04 3.32e-06 3.32e-04 9.08e-06 3.32e-04 3.32e-06 7.45e-06 1.36e-04 4.72e-05 2.70e-04 3.32e-06 3.32e-04 9.08e-06 3.32e-04 3.32e-06 7.45e-06 1.36e-04 4.72e-05
61955 1.23780e+04 -4.62239e+00 3.62144e-04 2.14855e-05 6.44e-04 2.86e-07 6.75e-04 5.75e-06 4.86e-04 7.13e-08 4.44e-06 1.19e-04 2.15e-05 2.70e-04 3.32e-06 3.32e-04 9.07e-06 3.32e-04 3.32e-06 7.45e-06 1.36e-04 4.72e-05 2.70e-04 3.32e-06 3.32e-04 9.07e-06 3.32e-04 3.32e-06 7.45e-06 1.36e-04 4.72e-05
62005 1.23880e+04 -4.67301e+00 2.95424e-04 4.66140e-05 2.25e-04 2.99e-07 6.89e-04 5.84e-06 5.57e-04 4.05e-08 3.38e-06 1.17e-04 4.66e-05 2.70e-04 3.32e-06 3.32e-04 9.07e-06 3.32e-04 3.32e-06 7.45e-06 1.36e-04 4.72e-05 2.70e-04 3.32e-06 3.32e-04 9.07e-06 3.32e-04 3.32e-06 7.45e-06 1.36e-04 4.72e-05
62055 1.23980e+04 -4.67881e+00 2.83961e-04 4.32710e-05 2.18e-04 2.87e-07 6.82e-04 5.78e-06 5.14e-04 4.18e-08 4.52e-06 1.17e-04 4.33e-05 2.70e-04 3.32e-06 3.32e-04 9.06e-06 3.32e-04 3.32e-06 7.44e-06 1.36e-04 4.72e-05 2.70e-04 3.32e-06 3.32e-04 9.06e-06 3.32e-04 3.32e-06 7.44e-06 1.36e-04 4.72e-05
62105 1.24080e+04 -4.70822e+00 2.80766e-04 2.80424e-06 1.94e-04 3.04e-07 6.92e-04 6.69e-06 5.11e-04 1.16e-07 5.84e-06 1.30e-04 2.80e-06 2.70e-04 3.32e-06 3.32e-04 9.06e-06 3.32e-04 3.32e-06 7.44e-06 1.36e-04 4.72e-05 2.70e-04 3.32e-06 3.32e-04 9.06e-06 3.32e-04 3.32e-06 7.44e-06 1.36e-04 4.72e-05
62155 1.24180e+04 -4.67898e+00 2.91442e-04 3.45653e-05 1.89e-04 2.81e-07 7.06e-04 5.48e-06 5.56e-04 7.28e-08 3.94e-06 1.44e-04 3.46e-05 2.70e-04 3.32e-06 3.32e-04 9.05e-06 3.32e-04 3.32e-06 7.44e-06 1.36e-04 4.71e-05 2.70e-04 3.32e-06 3.32e-04 9.05e-06 3.32e-04 3.32e-06 7.44e-06 1.36e-04 4.71e-05
62205 1.24280e+04 -4.70634e+00 2.82079e-04 1.75601e-05 1.86e-04 2.90e-07 7.18e-04 5.56e-06 5.01e-04 4.05e-08 5.27e-06 1.21e-04 1.76e-05 2.70e-04 3.32e-06 3.32e-04 9.05e-06 3.32e-04 3.32e-06 7.44e-06 1.36e-04 4.71e-05 2.70e-04 3.32e-06 3.32e-04 9.05e-06 3.32e-04 3.32e-06 7.44e-06 1.36e-04 4.71e-05
62255 1.24380e+04 -4.70763e+00 2.89271e-04 1.17610e-05 2.36e-04 2.89e-07 6.83e-04 6.04e-06 5.21e-04 1.11e-07 3.91e-06 1.30e-04 1.18e-05 2.70e-04 3.32e-06 3.32e-04 9.04e-06 3.32e-04 3.32e-06 7.44e-06 1.36e-04 4.71e-05 2.70e-04 3.32e-06 3.32e-04 9.04e-06 3.32e-04 3.32e-06 7.44e-06 1.36e-04 4.71e-05
62305 1.24480e+04 -4.70129e+00 2.99555e-04 9.84657e-06 1.86e-04 2.98e-07 7.35e-04 6.21e-06 5.69e-04 5.29e-08 3.27e-06 1.46e-04 9.85e-06 2.70e-04 3.32e-06 3.32e-04 9.04e-06 3.32e-04 3.32e-06 7.43e-06 1.36e-04 4.71e-05 2.70e-04 3.32e-06 3.32e-04 9.04e-06 3.32e-04 3.32e-06 7.43e-06 1.36e-04 4.71e-05
62355 1.24580e+04 -4.71352e+00 2.89950e-04 1.70247e-05 2.18e-04 2.82e-07 7.02e-04 5.51e-06 5.24e-04 4.05e-08 2.81e-06 1.32e-04 1.70e-05 2.70e-04 3.32e-06 3.32e-04 9.03e-06 3.32e-04 3.32e-06 7.43e-06 1.36e-04 4.70e-05 2.70e-04 3.32e-06 3.32e-04 9.03e-06 3.32e-04 3.32e-06 7.43e-06 1.36e-04 4.70e-05
62405 1.24680e+04 -4.59303e+00 3.96791e-04 2.28427e-05 7.34e-04 3.02e-07 7.09e-04 5.98e-06 5.34e-04 5.96e-08 3.19e-06 1.27e-04 2.28e-05 2.70e-04 3.32e-06 3.32e-04 9.03e-06 3.32e-04 3.32e-06 7.43e-06 1.36e-04 4.70e-05 2.70e-04 3.32e-06 3.32e-04 9.03e-06 3.32e-04 3.32e-06 7.43e-06 1.36e-04 4.70e-05
62455 1.24780e+04 -4.70353e+00 2.98192e-04 1.46998e-05 2.51e-04 2.96e-07 7.11e-04 6.03e-06 5.23e-04 4.85e-08 3.17e-06 1.28e-04 1.47e-05 2.70e-04 3.32e-06 3.32e-04 9.02e-06 3.32e-04 3.32e-06 7.42e-06 1.36e-04 4.70e-05 2.70e-04 3.32e-06 3.32e-04 9.02e-06 3.32e-04 3.32e-06 7.42e-06 1.36e-04 4.70e-05
62505 1.24880e+04 -4.67942e+00 3.00669e-04 2.60716e-05 2.47e-04 2.94e-07 7.01e-04 7.32e-06 5.48e-04 8.27e-08 3.07e-06 1.31e-04 2.61e-05 2.70e-04 3.32e-06 3.32e-04 9.02e-06 3.32e-04 3.32e-06 7.42e-06 1.36e-04 4.70e-05 2.70e-04 3.32e-06 3.32e-04 9.02e-06 3.32e-04 3.32e-06 7.42e-06 1.36e-04 4.70e-05
62555 1.24980e+04 -4.68402e+00 3.00407e-04 1.57485e-05 2.62e-04 2.87e-07 7.12e-04 7.81e-06 5.20e-04 4.15e-08 4.29e-06 1.22e-04 1.57e-05 2.70e-04 3.32e-06 3.32e-04 9.02e-06 3.32e-04 3.32e-06 7.42e-06 1.36e-04 4.70e-05 2.70e-04 3.32e-06 3.32e-04 9.02e-06 3.32e-04 3.32e-06 7.42e-06 1.36e-04 4.70e-05
62605 1.25080e+04 -4.67752e+00 2.98843e-04 8.75792e-06 2.28e-04 2.87e-07 7.18e-04 5.77e-06 5.41e-04 4.97e-08 8.51e-06 1.16e-04 8.76e-06 2.70e-04 3.32e-06 3.32e-04 9.01e-06 3.32e-04 3.32e-06 7.42e-06 1.36e-04 4.69e-05 2.70e-04 3.32e-06 3.32e-04 9.01e-06 3.32e-04 3.32e-06 7.42e-06 1.36e-04 4.69e-05
62655 1.25180e+04 -4.70249e+00 2.79352e-04 1.24553e-05 2.03e-04 2.91e-07 6.87e-04 5.76e-06 5.00e-04 6.44e-08 5.23e-06 1.47e-04 1.25e-05 2.70e-04 3.32e-06 3.32e-04 9.01e-06 3.32e-04 3.32e-06 7.42e-06 1.36e-04 4.69e-05 2.70e-04 3.32e-06 3.32e-04 9.01e-06 3.32e-04 3.32e-06 7.42e-06 1.36e-04 4.69e-05
62705 1.25280e+04 -4.71192e+00 2.94182e-04 1.00618e-05 2.10e-04 2.86e-07 7.24e-04 6.10e-06 5.30e-04 4.08e-08 4.41e-06 1.11e-04 1.01e-05 2.70e-04 3.32e-06 3.32e-04 9.00e-06 3.32e-04 3.32e-06 7.42e-06 1.36e-04 4.69e-05 2.70e-04 3.32e-06 3.32e-04 9.00e-06 3.32e-04 3.32e-06 7.42e-06 1.36e-04 4.69e-05
62755 1.25380e+04 -4.70682e+00 2.81392e-04 1.20658e-05 1.95e-04 2.83e-07 6.98e-04 5.76e-06 5.08e-04 3.85e-08 6.04e-06 1.20e-04 1.21e-05 2.70e-04 3.32e-06 3.32e-04 9.00e-06 3.32e-04 3.32e-06 7.41e-06 1.36e-04 4.69e-05 2.70e-04 3.32e-06 3.32e-04 9.00e-06 3.32e-04 3.32e-06 7.41e-06 1.36e-04 4.69e-05
62805 1.25480e+04 -4.68498e+00 2.88469e-04 1.94806e-05 1.71e-04 2.87e-07 7.33e-04 6.86e-06 5.31e-04 5.26e-08 5.31e-06 1.37e-04 1.95e-05 2.70e-04 3.32e-06 3.32e-04 8.99e-06 3.32e-04 3.32e-06 7.41e-06 1.36e-04 4.68e-05 2.70e-04 3.32e-06 3.32e-04 8.99e-06 3.32e-04 3.32e-06 7.41e-06 1.36e-04 4.68e-05
62855 1.25580e+04 -4.70333e+00 2.93144e-04 1.61840e-05 2.43e-04 2.95e-07 6.78e-04 5.97e-06 5.39e-04 4.09e-08 3.45e-06 1.32e-04 1.62e-05 2.70e-04 3.32e-06 3.32e-04 8.99e-06 3.32e-04 3.32e-06 7.41e-06 1.36e-04 4.68e-05 2.70e-04 3.32e-06 3.32e-04 8.99e-06 3.32e-04 3.32e-06 7.41e-06 1.36e-04 4.68e-05
62905 1.25680e+04 -4.70948e+00 2.92148e-04 1.07271e-05 2.15e-04 2.96e-07 7.11e-04 6.57e-06 5.28e-04 6.45e-08 3.80e-06 1.22e-04 1.07e-05 2.70e-04 3.32e-06 3.32e-04 8.99e-06 3.32e-04 3.32e-06 7.41e-06 1.36e-04 4.68e-05 2.70e-04 3.32e-06 3.32e-04 8.99e-06 3.32e-04 3.32e-06 7.41e-06 1.36e-04 4.68e-05
62955 1.25780e+04 -4.59506e+00 2.92564e-04 8.80858e-06 1.96e-04 2.88e-07 7.03e-04 6.48e-06 5.58e-04 4.64e-07 1.77e-05 1.38e-04 8.81e-06 2.70e-04 3.32e-06 3.32e-04 8.98e-06 3.32e-04 3.32e-06 7.41e-06 1.36e-04 4.68e-05 2.70e-04 3.32e-06 3.32e-04 8.98e-06 3.32e-04 3.32e-06 7.41e-06 1.36e-04 4.68e-05
63005 1.25880e+04 -4.65268e+00 3.45097e-04 1.21996e-05 4.19e-04 2.96e-07 7.60e-04 6.35e-06 5.40e-04 9.08e-08 4.09e-06 1.26e-04 1.22e-05 2.70e-04 3.32e-06 3.32e-04 8.98e-06 3.32e-04 3.32e-06 7.40e-06 1.36e-04 4.68e-05 2.70e-04 3.32e-06 3.32e-04 8.98e-06 3.32e-04 3.32e-06 7.40e-06 1.36e-04 4.68e-05
63055 1.25980e+04 -4.65183e+00 3.46114e-04 1.05919e-05 4.53e-04 2.93e-07 7.26e-04 7.39e-06 5.45e-04 4.16e-08 3.70e-06 1.21e-04 1.06e-05 2.70e-04 3.32e-06 3.32e-04 8.97e-06 3.32e-04 3.32e-06 7.40e-06 1.36e-04 4.67e-05 2.70e-04 3.32e-06 3.32e-04 8.97e-06 3.32e-04 3.32e-06 7.40e-06 1.36e-04 4.67e-05
63105 1.26080e+04 -4.65949e+00 3.35743e-04 1.98068e-05 3.58e-04 2.86e-07 7.51e-04 6.13e-06 5.64e-04 3.75e-08 3.26e-06 1.33e-04 1.98e-05 2.70e-04 3.32e-06 3.32e-04 8.97e-06 3.32e-04 3.32e-06 7.40e-06 1.36e-04 4.67e-05 2.70e-04 3.32e-06 3.32e-04 8.97e-06 3.32e-04 3.32e-06 7.40e-06 1.36e-04 4.67e-05
63155 1.26180e+04 -4.73003e+00 2.87865e-04 7.20340e-06 1.88e-04 2.73e-07 7.12e-04 6.16e-06 5.33e-04 5.95e-08 2.81e-06 1.19e-04 7.20e-06 2.70e-04 3.32e-06 3.32e-04 8.97e-06 3.32e-04 3.32e-06 7.40e-06 1.36e-04 4.67e-05 2.70e-04 3.32e-06 3.32e-04 8.97e-06 3.32e-04 3.32e-06 7.40e-06 1.36e-04 4.67e-05
63205 1.26280e+04 -4.71543e+00 2.76569e-04 5.01205e-06 1.87e-04 2.68e-07 6.71e-04 5.87e-06 5.19e-04 6.14e-08 6.69e-06 1.17e-04 5.01e-06 2.70e-04 3.32e-06 3.32e-04 8.96e-06 3.32e-04 3.32e-06 7.39e-06 1.35e-04 4.67e-05 2.70e-04 3.32e-06 3.32e-04 8.96e-06 3.32e-04 3.32e-06 7.39e-06 1.35e-04 4.67e-05
63255 1.26380e+04 -4.71333e+00 2.93989e-04 9.47254e-06 1.98e-04 2.90e-07 7.28e-04 5.87e-06 5.38e-04 4.53e-08 3.79e-06 1.26e-04 9.47e-06 2.70e-04 3.32e-06 3.32e-04 8.96e-06 3.32e-04 3.32e-06 7.39e-06 1.35e-04 4.66e-05 2.70e-04 3.32e-06 3.32e-04 8.96e-06 3.32e-04 3.32e-06 7.39e-06 1.35e-04 4.66e-05
63305 1.26480e+04 -4.66944e+00 2.78243e-04 5.23503e-05 1.76e-04 2.87e-07 6.85e-04 6.05e-06 5.24e-04 7.29e-08 4.02e-06 1.35e-04 5.24e-05 2.70e-04 3.32e-06 3.32e-04 8.95e-06 3.32e-04 3.32e-06 7.39e-06 1.35e-04 4.66e-05 2.70e-04 3.32e-06 3.32e-04 8.95e-06 3.32e-04 3.32e-06 7.39e-06 1.35e-04 4.66e-05
63355 1.26580e+04 -4.65813e+00 3.28680e-04 1.35507e-05 4.10e-04 2.99e-07 7.07e-04 6.44e-06 5.20e-04 4.09e-08 5.90e-06 1.11e-04 1.36e-05 2.70e-04 3.32e-06 3.32e-04 8.95e-06 3.32e-04 3.32e-06 7.39e-06 1.35e-04 4.66e-05 2.70e-04 3.32e-06 3.32e-04 8.95e-06 3.32e-04 3.32e-06 7.39e-06 1.35e-04 4.66e-05
63405 1.26680e+04 -4.72550e+00 2.88468e-04 3.03949e-06 1.75e-04 2.80e-07 7.15e-04 5.54e-06 5.47e-04 4.00e-08 4.13e-06 1.28e-04 3.04e-06 2.70e-04 3.32e-06 3.32e-04 8.94e-06 3.32e-04 3.32e-06 7.39e-06 1.35e-04 4.66e-05 2.70e-04 3.32e-06 3.32e-04 8.94e-06 3.32e-04 3.32e-06 7.39e-06 1.35e-04 4.66e-05
63455 1.26780e+04 -4.68198e+00 3.27374e-04 1.34422e-05 3.70e-04 2.96e-07 7.19e-04 5.80e-06 5.41e-04 8.51e-08 3.23e-06 1.16e-04 1.34e-05 2.70e-04 3.32e-06 3.32e-04 8.94e-06 3.32e-04 3.32e-06 7.39e-06 1.35e-04 4.66e-05 2.70e-04 3.32e-06 3.32e-04 8.94e-06 3.32e-04 3.32e-06 7.39e-06 1.35e-04 4.66e-05
63505 1.26880e+04 -4.70350e+00 3.05664e-04 3.71187e-06 2.96e-04 2.78e-07 7.03e-04 6.69e-06 5.23e-04 8.91e-08 3.47e-06 1.27e-04 3.71e-06 2.70e-04 3.32e-06 3.32e-04 8.93e-06 3.32e-04 3.32e-06 7.39e-06 1.35e-04 4.65e-05 2.70e-04 3.32e-06 3.32e-04 8.93e-06 3.32e-04 3.32e-06 7.39e-06 1.35e-04 4.65e-05
63555 1.26980e+04 -4.69553e+00 3.23947e-04 5.27569e-06 3.79e-04 3.01e-07 7.02e-04 5.65e-06 5.33e-04 4.25e-08 4.32e-06 9.71e-05 5.28e-06 2.70e-04 3.32e-06 3.32e-04 8.93e-06 3.32e-04 3.32e-06 7.38e-06 1.35e-04 4.65e-05 2.70e-04 3.32e-06 3.32e-04 8.93e-06 3.32e-04 3.32e-06 7.38e-06 1.35e-04 4.65e-05
63605 1.27080e+04 -4.73999e+00 2.65285e-04 9.12208e-06 1.66e-04 2.92e-07 6.56e-04 5.86e-06 4.98e-04 5.93e-08 3.38e-06 1.31e-04 9.12e-06 2.70e-04 3.32e-06 3.32e-04 8.93e-06 3.32e-04 3.32e-06 7.38e-06 1.35e-04 4.65e-05 2.70e-04 3.32e-06 3.32e-04 8.93e-06 3.32e-04 3.32e-06 7.38e-06 1.35e-04 4.65e-05
63655 1.27180e+04 -4.68644e+00 3.24065e-04 3.72014e-06 3.76e-04 2.78e-07 7.11e-04 5.64e-06 5.27e-04 5.98e-08 4.68e-06 1.18e-04 3.72e-06 2.70e-04 3.32e-06 3.32e-04 8.92e-06 3.32e-04 3.32e-06 7.38e-06 1.35e-04 4.65e-05 2.70e-04 3.32e-06 3.32e-04 8.92e-06 3.32e-04 3.32e-06 7.38e-06 1.35e-04 4.65e-05
63705 1.27280e+04 -4.71638e+00 2.83599e-04 2.01210e-05 1.44e-04 2.77e-07 7.21e-04 6.05e-06 5.47e-04 6.49e-08 2.83e-06 1.29e-04 2.01e-05 2.70e-04 3.32e-06 3.32e-04 8.92e-06 3.32e-04 3.32e-06 7.38e-06 1.35e-04 4.64e-05 2.70e-04 3.32e-06 3.32e-04 8.92e-06 3.32e-04 3.32e-06 7.38e-06 1.35e-04 4.64e-05
63755 1.27380e+04 -4.64599e+00 3.21709e-04 6.53260e-06 2.85e-04 2.90e-07 7.61e-04 5.68e-06 5.57e-04 4.43e-08 1.01e-05 1.22e-04 6.53e-06 2.70e-04 3.32e-06 3.32e-04 8.91e-06 3.32e-04 3.32e-06 7.38e-06 1.35e-04 4.64e-05 2.70e-04 3.32e-06 3.32e-04 8.91e-06 3.32e-04 3.32e-06 7.38e-06 1.35e-04 4.64e-05
63805 1.27480e+04 -4.72943e+00 2.86524e-04 5.90256e-06 1.80e-04 2.81e-07 7.01e-04 5.77e-06 5.45e-04 4.82e-08 3.45e-06 1.23e-04 5.90e-06 2.70e-04 3.32e-06 3.32e-04 8.91e-06 3.32e-04 3.32e-06 7.38e-06 1.35e-04 4.64e-05 2.70e-04 3.32e-06 3.32e-04 8.91e-06 3.32e-04 3.32e-06 7.38e-06 1.35e-04 4.64e-05
63855 1.27580e+04 -4.70499e+00 2.93908e-04 1.60794e-05 2.53e-04 2.78e-07 6.82e-04 5.78e-06 5.28e-04 9.31e-08 3.14e-06 1.35e-04 1.61e-05 2.70e-04 3.32e-06 3.32e-04 8.90e-06 3.32e-04 3.32e-06 7.37e-06 1.35e-04 4.64e-05 2.70e-04 3.32e-06 3.32e-04 8.90e-06 3.32e-04 3.32e-06 7.37e-06 1.35e-04 4.64e-05
63905 1.27680e+04 -4.68906e+00 3.02517e-04 2.21430e-05 2.09e-04 2.82e-07 7.33e-04 6.43e-06 5.63e-04 5.17e-08 3.37e-06 1.30e-04 2.21e-05 2.70e-04 3.32e-06 3.32e-04 8.90e-06 3.32e-04 3.32e-06 7.37e-06 1.35e-04 4.64e-05 2.70e-04 3.32e-06 3.32e-04 8.90e-06 3.32e-04 3.32e-06 7.37e-06 1.35e-04 4.64e-05
63955 1.27780e+04 -4.70149e+00 2.95905e-04 1.42781e-05 2.23e-04 2.92e-07 7.10e-04 7.28e-06 5.38e-04 8.08e-08 2.96e-06 1.28e-04 1.43e-05 2.70e-04 3.32e-06 3.32e-04 8.90e-06 3.32e-04 3.32e-06 7.37e-06 1.35e-04 4.63e-05 2.70e-04 3.32e-06 3.32e-04 8.90e-06 3.32e-04 3.32e-06 7.37e-06 1.35e-04 4.63e-05
64005 1.27880e+04 -4.70359e+00 2.93296e-04 2.00219e-05 2.05e-04 2.87e-07 7.26e-04 5.60e-06 5.29e-04 4.73e-08 2.88e-06 1.42e-04 2.00e-05 2.70e-04 3.32e-06 3.32e-04 8.89e-06 3.32e-04 3.32e-06 7.37e-06 1.35e-04 4.63e-05 2.70e-04 3.32e-06 3.32e-04 8.89e-06 3.32e-04 3.32e-06 7.37e-06 1.35e-04 4.63e-05
64055 1.27980e+04 -4.69826e+00 3.04316e-04 1.67089e-05 3.18e-04 2.83e-07 6.92e-04 6.13e-06 5.06e-04 3.79e-08 3.19e-06 1.18e-04 1.67e-05 2.70e-04 3.32e-06 3.32e-04 8.89e-06 3.32e-04 3.32e-06 7.37e-06 1.35e-04 4.63e-05 2.70e-04 3.32e-06 3.32e-04 8.89e-06 3.32e-04 3.32e-06 7.37e-06 1.35e-04 4.63e-05
64105 1.28080e+04 -4.69937e+00 2.87294e-04 9.22866e-06 2.05e-04 2.87e-07 6.80e-04 8.16e-06 5.43e-04 7.61e-08 3.14e-06 1.52e-04 9.23e-06 2.70e-04 3.32e-06 3.32e-04 8.88e-06 3.32e-04 3.32e-06 7.36e-06 1.35e-04 4.63e-05 2.70e-04 3.32e-06 3.32e-04 8.88e-06 3.32e-04 3.32e-06 7.36e-06 1.35e-04 4.63e-05
64155 1.28180e+04 -4.71232e+00 2.83538e-04 1.75406e-05 2.05e-04 2.79e-07 6.83e-04 5.82e-06 5.23e-04 3.79e-08 3.82e-06 1.28e-04 1.75e-05 2.70e-04 3.32e-06 3.32e-04 8.88e-06 3.32e-04 3.32e-06 7.36e-06 1.35e-04 4.63e-05 2.70e-04 3.32e-06 3.32e-04 8.88e-06 3.32e-04 3.32e-06 7.36e-06 1.35e-04 4.63e-05
64205 1.28280e+04 -4.69674e+00 2.89885e-04 1.99310e-05 1.87e-04 2.76e-07 7.02e-04 6.35e-06 5.53e-04 3.98e-08 3.32e-06 1.49e-04 1.99e-05 2.70e-04 3.32e-06 3.32e-04 8.87e-06 3.32e-04 3.32e-06 7.36e-06 1.35e-04 4.62e-05 2.70e-04 3.32e-06 3.32e-04 8.87e-06 3.32e-04 3.32e-06 7.36e-06 1.35e-04 4.62e-05
64255 1.28380e+04 -4.62631e+00 2.99293e-04 1.12830e-05 3.14e-04 2.74e-07 6.74e-04 7.06e-06 5.01e-04 3.27e-08 1.33e-05 1.21e-04 1.13e-05 2.70e-04 3.32e-06 3.32e-04 8.87e-06 3.32e-04 3.32e-06 7.36e-06 1.35e-04 4.62e-05 2.70e-04 3.32e-06 3.32e-04 8.87e-06 3.32e-04 3.32e-06 7.36e-06 1.35e-04 4.62e-05
64305 1.28480e+04 -4.69709e+00 2.99511e-04 1.89703e-05 2.17e-04 2.72e-07 7.15e-04 5.67e-06 5.60e-04 7.14e-08 3.90e-06 1.27e-04 1.90e-05 2.70e-04 3.31e-06 3.32e-04 8.87e-06 3.32e-04 3.32e-06 7.36e-06 1.35e-04 4.62e-05 2.70e-04 3.32e-06 3.32e-04 8.87e-06 3.32e-04 3.32e-06 7.36e-06 1.35e-04 4.62e-05
64355 1.28580e+04 -4.72665e+00 2.84630e-04 8.68616e-06 1.90e-04 2.76e-07 6.97e-04 5.71e-06 5.31e-04 7.45e-08 3.28e-06 1.29e-04 8.69e-06 2.70e-04 3.31e-06 3.32e-04 8.86e-06 3.32e-04 3.31e-06 7.35e-06 1.35e-04 4.62e-05 2.70e-04 3.32e-06 3.32e-04 8.86e-06 3.32e-04 3.32e-06 7.35e-06 1.35e-04 4.62e-05
64405 1.28680e+04 -4.64261e+00 3.31078e-04 3.03200e-05 4.20e-04 2.95e-07 6.91e-04 5.80e-06 5.39e-04 5.65e-08 4.48e-06 1.30e-04 3.03e-05 2.70e-04 3.31e-06 3.31e-04 8.86e-06 3.31e-04 3.31e-06 7.35e-06 1.35e-04 4.61e-05 2.70e-04 3.31e-06 3.31e-04 8.86e-06 3.31e-04 3.31e-06 7.35e-06 1.35e-04 4.61e-05
64455 1.28780e+04 -4.71850e+00 2.93647e-04 1.13094e-05 1.80e-04 2.66e-07 7.32e-04 5.62e-06 5.50e-04 4.09e-08 3.19e-06 1.28e-04 1.13e-05 2.70e-04 3.31e-06 3.31e-04 8.85e-06 3.31e-04 3.31e-06 7.35e-06 1.35e-04 4.61e-05 2.70e-04 3.31e-06 3.31e-04 8.85e-06 3.31e-04 3.31e-06 7.35e-06 1.35e-04 4.61e-05
64505 1.28880e+04 -4.69811e+00 2.97389e-04 1.21486e-05 2.67e-04 2.95e-07 7.00e-04 7.12e-06 5.13e-04 3.80e-08 4.03e-06 1.21e-04 1.21e-05 2.70e-04 3.31e-06 3.31e-04 8.85e-06 3.31e-04 3.31e-06 7.35e-06 1.34e-04 4.61e-05 2.70e-04 3.31e-06 3.31e-04 8.85e-06 3.31e-04 3.31e-06 7.35e-06 1.34e-04 4.61e-05
64555 1.28980e+04 -4.69277e+00 2.98728e-04 1.47207e-05 2.41e-04 2.76e-07 7.12e-04 7.12e-06 5.33e-04 9.05e-08 3.01e-06 1.43e-04 1.47e-05 2.70e-04 3.31e-06 3.31e-04 8.84e-06 3.31e-04 3.31e-06 7.35e-06 1.34e-04 4.61e-05 2.70e-04 3.31e-06 3.31e-04 8.84e-06 3.31e-04 3.31e-06 7.35e-06 1.34e-04 4.61e-05
64605 1.29080e+04 -4.66994e+00 3.02913e-04 2.70577e-05 2.89e-04 2.79e-07 6.98e-04 6.03e-06 5.21e-04 4.97e-08 5.46e-06 1.23e-04 2.71e-05 2.70e-04 3.31e-06 3.31e-04 8.84e-06 3.31e-04 3.31e-06 7.34e-06 1.34e-04 4.61e-05 2.70e-04 3.31e-06 3.31e-04 8.84e-06 3.31e-04 3.31e-06 7.34e-06 1.34e-04 4.61e-05
64655 1.29180e+04 -4.72153e+00 2.91822e-04 6.59985e-06 1.72e-04 2.86e-07 7.29e-04 5.75e-06 5.52e-04 2.33e-07 3.23e-06 1.28e-04 6.60e-06 2.70e-04 3.31e-06 3.31e-04 8.84e-06 3.31e-04 3.31e-06 7.34e-06 1.34e-04 4.60e-05 2.70e-04 3.31e-06 3.31e-04 8.84e-06 3.31e-04 3.31e-06 7.34e-06 1.34e-04 4.60e-05
64705 1.29280e+04 -4.64889e+00 2.71898e-04 9.56271e-06 1.82e-04 2.78e-07 6.43e-04 5.82e-06 5.29e-04 3.86e-08 1.40e-05 1.45e-04 9.56e-06 2.70e-04 3.31e-06 3.31e-04 8.83e-06 3.31e-04 3.31e-06 7.34e-06 1.34e-04 4.60e-05 2.70e-04 3.31e-06 3.31e-04 8.83e-06 3.31e-04 3.31e-06 7.34e-06 1.34e-04 4.60e-05
64755 1.29380e+04 -4.67960e+00 3.27285e-04 1.08827e-05 3.68e-04 2.89e-07 7.16e-04 6.19e-06 5.46e-04 4.42e-08 3.32e-06 1.27e-04 1.09e-05 2.70e-04 3.31e-06 3.31e-04 8.83e-06 3.31e-04 3.31e-06 7.34e-06 1.34e-04 4.60e-05 2.70e-04 3.31e-06 3.31e-04 8.83e-06 3.31e-04 3.31e-06 7.34e-06 1.34e-04 4.60e-05
64805 1.29480e+04 -4.71447e+00 2.76778e-04 2.08337e-05 2.15e-04 2.68e-07 6.65e-04 6.10e-06 4.97e-04 4.64e-08 3.34e-06 1.32e-04 2.08e-05 2.70e-04 3.31e-06 3.31e-04 8.82e-06 3.31e-04 3.31e-06 7.33e-06 1.34e-04 4.60e-05 2.70e-04 3.31e-06 3.31e-04 8.82e-06 3.31e-04 3.31e-06 7.33e-06 1.34e-04 4.60e-05
64855 1.29580e+04 -4.69495e+00 2.70615e-04 4.26455e-05 1.95e-04 2.97e-07 6.47e-04 6.54e-06 5.04e-04 5.83e-08 2.68e-06 1.34e-04 4.26e-05 2.70e-04 3.31e-06 3.31e-04 8.82e-06 3.31e-04 3.31e-06 7.33e-06 1.34e-04 4.60e-05 2.70e-04 3.31e-06 3.31e-04 8.82e-06 3.31e-04 3.31e-06 7.33e-06 1.34e-04 4.60e-05
64905 1.29680e+04 -4.70376e+00 2.97397e-04 1.26909e-05 2.85e-04 2.74e-07 6.67e-04 5.78e-06 5.29e-04 4.25e-08 3.08e-06 1.43e-04 1.27e-05 2.69e-04 3.31e-06 3.31e-04 8.82e-06 3.31e-04 3.31e-06 7.33e-06 1.34e-04 4.59e-05 2.69e-04 3.31e-06 3.31e-04 8.82e-06 3.31e-04 3.31e-06 7.33e-06 1.34e-04 4.59e-05
64955 1.29780e+04 -4.70034e+00 3.06892e-04 1.03962e-05 3.11e-04 2.70e-07 6.96e-04 5.75e-06 5.21e-04 4.97e-08 3.52e-06 1.28e-04 1.04e-05 2.69e-04 3.31e-06 3.31e-04 8.81e-06 3.31e-04 3.31e-06 7.33e-06 1.34e-04 4.59e-05 2.69e-04 3.31e-06 3.31e-04 8.81e-06 3.31e-04 3.31e-06 7.33e-06 1.34e-04 4.59e-05
65005 1.29870e+04 -4.72078e+00 2.85252e-04 1.23959e-05 1.80e-04 2.78e-07 6.96e-04 5.88e-06 5.44e-04 4.12e-08 4.10e-06 1.17e-04 1.24e-05 2.69e-04 3.31e-06 3.31e-04 8.81e-06 3.31e-04 3.31e-06 7.33e-06 1.34e-04 4.59e-05 2.69e-04 3.31e-06 3.31e-04 8.81e-06 3.31e-04 3.31e-06 7.33e-06 1.34e-04 4.59e-05
65055 1.29970e+04 -4.61068e+00 3.30597e-04 1.57725e-05 3.76e-04 3.12e-07 7.38e-04 6.11e-06 5.33e-04 6.21e-08 1.10e-05 1.32e-04 1.58e-05 2.69e-04 3.31e-06 3.31e-04 8.80e-06 3.31e-04 3.31e-06 7.32e-06 1.34e-04 4.59e-05 2.69e-04 3.31e-06 3.31e-04 8.80e-06 3.31e-04 3.31e-06 7.32e-06 1.34e-04 4.59e-05
65105 1.30070e+04 -4.72046e+00 3.01088e-04 7.01991e-07 2.81e-04 2.81e-07 7.17e-04 5.60e-06 5.02e-04 3.64e-08 3.38e-06 1.28e-04 7.02e-07 2.69e-04 3.31e-06 3.31e-04 8.80e-06 3.31e-04 3.31e-06 7.32e-06 1.34e-04 4.59e-05 2.69e-04 3.31e-06 3.31e-04 8.80e-06 3.31e-04 3.31e-06 7.32e-06 1.34e-04 4.59e-05
65155 1.30170e+04 -4.67666e+00 2.84337e-04 2.15276e-05 1.94e-04 2.95e-07 6.97e-04 7.52e-06 5.22e-04 4.15e-08 7.53e-06 1.09e-04 2.15e-05 2.69e-04 3.31e-06 3.31e-04 8.79e-06 3.31e-04 3.31e-06 7.32e-06 1.34e-04 4.58e-05 2.69e-04 3.31e-06 3.31e-04 8.79e-06 3.31e-04 3.31e-06 7.32e-06 1.34e-04 4.58e-05
65205 1.30270e+04 -4.70443e+00 2.96977e-04 6.48241e-06 2.28e-04 2.82e-07 7.11e-04 5.42e-06 5.40e-04 4.91e-08 5.88e-06 1.19e-04 6.48e-06 2.69e-04 3.31e-06 3.31e-04 8.79e-06 3.31e-04 3.31e-06 7.32e-06 1.34e-04 4.58e-05 2.69e-04 3.31e-06 3.31e-04 8.79e-06 3.31e-04 3.31e-06 7.32e-06 1.34e-04 4.58e-05
65255 1.30370e+04 -4.68453e+00 3.18008e-04 1.46591e-05 3.17e-04 2.67e-07 7.40e-04 6.24e-06 5.27e-04 2.81e-08 3.29e-06 1.30e-04 1.47e-05 2.70e-04 3.31e-06 3.31e-04 8.79e-06 3.31e-04 3.31e-06 7.32e-06 1.34e-04 4.58e-05 2.70e-04 3.31e-06 3.31e-04 8.79e-06 3.31e-04 3.31e-06 7.32e-06 1.34e-04 4.58e-05
65305 1.30470e+04 -4.66071e+00 3.02746e-04 1.37057e-05 2.88e-04 2.78e-07 6.86e-04 6.00e-06 5.34e-04 4.21e-08 8.42e-06 1.32e-04 1.37e-05 2.70e-04 3.31e-06 3.31e-04 8.78e-06 3.31e-04 3.31e-06 7.32e-06 1.34e-04 4.58e-05 2.70e-04 3.31e-06 3.31e-04 8.78e-06 3.31e-04 3.31e-06 7.32e-06 1.34e-04 4.58e-05
65355 1.30570e+04 -4.66357e+00 3.26127e-04 8.08526e-06 4.04e-04 2.68e-07 6.87e-04 5.66e-06 5.34e-04 4.97e-08 7.03e-06 1.14e-04 8.09e-06 2.70e-04 3.31e-06 3.31e-04 8.78e-06 3.31e-04 3.31e-06 7.31e-06 1.34e-04 4.58e-05 2.70e-04 3.31e-06 3.31e-04 8.78e-06 3.31e-04 3.31e-06 7.31e-06 1.34e-04 4.58e-05
65405 1.30670e+04 -4.62818e+00 3.21638e-04 5.77272e-05 3.19e-04 2.70e-07 7.60e-04 6.31e-06 5.22e-04 2.84e-08 2.91e-06 1.38e-04 5.77e-05 2.70e-04 3.31e-06 3.31e-04 8.77e-06 3.31e-04 3.31e-06 7.31e-06 1.34e-04 4.57e-05 2.70e-04 3.31e-06 3.31e-04 8.77e-06 3.31e-04 3.31e-06 7.31e-06 1.34e-04 4.57e-05
65455 1.30770e+04 -4.67697e+00 3.33315e-04 9.10506e-06 4.09e-04 2.87e-07 7.15e-04 5.74e-06 5.36e-04 1.28e-07 3.20e-06 1.29e-04 9.11e-06 2.70e-04 3.31e-06 3.31e-04 8.77e-06 3.31e-04 3.31e-06 7.31e-06 1.34e-04 4.57e-05 2.70e-04 3.31e-06 3.31e-04 8.77e-06 3.31e-04 3.31e-06 7.31e-06 1.34e-04 4.57e-05
65505 1.30870e+04 -4.69665e+00 2.95257e-04 1.09763e-05 2.54e-04 2.82e-07 6.95e-04 5.46e-06 5.22e-04 6.73e-08 6.07e-06 1.22e-04 1.10e-05 2.70e-04 3.31e-06 3.31e-04 8.77e-06 3.31e-04 3.31e-06 7.31e-06 1.34e-04 4.57e-05 2.70e-04 3.31e-06 3.31e-04 8.77e-06 3.31e-04 3.31e-06 7.31e-06 1.34e-04 4.57e-05
65555 1.30970e+04 -4.63805e+00 3.35893e-04 2.79301e-05 4.27e-04 2.92e-07 7.03e-04 6.44e-06 5.43e-04 3.37e-08 4.95e-06 1.22e-04 2.79e-05 2.70e-04 3.31e-06 3.31e-04 8.76e-06 3.31e-04 3.31e-06 7.31e-06 1.34e-04 4.57e-05 2.70e-04 3.31e-06 3.31e-04 8.76e-06 3.31e-04 3.31e-06 7.31e-06 1.34e-04 4.57e-05
65605 1.31070e+04 -4.67423e+00 2.75891e-04 3.58681e-05 1.69e-04 2.78e-07 6.85e-04 6.89e-06 5.18e-04 3.22e-08 5.02e-06 1.49e-04 3.59e-05 2.70e-04 3.31e-06 3.31e-04 8.76e-06 3.31e-04 3.31e-06 7.30e-06 1.34e-04 4.57e-05 2.70e-04 3.31e-06 3.31e-04 8.76e-06 3.31e-04 3.31e-06 7.30e-06 1.34e-04 4.57e-05
65655 1.31170e+04 -4.67461e+00 3.25186e-04 1.49408e-05 4.08e-04 2.84e-07 6.94e-04 6.46e-06 5.17e-04 5.49e-08 2.84e-06 1.33e-04 1.49e-05 2.70e-04 3.31e-06 3.31e-04 8.75e-06 3.31e-04 3.31e-06 7.30e-06 1.34e-04 4.56e-05 2.70e-04 3.31e-06 3.31e-04 8.75e-06 3.31e-04 3.31e-06 7.30e-06 1.34e-04 4.56e-05
65705 1.31270e+04 -4.66947e+00 2.76510e-04 6.14289e-05 2.28e-04 2.68e-07 6.59e-04 5.29e-06 4.90e-04 3.15e-08 4.90e-06 1.06e-04 6.14e-05 2.70e-04 3.31e-06 3.31e-04 8.75e-06 3.31e-04 3.31e-06 7.30e-06 1.34e-04 4.56e-05 2.70e-04 3.31e-06 3.31e-04 8.75e-06 3.31e-04 3.31e-06 7.30e-06 1.34e-04 4.56e-05
65755 1.31370e+04 -4.64115e+00 2.98940e-04 5.71725e-05 2.45e-04 2.71e-07 7.08e-04 5.80e-06 5.36e-04 3.28e-08 4.09e-06 1.47e-04 5.72e-05 2.70e-04 3.31e-06 3.31e-04 8.74e-06 3.31e-04 3.31e-06 7.30e-06 1.34e-04 4.56e-05 2.70e-04 3.31e-06 3.31e-04 8.74e-06 3.31e-04 3.31e-06 7.30e-06 1.34e-04 4.56e-05
65805 1.31470e+04 -4.65193e+00 3.31708e-04 2.53172e-05 3.98e-04 2.90e-07 7.24e-04 6.53e-06 5.30e-04 2.83e-08 3.01e-06 1.42e-04 2.53e-05 2.70e-04 3.31e-06 3.31e-04 8.74e-06 3.31e-04 3.31e-06 7.30e-06 1.33e-04 4.56e-05 2.70e-04 3.31e-06 3.31e-04 8.74e-06 3.31e-04 3.31e-06 7.30e-06 1.33e-04 4.56e-05
65855 1.31570e+04 -4.67437e+00 2.99470e-04 8.22970e-06 1.73e-04 2.84e-07 7.55e-04 7.15e-06 5.63e-04 6.39e-08 7.38e-06 1.34e-04 8.23e-06 2.70e-04 3.31e-06 3.31e-04 8.73e-06 3.31e-04 3.31e-06 7.30e-06 1.33e-04 4.56e-05 2.70e-04 3.31e-06 3.31e-04 8.73e-06 3.31e-04 3.31e-06 7.30e-06 1.33e-04 4.56e-05
65905 1.31670e+04 -4.66354e+00 3.30495e-04 2.31111e-05 4.72e-04 2.83e-07 6.67e-04 5.74e-06 5.07e-04 3.40e-08 3.60e-06 1.18e-04 2.31e-05 2.70e-04 3.31e-06 3.31e-04 8.73e-06 3.31e-04 3.31e-06 7.30e-06 1.33e-04 4.55e-05 2.70e-04 3.31e-06 3.31e-04 8.73e-06 3.31e-04 3.31e-06 7.30e-06 1.33e-04 4.55e-05
65955 1.31770e+04 -4.66938e+00 3.19455e-04 2.11669e-05 3.04e-04 2.70e-07 7.31e-04 6.23e-06 5.56e-04 7.56e-08 3.07e-06 1.48e-04 2.12e-05 2.70e-04 3.31e-06 3.31e-04 8.73e-06 3.31e-04 3.31e-06 7.29e-06 1.33e-04 4.55e-05 2.70e-04 3.31e-06 3.31e-04 8.73e-06 3.31e-04 3.31e-06 7.29e-06 1.33e-04 4.55e-05
66005 1.31870e+04 -4.71983e+00 2.89399e-04 1.63772e-05 1.54e-04 2.66e-07 7.41e-04 5.44e-06 5.46e-04 5.23e-08 2.94e-06 1.31e-04 1.64e-05 2.70e-04 3.31e-06 3.31e-04 8.72e-06 3.31e-04 3.31e-06 7.29e-06 1.33e-04 4.55e-05 2.70e-04 3.31e-06 3.31e-04 8.72e-06 3.31e-04 3.31e-06 7.29e-06 1.33e-04 4.55e-05
66055 1.31970e+04 -4.68005e+00 3.33860e-04 1.36483e-06 4.37e-04 2.84e-07 6.94e-04 5.85e-06 5.32e-04 4.65e-08 3.53e-06 1.38e-04 1.36e-06 2.70e-04 3.31e-06 3.31e-04 8.72e-06 3.31e-04 3.31e-06 7.29e-06 1.33e-04 4.55e-05 2.70e-04 3.31e-06 3.31e-04 8.72e-06 3.31e-04 3.31e-06 7.29e-06 1.33e-04 4.55e-05
66105 1.32070e+04 -4.70112e+00 2.82455e-04 2.22047e-05 1.62e-04 2.61e-07 7.05e-04 5.55e-06 5.40e-04 6.71e-08 5.27e-06 1.27e-04 2.22e-05 2.70e-04 3.31e-06 3.31e-04 8.71e-06 3.31e-04 3.31e-06 7.29e-06 1.33e-04 4.55e-05 2.70e-04 3.31e-06 3.31e-04 8.71e-06 3.31e-04 3.31e-06 7.29e-06 1.33e-04 4.55e-05
66155 1.32170e+04 -4.70332e+00 3.14564e-04 7.77005e-06 3.90e-04 2.74e-07 6.55e-04 5.43e-06 5.21e-04 4.93e-08 3.00e-06 1.22e-04 7.77e-06 2.70e-04 3.31e-06 3.31e-04 8.71e-06 3.31e-04 3.31e-06 7.28e-06 1.33e-04 4.55e-05 2.70e-04 3.31e-06 3.31e-04 8.71e-06 3.31e-04 3.31e-06 7.28e-06 1.33e-04 4.55e-05
66205 1.32270e+04 -4.66199e+00 3.10900e-04 1.99237e-05 2.95e-04 2.75e-07 6.99e-04 5.43e-06 5.55e-04 6.22e-08 7.46e-06 1.20e-04 1.99e-05 2.70e-04 3.31e-06 3.31e-04 8.70e-06 3.31e-04 3.31e-06 7.28e-06 1.33e-04 4.54e-05 2.70e-04 3.31e-06 3.31e-04 8.70e-06 3.31e-04 3.31e-06 7.28e-06 1.33e-04 4.54e-05
66255 1.32370e+04 -4.68118e+00 2.80097e-04 2.15802e-05 1.74e-04 2.74e-07 6.86e-04 5.47e-06 5.35e-04 7.98e-08 8.68e-06 1.19e-04 2.16e-05 2.70e-04 3.31e-06 3.31e-04 8.70e-06 3.31e-04 3.31e-06 7.28e-06 1.33e-04 4.54e-05 2.70e-04 3.31e-06 3.31e-04 8.70e-06 3.31e-04 3.31e-06 7.28e-06 1.33e-04 4.54e-05
66305 1.32470e+04 -4.69552e+00 3.12410e-04 1.39554e-05 3.28e-04 2.81e-07 7.05e-04 5.95e-06 5.23e-04 2.66e-08 3.16e-06 1.23e-04 1.40e-05 2.70e-04 3.31e-06 3.31e-04 8.70e-06 3.31e-04 3.31e-06 7.28e-06 1.33e-04 4.54e-05 2.70e-04 3.31e-06 3.31e-04 8.70e-06 3.31e-04 3.31e-06 7.28e-06 1.33e-04 4.54e-05
66355 1.32570e+04 -4.68393e+00 3.10677e-04 2.37683e-05 2.97e-04 2.67e-07 7.07e-04 5.78e-06 5.43e-04 3.06e-08 2.87e-06 1.37e-04 2.38e-05 2.70e-04 3.31e-06 3.31e-04 8.69e-06 3.31e-04 3.31e-06 7.28e-06 1.33e-04 4.54e-05 2.70e-04 3.31e-06 3.31e-04 8.69e-06 3.31e-04 3.31e-06 7.28e-06 1.33e-04 4.54e-05
66405 1.32670e+04 -4.65905e+00 3.14435e-04 4.02459e-05 4.00e-04 2.73e-07 6.69e-04 5.63e-06 4.97e-04 4.95e-08 3.53e-06 1.20e-04 4.02e-05 2.70e-04 3.31e-06 3.31e-04 8.69e-06 3.31e-04 3.31e-06 7.27e-06 1.33e-04 4.54e-05 2.70e-04 3.31e-06 3.31e-04 8.69e-06 3.31e-04 3.31e-06 7.27e-06 1.33e-04 4.54e-05
66455 1.32770e+04 -4.62640e+00 3.16940e-04 3.81418e-05 3.51e-04 2.66e-07 7.09e-04 6.35e-06 5.18e-04 6.84e-08 7.44e-06 1.22e-04 3.81e-05 2.70e-04 3.31e-06 3.31e-04 8.68e-06 3.31e-04 3.31e-06 7.27e-06 1.33e-04 4.53e-05 2.70e-04 3.31e-06 3.31e-04 8.68e-06 3.31e-04 3.31e-06 7.27e-06 1.33e-04 4.53e-05
66505 1.32870e+04 -4.65578e+00 3.31771e-04 1.44006e-05 4.17e-04 2.70e-07 7.06e-04 6.65e-06 5.29e-04 2.80e-08 4.85e-06 1.30e-04 1.44e-05 2.70e-04 3.31e-06 3.31e-04 8.68e-06 3.31e-04 3.31e-06 7.27e-06 1.33e-04 4.53e-05 2.70e-04 3.31e-06 3.31e-04 8.68e-06 3.31e-04 3.31e-06 7.27e-06 1.33e-04 4.53e-05
66555 1.32970e+04 -4.72744e+00 2.92933e-04 6.03702e-06 1.70e-04 2.69e-07 7.16e-04 5.96e-06 5.72e-04 4.11e-08 3.42e-06 1.19e-04 6.04e-06 2.70e-04 3.31e-06 3.31e-04 8.67e-06 3.31e-04 3.31e-06 7.27e-06 1.33e-04 4.53e-05 2.70e-04 3.31e-06 3.31e-04 8.67e-06 3.31e-04 3.31e-06 7.27e-06 1.33e-04 4.53e-05
66605 1.33070e+04 -4.68048e+00 3.29286e-04 4.07818e-06 4.07e-04 2.78e-07 7.10e-04 5.92e-06 5.23e-04 3.15e-08 3.30e-06 1.46e-04 4.08e-06 2.70e-04 3.31e-06 3.31e-04 8.67e-06 3.31e-04 3.31e-06 7.27e-06 1.33e-04 4.53e-05 2.70e-04 3.31e-06 3.31e-04 8.67e-06 3.31e-04 3.31e-06 7.27e-06 1.33e-04 4.53e-05
66655 1.33170e+04 -4.65814e+00 3.22290e-04 1.67788e-05 3.53e-04 2.66e-07 7.15e-04 5.71e-06 5.38e-04 3.07e-08 6.22e-06 1.31e-04 1.68e-05 2.70e-04 3.31e-06 3.31e-04 8.67e-06 3.31e-04 3.31e-06 7.26e-06 1.33e-04 4.53e-05 2.70e-04 3.31e-06 3.31e-04 8.67e-06 3.31e-04 3.31e-06 7.26e-06 1.33e-04 4.53e-05
66705 1.33270e+04 -4.72658e+00 2.91759e-04 7.63304e-06 1.89e-04 2.51e-07 7.26e-04 5.55e-06 5.38e-04 4.32e-08 3.25e-06 1.27e-04 7.63e-06 2.70e-04 3.31e-06 3.31e-04 8.66e-06 3.31e-04 3.31e-06 7.26e-06 1.33e-04 4.52e-05 2.70e-04 3.31e-06 3.31e-04 8.66e-06 3.31e-04 3.31e-06 7.26e-06 1.33e-04 4.52e-05
66755 1.33370e+04 -4.65528e+00 3.01957e-04 5.58295e-05 2.95e-04 2.69e-07 6.68e-04 5.56e-06 5.41e-04 5.47e-08 3.12e-06 1.27e-04 5.58e-05 2.70e-04 3.31e-06 3.31e-04 8.66e-06 3.31e-04 3.31e-06 7.26e-06 1.33e-04 4.52e-05 2.70e-04 3.31e-06 3.31e-04 8.66e-06 3.31e-04 3.31e-06 7.26e-06 1.33e-04 4.52e-05
66805 1.33470e+04 -4.72925e+00 2.82518e-04 1.48672e-05 1.62e-04 2.72e-07 6.78e-04 5.43e-06 5.67e-04 3.57e-08 3.77e-06 1.12e-04 1.49e-05 2.70e-04 3.31e-06 3.31e-04 8.65e-06 3.31e-04 3.31e-06 7.26e-06 1.33e-04 4.52e-05 2.70e-04 3.31e-06 3.31e-04 8.65e-06 3.31e-04 3.31e-06 7.26e-06 1.33e-04 4.52e-05
66855 1.33570e+04 -4.71504e+00 2.91290e-04 1.29841e-05 1.65e-04 2.72e-07 7.30e-04 5.63e-06 5.56e-04 5.81e-08 3.87e-06 1.28e-04 1.30e-05 2.70e-04 3.31e-06 3.31e-04 8.65e-06 3.31e-04 3.31e-06 7.26e-06 1.33e-04 4.52e-05 2.70e-04 3.31e-06 3.31e-04 8.65e-06 3.31e-04 3.31e-06 7.26e-06 1.33e-04 4.52e-05
66905 1.33670e+04 -4.71802e+00 2.76097e-04 2.24931e-05 2.20e-04 2.77e-07 6.50e-04 5.39e-06 5.05e-04 5.15e-08 3.68e-06 1.26e-04 2.25e-05 2.70e-04 3.31e-06 3.31e-04 8.64e-06 3.31e-04 3.31e-06 7.26e-06 1.33e-04 4.52e-05 2.70e-04 3.31e-06 3.31e-04 8.64e-06 3.31e-04 3.31e-06 7.26e-06 1.33e-04 4.52e-05
66955 1.33770e+04 -4.68689e+00 3.10626e-04 1.15952e-05 3.19e-04 2.67e-07 7.02e-04 6.22e-06 5.26e-04 4.17e-08 4.24e-06 1.32e-04 1.16e-05 2.70e-04 3.31e-06 3.31e-04 8.64e-06 3.31e-04 3.31e-06 7.25e-06 1.33e-04 4.51e-05 2.70e-04 3.31e-06 3.31e-04 8.64e-06 3.31e-04 3.31e-06 7.25e-06 1.33e-04 4.51e-05
67005 1.33870e+04 -4.69265e+00 2.91749e-04 2.49398e-05 2.40e-04 2.68e-07 6.89e-04 5.72e-06 5.24e-04 6.73e-08 4.05e-06 1.34e-04 2.49e-05 2.70e-04 3.31e-06 3.31e-04 8.64e-06 3.31e-04 3.31e-06 7.25e-06 1.33e-04 4.51e-05 2.70e-04 3.31e-06 3.31e-04 8.64e-06 3.31e-04 3.31e-06 7.25e-06 1.33e-04 4.51e-05
67055 1.33970e+04 -4.68841e+00 3.01761e-04 2.36088e-05 2.41e-04 2.62e-07 7.15e-04 7.17e-06 5.45e-04 3.06e-08 2.96e-06 1.28e-04 2.36e-05 2.70e-04 3.31e-06 3.31e-04 8.63e-06 3.31e-04 3.31e-06 7.25e-06 1.33e-04 4.51e-05 2.70e-04 3.31e-06 3.31e-04 8.63e-06 3.31e-04 3.31e-06 7.25e-06 1.33e-04 4.51e-05
67105 1.34070e+04 -4.63666e+00 3.51027e-04 1.86603e-05 5.24e-04 2.81e-07 6.92e-04 5.67e-06 5.32e-04 4.02e-08 3.95e-06 1.45e-04 1.87e-05 2.70e-04 3.31e-06 3.31e-04 8.63e-06 3.31e-04 3.31e-06 7.25e-06 1.33e-04 4.51e-05 2.70e-04 3.31e-06 3.31e-04 8.63e-06 3.31e-04 3.31e-06 7.25e-06 1.33e-04 4.51e-05
67155 1.34170e+04 -4.70689e+00 3.00848e-04 1.61570e-05 2.41e-04 2.71e-07 7.12e-04 5.81e-06 5.45e-04 3.79e-08 2.83e-06 1.30e-04 1.62e-05 2.70e-04 3.31e-06 3.31e-04 8.62e-06 3.31e-04 3.31e-06 7.24e-06 1.33e-04 4.51e-05 2.70e-04 3.31e-06 3.31e-04 8.62e-06 3.31e-04 3.31e-06 7.24e-06 1.33e-04 4.51e-05
67205 1.34270e+04 -4.63494e+00 2.90132e-04 2.72459e-05 2.38e-04 2.72e-07 6.87e-04 9.51e-06 5.16e-04 3.11e-08 9.15e-06 1.20e-04 2.72e-05 2.70e-04 3.31e-06 3.31e-04 8.62e-06 3.31e-04 3.31e-06 7.24e-06 1.33e-04 4.50e-05 2.70e-04 3.31e-06 3.31e-04 8.62e-06 3.31e-04 3.31e-06 7.24e-06 1.33e-04 4.50e-05
67255 1.34370e+04 -4.70039e+00 2.84998e-04 1.48775e-05 2.38e-04 2.74e-07 6.59e-04 5.57e-06 5.22e-04 5.08e-08 5.43e-06 1.37e-04 1.49e-05 2.70e-04 3.31e-06 3.31e-04 8.62e-06 3.31e-04 3.31e-06 7.24e-06 1.33e-04 4.50e-05 2.70e-04 3.31e-06 3.31e-04 8.62e-06 3.31e-04 3.31e-06 7.24e-06 1.33e-04 4.50e-05
67305 1.34470e+04 -4.68159e+00 3.05731e-04 2.52816e-05 2.94e-04 2.77e-07 6.89e-04 5.44e-06 5.41e-04 1.48e-07 3.66e-06 1.35e-04 2.53e-05 2.70e-04 3.31e-06 3.31e-04 8.61e-06 3.31e-04 3.31e-06 7.24e-06 1.33e-04 4.50e-05 2.70e-04 3.31e-06 3.31e-04 8.61e-06 3.31e-04 3.31e-06 7.24e-06 1.33e-04 4.50e-05
67355 1.34570e+04 -4.70558e+00 3.04807e-04 1.04806e-05 2.93e-04 2.63e-07 6.95e-04 5.72e-06 5.30e-04 4.00e-08 3.38e-06 1.29e-04 1.05e-05 2.70e-04 3.31e-06 3.31e-04 8.61e-06 3.31e-04 3.31e-06 7.23e-06 1.33e-04 4.50e-05 2.70e-04 3.31e-06 3.31e-04 8.61e-06 3.31e-04 3.31e-06 7.23e-06 1.33e-04 4.50e-05
67405 1.34670e+04 -4.71058e+00 2.74920e-04 2.18669e-05 1.94e-04 2.79e-07 6.71e-04 6.33e-06 5.03e-04 1.81e-07 3.32e-06 1.38e-04 2.19e-05 2.70e-04 3.31e-06 3.31e-04 8.61e-06 3.31e-04 3.31e-06 7.23e-06 1.33e-04 4.50e-05 2.70e-04 3.31e-06 3.31e-04 8.61e-06 3.31e-04 3.31e-06 7.23e-06 1.33e-04 4.50e-05
67455 1.34770e+04 -4.69426e+00 2.85121e-04 3.09938e-05 2.05e-04 2.87e-07 6.98e-04 6.50e-06 5.15e-04 3.52e-08 4.63e-06 1.08e-04 3.10e-05 2.70e-04 3.31e-06 3.31e-04 8.60e-06 3.31e-04 3.31e-06 7.23e-06 1.33e-04 4.50e-05 2.70e-04 3.31e-06 3.31e-04 8.60e-06 3.31e-04 3.31e-06 7.23e-06 1.33e-04 4.50e-05
67505 1.34870e+04 -4.71635e+00 2.80687e-04 1.73431e-05 1.90e-04 2.75e-07 6.81e-04 6.11e-06 5.26e-04 5.23e-08 3.30e-06 1.36e-04 1.73e-05 2.70e-04 3.31e-06 3.31e-04 8.60e-06 3.31e-04 3.31e-06 7.23e-06 1.33e-04 4.49e-05 2.70e-04 3.31e-06 3.31e-04 8.60e-06 3.31e-04 3.31e-06 7.23e-06 1.33e-04 4.49e-05
67555 1.34970e+04 -4.60398e+00 3.18663e-04 7.41596e-05 4.12e-04 2.92e-07 6.56e-04 5.61e-06 5.19e-04 9.79e-08 3.87e-06 1.35e-04 7.42e-05 2.70e-04 3.31e-06 3.31e-04 8.59e-06 3.31e-04 3.31e-06 7.23e-06 1.33e-04 4.49e-05 2.70e-04 3.31e-06 3.31e-04 8.59e-06 3.31e-04 3.31e-06 7.23e-06 1.33e-04 4.49e-05
67605 1.35070e+04 -4.70166e+00 2.84909e-04 3.09389e-05 1.75e-04 2.98e-07 7.19e-04 6.05e-06 5.24e-04 5.76e-08 3.26e-06 1.24e-04 3.09e-05 2.70e-04 3.31e-06 3.31e-04 8.59e-06 3.31e-04 3.31e-06 7.22e-06 1.33e-04 4.49e-05 2.70e-04 3.31e-06 3.31e-04 8.59e-06 3.31e-04 3.31e-06 7.22e-06 1.33e-04 4.49e-05
67655 1.35170e+04 -4.64449e+00 3.36331e-04 3.04342e-05 4.45e-04 2.66e-07 7.01e-04 6.24e-06 5.29e-04 5.01e-08 4.33e-06 1.14e-04 3.04e-05 2.70e-04 3.30e-06 3.31e-04 8.59e-06 3.31e-04 3.31e-06 7.22e-06 1.33e-04 4.49e-05 2.70e-04 3.31e-06 3.31e-04 8.59e-06 3.31e-04 3.31e-06 7.22e-06 1.33e-04 4.49e-05
67705 1.35270e+04 -4.66491e+00 3.05655e-04 9.41671e-06 3.03e-04 2.80e-07 6.99e-04 5.80e-06 5.20e-04 8.37e-08 8.68e-06 1.26e-04 9.42e-06 2.70e-04 3.30e-06 3.30e-04 8.58e-06 3.30e-04 3.30e-06 7.22e-06 1.33e-04 4.49e-05 2.70e-04 3.30e-06 3.30e-04 8.58e-06 3.30e-04 3.30e-06 7.22e-06 1.33e-04 4.49e-05
67755 1.35370e+04 -4.67082e+00 2.97925e-04 3.47740e-05 2.36e-04 2.79e-07 7.32e-04 6.85e-06 5.14e-04 1.21e-07 4.10e-06 1.26e-04 3.48e-05 2.70e-04 3.30e-06 3.30e-04 8.58e-06 3.30e-04 3.30e-06 7.22e-06 1.32e-04 4.48e-05 2.70e-04 3.30e-06 3.30e-04 8.58e-06 3.30e-04 3.30e-06 7.22e-06 1.32e-04 4.48e-05
67805 1.35470e+04 -4.71041e+00 2.84992e-04 1.98391e-05 2.05e-04 2.64e-07 6.96e-04 5.57e-06 5.18e-04 5.67e-08 3.88e-06 1.31e-04 1.98e-05 2.70e-04 3.30e-06 3.30e-04 8.57e-06 3.30e-04 3.30e-06 7.22e-06 1.32e-04 4.48e-05 2.70e-04 3.30e-06 3.30e-04 8.57e-06 3.30e-04 3.30e-06 7.22e-06 1.32e-04 4.48e-05
67855 1.35570e+04 -4.65401e+00 3.56796e-04 6.76963e-06 5.22e-04 2.85e-07 7.20e-04 6.18e-06 5.36e-04 4.30e-08 3.40e-06 1.31e-04 6.77e-06 2.70e-04 3.30e-06 3.30e-04 8.57e-06 3.30e-04 3.30e-06 7.21e-06 1.32e-04 4.48e-05 2.70e-04 3.30e-06 3.30e-04 8.57e-06 3.30e-04 3.30e-06 7.21e-06 1.32e-04 4.48e-05
67905 1.35670e+04 -4.66575e+00 3.23181e-04 2.36515e-05 4.58e-04 2.89e-07 6.47e-04 5.79e-06 5.05e-04 1.08e-07 3.38e-06 1.30e-04 2.37e-05 2.70e-04 3.30e-06 3.30e-04 8.57e-06 3.30e-04 3.30e-06 7.21e-06 1.32e-04 4.48e-05 2.70e-04 3.30e-06 3.30e-04 8.57e-06 3.30e-04 3.30e-06 7.21e-06 1.32e-04 4.48e-05
67955 1.35770e+04 -4.65890e+00 3.24941e-04 1.71058e-05 3.16e-04 2.78e-07 7.35e-04 5.94e-06 5.67e-04 3.91e-08 4.83e-06 1.49e-04 1.71e-05 2.70e-04 3.30e-06 3.30e-04 8.56e-06 3.30e-04 3.30e-06 7.21e-06 1.32e-04 4.48e-05 2.70e-04 3.30e-06 3.30e-04 8.56e-06 3.30e-04 3.30e-06 7.21e-06 1.32e-04 4.48e-05
68005 1.35870e+04 -4.68855e+00 3.08461e-04 1.93865e-05 2.61e-04 2.80e-07 7.34e-04 5.99e-06 5.42e-04 3.64e-08 4.18e-06 1.21e-04 1.94e-05 2.70e-04 3.30e-06 3.30e-04 8.56e-06 3.30e-04 3.30e-06 7.21e-06 1.32e-04 4.47e-05 2.70e-04 3.30e-06 3.30e-04 8.56e-06 3.30e-04 3.30e-06 7.21e-06 1.32e-04 4.47e-05
68055 1.35970e+04 -4.69423e+00 2.86160e-04 2.63325e-05 2.19e-04 2.78e-07 6.81e-04 6.18e-06 5.25e-04 3.94e-08 4.89e-06 1.19e-04 2.63e-05 2.70e-04 3.30e-06 3.30e-04 8.55e-06 3.30e-04 3.30e-06 7.21e-06 1.32e-04 4.47e-05 2.70e-04 3.30e-06 3.30e-04 8.55e-06 3.30e-04 3.30e-06 7.21e-06 1.32e-04 4.47e-05
68105 1.36070e+04 -4.70306e+00 3.00096e-04 1.32183e-05 2.87e-04 2.80e-07 6.86e-04 5.74e-06 5.21e-04 4.74e-08 3.80e-06 1.30e-04 1.32e-05 2.70e-04 3.30e-06 3.30e-04 8.55e-06 3.30e-04 3.30e-06 7.21e-06 1.32e-04 4.47e-05 2.70e-04 3.30e-06 3.30e-04 8.55e-06 3.30e-04 3.30e-06 7.21e-06 1.32e-04 4.47e-05
68155 1.36170e+04 -4.69182e+00 3.25104e-04 8.82538e-06 3.41e-04 2.98e-07 7.35e-04 5.99e-06 5.43e-04 3.88e-08 3.55e-06 1.15e-04 8.83e-06 2.70e-04 3.30e-06 3.30e-04 8.55e-06 3.30e-04 3.30e-06 7.20e-06 1.32e-04 4.47e-05 2.70e-04 3.30e-06 3.30e-04 8.55e-06 3.30e-04 3.30e-06 7.20e-06 1.32e-04 4.47e-05
68205 1.36270e+04 -4.67095e+00 2.95625e-04 2.20257e-05 1.84e-04 2.71e-07 7.13e-04 6.45e-06 5.75e-04 8.77e-08 7.00e-06 1.27e-04 2.20e-05 2.70e-04 3.30e-06 3.30e-04 8.54e-06 3.30e-04 3.30e-06 7.20e-06 1.32e-04 4.46e-05 2.70e-04 3.30e-06 3.30e-04 8.54e-06 3.30e-04 3.30e-06 7.20e-06 1.32e-04 4.46e-05
68255 1.36370e+04 -4.67173e+00 3.01048e-04 3.40031e-05 2.26e-04 2.78e-07 7.18e-04 5.73e-06 5.55e-04 4.03e-08 5.19e-06 1.21e-04 3.40e-05 2.70e-04 3.30e-06 3.30e-04 8.54e-06 3.30e-04 3.30e-06 7.20e-06 1.32e-04 4.46e-05 2.70e-04 3.30e-06 3.30e-04 8.54e-06 3.30e-04 3.30e-06 7.20e-06 1.32e-04 4.46e-05
68305 1.36470e+04 -4.71470e+00 2.91024e-04 1.34846e-05 2.01e-04 2.75e-07 7.07e-04 5.88e-06 5.41e-04 3.08e-08 4.24e-06 1.18e-04 1.35e-05 2.70e-04 3.30e-06 3.30e-04 8.53e-06 3.30e-04 3.30e-06 7.20e-06 1.32e-04 4.46e-05 2.70e-04 3.30e-06 3.30e-04 8.53e-06 3.30e-04 3.30e-06 7.20e-06 1.32e-04 4.46e-05
68355 1.36570e+04 -4.72065e+00 2.95071e-04 7.80140e-06 2.36e-04 2.54e-07 6.90e-04 5.58e-06 5.44e-04 3.31e-08 4.13e-06 1.17e-04 7.80e-06 2.70e-04 3.30e-06 3.30e-04 8.53e-06 3.30e-04 3.30e-06 7.20e-06 1.32e-04 4.46e-05 2.70e-04 3.30e-06 3.30e-04 8.53e-06 3.30e-04 3.30e-06 7.20e-06 1.32e-04 4.46e-05
68405 1.36670e+04 -4.73696e+00 2.72410e-04 9.41356e-06 1.90e-04 2.83e-07 6.45e-04 5.74e-06 5.21e-04 5.83e-08 3.86e-06 1.23e-04 9.41e-06 2.70e-04 3.30e-06 3.30e-04 8.52e-06 3.30e-04 3.30e-06 7.20e-06 1.32e-04 4.46e-05 2.70e-04 3.30e-06 3.30e-04 8.52e-06 3.30e-04 3.30e-06 7.20e-06 1.32e-04 4.46e-05
68455 1.36770e+04 -4.71418e+00 2.91238e-04 1.07476e-05 2.07e-04 2.84e-07 6.90e-04 6.14e-06 5.53e-04 5.34e-08 3.49e-06 1.35e-04 1.07e-05 2.70e-04 3.30e-06 3.30e-04 8.52e-06 3.30e-04 3.30e-06 7.19e-06 1.32e-04 4.46e-05 2.70e-04 3.30e-06 3.30e-04 8.52e-06 3.30e-04 3.30e-06 7.19e-06 1.32e-04 4.46e-05
68505 1.36870e+04 -4.66761e+00 3.26659e-04 1.45909e-05 4.75e-04 2.73e-07 6.48e-04 6.14e-06 5.03e-04 3.28e-08 4.19e-06 1.28e-04 1.46e-05 2.71e-04 3.30e-06 3.30e-04 8.52e-06 3.30e-04 3.30e-06 7.19e-06 1.32e-04 4.45e-05 2.71e-04 3.30e-06 3.30e-04 8.52e-06 3.30e-04 3.30e-06 7.19e-06 1.32e-04 4.45e-05
68555 1.36970e+04 -4.69111e+00 3.23326e-04 1.31401e-05 3.35e-04 2.75e-07 7.17e-04 5.62e-06 5.58e-04 6.78e-08 3.16e-06 1.21e-04 1.31e-05 2.71e-04 3.30e-06 3.30e-04 8.51e-06 3.30e-04 3.30e-06 7.19e-06 1.32e-04 4.45e-05 2.71e-04 3.30e-06 3.30e-04 8.51e-06 3.30e-04 3.30e-06 7.19e-06 1.32e-04 4.45e-05
68605 1.37070e+04 -4.66579e+00 2.96433e-04 4.07618e-05 2.07e-04 2.74e-07 7.09e-04 5.68e-06 5.60e-04 4.52e-08 5.13e-06 1.28e-04 4.08e-05 2.71e-04 3.30e-06 3.30e-04 8.51e-06 3.30e-04 3.30e-06 7.19e-06 1.32e-04 4.45e-05 2.71e-04 3.30e-06 3.30e-04 8.51e-06 3.30e-04 3.30e-06 7.19e-06 1.32e-04 4.45e-05
68655 1.37170e+04 -4.64794e+00 3.43076e-04 1.17801e-05 4.47e-04 2.83e-07 7.25e-04 5.92e-06 5.37e-04 6.69e-08 6.32e-06 1.16e-04 1.18e-05 2.71e-04 3.30e-06 3.30e-04 8.50e-06 3.30e-04 3.30e-06 7.19e-06 1.32e-04 4.45e-05 2.71e-04 3.30e-06 3.30e-04 8.50e-06 3.30e-04 3.30e-06 7.19e-06 1.32e-04 4.45e-05
68705 1.37270e+04 -4.68487e+00 3.19114e-04 1.29935e-05 3.82e-04 2.82e-07 6.78e-04 6.45e-06 5.29e-04 3.09e-08 3.30e-06 1.27e-04 1.30e-05 2.71e-04 3.30e-06 3.30e-04 8.50e-06 3.30e-04 3.30e-06 7.18e-06 1.32e-04 4.45e-05 2.71e-04 3.30e-06 3.30e-04 8.50e-06 3.30e-04 3.30e-06 7.18e-06 1.32e-04 4.45e-05
68755 1.37370e+04 -4.72194e+00 2.87756e-04 7.48297e-06 2.16e-04 2.81e-07 7.09e-04 5.83e-06 5.08e-04 8.14e-08 3.64e-06 1.34e-04 7.48e-06 2.71e-04 3.30e-06 3.30e-04 8.50e-06 3.30e-04 3.30e-06 7.18e-06 1.32e-04 4.45e-05 2.71e-04 3.30e-06 3.30e-04 8.50e-06 3.30e-04 3.30e-06 7.18e-06 1.32e-04 4.45e-05
68805 1.37470e+04 -4.70922e+00 2.87254e-04 2.02112e-05 2.01e-04 2.72e-07 7.05e-04 6.50e-06 5.24e-04 3.23e-08 3.24e-06 1.28e-04 2.02e-05 2.71e-04 3.30e-06 3.30e-04 8.49e-06 3.30e-04 3.30e-06 7.18e-06 1.32e-04 4.44e-05 2.71e-04 3.30e-06 3.30e-04 8.49e-06 3.30e-04 3.30e-06 7.18e-06 1.32e-04 4.44e-05
68855 1.37570e+04 -4.68371e+00 3.14090e-04 4.36569e-06 3.03e-04 2.94e-07 7.09e-04 7.34e-06 5.50e-04 4.08e-08 5.43e-06 1.19e-04 4.37e-06 2.71e-04 3.30e-06 3.30e-04 8.49e-06 3.30e-04 3.30e-06 7.18e-06 1.32e-04 4.44e-05 2.71e-04 3.30e-06 3.30e-04 8.49e-06 3.30e-04 3.30e-06 7.18e-06 1.32e-04 4.44e-05
68905 1.37670e+04 -4.72309e+00 2.90450e-04 4.99578e-06 2.33e-04 2.71e-07 6.85e-04 5.76e-06 5.28e-04 5.82e-08 4.16e-06 1.25e-04 5.00e-06 2.71e-04 3.30e-06 3.30e-04 8.48e-06 3.30e-04 3.30e-06 7.18e-06 1.32e-04 4.44e-05 2.71e-04 3.30e-06 3.30e-04 8.48e-06 3.30e-04 3.30e-06 7.18e-06 1.32e-04 4.44e-05
68955 1.37770e+04 -4.70825e+00 2.97669e-04 1.87258e-05 2.25e-04 2.85e-07 6.98e-04 6.09e-06 5.59e-04 5.03e-08 3.49e-06 1.12e-04 1.87e-05 2.71e-04 3.30e-06 3.30e-04 8.48e-06 3.30e-04 3.30e-06 7.17e-06 1.32e-04 4.44e-05 2.71e-04 3.30e-06 3.30e-04 8.48e-06 3.30e-04 3.30e-06 7.17e-06 1.32e-04 4.44e-05
69005 1.37870e+04 -4.68800e+00 2.89815e-04 2.45913e-05 2.06e-04 2.76e-07 7.08e-04 6.00e-06 5.29e-04 8.89e-08 6.09e-06 1.13e-04 2.46e-05 2.71e-04 3.30e-06 3.30e-04 8.48e-06 3.30e-04 3.30e-06 7.17e-06 1.32e-04 4.44e-05 2.71e-04 3.30e-06 3.30e-04 8.48e-06 3.30e-04 3.30e-06 7.17e-06 1.32e-04 4.44e-05
69055 1.37970e+04 -4.67818e+00 2.95445e-04 2.13194e-05 1.85e-04 2.73e-07 7.19e-04 6.73e-06 5.67e-04 8.47e-08 5.70e-06 1.33e-04 2.13e-05 2.71e-04 3.30e-06 3.30e-04 8.47e-06 3.30e-04 3.30e-06 7.17e-06 1.32e-04 4.43e-05 2.71e-04 3.30e-06 3.30e-04 8.47e-06 3.30e-04 3.30e-06 7.17e-06 1.32e-04 4.43e-05
69105 1.38070e+04 -4.63868e+00 3.05290e-04 3.29979e-05 2.19e-04 2.90e-07 7.31e-04 7.59e-06 5.69e-04 6.79e-08 6.70e-06 1.38e-04 3.30e-05 2.71e-04 3.30e-06 3.30e-04 8.47e-06 3.30e-04 3.30e-06 7.17e-06 1.32e-04 4.43e-05 2.71e-04 3.30e-06 3.30e-04 8.47e-06 3.30e-04 3.30e-06 7.17e-06 1.32e-04 4.43e-05
69155 1.38170e+04 -4.66547e+00 3.02590e-04 2.88715e-05 2.78e-04 2.78e-07 6.75e-04 6.43e-06 5.53e-04 3.09e-08 4.25e-06 1.51e-04 2.89e-05 2.71e-04 3.30e-06 3.30e-04 8.47e-06 3.30e-04 3.30e-06 7.17e-06 1.31e-04 4.43e-05 2.71e-04 3.30e-06 3.30e-04 8.47e-06 3.30e-04 3.30e-06 7.17e-06 1.31e-04 4.43e-05
69205 1.38270e+04 -4.69269e+00 3.00024e-04 2.02515e-05 2.00e-04 2.78e-07 7.53e-04 5.80e-06 5.42e-04 4.93e-08 4.44e-06 1.30e-04 2.03e-05 2.71e-04 3.30e-06 3.30e-04 8.46e-06 3.30e-04 3.30e-06 7.17e-06 1.31e-04 4.43e-05 2.71e-04 3.30e-06 3.30e-04 8.46e-06 3.30e-04 3.30e-06 7.17e-06 1.31e-04 4.43e-05
69255 1.38370e+04 -4.67694e+00 3.09988e-04 3.53947e-05 2.90e-04 2.75e-07 6.93e-04 5.42e-06 5.61e-04 4.85e-08 3.27e-06 1.22e-04 3.54e-05 2.71e-04 3.30e-06 3.30e-04 8.46e-06 3.30e-04 3.30e-06 7.16e-06 1.31e-04 4.43e-05 2.71e-04 3.30e-06 3.30e-04 8.46e-06 3.30e-04 3.30e-06 7.16e-06 1.31e-04 4.43e-05
69305 1.38470e+04 -4.67972e+00 3.04749e-04 3.07104e-05 3.15e-04 2.82e-07 7.09e-04 6.19e-06 4.93e-04 4.78e-08 3.29e-06 1.25e-04 3.07e-05 2.71e-04 3.30e-06 3.30e-04 8.45e-06 3.30e-04 3.30e-06 7.16e-06 1.31e-04 4.43e-05 2.71e-04 3.30e-06 3.30e-04 8.45e-06 3.30e-04 3.30e-06 7.16e-06 1.31e-04 4.43e-05
69355 1.38570e+04 -4.72783e+00 2.78696e-04 4.90213e-06 2.12e-04 2.75e-07 6.74e-04 6.08e-06 5.01e-04 3.86e-08 4.81e-06 1.23e-04 4.90e-06 2.71e-04 3.30e-06 3.30e-04 8.45e-06 3.30e-04 3.30e-06 7.16e-06 1.31e-04 4.42e-05 2.71e-04 3.30e-06 3.30e-04 8.45e-06 3.30e-04 3.30e-06 7.16e-06 1.31e-04 4.42e-05
69405 1.38670e+04 -4.68646e+00 2.84106e-04 1.65939e-05 1.82e-04 2.83e-07 7.11e-04 6.85e-06 5.20e-04 4.90e-08 7.62e-06 1.14e-04 1.66e-05 2.71e-04 3.30e-06 3.30e-04 8.44e-06 3.30e-04 3.30e-06 7.16e-06 1.31e-04 4.42e-05 2.71e-04 3.30e-06 3.30e-04 8.44e-06 3.30e-04 3.30e-06 7.16e-06 1.31e-04 4.42e-05
69455 1.38770e+04 -4.65662e+00 3.18749e-04 3.88618e-05 3.59e-04 2.79e-07 6.94e-04 6.01e-06 5.35e-04 3.90e-08 3.61e-06 1.22e-04 3.89e-05 2.71e-04 3.30e-06 3.30e-04 8.44e-06 3.30e-04 3.30e-06 7.16e-06 1.31e-04 4.42e-05 2.71e-04 3.30e-06 3.30e-04 8.44e-06 3.30e-04 3.30e-06 7.16e-06 1.31e-04 4.42e-05
69505 1.38870e+04 -4.70654e+00 2.84094e-04 1.56655e-05 1.87e-04 2.77e-07 7.02e-04 6.08e-06 5.25e-04 4.19e-08 4.25e-06 1.44e-04 1.57e-05 2.71e-04 3.30e-06 3.30e-04 8.44e-06 3.30e-04 3.30e-06 7.15e-06 1.31e-04 4.42e-05 2.71e-04 3.30e-06 3.30e-04 8.44e-06 3.30e-04 3.30e-06 7.15e-06 1.31e-04 4.42e-05
69555 1.38970e+04 -4.71032e+00 2.86919e-04 1.58649e-05 1.97e-04 2.74e-07 7.03e-04 6.43e-06 5.27e-04 6.03e-08 4.32e-06 1.20e-04 1.59e-05 2.71e-04 3.30e-06 3.30e-04 8.43e-06 3.30e-04 3.30e-06 7.15e-06 1.31e-04 4.42e-05 2.71e-04 3.30e-06 3.30e-04 8.43e-06 3.30e-04 3.30e-06 7.15e-06 1.31e-04 4.42e-05
69605 1.39070e+04 -4.74778e+00 2.70853e-04 3.90115e-06 1.88e-04 2.74e-07 6.41e-04 5.68e-06 5.19e-04 3.58e-08 3.88e-06 1.21e-04 3.90e-06 2.71e-04 3.30e-06 3.30e-04 8.43e-06 3.30e-04 3.30e-06 7.15e-06 1.31e-04 4.41e-05 2.71e-04 3.30e-06 3.30e-04 8.43e-06 3.30e-04 3.30e-06 7.15e-06 1.31e-04 4.41e-05
69655 1.39170e+04 -4.68425e+00 3.16605e-04 1.23606e-05 2.96e-04 2.81e-07 7.30e-04 5.75e-06 5.51e-04 6.77e-08 4.41e-06 1.33e-04 1.24e-05 2.71e-04 3.30e-06 3.30e-04 8.42e-06 3.30e-04 3.30e-06 7.15e-06 1.31e-04 4.41e-05 2.71e-04 3.30e-06 3.30e-04 8.42e-06 3.30e-04 3.30e-06 7.15e-06 1.31e-04 4.41e-05
69705 1.39270e+04 -4.68640e+00 3.28839e-04 6.75081e-06 4.11e-04 2.89e-07 7.05e-04 6.33e-06 5.22e-04 7.74e-08 3.41e-06 1.19e-04 6.75e-06 2.71e-04 3.30e-06 3.30e-04 8.42e-06 3.30e-04 3.30e-06 7.15e-06 1.31e-04 4.41e-05 2.71e-04 3.30e-06 3.30e-04 8.42e-06 3.30e-04 3.30e-06 7.15e-06 1.31e-04 4.41e-05
69755 1.39370e+04 -4.67105e+00 2.79994e-04 4.03982e-05 1.75e-04 2.73e-07 7.00e-04 5.68e-06 5.19e-04 4.38e-08 6.38e-06 1.30e-04 4.04e-05 2.71e-04 3.30e-06 3.30e-04 8.41e-06 3.30e-04 3.30e-06 7.15e-06 1.31e-04 4.41e-05 2.71e-04 3.30e-06 3.30e-04 8.41e-06 3.30e-04 3.30e-06 7.15e-06 1.31e-04 4.41e-05
69805 1.39470e+04 -4.75002e+00 2.72906e-04 7.82300e-06 1.88e-04 2.90e-07 6.70e-04 5.89e-06 5.01e-04 7.01e-08 3.41e-06 1.03e-04 7.82e-06 2.71e-04 3.30e-06 3.30e-04 8.41e-06 3.30e-04 3.30e-06 7.14e-06 1.31e-04 4.41e-05 2.71e-04 3.30e-06 3.30e-04 8.41e-06 3.30e-04 3.30e-06 7.14e-06 1.31e-04 4.41e-05
69855 1.39570e+04 -4.71543e+00 2.90622e-04 1.26050e-05 1.71e-04 2.73e-07 7.30e-04 6.32e-06 5.45e-04 3.27e-08 3.91e-06 1.24e-04 1.26e-05 2.71e-04 3.30e-06 3.30e-04 8.41e-06 3.30e-04 3.30e-06 7.14e-06 1.31e-04 4.40e-05 2.71e-04 3.30e-06 3.30e-04 8.41e-06 3.30e-04 3.30e-06 7.14e-06 1.31e-04 4.40e-05
69905 1.39670e+04 -4.66034e+00 3.11554e-04 2.97611e-05 3.02e-04 2.86e-07 7.15e-04 5.83e-06 5.36e-04 1.44e-07 5.72e-06 1.19e-04 2.98e-05 2.71e-04 3.30e-06 3.30e-04 8.40e-06 3.30e-04 3.30e-06 7.14e-06 1.31e-04 4.40e-05 2.71e-04 3.30e-06 3.30e-04 8.40e-06 3.30e-04 3.30e-06 7.14e-06 1.31e-04 4.40e-05
69955 1.39770e+04 -4.70217e+00 3.09466e-04 1.33343e-05 3.39e-04 2.93e-07 6.82e-04 5.73e-06 5.21e-04 7.33e-08 3.11e-06 1.22e-04 1.33e-05 2.71e-04 3.30e-06 3.30e-04 8.40e-06 3.30e-04 3.30e-06 7.14e-06 1.31e-04 4.40e-05 2.71e-04 3.30e-06 3.30e-04 8.40e-06 3.30e-04 3.30e-06 7.14e-06 1.31e-04 4.40e-05
70005 1.39860e+04 -4.74458e+00 2.72516e-04 5.68470e-06 1.76e-04 2.88e-07 6.49e-04 5.85e-06 5.31e-04 6.58e-08 3.00e-06 1.33e-04 5.68e-06 2.71e-04 3.30e-06 3.30e-04 8.39e-06 3.30e-04 3.30e-06 7.14e-06 1.31e-04 4.40e-05 2.71e-04 3.30e-06 3.30e-04 8.39e-06 3.30e-04 3.30e-06 7.14e-06 1.31e-04 4.40e-05
70055 1.39960e+04 -4.71826e+00 2.79775e-04 6.78674e-06 1.84e-04 2.69e-07 6.77e-04 7.02e-06 5.31e-04 2.75e-07 4.06e-06 1.32e-04 6.79e-06 2.71e-04 3.30e-06 3.30e-04 8.39e-06 3.30e-04 3.30e-06 7.13e-06 1.31e-04 4.40e-05 2.71e-04 3.30e-06 3.30e-04 8.39e-06 3.30e-04 3.30e-06 7.13e-06 1.31e-04 4.40e-05
70105 1.40060e+04 -4.68758e+00 3.26246e-04 5.84774e-06 3.86e-04 2.95e-07 7.05e-04 5.88e-06 5.34e-04 8.05e-08 3.97e-06 1.23e-04 5.85e-06 2.71e-04 3.30e-06 3.30e-04 8.39e-06 3.30e-04 3.30e-06 7.13e-06 1.31e-04 4.40e-05 2.71e-04 3.30e-06 3.30e-04 8.39e-06 3.30e-04 3.30e-06 7.13e-06 1.31e-04 4.40e-05
70155 1.40160e+04 -4.66589e+00 3.30665e-04 2.31300e-05 3.98e-04 2.86e-07 7.03e-04 5.38e-06 5.48e-04 3.19e-08 4.54e-06 1.13e-04 2.31e-05 2.71e-04 3.30e-06 3.30e-04 8.38e-06 3.30e-04 3.30e-06 7.13e-06 1.31e-04 4.39e-05 2.71e-04 3.30e-06 3.30e-04 8.38e-06 3.30e-04 3.30e-06 7.13e-06 1.31e-04 4.39e-05
70205 1.40260e+04 -4.68267e+00 3.09737e-04 1.14050e-05 3.01e-04 2.76e-07 7.04e-04 6.15e-06 5.37e-04 6.23e-08 6.14e-06 1.16e-04 1.14e-05 2.71e-04 3.30e-06 3.30e-04 8.38e-06 3.30e-04 3.30e-06 7.13e-06 1.31e-04 4.39e-05 2.71e-04 3.30e-06 3.30e-04 8.38e-06 3.30e-04 3.30e-06 7.13e-06 1.31e-04 4.39e-05
70255 1.40360e+04 -4.67773e+00 3.18573e-04 1.64538e-05 3.65e-04 2.78e-07 6.91e-04 5.45e-06 5.32e-04 4.67e-08 4.13e-06 1.38e-04 1.65e-05 2.71e-04 3.30e-06 3.30e-04 8.37e-06 3.30e-04 3.30e-06 7.13e-06 1.31e-04 4.39e-05 2.71e-04 3.30e-06 3.30e-04 8.37e-06 3.30e-04 3.30e-06 7.13e-06 1.31e-04 4.39e-05
70305 1.40460e+04 -4.71026e+00 2.86058e-04 1.49325e-05 1.92e-04 2.79e-07 6.96e-04 6.91e-06 5.35e-04 7.51e-08 3.91e-06 1.26e-04 1.49e-05 2.71e-04 3.30e-06 3.30e-04 8.37e-06 3.30e-04 3.30e-06 7.13e-06 1.31e-04 4.39e-05 2.71e-04 3.30e-06 3.30e-04 8.37e-06 3.30e-04 3.30e-06 7.13e-06 1.31e-04 4.39e-05
70355 1.40560e+04 -4.67261e+00 3.26496e-04 1.38625e-05 3.71e-04 2.76e-07 7.05e-04 5.45e-06 5.51e-04 3.48e-08 4.07e-06 1.43e-04 1.39e-05 2.71e-04 3.30e-06 3.30e-04 8.37e-06 3.30e-04 3.30e-06 7.12e-06 1.31e-04 4.39e-05 2.71e-04 3.30e-06 3.30e-04 8.37e-06 3.30e-04 3.30e-06 7.12e-06 1.31e-04 4.39e-05
70405 1.40660e+04 -4.69857e+00 2.77964e-04 1.09498e-05 2.05e-04 2.74e-07 6.79e-04 6.09e-06 4.99e-04 3.94e-08 8.57e-06 1.09e-04 1.09e-05 2.71e-04 3.30e-06 3.30e-04 8.36e-06 3.30e-04 3.30e-06 7.12e-06 1.31e-04 4.39e-05 2.71e-04 3.30e-06 3.30e-04 8.36e-06 3.30e-04 3.30e-06 7.12e-06 1.31e-04 4.39e-05
70455 1.40760e+04 -4.70402e+00 2.93684e-04 1.52200e-05 2.09e-04 2.77e-07 7.01e-04 5.74e-06 5.52e-04 1.21e-07 3.94e-06 1.39e-04 1.52e-05 2.71e-04 3.30e-06 3.30e-04 8.36e-06 3.30e-04 3.30e-06 7.12e-06 1.31e-04 4.38e-05 2.71e-04 3.30e-06 3.30e-04 8.36e-06 3.30e-04 3.30e-06 7.12e-06 1.31e-04 4.38e-05
70505 1.40860e+04 -4.62312e+00 3.31353e-04 6.10246e-05 4.16e-04 3.02e-07 7.10e-04 5.67e-06 5.25e-04 3.73e-08 4.02e-06 1.02e-04 6.10e-05 2.71e-04 3.30e-06 3.30e-04 8.35e-06 3.30e-04 3.30e-06 7.12e-06 1.31e-04 4.38e-05 2.71e-04 3.30e-06 3.30e-04 8.35e-06 3.30e-04 3.30e-06 7.12e-06 1.31e-04 4.38e-05
70555 1.40960e+04 -4.70844e+00 2.78067e-04 3.11597e-05 1.73e-04 2.66e-07 6.52e-04 6.34e-06 5.58e-04 3.68e-08 3.74e-06 1.13e-04 3.12e-05 2.71e-04 3.30e-06 3.30e-04 8.35e-06 3.30e-04 3.30e-06 7.12e-06 1.31e-04 4.38e-05 2.71e-04 3.30e-06 3.30e-04 8.35e-06 3.30e-04 3.30e-06 7.12e-06 1.31e-04 4.38e-05
70605 1.41060e+04 -4.66451e+00 3.19335e-04 3.16900e-05 3.98e-04 2.92e-07 6.67e-04 5.89e-06 5.25e-04 4.39e-08 3.79e-06 1.19e-04 3.17e-05 2.71e-04 3.30e-06 3.30e-04 8.34e-06 3.30e-04 3.30e-06 7.12e-06 1.30e-04 4.38e-05 2.71e-04 3.30e-06 3.30e-04 8.34e-06 3.30e-04 3.30e-06 7.12e-06 1.30e-04 4.38e-05
70655 1.41160e+04 -4.64622e+00 3.27992e-04 2.38358e-05 4.38e-04 2.83e-07 6.73e-04 5.25e-06 5.23e-04 6.91e-08 6.31e-06 1.27e-04 2.38e-05 2.71e-04 3.30e-06 3.30e-04 8.34e-06 3.30e-04 3.30e-06 7.11e-06 1.30e-04 4.38e-05 2.71e-04 3.30e-06 3.30e-04 8.34e-06 3.30e-04 3.30e-06 7.11e-06 1.30e-04 4.38e-05
70705 1.41260e+04 -4.71484e+00 2.80100e-04 2.14860e-05 1.76e-04 2.70e-07 6.70e-04 6.19e-06 5.48e-04 3.53e-08 3.20e-06 1.35e-04 2.15e-05 2.71e-04 3.30e-06 3.30e-04 8.34e-06 3.30e-04 3.30e-06 7.11e-06 1.30e-04 4.38e-05 2.71e-04 3.30e-06 3.30e-04 8.34e-06 3.30e-04 3.30e-06 7.11e-06 1.30e-04 4.38e-05
70755 1.41360e+04 -4.68138e+00 2.98004e-04 3.21745e-05 2.76e-04 2.71e-07 6.87e-04 5.81e-06 5.21e-04 3.85e-08 4.95e-06 1.11e-04 3.22e-05 2.71e-04 3.30e-06 3.30e-04 8.33e-06 3.30e-04 3.30e-06 7.11e-06 1.30e-04 4.37e-05 2.71e-04 3.30e-06 3.30e-04 8.33e-06 3.30e-04 3.30e-06 7.11e-06 1.30e-04 4.37e-05
70805 1.41460e+04 -4.73023e+00 2.81375e-04 1.42729e-05 1.59e-04 2.62e-07 7.03e-04 5.88e-06 5.39e-04 2.89e-08 3.02e-06 1.28e-04 1.43e-05 2.71e-04 3.30e-06 3.30e-04 8.33e-06 3.30e-04 3.30e-06 7.11e-06 1.30e-04 4.37e-05 2.71e-04 3.30e-06 3.30e-04 8.33e-06 3.30e-04 3.30e-06 7.11e-06 1.30e-04 4.37e-05
70855 1.41560e+04 -4.68542e+00 2.83603e-04 2.74030e-05 1.56e-04 2.57e-07 7.19e-04 6.83e-06 5.37e-04 8.78e-08 5.73e-06 1.24e-04 2.74e-05 2.71e-04 3.30e-06 3.30e-04 8.32e-06 3.30e-04 3.30e-06 7.11e-06 1.30e-04 4.37e-05 2.71e-04 3.30e-06 3.30e-04 8.32e-06 3.30e-04 3.30e-06 7.11e-06 1.30e-04 4.37e-05
70905 1.41660e+04 -4.55502e+00 3.33611e-04 7.84276e-05 4.11e-04 2.85e-07 7.19e-04 6.83e-06 5.30e-04 4.17e-08 8.33e-06 1.10e-04 7.84e-05 2.71e-04 3.30e-06 3.30e-04 8.32e-06 3.30e-04 3.30e-06 7.11e-06 1.30e-04 4.37e-05 2.71e-04 3.30e-06 3.30e-04 8.32e-06 3.30e-04 3.30e-06 7.11e-06 1.30e-04 4.37e-05
70955 1.41760e+04 -4.65201e+00 3.02611e-04 2.83739e-05 3.33e-04 2.72e-07 6.58e-04 5.94e-06 5.15e-04 3.69e-08 6.50e-06 1.48e-04 2.84e-05 2.71e-04 3.29e-06 3.30e-04 8.32e-06 3.30e-04 3.29e-06 7.10e-06 1.30e-04 4.37e-05 2.71e-04 3.30e-06 3.30e-04 8.32e-06 3.30e-04 3.30e-06 7.10e-06 1.30e-04 4.37e-05
71005 1.41860e+04 -4.68734e+00 3.17876e-04 2.03539e-05 3.70e-04 2.63e-07 6.83e-04 5.67e-06 5.31e-04 6.73e-08 3.02e-06 1.22e-04 2.04e-05 2.71e-04 3.29e-06 3.29e-04 8.31e-06 3.29e-04 3.29e-06 7.10e-06 1.30e-04 4.37e-05 2.71e-04 3.29e-06 3.29e-04 8.31e-06 3.29e-04 3.29e-06 7.10e-06 1.30e-04 4.37e-05
71055 1.41960e+04 -4.69291e+00 3.07453e-04 2.71386e-05 2.60e-04 2.58e-07 7.31e-04 5.47e-06 5.40e-04 3.57e-08 3.01e-06 1.24e-04 2.71e-05 2.71e-04 3.29e-06 3.29e-04 8.31e-06 3.29e-04 3.29e-06 7.10e-06 1.30e-04 4.37e-05 2.71e-04 3.29e-06 3.29e-04 8.31e-06 3.29e-04 3.29e-06 7.10e-06 1.30e-04 4.37e-05
71105 1.42060e+04 -4.62046e+00 3.56474e-04 3.02744e-05 5.68e-04 2.93e-07 6.90e-04 5.77e-06 5.18e-04 1.45e-07 3.79e-06 1.37e-04 3.03e-05 2.71e-04 3.29e-06 3.29e-04 8.30e-06 3.29e-04 3.29e-06 7.10e-06 1.30e-04 4.37e-05 2.71e-04 3.29e-06 3.29e-04 8.30e-06 3.29e-04 3.29e-06 7.10e-06 1.30e-04 4.37e-05
71155 1.42160e+04 -4.63555e+00 3.49727e-04 1.15978e-05 5.11e-04 3.03e-07 7.08e-04 6.56e-06 5.23e-04 3.34e-08 5.11e-06 1.43e-04 1.16e-05 2.71e-04 3.29e-06 3.29e-04 8.30e-06 3.29e-04 3.29e-06 7.09e-06 1.30e-04 4.36e-05 2.71e-04 3.29e-06 3.29e-04 8.30e-06 3.29e-04 3.29e-06 7.09e-06 1.30e-04 4.36e-05
71205 1.42260e+04 -4.67907e+00 2.91992e-04 2.16750e-05 2.32e-04 2.62e-07 6.86e-04 5.54e-06 5.36e-04 3.64e-08 7.71e-06 1.18e-04 2.17e-05 2.72e-04 3.29e-06 3.29e-04 8.30e-06 3.29e-04 3.29e-06 7.09e-06 1.30e-04 4.36e-05 2.72e-04 3.29e-06 3.29e-04 8.30e-06 3.29e-04 3.29e-06 7.09e-06 1.30e-04 4.36e-05
71255 1.42360e+04 -4.71374e+00 2.84134e-04 2.53616e-05 2.07e-04 2.53e-07 6.87e-04 5.35e-06 5.21e-04 4.06e-08 4.21e-06 1.11e-04 2.54e-05 2.72e-04 3.29e-06 3.29e-04 8.29e-06 3.29e-04 3.29e-06 7.09e-06 1.30e-04 4.36e-05 2.72e-04 3.29e-06 3.29e-04 8.29e-06 3.29e-04 3.29e-06 7.09e-06 1.30e-04 4.36e-05
71305 1.42460e+04 -4.65988e+00 3.25047e-04 3.33629e-05 4.29e-04 2.68e-07 6.78e-04 5.81e-06 5.13e-04 3.77e-08 3.30e-06 1.23e-04 3.34e-05 2.72e-04 3.29e-06 3.29e-04 8.29e-06 3.29e-04 3.29e-06 7.09e-06 1.30e-04 4.36e-05 2.72e-04 3.29e-06 3.29e-04 8.29e-06 3.29e-04 3.29e-06 7.09e-06 1.30e-04 4.36e-05
71355 1.42560e+04 -4.67430e+00 3.07733e-04 1.41431e-05 2.71e-04 2.69e-07 7.11e-04 5.94e-06 5.50e-04 3.84e-08 6.54e-06 1.33e-04 1.41e-05 2.72e-04 3.29e-06 3.29e-04 8.29e-06 3.29e-04 3.29e-06 7.09e-06 1.30e-04 4.36e-05 2.72e-04 3.29e-06 3.29e-04 8.29e-06 3.29e-04 3.29e-06 7.09e-06 1.30e-04 4.36e-05
71405 1.42660e+04 -4.69126e+00 2.87984e-04 1.98390e-05 2.00e-04 2.68e-07 6.87e-04 7.03e-06 5.46e-04 5.16e-08 6.36e-06 1.07e-04 1.98e-05 2.72e-04 3.29e-06 3.29e-04 8.28e-06 3.29e-04 3.29e-06 7.08e-06 1.30e-04 4.36e-05 2.72e-04 3.29e-06 3.29e-04 8.28e-06 3.29e-04 3.29e-06 7.08e-06 1.30e-04 4.36e-05
71455 1.42760e+04 -4.69100e+00 3.09615e-04 1.53785e-05 3.31e-04 2.75e-07 6.80e-04 5.66e-06 5.31e-04 8.87e-08 3.60e-06 1.37e-04 1.54e-05 2.72e-04 3.29e-06 3.29e-04 8.28e-06 3.29e-04 3.29e-06 7.08e-06 1.30e-04 4.35e-05 2.72e-04 3.29e-06 3.29e-04 8.28e-06 3.29e-04 3.29e-06 7.08e-06 1.30e-04 4.35e-05
71505 1.42860e+04 -4.69235e+00 3.07689e-04 1.75353e-05 3.52e-04 2.63e-07 6.45e-04 5.89e-06 5.35e-04 4.63e-08 3.72e-06 1.26e-04 1.75e-05 2.71e-04 3.29e-06 3.29e-04 8.27e-06 3.29e-04 3.29e-06 7.08e-06 1.30e-04 4.35e-05 2.71e-04 3.29e-06 3.29e-04 8.27e-06 3.29e-04 3.29e-06 7.08e-06 1.30e-04 4.35e-05
71555 1.42960e+04 -4.68868e+00 3.20901e-04 1.78270e-05 3.62e-04 2.73e-07 7.04e-04 5.78e-06 5.32e-04 8.72e-08 3.41e-06 1.12e-04 1.78e-05 2.71e-04 3.29e-06 3.29e-04 8.27e-06 3.29e-04 3.29e-06 7.08e-06 1.30e-04 4.35e-05 2.71e-04 3.29e-06 3.29e-04 8.27e-06 3.29e-04 3.29e-06 7.08e-06 1.30e-04 4.35e-05
71605 1.43060e+04 -4.63232e+00 2.80685e-04 7.90252e-05 1.98e-04 2.70e-07 6.78e-04 5.51e-06 5.21e-04 5.54e-08 5.45e-06 1.23e-04 7.90e-05 2.71e-04 3.29e-06 3.29e-04 8.27e-06 3.29e-04 3.29e-06 7.08e-06 1.30e-04 4.35e-05 2.71e-04 3.29e-06 3.29e-04 8.27e-06 3.29e-04 3.29e-06 7.08e-06 1.30e-04 4.35e-05
71655 1.43160e+04 -4.68084e+00 2.85817e-04 4.26938e-05 2.02e-04 2.53e-07 6.86e-04 5.80e-06 5.35e-04 4.52e-08 3.55e-06 1.39e-04 4.27e-05 2.71e-04 3.29e-06 3.29e-04 8.26e-06 3.29e-04 3.29e-06 7.07e-06 1.30e-04 4.35e-05 2.71e-04 3.29e-06 3.29e-04 8.26e-06 3.29e-04 3.29e-06 7.07e-06 1.30e-04 4.35e-05
71705 1.43260e+04 -4.64156e+00 3.20739e-04 4.86510e-05 3.04e-04 2.68e-07 7.40e-04 5.36e-06 5.54e-04 1.81e-07 3.75e-06 1.32e-04 4.87e-05 2.71e-04 3.29e-06 3.29e-04 8.26e-06 3.29e-04 3.29e-06 7.07e-06 1.30e-04 4.35e-05 2.71e-04 3.29e-06 3.29e-04 8.26e-06 3.29e-04 3.29e-06 7.07e-06 1.30e-04 4.35e-05
71755 1.43360e+04 -4.72418e+00 2.91146e-04 1.21714e-05 2.88e-04 2.65e-07 6.59e-04 5.30e-06 5.04e-04 7.29e-08 3.43e-06 1.19e-04 1.22e-05 2.71e-04 3.29e-06 3.29e-04 8.25e-06 3.29e-04 3.29e-06 7.07e-06 1.30e-04 4.34e-05 2.71e-04 3.29e-06 3.29e-04 8.25e-06 3.29e-04 3.29e-06 7.07e-06 1.30e-04 4.34e-05
71805 1.43460e+04 -4.70695e+00 2.82270e-04 2.92269e-05 2.12e-04 2.84e-07 6.79e-04 6.32e-06 5.14e-04 4.74e-08 3.09e-06 1.23e-04 2.92e-05 2.71e-04 3.29e-06 3.29e-04 8.25e-06 3.29e-04 3.29e-06 7.07e-06 1.30e-04 4.34e-05 2.71e-04 3.29e-06 3.29e-04 8.25e-06 3.29e-04 3.29e-06 7.07e-06 1.30e-04 4.34e-05
71855 1.43560e+04 -4.69006e+00 2.92679e-04 3.05137e-05 2.70e-04 2.79e-07 6.73e-04 5.56e-06 5.15e-04 5.48e-08 3.02e-06 1.46e-04 3.05e-05 2.72e-04 3.29e-06 3.29e-04 8.24e-06 3.29e-04 3.29e-06 7.06e-06 1.30e-04 4.34e-05 2.72e-04 3.29e-06 3.29e-04 8.24e-06 3.29e-04 3.29e-06 7.06e-06 1.30e-04 4.34e-05
71905 1.43660e+04 -4.69500e+00 3.10981e-04 1.80168e-05 3.74e-04 2.58e-07 6.56e-04 5.72e-06 5.19e-04 7.29e-08 3.68e-06 1.13e-04 1.80e-05 2.72e-04 3.29e-06 3.29e-04 8.24e-06 3.29e-04 3.29e-06 7.06e-06 1.30e-04 4.34e-05 2.72e-04 3.29e-06 3.29e-04 8.24e-06 3.29e-04 3.29e-06 7.06e-06 1.30e-04 4.34e-05
71955 1.43760e+04 -4.70155e+00 2.94551e-04 1.62386e-05 2.68e-04 2.68e-07 6.76e-04 7.37e-06 5.21e-04 1.12e-07 3.44e-06 1.22e-04 1.62e-05 2.72e-04 3.29e-06 3.29e-04 8.24e-06 3.29e-04 3.29e-06 7.06e-06 1.30e-04 4.34e-05 2.72e-04 3.29e-06 3.29e-04 8.24e-06 3.29e-04 3.29e-06 7.06e-06 1.30e-04 4.34e-05
72005 1.43860e+04 -4.56203e+00 2.87504e-04 3.96271e-05 2.03e-04 2.71e-07 6.97e-04 5.65e-06 5.31e-04 6.45e-08 2.05e-05 1.11e-04 3.96e-05 2.72e-04 3.29e-06 3.29e-04 8.23e-06 3.29e-04 3.29e-06 7.06e-06 1.30e-04 4.34e-05 2.72e-04 3.29e-06 3.29e-04 8.23e-06 3.29e-04 3.29e-06 7.06e-06 1.30e-04 4.34e-05
72055 1.43960e+04 -4.71005e+00 2.88028e-04 9.16669e-06 2.05e-04 2.75e-07 6.98e-04 6.31e-06 5.31e-04 5.53e-08 4.47e-06 1.40e-04 9.17e-06 2.72e-04 3.29e-06 3.29e-04 8.23e-06 3.29e-04 3.29e-06 7.05e-06 1.30e-04 4.33e-05 2.72e-04 3.29e-06 3.29e-04 8.23e-06 3.29e-04 3.29e-06 7.05e-06 1.30e-04 4.33e-05
72105 1.44060e+04 -4.67361e+00 2.90725e-04 3.09198e-05 2.18e-04 2.69e-07 6.86e-04 6.14e-06 5.44e-04 6.42e-08 5.94e-06 1.30e-04 3.09e-05 2.72e-04 3.29e-06 3.29e-04 8.23e-06 3.29e-04 3.29e-06 7.05e-06 1.30e-04 4.33e-05 2.72e-04 3.29e-06 3.29e-04 8.23e-06 3.29e-04 3.29e-06 7.05e-06 1.30e-04 4.33e-05
72155 1.44160e+04 -4.70752e+00 2.92028e-04 2.40509e-05 2.18e-04 2.86e-07 6.92e-04 5.99e-06 5.43e-04 6.63e-08 3.80e-06 1.09e-04 2.41e-05 2.72e-04 3.29e-06 3.29e-04 8.22e-06 3.29e-04 3.29e-06 7.05e-06 1.30e-04 4.33e-05 2.72e-04 3.29e-06 3.29e-04 8.22e-06 3.29e-04 3.29e-06 7.05e-06 1.30e-04 4.33e-05
72205 1.44260e+04 -4.65451e+00 2.99031e-04 4.60667e-05 2.02e-04 2.52e-07 7.14e-04 5.75e-06 5.73e-04 4.42e-08 5.29e-06 1.33e-04 4.61e-05 2.72e-04 3.29e-06 3.29e-04 8.22e-06 3.29e-04 3.29e-06 7.05e-06 1.30e-04 4.33e-05 2.72e-04 3.29e-06 3.29e-04 8.22e-06 3.29e-04 3.29e-06 7.05e-06 1.30e-04 4.33e-05
72255 1.44360e+04 -4.65949e+00 2.99896e-04 2.88330e-05 2.78e-04 2.66e-07 6.78e-04 6.82e-06 5.36e-04 4.27e-08 6.74e-06 1.22e-04 2.88e-05 2.72e-04 3.29e-06 3.29e-04 8.21e-06 3.29e-04 3.29e-06 7.05e-06 1.29e-04 4.33e-05 2.72e-04 3.29e-06 3.29e-04 8.21e-06 3.29e-04 3.29e-06 7.05e-06 1.29e-04 4.33e-05
72305 1.44460e+04 -4.68675e+00 2.84418e-04 1.65613e-05 1.95e-04 2.62e-07 6.69e-04 5.63e-06 5.52e-04 4.63e-08 7.83e-06 1.31e-04 1.66e-05 2.72e-04 3.29e-06 3.29e-04 8.21e-06 3.29e-04 3.29e-06 7.05e-06 1.29e-04 4.32e-05 2.72e-04 3.29e-06 3.29e-04 8.21e-06 3.29e-04 3.29e-06 7.05e-06 1.29e-04 4.32e-05
72355 1.44560e+04 -4.68458e+00 3.04322e-04 2.48655e-05 2.89e-04 2.77e-07 6.88e-04 6.68e-06 5.38e-04 5.36e-08 4.00e-06 1.17e-04 2.49e-05 2.72e-04 3.29e-06 3.29e-04 8.21e-06 3.29e-04 3.29e-06 7.04e-06 1.29e-04 4.32e-05 2.72e-04 3.29e-06 3.29e-04 8.21e-06 3.29e-04 3.29e-06 7.04e-06 1.29e-04 4.32e-05
72405 1.44660e+04 -4.60231e+00 3.19917e-04 6.21976e-05 3.35e-04 2.71e-07 6.78e-04 6.31e-06 5.80e-04 1.04e-07 6.28e-06 1.25e-04 6.22e-05 2.72e-04 3.29e-06 3.29e-04 8.20e-06 3.29e-04 3.29e-06 7.04e-06 1.29e-04 4.32e-05 2.72e-04 3.29e-06 3.29e-04 8.20e-06 3.29e-04 3.29e-06 7.04e-06 1.29e-04 4.32e-05
72455 1.44760e+04 -4.70003e+00 3.24569e-04 1.03819e-05 3.66e-04 2.56e-07 6.97e-04 5.59e-06 5.54e-04 4.50e-08 2.98e-06 1.15e-04 1.04e-05 2.72e-04 3.29e-06 3.29e-04 8.20e-06 3.29e-04 3.29e-06 7.04e-06 1.29e-04 4.32e-05 2.72e-04 3.29e-06 3.29e-04 8.20e-06 3.29e-04 3.29e-06 7.04e-06 1.29e-04 4.32e-05
72505 1.44860e+04 -4.68420e+00 3.02684e-04 3.29678e-05 3.35e-04 2.69e-07 6.58e-04 6.32e-06 5.13e-04 5.07e-08 3.27e-06 1.13e-04 3.30e-05 2.72e-04 3.29e-06 3.29e-04 8.20e-06 3.29e-04 3.29e-06 7.04e-06 1.29e-04 4.32e-05 2.72e-04 3.29e-06 3.29e-04 8.20e-06 3.29e-04 3.29e-06 7.04e-06 1.29e-04 4.32e-05
72555 1.44960e+04 -4.64231e+00 3.04490e-04 6.46049e-05 3.18e-04 2.74e-07 6.98e-04 5.50e-06 5.01e-04 4.06e-08 3.38e-06 1.24e-04 6.46e-05 2.72e-04 3.29e-06 3.29e-04 8.19e-06 3.29e-04 3.29e-06 7.04e-06 1.29e-04 4.32e-05 2.72e-04 3.29e-06 3.29e-04 8.19e-06 3.29e-04 3.29e-06 7.04e-06 1.29e-04 4.32e-05
72605 1.45060e+04 -4.68938e+00 3.00627e-04 2.69282e-05 2.50e-04 2.64e-07 7.11e-04 5.26e-06 5.36e-04 5.47e-08 4.40e-06 1.25e-04 2.69e-05 2.72e-04 3.29e-06 3.29e-04 8.19e-06 3.29e-04 3.29e-06 7.04e-06 1.29e-04 4.31e-05 2.72e-04 3.29e-06 3.29e-04 8.19e-06 3.29e-04 3.29e-06 7.04e-06 1.29e-04 4.31e-05
72655 1.45160e+04 -4.71047e+00 3.00449e-04 1.19994e-05 3.28e-04 2.61e-07 6.41e-04 5.82e-06 5.26e-04 6.00e-08 2.95e-06 1.33e-04 1.20e-05 2.72e-04 3.29e-06 3.29e-04 8.18e-06 3.29e-04 3.29e-06 7.03e-06 1.29e-04 4.31e-05 2.72e-04 3.29e-06 3.29e-04 8.18e-06 3.29e-04 3.29e-06 7.03e-06 1.29e-04 4.31e-05
72705 1.45260e+04 -4.62670e+00 3.03420e-04 3.98506e-05 2.50e-04 2.59e-07 7.03e-04 6.06e-06 5.57e-04 8.21e-08 9.53e-06 1.20e-04 3.99e-05 2.73e-04 3.29e-06 3.29e-04 8.18e-06 3.29e-04 3.29e-06 7.03e-06 1.29e-04 4.31e-05 2.73e-04 3.29e-06 3.29e-04 8.18e-06 3.29e-04 3.29e-06 7.03e-06 1.29e-04 4.31e-05
72755 1.45360e+04 -4.71708e+00 2.96393e-04 1.03526e-05 2.33e-04 2.63e-07 7.05e-04 5.45e-06 5.38e-04 1.56e-07 3.56e-06 1.29e-04 1.04e-05 2.73e-04 3.29e-06 3.29e-04 8.18e-06 3.29e-04 3.29e-06 7.03e-06 1.29e-04 4.31e-05 2.73e-04 3.29e-06 3.29e-04 8.18e-06 3.29e-04 3.29e-06 7.03e-06 1.29e-04 4.31e-05
72805 1.45460e+04 -4.63461e+00 2.94466e-04 8.35223e-05 2.27e-04 2.65e-07 6.94e-04 5.26e-06 5.47e-04 7.16e-08 2.85e-06 1.25e-04 8.35e-05 2.73e-04 3.29e-06 3.29e-04 8.17e-06 3.29e-04 3.29e-06 7.03e-06 1.29e-04 4.31e-05 2.73e-04 3.29e-06 3.29e-04 8.17e-06 3.29e-04 3.29e-06 7.03e-06 1.29e-04 4.31e-05
72855 1.45560e+04 -4.72151e+00 2.89025e-04 1.29844e-05 1.80e-04 2.56e-07 7.06e-04 6.57e-06 5.53e-04 7.22e-08 2.84e-06 1.29e-04 1.30e-05 2.72e-04 3.29e-06 3.29e-04 8.17e-06 3.29e-04 3.29e-06 7.02e-06 1.29e-04 4.31e-05 2.72e-04 3.29e-06 3.29e-04 8.17e-06 3.29e-04 3.29e-06 7.02e-06 1.29e-04 4.31e-05
72905 1.45660e+04 -4.71524e+00 2.89417e-04 1.77370e-05 2.19e-04 2.66e-07 6.96e-04 6.88e-06 5.25e-04 8.57e-08 2.81e-06 1.21e-04 1.77e-05 2.72e-04 3.29e-06 3.29e-04 8.17e-06 3.29e-04 3.29e-06 7.02e-06 1.29e-04 4.30e-05 2.72e-04 3.29e-06 3.29e-04 8.17e-06 3.29e-04 3.29e-06 7.02e-06 1.29e-04 4.30e-05
72955 1.45760e+04 -4.70516e+00 3.02951e-04 1.26390e-05 2.59e-04 2.68e-07 7.01e-04 7.14e-06 5.48e-04 4.50e-08 3.14e-06 1.21e-04 1.26e-05 2.72e-04 3.29e-06 3.29e-04 8.16e-06 3.29e-04 3.29e-06 7.02e-06 1.29e-04 4.30e-05 2.72e-04 3.29e-06 3.29e-04 8.16e-06 3.29e-04 3.29e-06 7.02e-06 1.29e-04 4.30e-05
73005 1.45860e+04 -4.69826e+00 3.04554e-04 2.73894e-05 3.05e-04 2.67e-07 7.00e-04 5.21e-06 5.12e-04 6.90e-08 3.09e-06 1.16e-04 2.74e-05 2.72e-04 3.29e-06 3.29e-04 8.16e-06 3.29e-04 3.29e-06 7.02e-06 1.29e-04 4.30e-05 2.72e-04 3.29e-06 3.29e-04 8.16e-06 3.29e-04 3.29e-06 7.02e-06 1.29e-04 4.30e-05
73055 1.45960e+04 -4.65347e+00 3.46441e-04 1.99237e-05 5.14e-04 2.70e-07 6.76e-04 6.11e-06 5.35e-04 6.39e-08 3.71e-06 1.18e-04 1.99e-05 2.72e-04 3.29e-06 3.29e-04 8.15e-06 3.29e-04 3.29e-06 7.02e-06 1.29e-04 4.30e-05 2.72e-04 3.29e-06 3.29e-04 8.15e-06 3.29e-04 3.29e-06 7.02e-06 1.29e-04 4.30e-05
73105 1.46060e+04 -4.70884e+00 3.04270e-04 1.78311e-05 2.78e-04 2.70e-07 6.73e-04 5.61e-06 5.65e-04 6.09e-08 2.67e-06 1.25e-04 1.78e-05 2.73e-04 3.29e-06 3.29e-04 8.15e-06 3.29e-04 3.29e-06 7.01e-06 1.29e-04 4.30e-05 2.73e-04 3.29e-06 3.29e-04 8.15e-06 3.29e-04 3.29e-06 7.01e-06 1.29e-04 4.30e-05
73155 1.46160e+04 -4.62086e+00 3.80027e-04 2.17496e-05 6.63e-04 2.69e-07 6.94e-04 5.48e-06 5.37e-04 6.40e-08 3.49e-06 1.24e-04 2.17e-05 2.73e-04 3.29e-06 3.29e-04 8.15e-06 3.29e-04 3.29e-06 7.01e-06 1.29e-04 4.30e-05 2.73e-04 3.29e-06 3.29e-04 8.15e-06 3.29e-04 3.29e-06 7.01e-06 1.29e-04 4.30e-05
73205 1.46260e+04 -4.68770e+00 2.93906e-04 3.98361e-05 2.30e-04 2.73e-07 7.07e-04 6.03e-06 5.26e-04 3.98e-08 2.99e-06 1.20e-04 3.98e-05 2.73e-04 3.29e-06 3.29e-04 8.14e-06 3.29e-04 3.29e-06 7.01e-06 1.29e-04 4.30e-05 2.73e-04 3.29e-06 3.29e-04 8.14e-06 3.29e-04 3.29e-06 7.01e-06 1.29e-04 4.30e-05
73255 1.46360e+04 -4.69130e+00 3.07331e-04 2.52750e-05 2.07e-04 2.58e-07 7.44e-04 6.22e-06 5.80e-04 6.31e-08 3.49e-06 1.19e-04 2.53e-05 2.73e-04 3.29e-06 3.29e-04 8.14e-06 3.29e-04 3.29e-06 7.01e-06 1.29e-04 4.29e-05 2.73e-04 3.29e-06 3.29e-04 8.14e-06 3.29e-04 3.29e-06 7.01e-06 1.29e-04 4.29e-05
73305 1.46460e+04 -4.64470e+00 2.98505e-04 3.37072e-05 2.56e-04 2.70e-07 6.89e-04 7.49e-06 5.40e-04 5.53e-08 7.54e-06 1.21e-04 3.37e-05 2.73e-04 3.29e-06 3.29e-04 8.14e-06 3.29e-04 3.29e-06 7.01e-06 1.29e-04 4.29e-05 2.73e-04 3.29e-06 3.29e-04 8.14e-06 3.29e-04 3.29e-06 7.01e-06 1.29e-04 4.29e-05
73355 1.46560e+04 -4.68015e+00 2.86777e-04 4.87795e-05 2.62e-04 2.73e-07 6.48e-04 6.31e-06 5.17e-04 4.33e-08 3.04e-06 1.17e-04 4.88e-05 2.73e-04 3.29e-06 3.29e-04 8.13e-06 3.29e-04 3.29e-06 7.01e-06 1.29e-04 4.29e-05 2.73e-04 3.29e-06 3.29e-04 8.13e-06 3.29e-04 3.29e-06 7.01e-06 1.29e-04 4.29e-05
73405 1.46660e+04 -4.70696e+00 2.93460e-04 1.66843e-05 2.48e-04 2.57e-07 6.86e-04 5.89e-06 5.27e-04 4.81e-08 4.98e-06 1.11e-04 1.67e-05 2.73e-04 3.29e-06 3.29e-04 8.13e-06 3.29e-04 3.29e-06 7.01e-06 1.29e-04 4.29e-05 2.73e-04 3.29e-06 3.29e-04 8.13e-06 3.29e-04 3.29e-06 7.01e-06 1.29e-04 4.29e-05
73455 1.46760e+04 -4.72357e+00 2.81446e-04 2.60368e-05 2.56e-04 2.81e-07 6.47e-04 5.58e-06 4.98e-04 6.81e-08 2.56e-06 1.15e-04 2.60e-05 2.73e-04 3.29e-06 3.29e-04 8.13e-06 3.29e-04 3.29e-06 7.00e-06 1.29e-04 4.29e-05 2.73e-04 3.29e-06 3.29e-04 8.13e-06 3.29e-04 3.29e-06 7.00e-06 1.29e-04 4.29e-05
73505 1.46860e+04 -4.69278e+00 2.82499e-04 2.97372e-05 2.07e-04 2.62e-07 6.93e-04 5.84e-06 5.06e-04 4.67e-08 4.77e-06 1.34e-04 2.97e-05 2.73e-04 3.29e-06 3.29e-04 8.12e-06 3.29e-04 3.29e-06 7.00e-06 1.29e-04 4.29e-05 2.73e-04 3.29e-06 3.29e-04 8.12e-06 3.29e-04 3.29e-06 7.00e-06 1.29e-04 4.29e-05
73555 1.46960e+04 -4.70807e+00 2.95775e-04 6.36605e-06 2.27e-04 2.61e-07 7.07e-04 5.72e-06 5.39e-04 4.31e-08 6.09e-06 1.19e-04 6.37e-06 2.73e-04 3.29e-06 3.29e-04 8.12e-06 3.29e-04 3.29e-06 7.00e-06 1.29e-04 4.29e-05 2.73e-04 3.29e-06 3.29e-04 8.12e-06 3.29e-04 3.29e-06 7.00e-06 1.29e-04 4.29e-05
73605 1.47060e+04 -4.64986e+00 3.03222e-04 6.42845e-05 2.51e-04 2.62e-07 6.86e-04 5.77e-06 5.73e-04 7.08e-08 3.33e-06 1.12e-04 6.43e-05 2.73e-04 3.29e-06 3.29e-04 8.11e-06 3.29e-04 3.29e-06 7.00e-06 1.29e-04 4.28e-05 2.73e-04 3.29e-06 3.29e-04 8.11e-06 3.29e-04 3.29e-06 7.00e-06 1.29e-04 4.28e-05
73655 1.47160e+04 -4.72551e+00 2.82754e-04 1.40266e-05 2.41e-04 2.83e-07 6.72e-04 5.86e-06 4.95e-04 5.65e-08 3.58e-06 1.22e-04 1.40e-05 2.73e-04 3.29e-06 3.29e-04 8.11e-06 3.29e-04 3.29e-06 7.00e-06 1.29e-04 4.28e-05 2.73e-04 3.29e-06 3.29e-04 8.11e-06 3.29e-04 3.29e-06 7.00e-06 1.29e-04 4.28e-05
73705 1.47260e+04 -4.73783e+00 2.84692e-04 7.41537e-06 2.08e-04 2.72e-07 6.76e-04 6.11e-06 5.33e-04 4.13e-08 3.30e-06 1.15e-04 7.42e-06 2.73e-04 3.29e-06 3.29e-04 8.11e-06 3.29e-04 3.29e-06 7.00e-06 1.29e-04 4.28e-05 2.73e-04 3.29e-06 3.29e-04 8.11e-06 3.29e-04 3.29e-06 7.00e-06 1.29e-04 4.28e-05
73755 1.47360e+04 -4.72893e+00 2.91966e-04 1.01214e-05 2.43e-04 2.69e-07 6.77e-04 5.53e-06 5.34e-04 3.80e-08 2.93e-06 1.26e-04 1.01e-05 2.73e-04 3.29e-06 3.29e-04 8.10e-06 3.29e-04 3.29e-06 6.99e-06 1.28e-04 4.28e-05 2.73e-04 3.29e-06 3.29e-04 8.10e-06 3.29e-04 3.29e-06 6.99e-06 1.28e-04 4.28e-05
73805 1.47460e+04 -4.68671e+00 3.19584e-04 2.09766e-05 3.33e-04 2.72e-07 7.28e-04 5.67e-06 5.31e-04 5.33e-08 3.50e-06 1.17e-04 2.10e-05 2.73e-04 3.29e-06 3.29e-04 8.10e-06 3.29e-04 3.29e-06 6.99e-06 1.28e-04 4.28e-05 2.73e-04 3.29e-06 3.29e-04 8.10e-06 3.29e-04 3.29e-06 6.99e-06 1.28e-04 4.28e-05
73855 1.47560e+04 -4.68091e+00 2.87674e-04 1.70611e-05 2.39e-04 2.74e-07 6.73e-04 6.41e-06 5.20e-04 6.14e-08 7.27e-06 1.31e-04 1.71e-05 2.73e-04 3.29e-06 3.29e-04 8.09e-06 3.29e-04 3.29e-06 6.99e-06 1.28e-04 4.28e-05 2.73e-04 3.29e-06 3.29e-04 8.09e-06 3.29e-04 3.29e-06 6.99e-06 1.28e-04 4.28e-05
73905 1.47660e+04 -4.68044e+00 3.10809e-04 1.95357e-05 3.21e-04 2.64e-07 6.73e-04 5.73e-06 5.54e-04 6.01e-08 3.75e-06 1.49e-04 1.95e-05 2.73e-04 3.29e-06 3.29e-04 8.09e-06 3.29e-04 3.29e-06 6.99e-06 1.28e-04 4.27e-05 2.73e-04 3.29e-06 3.29e-04 8.09e-06 3.29e-04 3.29e-06 6.99e-06 1.28e-04 4.27e-05
73955 1.47760e+04 -4.70392e+00 3.04375e-04 1.72030e-05 2.72e-04 2.62e-07 6.94e-04 5.57e-06 5.51e-04 5.95e-08 3.84e-06 1.19e-04 1.72e-05 2.73e-04 3.29e-06 3.29e-04 8.09e-06 3.29e-04 3.29e-06 6.99e-06 1.28e-04 4.27e-05 2.73e-04 3.29e-06 3.29e-04 8.09e-06 3.29e-04 3.29e-06 6.99e-06 1.28e-04 4.27e-05
74005 1.47860e+04 -4.61032e+00 3.76739e-04 3.42281e-05 6.55e-04 2.83e-07 6.80e-04 5.84e-06 5.43e-04 5.05e-08 3.05e-06 1.22e-04 3.42e-05 2.73e-04 3.29e-06 3.29e-04 8.08e-06 3.29e-04 3.29e-06 6.99e-06 1.28e-04 4.27e-05 2.73e-04 3.29e-06 3.29e-04 8.08e-06 3.29e-04 3.29e-06 6.99e-06 1.28e-04 4.27e-05
74055 1.47960e+04 -4.66591e+00 2.90417e-04 2.44662e-05 2.44e-04 2.73e-07 6.65e-04 6.71e-06 5.36e-04 7.05e-08 8.36e-06 1.13e-04 2.45e-05 2.73e-04 3.29e-06 3.29e-04 8.08e-06 3.29e-04 3.29e-06 6.98e-06 1.28e-04 4.27e-05 2.73e-04 3.29e-06 3.29e-04 8.08e-06 3.29e-04 3.29e-06 6.98e-06 1.28e-04 4.27e-05
74105 1.48060e+04 -4.71199e+00 2.93152e-04 1.93837e-05 2.15e-04 2.61e-07 6.88e-04 5.67e-06 5.57e-04 7.26e-08 3.76e-06 1.20e-04 1.94e-05 2.73e-04 3.29e-06 3.29e-04 8.08e-06 3.29e-04 3.29e-06 6.98e-06 1.28e-04 4.27e-05 2.73e-04 3.29e-06 3.29e-04 8.08e-06 3.29e-04 3.29e-06 6.98e-06 1.28e-04 4.27e-05
74155 1.48160e+04 -4.64773e+00 2.98535e-04 3.74706e-05 2.86e-04 2.74e-07 6.82e-04 5.91e-06 5.19e-04 4.67e-08 8.00e-06 1.16e-04 3.75e-05 2.73e-04 3.29e-06 3.29e-04 8.07e-06 3.29e-04 3.29e-06 6.98e-06 1.28e-04 4.27e-05 2.73e-04 3.29e-06 3.29e-04 8.07e-06 3.29e-04 3.29e-06 6.98e-06 1.28e-04 4.27e-05
74205 1.48260e+04 -4.63859e+00 3.15282e-04 5.92659e-05 3.09e-04 2.58e-07 7.05e-04 5.77e-06 5.56e-04 5.19e-08 3.37e-06 1.25e-04 5.93e-05 2.73e-04 3.29e-06 3.29e-04 8.07e-06 3.29e-04 3.29e-06 6.98e-06 1.28e-04 4.26e-05 2.73e-04 3.29e-06 3.29e-04 8.07e-06 3.29e-04 3.29e-06 6.98e-06 1.28e-04 4.26e-05
74255 1.48360e+04 -4.70746e+00 2.93305e-04 1.90219e-05 1.93e-04 2.58e-07 7.07e-04 6.16e-06 5.60e-04 4.70e-08 3.87e-06 1.24e-04 1.90e-05 2.73e-04 3.29e-06 3.29e-04 8.06e-06 3.29e-04 3.29e-06 6.98e-06 1.28e-04 4.26e-05 2.73e-04 3.29e-06 3.29e-04 8.06e-06 3.29e-04 3.29e-06 6.98e-06 1.28e-04 4.26e-05
74305 1.48460e+04 -4.69902e+00 2.97583e-04 2.00847e-05 2.62e-04 2.61e-07 6.77e-04 5.55e-06 5.43e-04 3.70e-08 3.88e-06 1.37e-04 2.01e-05 2.73e-04 3.29e-06 3.29e-04 8.06e-06 3.29e-04 3.29e-06 6.98e-06 1.28e-04 4.26e-05 2.73e-04 3.29e-06 3.29e-04 8.06e-06 3.29e-04 3.29e-06 6.98e-06 1.28e-04 4.26e-05
74355 1.48560e+04 -4.70454e+00 3.07998e-04 1.54134e-05 2.90e-04 2.80e-07 7.12e-04 5.62e-06 5.33e-04 4.06e-08 3.88e-06 1.13e-04 1.54e-05 2.73e-04 3.29e-06 3.29e-04 8.05e-06 3.29e-04 3.29e-06 6.98e-06 1.28e-04 4.26e-05 2.73e-04 3.29e-06 3.29e-04 8.05e-06 3.29e-04 3.29e-06 6.98e-06 1.28e-04 4.26e-05
74405 1.48660e+04 -4.69937e+00 2.99939e-04 1.50273e-05 2.63e-04 2.70e-07 6.89e-04 5.19e-06 5.42e-04 5.32e-08 5.11e-06 1.28e-04 1.50e-05 2.73e-04 3.29e-06 3.29e-04 8.05e-06 3.29e-04 3.29e-06 6.97e-06 1.28e-04 4.26e-05 2.73e-04 3.29e-06 3.29e-04 8.05e-06 3.29e-04 3.29e-06 6.97e-06 1.28e-04 4.26e-05
74455 1.48760e+04 -4.67965e+00 2.89166e-04 3.02626e-05 2.09e-04 2.59e-07 6.87e-04 5.72e-06 5.44e-04 4.81e-08 6.53e-06 1.20e-04 3.03e-05 2.73e-04 3.28e-06 3.29e-04 8.05e-06 3.29e-04 3.28e-06 6.97e-06 1.28e-04 4.26e-05 2.73e-04 3.29e-06 3.29e-04 8.05e-06 3.29e-04 3.29e-06 6.97e-06 1.28e-04 4.26e-05
74505 1.48860e+04 -4.71906e+00 2.90205e-04 1.92180e-05 1.98e-04 2.72e-07 7.06e-04 5.75e-06 5.41e-04 5.24e-08 3.70e-06 1.12e-04 1.92e-05 2.73e-04 3.28e-06 3.29e-04 8.04e-06 3.29e-04 3.28e-06 6.97e-06 1.28e-04 4.26e-05 2.73e-04 3.29e-06 3.29e-04 8.04e-06 3.29e-04 3.29e-06 6.97e-06 1.28e-04 4.26e-05
74555 1.48960e+04 -4.70605e+00 2.84457e-04 2.38114e-05 1.87e-04 2.65e-07 6.89e-04 6.90e-06 5.40e-04 3.73e-08 3.22e-06 1.32e-04 2.38e-05 2.73e-04 3.28e-06 3.28e-04 8.04e-06 3.28e-04 3.28e-06 6.97e-06 1.28e-04 4.25e-05 2.73e-04 3.28e-06 3.28e-04 8.04e-06 3.28e-04 3.28e-06 6.97e-06 1.28e-04 4.25e-05
74605 1.49060e+04 -4.73047e+00 2.83725e-04 1.14224e-05 2.15e-04 2.57e-07 6.67e-04 5.60e-06 5.31e-04 4.02e-08 3.85e-06 1.21e-04 1.14e-05 2.73e-04 3.28e-06 3.28e-04 8.03e-06 3.28e-04 3.28e-06 6.97e-06 1.28e-04 4.25e-05 2.73e-04 3.28e-06 3.28e-04 8.03e-06 3.28e-04 3.28e-06 6.97e-06 1.28e-04 4.25e-05
74655 1.49160e+04 -4.67627e+00 3.03785e-04 2.40762e-05 2.52e-04 2.73e-07 7.26e-04 5.54e-06 5.35e-04 8.47e-08 5.35e-06 1.37e-04 2.41e-05 2.73e-04 3.28e-06 3.28e-04 8.03e-06 3.28e-04 3.28e-06 6.96e-06 1.28e-04 4.25e-05 2.73e-04 3.28e-06 3.28e-04 8.03e-06 3.28e-04 3.28e-06 6.96e-06 1.28e-04 4.25e-05
74705 1.49260e+04 -4.64069e+00 2.80956e-04 1.62737e-05 1.93e-04 2.62e-07 6.84e-04 5.67e-06 5.22e-04 4.57e-08 1.40e-05 1.31e-04 1.63e-05 2.73e-04 3.28e-06 3.28e-04 8.03e-06 3.28e-04 3.28e-06 6.96e-06 1.28e-04 4.25e-05 2.73e-04 3.28e-06 3.28e-04 8.03e-06 3.28e-04 3.28e-06 6.96e-06 1.28e-04 4.25e-05
74755 1.49360e+04 -4.66741e+00 3.07009e-04 2.71386e-05 3.13e-04 2.84e-07 6.65e-04 6.44e-06 5.50e-04 4.58e-08 5.68e-06 1.18e-04 2.71e-05 2.73e-04 3.28e-06 3.28e-04 8.02e-06 3.28e-04 3.28e-06 6.96e-06 1.28e-04 4.25e-05 2.73e-04 3.28e-06 3.28e-04 8.02e-06 3.28e-04 3.28e-06 6.96e-06 1.28e-04 4.25e-05
74805 1.49460e+04 -4.64700e+00 3.34613e-04 3.51862e-05 3.83e-04 2.84e-07 7.34e-04 5.44e-06 5.51e-04 5.11e-08 3.76e-06 1.32e-04 3.52e-05 2.73e-04 3.28e-06 3.28e-04 8.02e-06 3.28e-04 3.28e-06 6.96e-06 1.28e-04 4.24e-05 2.73e-04 3.28e-06 3.28e-04 8.02e-06 3.28e-04 3.28e-06 6.96e-06 1.28e-04 4.24e-05
74855 1.49560e+04 -4.69823e+00 3.02532e-04 2.07680e-05 2.60e-04 2.70e-07 7.05e-04 5.68e-06 5.42e-04 5.78e-08 3.39e-06 1.33e-04 2.08e-05 2.73e-04 3.28e-06 3.28e-04 8.02e-06 3.28e-04 3.28e-06 6.96e-06 1.28e-04 4.24e-05 2.73e-04 3.28e-06 3.28e-04 8.02e-06 3.28e-04 3.28e-06 6.96e-06 1.28e-04 4.24e-05
74905 1.49660e+04 -4.65380e+00 3.47303e-04 1.56584e-05 4.75e-04 2.77e-07 7.04e-04 5.89e-06 5.51e-04 3.19e-08 3.83e-06 1.36e-04 1.57e-05 2.73e-04 3.28e-06 3.28e-04 8.01e-06 3.28e-04 3.28e-06 6.96e-06 1.28e-04 4.24e-05 2.73e-04 3.28e-06 3.28e-04 8.01e-06 3.28e-04 3.28e-06 6.96e-06 1.28e-04 4.24e-05
74955 1.49760e+04 -4.67953e+00 3.07923e-04 2.37386e-05 2.63e-04 2.68e-07 7.15e-04 6.10e-06 5.55e-04 3.99e-08 5.39e-06 1.14e-04 2.37e-05 2.73e-04 3.28e-06 3.28e-04 8.01e-06 3.28e-04 3.28e-06 6.96e-06 1.28e-04 4.24e-05 2.73e-04 3.28e-06 3.28e-04 8.01e-06 3.28e-04 3.28e-06 6.96e-06 1.28e-04 4.24e-05
75005 1.49850e+04 -4.69828e+00 3.06972e-04 1.94670e-05 2.88e-04 2.59e-07 7.05e-04 5.46e-06 5.35e-04 4.66e-08 3.66e-06 1.26e-04 1.95e-05 2.73e-04 3.28e-06 3.28e-04 8.01e-06 3.28e-04 3.28e-06 6.96e-06 1.28e-04 4.24e-05 2.73e-04 3.28e-06 3.28e-04 8.01e-06 3.28e-04 3.28e-06 6.96e-06 1.28e-04 4.24e-05
75055 1.49950e+04 -4.69089e+00 3.04628e-04 1.98844e-05 2.24e-04 2.84e-07 7.35e-04 5.81e-06 5.58e-04 4.44e-08 4.67e-06 1.26e-04 1.99e-05 2.73e-04 3.28e-06 3.28e-04 8.00e-06 3.28e-04 3.28e-06 6.95e-06 1.28e-04 4.24e-05 2.73e-04 3.28e-06 3.28e-04 8.00e-06 3.28e-04 3.28e-06 6.95e-06 1.28e-04 4.24e-05
75105 1.50050e+04 -4.64188e+00 3.38825e-04 3.71663e-05 4.53e-04 2.89e-07 6.80e-04 5.79e-06 5.55e-04 6.00e-08 3.67e-06 1.20e-04 3.72e-05 2.73e-04 3.28e-06 3.28e-04 8.00e-06 3.28e-04 3.28e-06 6.95e-06 1.28e-04 4.24e-05 2.73e-04 3.28e-06 3.28e-04 8.00e-06 3.28e-04 3.28e-06 6.95e-06 1.28e-04 4.24e-05
75155 1.50150e+04 -4.69808e+00 3.04414e-04 1.20750e-05 1.92e-04 2.63e-07 7.54e-04 6.92e-06 5.69e-04 6.04e-08 3.99e-06 1.32e-04 1.21e-05 2.73e-04 3.28e-06 3.28e-04 8.00e-06 3.28e-04 3.28e-06 6.95e-06 1.28e-04 4.23e-05 2.73e-04 3.28e-06 3.28e-04 8.00e-06 3.28e-04 3.28e-06 6.95e-06 1.28e-04 4.23e-05
75205 1.50250e+04 -4.67473e+00 3.24288e-04 1.79454e-05 3.99e-04 2.70e-07 7.07e-04 6.01e-06 5.09e-04 5.36e-08 3.19e-06 1.42e-04 1.79e-05 2.73e-04 3.28e-06 3.28e-04 7.99e-06 3.28e-04 3.28e-06 6.95e-06 1.28e-04 4.23e-05 2.73e-04 3.28e-06 3.28e-04 7.99e-06 3.28e-04 3.28e-06 6.95e-06 1.28e-04 4.23e-05
75255 1.50350e+04 -4.68091e+00 3.00031e-04 3.09108e-05 1.97e-04 2.66e-07 7.39e-04 5.76e-06 5.58e-04 4.17e-08 3.44e-06 1.51e-04 3.09e-05 2.73e-04 3.28e-06 3.28e-04 7.99e-06 3.28e-04 3.28e-06 6.95e-06 1.28e-04 4.23e-05 2.73e-04 3.28e-06 3.28e-04 7.99e-06 3.28e-04 3.28e-06 6.95e-06 1.28e-04 4.23e-05
75305 1.50450e+04 -4.65514e+00 3.36171e-04 2.61808e-05 4.07e-04 2.68e-07 7.00e-04 6.89e-06 5.66e-04 3.85e-08 3.43e-06 1.20e-04 2.62e-05 2.73e-04 3.28e-06 3.28e-04 7.98e-06 3.28e-04 3.28e-06 6.95e-06 1.28e-04 4.23e-05 2.73e-04 3.28e-06 3.28e-04 7.98e-06 3.28e-04 3.28e-06 6.95e-06 1.28e-04 4.23e-05
75355 1.50550e+04 -4.70580e+00 3.17804e-04 6.00892e-06 3.22e-04 2.71e-07 7.03e-04 5.22e-06 5.59e-04 4.55e-08 4.16e-06 1.20e-04 6.01e-06 2.73e-04 3.28e-06 3.28e-04 7.98e-06 3.28e-04 3.28e-06 6.95e-06 1.28e-04 4.23e-05 2.73e-04 3.28e-06 3.28e-04 7.98e-06 3.28e-04 3.28e-06 6.95e-06 1.28e-04 4.23e-05
75405 1.50650e+04 -4.70996e+00 2.89931e-04 7.60070e-06 2.06e-04 2.62e-07 7.01e-04 5.65e-06 5.37e-04 7.78e-08 4.32e-06 1.58e-04 7.60e-06 2.73e-04 3.28e-06 3.28e-04 7.98e-06 3.28e-04 3.28e-06 6.95e-06 1.28e-04 4.23e-05 2.73e-04 3.28e-06 3.28e-04 7.98e-06 3.28e-04 3.28e-06 6.95e-06 1.28e-04 4.23e-05
75455 1.50750e+04 -4.69577e+00 3.00883e-04 1.04520e-05 2.88e-04 2.74e-07 6.84e-04 6.79e-06 5.25e-04 3.50e-08 4.94e-06 1.26e-04 1.05e-05 2.73e-04 3.28e-06 3.28e-04 7.97e-06 3.28e-04 3.28e-06 6.95e-06 1.28e-04 4.22e-05 2.73e-04 3.28e-06 3.28e-04 7.97e-06 3.28e-04 3.28e-06 6.95e-06 1.28e-04 4.22e-05
75505 1.50850e+04 -4.60929e+00 3.09230e-04 5.28787e-05 3.08e-04 2.74e-07 7.15e-04 7.16e-06 5.16e-04 4.88e-08 6.09e-06 1.52e-04 5.29e-05 2.73e-04 3.28e-06 3.28e-04 7.97e-06 3.28e-04 3.28e-06 6.94e-06 1.28e-04 4.22e-05 2.73e-04 3.28e-06 3.28e-04 7.97e-06 3.28e-04 3.28e-06 6.94e-06 1.28e-04 4.22e-05
75555 1.50950e+04 -4.68319e+00 3.00502e-04 2.01866e-05 2.16e-04 2.72e-07 7.23e-04 9.24e-06 5.54e-04 7.35e-08 3.19e-06 1.25e-04 2.02e-05 2.73e-04 3.28e-06 3.28e-04 7.97e-06 3.28e-04 3.28e-06 6.94e-06 1.28e-04 4.22e-05 2.73e-04 3.28e-06 3.28e-04 7.97e-06 3.28e-04 3.28e-06 6.94e-06 1.28e-04 4.22e-05
75605 1.51050e+04 -4.66276e+00 2.99508e-04 2.90239e-05 2.30e-04 2.89e-07 7.20e-04 6.79e-06 5.41e-04 4.42e-08 6.13e-06 1.31e-04 2.90e-05 2.73e-04 3.28e-06 3.28e-04 7.96e-06 3.28e-04 3.28e-06 6.94e-06 1.28e-04 4.22e-05 2.73e-04 3.28e-06 3.28e-04 7.96e-06 3.28e-04 3.28e-06 6.94e-06 1.28e-04 4.22e-05
75655 1.51150e+04 -4.70301e+00 3.17496e-04 5.12770e-06 2.96e-04 2.91e-07 7.31e-04 6.02e-06 5.53e-04 3.76e-08 4.39e-06 1.15e-04 5.13e-06 2.73e-04 3.28e-06 3.28e-04 7.96e-06 3.28e-04 3.28e-06 6.94e-06 1.28e-04 4.22e-05 2.73e-04 3.28e-06 3.28e-04 7.96e-06 3.28e-04 3.28e-06 6.94e-06 1.28e-04 4.22e-05
75705 1.51250e+04 -4.67286e+00 3.00701e-04 3.75442e-05 2.47e-04 2.78e-07 7.24e-04 6.73e-06 5.26e-04 4.08e-08 3.74e-06 1.24e-04 3.75e-05 2.73e-04 3.28e-06 3.28e-04 7.96e-06 3.28e-04 3.28e-06 6.94e-06 1.28e-04 4.22e-05 2.73e-04 3.28e-06 3.28e-04 7.96e-06 3.28e-04 3.28e-06 6.94e-06 1.28e-04 4.22e-05
75755 1.51350e+04 -4.63955e+00 2.94492e-04 4.19535e-05 2.22e-04 2.84e-07 7.03e-04 5.66e-06 5.42e-04 2.31e-07 8.34e-06 1.25e-04 4.20e-05 2.73e-04 3.28e-06 3.28e-04 7.95e-06 3.28e-04 3.28e-06 6.94e-06 1.28e-04 4.22e-05 2.73e-04 3.28e-06 3.28e-04 7.95e-06 3.28e-04 3.28e-06 6.94e-06 1.28e-04 4.22e-05
75805 1.51450e+04 -4.67689e+00 3.30227e-04 8.17671e-06 3.77e-04 2.70e-07 7.20e-04 6.10e-06 5.48e-04 7.03e-08 4.58e-06 1.29e-04 8.18e-06 2.73e-04 3.28e-06 3.28e-04 7.95e-06 3.28e-04 3.28e-06 6.93e-06 1.28e-04 4.21e-05 2.73e-04 3.28e-06 3.28e-04 7.95e-06 3.28e-04 3.28e-06 6.93e-06 1.28e-04 4.21e-05
75855 1.51550e+04 -4.70140e+00 2.93478e-04 2.07542e-05 1.80e-04 2.65e-07 7.28e-04 5.81e-06 5.54e-04 7.09e-08 4.12e-06 1.35e-04 2.08e-05 2.73e-04 3.28e-06 3.28e-04 7.95e-06 3.28e-04 3.28e-06 6.94e-06 1.28e-04 4.21e-05 2.73e-04 3.28e-06 3.28e-04 7.95e-06 3.28e-04 3.28e-06 6.94e-06 1.28e-04 4.21e-05
75905 1.51650e+04 -4.71007e+00 3.05058e-04 4.73968e-06 2.84e-04 2.83e-07 6.80e-04 5.89e-06 5.56e-04 3.81e-08 4.33e-06 1.29e-04 4.74e-06 2.73e-04 3.28e-06 3.28e-04 7.94e-06 3.28e-04 3.28e-06 6.93e-06 1.28e-04 4.21e-05 2.73e-04 3.28e-06 3.28e-04 7.94e-06 3.28e-04 3.28e-06 6.93e-06 1.28e-04 4.21e-05
75955 1.51750e+04 -4.68560e+00 3.21597e-04 1.40306e-05 2.61e-04 2.77e-07 7.83e-04 5.85e-06 5.58e-04 5.20e-08 3.54e-06 1.41e-04 1.40e-05 2.73e-04 3.28e-06 3.28e-04 7.94e-06 3.28e-04 3.28e-06 6.93e-06 1.28e-04 4.21e-05 2.73e-04 3.28e-06 3.28e-04 7.94e-06 3.28e-04 3.28e-06 6.93e-06 1.28e-04 4.21e-05
76005 1.51850e+04 -4.70159e+00 3.00841e-04 1.64342e-05 2.43e-04 2.63e-07 7.08e-04 7.00e-06 5.46e-04 3.34e-08 3.54e-06 1.22e-04 1.64e-05 2.73e-04 3.28e-06 3.28e-04 7.93e-06 3.28e-04 3.28e-06 6.93e-06 1.28e-04 4.21e-05 2.73e-04 3.28e-06 3.28e-04 7.93e-06 3.28e-04 3.28e-06 6.93e-06 1.28e-04 4.21e-05
76055 1.51950e+04 -4.66375e+00 3.05665e-04 5.06063e-06 2.59e-04 2.59e-07 7.20e-04 6.24e-06 5.43e-04 5.57e-08 9.88e-06 1.27e-04 5.06e-06 2.73e-04 3.28e-06 3.28e-04 7.93e-06 3.28e-04 3.28e-06 6.93e-06 1.28e-04 4.21e-05 2.73e-04 3.28e-06 3.28e-04 7.93e-06 3.28e-04 3.28e-06 6.93e-06 1.28e-04 4.21e-05
76105 1.52050e+04 -4.69969e+00 3.03111e-04 1.30419e-05 2.41e-04 2.76e-07 7.18e-04 5.65e-06 5.50e-04 6.27e-08 4.27e-06 1.39e-04 1.30e-05 2.73e-04 3.28e-06 3.28e-04 7.93e-06 3.28e-04 3.28e-06 6.93e-06 1.28e-04 4.21e-05 2.73e-04 3.28e-06 3.28e-04 7.93e-06 3.28e-04 3.28e-06 6.93e-06 1.28e-04 4.21e-05
76155 1.52150e+04 -4.72237e+00 2.88190e-04 1.21146e-05 2.29e-04 2.79e-07 6.62e-04 5.74e-06 5.44e-04 4.15e-08 3.55e-06 1.32e-04 1.21e-05 2.73e-04 3.28e-06 3.28e-04 7.92e-06 3.28e-04 3.28e-06 6.93e-06 1.28e-04 4.20e-05 2.73e-04 3.28e-06 3.28e-04 7.92e-06 3.28e-04 3.28e-06 6.93e-06 1.28e-04 4.20e-05
76205 1.52250e+04 -4.70396e+00 2.94509e-04 1.36072e-05 1.84e-04 2.70e-07 7.25e-04 5.53e-06 5.58e-04 4.47e-08 4.93e-06 1.39e-04 1.36e-05 2.73e-04 3.28e-06 3.28e-04 7.92e-06 3.28e-04 3.28e-06 6.92e-06 1.28e-04 4.20e-05 2.73e-04 3.28e-06 3.28e-04 7.92e-06 3.28e-04 3.28e-06 6.92e-06 1.28e-04 4.20e-05
76255 1.52350e+04 -4.71533e+00 2.98001e-04 6.50008e-06 2.22e-04 2.80e-07 7.14e-04 5.81e-06 5.49e-04 5.14e-08 4.51e-06 1.28e-04 6.50e-06 2.73e-04 3.28e-06 3.28e-04 7.92e-06 3.28e-04 3.28e-06 6.92e-06 1.28e-04 4.20e-05 2.73e-04 3.28e-06 3.28e-04 7.92e-06 3.28e-04 3.28e-06 6.92e-06 1.28e-04 4.20e-05
76305 1.52450e+04 -4.66156e+00 3.23768e-04 3.26844e-05 3.09e-04 2.83e-07 7.26e-04 5.49e-06 5.78e-04 4.31e-08 3.26e-06 1.43e-04 3.27e-05 2.73e-04 3.28e-06 3.28e-04 7.91e-06 3.28e-04 3.28e-06 6.92e-06 1.28e-04 4.20e-05 2.73e-04 3.28e-06 3.28e-04 7.91e-06 3.28e-04 3.28e-06 6.92e-06 1.28e-04 4.20e-05
76355 1.52550e+04 -4.71451e+00 2.95104e-04 1.49610e-05 1.90e-04 2.70e-07 7.16e-04 5.80e-06 5.64e-04 3.34e-08 3.72e-06 1.28e-04 1.50e-05 2.73e-04 3.28e-06 3.28e-04 7.91e-06 3.28e-04 3.28e-06 6.92e-06 1.28e-04 4.20e-05 2.73e-04 3.28e-06 3.28e-04 7.91e-06 3.28e-04 3.28e-06 6.92e-06 1.28e-04 4.20e-05
76405 1.52650e+04 -4.68996e+00 3.23099e-04 6.47684e-06 3.26e-04 2.86e-07 7.01e-04 5.55e-06 5.83e-04 3.56e-08 5.13e-06 1.22e-04 6.48e-06 2.73e-04 3.28e-06 3.28e-04 7.90e-06 3.28e-04 3.28e-06 6.92e-06 1.28e-04 4.20e-05 2.73e-04 3.28e-06 3.28e-04 7.90e-06 3.28e-04 3.28e-06 6.92e-06 1.28e-04 4.20e-05
76455 1.52750e+04 -4.65372e+00 3.29908e-04 3.35790e-05 3.48e-04 2.78e-07 7.40e-04 5.96e-06 5.56e-04 6.51e-08 3.77e-06 1.26e-04 3.36e-05 2.73e-04 3.28e-06 3.28e-04 7.90e-06 3.28e-04 3.28e-06 6.92e-06 1.28e-04 4.19e-05 2.73e-04 3.28e-06 3.28e-04 7.90e-06 3.28e-04 3.28e-06 6.92e-06 1.28e-04 4.19e-05
76505 1.52850e+04 -4.60850e+00 3.03592e-04 7.19237e-05 2.30e-04 2.80e-07 7.14e-04 6.05e-06 5.68e-04 5.46e-08 6.06e-06 1.30e-04 7.19e-05 2.73e-04 3.28e-06 3.28e-04 7.90e-06 3.28e-04 3.28e-06 6.92e-06 1.28e-04 4.19e-05 2.73e-04 3.28e-06 3.28e-04 7.90e-06 3.28e-04 3.28e-06 6.92e-06 1.28e-04 4.19e-05
76555 1.52950e+04 -4.72798e+00 2.84532e-04 5.79984e-06 1.67e-04 2.76e-07 7.10e-04 5.46e-06 5.41e-04 7.44e-08 4.03e-06 1.45e-04 5.80e-06 2.73e-04 3.28e-06 3.28e-04 7.89e-06 3.28e-04 3.28e-06 6.91e-06 1.28e-04 4.19e-05 2.73e-04 3.28e-06 3.28e-04 7.89e-06 3.28e-04 3.28e-06 6.91e-06 1.28e-04 4.19e-05
76605 1.53050e+04 -4.68948e+00 2.97412e-04 2.18349e-05 1.77e-04 2.62e-07 7.43e-04 6.22e-06 5.60e-04 6.25e-08 4.74e-06 1.35e-04 2.18e-05 2.73e-04 3.28e-06 3.28e-04 7.89e-06 3.28e-04 3.28e-06 6.91e-06 1.28e-04 4.19e-05 2.73e-04 3.28e-06 3.28e-04 7.89e-06 3.28e-04 3.28e-06 6.91e-06 1.28e-04 4.19e-05
76655 1.53150e+04 -4.70734e+00 3.04807e-04 1.09766e-05 1.93e-04 2.79e-07 7.79e-04 7.31e-06 5.45e-04 3.61e-08 3.21e-06 1.23e-04 1.10e-05 2.73e-04 3.28e-06 3.28e-04 7.88e-06 3.28e-04 3.28e-06 6.91e-06 1.28e-04 4.19e-05 2.73e-04 3.28e-06 3.28e-04 7.88e-06 3.28e-04 3.28e-06 6.91e-06 1.28e-04 4.19e-05
76705 1.53250e+04 -4.69864e+00 2.90782e-04 3.04576e-05 1.86e-04 2.67e-07 7.20e-04 6.66e-06 5.41e-04 3.93e-08 3.38e-06 1.19e-04 3.05e-05 2.73e-04 3.28e-06 3.28e-04 7.88e-06 3.28e-04 3.28e-06 6.91e-06 1.28e-04 4.19e-05 2.73e-04 3.28e-06 3.28e-04 7.88e-06 3.28e-04 3.28e-06 6.91e-06 1.28e-04 4.19e-05
76755 1.53350e+04 -4.66871e+00 2.97062e-04 7.91071e-06 1.72e-04 2.59e-07 7.57e-04 5.68e-06 5.50e-04 3.93e-08 1.08e-05 1.24e-04 7.91e-06 2.72e-04 3.28e-06 3.28e-04 7.88e-06 3.28e-04 3.28e-06 6.91e-06 1.28e-04 4.18e-05 2.72e-04 3.28e-06 3.28e-04 7.88e-06 3.28e-04 3.28e-06 6.91e-06 1.28e-04 4.18e-05
76805 1.53450e+04 -4.63017e+00 2.90491e-04 7.02983e-05 2.10e-04 2.80e-07 6.90e-04 5.90e-06 5.46e-04 3.25e-08 4.95e-06 1.36e-04 7.03e-05 2.72e-04 3.28e-06 3.28e-04 7.87e-06 3.28e-04 3.28e-06 6.91e-06 1.28e-04 4.18e-05 2.72e-04 3.28e-06 3.28e-04 7.87e-06 3.28e-04 3.28e-06 6.91e-06 1.28e-04 4.18e-05
76855 1.53550e+04 -4.69260e+00 2.89135e-04 3.91300e-05 1.77e-04 2.61e-07 7.23e-04 5.45e-06 5.40e-04 4.19e-08 3.38e-06 1.30e-04 3.91e-05 2.72e-04 3.28e-06 3.28e-04 7.87e-06 3.28e-04 3.28e-06 6.91e-06 1.28e-04 4.18e-05 2.72e-04 3.28e-06 3.28e-04 7.87e-06 3.28e-04 3.28e-06 6.91e-06 1.28e-04 4.18e-05
76905 1.53650e+04 -4.67595e+00 2.95446e-04 2.96220e-06 1.62e-04 2.54e-07 7.44e-04 5.95e-06 5.65e-04 6.90e-08 1.07e-05 1.24e-04 2.96e-06 2.72e-04 3.28e-06 3.28e-04 7.87e-06 3.28e-04 3.28e-06 6.90e-06 1.28e-04 4.18e-05 2.72e-04 3.28e-06 3.28e-04 7.87e-06 3.28e-04 3.28e-06 6.90e-06 1.28e-04 4.18e-05
76955 1.53750e+04 -4.67805e+00 2.85338e-04 4.32062e-05 1.46e-04 2.66e-07 7.31e-04 5.85e-06 5.44e-04 6.39e-08 3.51e-06 1.51e-04 4.32e-05 2.72e-04 3.28e-06 3.28e-04 7.86e-06 3.28e-04 3.28e-06 6.91e-06 1.28e-04 4.18e-05 2.72e-04 3.28e-06 3.28e-04 7.86e-06 3.28e-04 3.28e-06 6.91e-06 1.28e-04 4.18e-05
77005 1.53850e+04 -4.72404e+00 2.94460e-04 1.25891e-05 1.44e-04 2.54e-07 7.53e-04 5.24e-06 5.70e-04 3.93e-08 2.93e-06 1.43e-04 1.26e-05 2.72e-04 3.28e-06 3.28e-04 7.86e-06 3.28e-04 3.28e-06 6.90e-06 1.28e-04 4.18e-05 2.72e-04 3.28e-06 3.28e-04 7.86e-06 3.28e-04 3.28e-06 6.90e-06 1.28e-04 4.18e-05
77055 1.53950e+04 -4.61587e+00 2.87722e-04 2.73438e-05 1.42e-04 2.65e-07 7.10e-04 5.58e-06 5.81e-04 3.76e-08 1.52e-05 1.28e-04 2.73e-05 2.72e-04 3.28e-06 3.28e-04 7.86e-06 3.28e-04 3.28e-06 6.90e-06 1.28e-04 4.18e-05 2.72e-04 3.28e-06 3.28e-04 7.86e-06 3.28e-04 3.28e-06 6.90e-06 1.28e-04 4.18e-05
77105 1.54050e+04 -4.71777e+00 2.81924e-04 2.36103e-05 1.50e-04 2.75e-07 7.16e-04 6.90e-06 5.36e-04 4.53e-08 3.62e-06 1.07e-04 2.36e-05 2.72e-04 3.28e-06 3.28e-04 7.85e-06 3.28e-04 3.28e-06 6.90e-06 1.28e-04 4.18e-05 2.72e-04 3.28e-06 3.28e-04 7.85e-06 3.28e-04 3.28e-06 6.90e-06 1.28e-04 4.18e-05
77155 1.54150e+04 -4.66794e+00 2.94645e-04 1.98222e-05 1.39e-04 2.69e-07 7.46e-04 5.52e-06 5.83e-04 4.60e-08 9.60e-06 1.21e-04 1.98e-05 2.71e-04 3.28e-06 3.28e-04 7.85e-06 3.28e-04 3.28e-06 6.90e-06 1.28e-04 4.18e-05 2.71e-04 3.28e-06 3.28e-04 7.85e-06 3.28e-04 3.28e-06 6.90e-06 1.28e-04 4.18e-05
77205 1.54250e+04 -4.65236e+00 2.90943e-04 2.65284e-05 1.39e-04 2.60e-07 7.23e-04 5.89e-06 5.86e-04 5.99e-08 9.66e-06 1.37e-04 2.65e-05 2.71e-04 3.28e-06 3.28e-04 7.85e-06 3.28e-04 3.28e-06 6.90e-06 1.28e-04 4.17e-05 2.71e-04 3.28e-06 3.28e-04 7.85e-06 3.28e-04 3.28e-06 6.90e-06 1.28e-04 4.17e-05
77255 1.54350e+04 -4.70856e+00 2.74662e-04 3.18145e-05 1.31e-04 2.72e-07 7.17e-04 6.29e-06 5.19e-04 1.35e-07 3.95e-06 1.20e-04 3.18e-05 2.71e-04 3.28e-06 3.28e-04 7.84e-06 3.28e-04 3.28e-06 6.90e-06 1.28e-04 4.17e-05 2.71e-04 3.28e-06 3.28e-04 7.84e-06 3.28e-04 3.28e-06 6.90e-06 1.28e-04 4.17e-05
77305 1.54450e+04 -4.68335e+00 2.79618e-04 1.49896e-05 1.37e-04 2.82e-07 7.03e-04 6.40e-06 5.51e-04 3.93e-08 7.74e-06 1.51e-04 1.50e-05 2.71e-04 3.28e-06 3.28e-04 7.84e-06 3.28e-04 3.28e-06 6.90e-06 1.28e-04 4.17e-05 2.71e-04 3.28e-06 3.28e-04 7.84e-06 3.28e-04 3.28e-06 6.90e-06 1.28e-04 4.17e-05
77355 1.54550e+04 -4.72580e+00 2.87318e-04 3.96333e-06 1.34e-04 2.63e-07 7.49e-04 6.34e-06 5.47e-04 8.94e-08 4.86e-06 1.25e-04 3.96e-06 2.71e-04 3.28e-06 3.28e-04 7.84e-06 3.28e-04 3.28e-06 6.89e-06 1.28e-04 4.17e-05 2.71e-04 3.28e-06 3.28e-04 7.84e-06 3.28e-04 3.28e-06 6.89e-06 1.28e-04 4.17e-05
77405 1.54650e+04 -4.68564e+00 2.81621e-04 4.69062e-05 1.35e-04 2.74e-07 7.20e-04 6.17e-06 5.46e-04 4.59e-08 3.13e-06 1.33e-04 4.69e-05 2.71e-04 3.28e-06 3.28e-04 7.83e-06 3.28e-04 3.28e-06 6.89e-06 1.28e-04 4.17e-05 2.71e-04 3.28e-06 3.28e-04 7.83e-06 3.28e-04 3.28e-06 6.89e-06 1.28e-04 4.17e-05
77455 1.54750e+04 -4.70775e+00 2.97800e-04 6.08655e-06 1.44e-04 2.84e-07 7.69e-04 6.37e-06 5.69e-04 9.85e-08 5.54e-06 1.25e-04 6.09e-06 2.70e-04 3.28e-06 3.28e-04 7.83e-06 3.28e-04 3.28e-06 6.89e-06 1.28e-04 4.17e-05 2.70e-04 3.28e-06 3.28e-04 7.83e-06 3.28e-04 3.28e-06 6.89e-06 1.28e-04 4.17e-05
77505 1.54850e+04 -4.71042e+00 2.87942e-04 2.21681e-05 1.27e-04 2.70e-07 7.49e-04 5.93e-06 5.57e-04 4.07e-08 3.84e-06 1.32e-04 2.22e-05 2.70e-04 3.28e-06 3.28e-04 7.83e-06 3.28e-04 3.28e-06 6.89e-06 1.28e-04 4.16e-05 2.70e-04 3.28e-06 3.28e-04 7.83e-06 3.28e-04 3.28e-06 6.89e-06 1.28e-04 4.16e-05
77555 1.54950e+04 -4.71109e+00 2.75194e-04 4.05966e-05 1.24e-04 2.68e-07 7.24e-04 5.29e-06 5.22e-04 5.46e-08 3.21e-06 1.20e-04 4.06e-05 2.70e-04 3.28e-06 3.28e-04 7.82e-06 3.28e-04 3.28e-06 6.89e-06 1.28e-04 4.16e-05 2.70e-04 3.28e-06 3.28e-04 7.82e-06 3.28e-04 3.28e-06 6.89e-06 1.28e-04 4.16e-05
77605 1.55050e+04 -4.64122e+00 2.70916e-04 1.67464e-05 1.28e-04 2.97e-07 6.93e-04 6.39e-06 5.27e-04 2.20e-07 1.38e-05 1.40e-04 1.67e-05 2.70e-04 3.28e-06 3.28e-04 7.82e-06 3.28e-04 3.28e-06 6.89e-06 1.28e-04 4.16e-05 2.70e-04 3.28e-06 3.28e-04 7.82e-06 3.28e-04 3.28e-06 6.89e-06 1.28e-04 4.16e-05
77655 1.55150e+04 -4.61837e+00 2.77320e-04 9.66586e-05 1.40e-04 2.69e-07 7.21e-04 5.50e-06 5.20e-04 7.46e-08 3.96e-06 1.38e-04 9.67e-05 2.70e-04 3.28e-06 3.28e-04 7.82e-06 3.28e-04 3.28e-06 6.89e-06 1.28e-04 4.16e-05 2.70e-04 3.28e-06 3.28e-04 7.82e-06 3.28e-04 3.28e-06 6.89e-06 1.28e-04 4.16e-05
77705 1.55250e+04 -4.75353e+00 2.73392e-04 1.92251e-06 1.29e-04 2.88e-07 7.02e-04 5.52e-06 5.30e-04 8.76e-08 3.64e-06 1.31e-04 1.92e-06 2.70e-04 3.28e-06 3.28e-04 7.81e-06 3.28e-04 3.28e-06 6.88e-06 1.28e-04 4.16e-05 2.70e-04 3.28e-06 3.28e-04 7.81e-06 3.28e-04 3.28e-06 6.88e-06 1.28e-04 4.16e-05
77755 1.55350e+04 -4.73527e+00 2.79240e-04 6.77802e-06 1.36e-04 2.95e-07 7.13e-04 5.31e-06 5.42e-04 6.89e-08 5.28e-06 1.19e-04 6.78e-06 2.69e-04 3.28e-06 3.28e-04 7.81e-06 3.28e-04 3.28e-06 6.88e-06 1.28e-04 4.16e-05 2.69e-04 3.28e-06 3.28e-04 7.81e-06 3.28e-04 3.28e-06 6.88e-06 1.28e-04 4.16e-05
77805 1.55450e+04 -4.72277e+00 2.75278e-04 2.76529e-05 1.30e-04 2.71e-07 7.22e-04 5.54e-06 5.19e-04 8.38e-08 2.97e-06 1.32e-04 2.77e-05 2.69e-04 3.28e-06 3.28e-04 7.80e-06 3.28e-04 3.28e-06 6.88e-06 1.28e-04 4.15e-05 2.69e-04 3.28e-06 3.28e-04 7.80e-06 3.28e-04 3.28e-06 6.88e-06 1.28e-04 4.15e-05
77855 1.55550e+04 -4.72416e+00 2.86190e-04 6.14527e-06 1.35e-04 2.72e-07 7.32e-04 6.89e-06 5.57e-04 8.30e-08 3.88e-06 1.35e-04 6.15e-06 2.69e-04 3.28e-06 3.28e-04 7.80e-06 3.28e-04 3.28e-06 6.88e-06 1.28e-04 4.15e-05 2.69e-04 3.28e-06 3.28e-04 7.80e-06 3.28e-04 3.28e-06 6.88e-06 1.28e-04 4.15e-05
77905 1.55650e+04 -4.68804e+00 3.06795e-04 2.72474e-05 2.19e-04 2.73e-07 7.53e-04 6.29e-06 5.56e-04 5.67e-08 3.24e-06 1.28e-04 2.72e-05 2.69e-04 3.28e-06 3.28e-04 7.80e-06 3.28e-04 3.28e-06 6.87e-06 1.28e-04 4.15e-05 2.69e-04 3.28e-06 3.28e-04 7.80e-06 3.28e-04 3.28e-06 6.87e-06 1.28e-04 4.15e-05
77955 1.55750e+04 -4.68815e+00 3.06346e-04 1.65416e-05 2.64e-04 2.74e-07 7.15e-04 6.98e-06 5.45e-04 8.28e-08 3.77e-06 1.36e-04 1.65e-05 2.69e-04 3.28e-06 3.28e-04 7.79e-06 3.28e-04 3.28e-06 6.87e-06 1.28e-04 4.15e-05 2.69e-04 3.28e-06 3.28e-04 7.79e-06 3.28e-04 3.28e-06 6.87e-06 1.28e-04 4.15e-05
78005 1.55850e+04 -4.70338e+00 2.89669e-04 3.04074e-05 2.24e-04 2.75e-07 7.00e-04 5.86e-06 5.18e-04 4.77e-08 3.62e-06 1.16e-04 3.04e-05 2.69e-04 3.28e-06 3.28e-04 7.79e-06 3.28e-04 3.28e-06 6.87e-06 1.28e-04 4.15e-05 2.69e-04 3.28e-06 3.28e-04 7.79e-06 3.28e-04 3.28e-06 6.87e-06 1.28e-04 4.15e-05
78055 1.55950e+04 -4.68073e+00 3.23359e-04 1.98526e-05 3.56e-04 2.92e-07 7.35e-04 7.16e-06 5.18e-04 5.65e-08 2.98e-06 1.14e-04 1.99e-05 2.69e-04 3.28e-06 3.28e-04 7.78e-06 3.28e-04 3.28e-06 6.87e-06 1.28e-04 4.15e-05 2.69e-04 3.28e-06 3.28e-04 7.78e-06 3.28e-04 3.28e-06 6.87e-06 1.28e-04 4.15e-05
78105 1.56050e+04 -4.62657e+00 3.05289e-04 7.28088e-06 2.20e-04 2.78e-07 7.67e-04 6.30e-06 5.33e-04 5.55e-08 1.45e-05 1.24e-04 7.28e-06 2.69e-04 3.28e-06 3.28e-04 7.78e-06 3.28e-04 3.28e-06 6.87e-06 1.28e-04 4.14e-05 2.69e-04 3.28e-06 3.28e-04 7.78e-06 3.28e-04 3.28e-06 6.87e-06 1.28e-04 4.14e-05
78155 1.56150e+04 -4.47346e+00 3.00996e-04 2.90237e-05 2.36e-04 2.70e-07 7.25e-04 5.19e-06 5.38e-04 2.02e-07 3.07e-05 1.27e-04 2.90e-05 2.69e-04 3.28e-06 3.28e-04 7.78e-06 3.28e-04 3.28e-06 6.87e-06 1.28e-04 4.14e-05 2.69e-04 3.28e-06 3.28e-04 7.78e-06 3.28e-04 3.28e-06 6.87e-06 1.28e-04 4.14e-05
78205 1.56250e+04 -4.69298e+00 2.94039e-04 2.83108e-05 1.75e-04 2.66e-07 7.31e-04 5.68e-06 5.58e-04 1.00e-07 4.12e-06 1.34e-04 2.83e-05 2.69e-04 3.28e-06 3.28e-04 7.77e-06 3.28e-04 3.28e-06 6.87e-06 1.28e-04 4.14e-05 2.69e-04 3.28e-06 3.28e-04 7.77e-06 3.28e-04 3.28e-06 6.87e-06 1.28e-04 4.14e-05
78255 1.56350e+04 -4.57920e+00 2.91615e-04 5.95857e-05 2.04e-04 2.77e-07 7.18e-04 5.75e-06 5.30e-04 8.18e-08 1.36e-05 1.25e-04 5.96e-05 2.69e-04 3.28e-06 3.28e-04 7.77e-06 3.28e-04 3.28e-06 6.87e-06 1.28e-04 4.14e-05 2.69e-04 3.28e-06 3.28e-04 7.77e-06 3.28e-04 3.28e-06 6.87e-06 1.28e-04 4.14e-05
78305 1.56450e+04 -4.63788e+00 3.47973e-04 2.57625e-05 5.03e-04 2.77e-07 6.93e-04 6.20e-06 5.37e-04 1.10e-07 3.73e-06 1.34e-04 2.58e-05 2.69e-04 3.28e-06 3.28e-04 7.76e-06 3.28e-04 3.28e-06 6.86e-06 1.28e-04 4.14e-05 2.69e-04 3.28e-06 3.28e-04 7.76e-06 3.28e-04 3.28e-06 6.86e-06 1.28e-04 4.14e-05
78355 1.56550e+04 -4.69419e+00 2.98149e-04 2.22130e-05 2.62e-04 2.72e-07 6.95e-04 5.83e-06 5.28e-04 4.48e-08 2.99e-06 1.56e-04 2.22e-05 2.69e-04 3.28e-06 3.28e-04 7.76e-06 3.28e-04 3.28e-06 6.86e-06 1.28e-04 4.14e-05 2.69e-04 3.28e-06 3.28e-04 7.76e-06 3.28e-04 3.28e-06 6.86e-06 1.28e-04 4.14e-05
78405 1.56650e+04 -4.71260e+00 2.98076e-04 8.99694e-06 2.08e-04 2.70e-07 7.13e-04 5.58e-06 5.64e-04 1.63e-07 5.42e-06 1.13e-04 9.00e-06 2.69e-04 3.28e-06 3.28e-04 7.76e-06 3.28e-04 3.28e-06 6.86e-06 1.28e-04 4.13e-05 2.69e-04 3.28e-06 3.28e-04 7.76e-06 3.28e-04 3.28e-06 6.86e-06 1.28e-04 4.13e-05
78455 1.56750e+04 -4.66724e+00 2.81176e-04 5.18127e-05 1.99e-04 2.82e-07 6.68e-04 5.33e-06 5.33e-04 4.79e-08 5.50e-06 1.25e-04 5.18e-05 2.69e-04 3.28e-06 3.28e-04 7.75e-06 3.28e-04 3.28e-06 6.86e-06 1.29e-04 4.13e-05 2.69e-04 3.28e-06 3.28e-04 7.75e-06 3.28e-04 3.28e-06 6.86e-06 1.29e-04 4.13e-05
78505 1.56850e+04 -4.62596e+00 3.74208e-04 1.72982e-05 5.91e-04 2.82e-07 7.19e-04 6.03e-06 5.55e-04 6.87e-08 4.23e-06 1.24e-04 1.73e-05 2.69e-04 3.28e-06 3.28e-04 7.75e-06 3.28e-04 3.28e-06 6.86e-06 1.29e-04 4.13e-05 2.69e-04 3.28e-06 3.28e-04 7.75e-06 3.28e-04 3.28e-06 6.86e-06 1.29e-04 4.13e-05
78555 1.56950e+04 -4.71624e+00 2.94244e-04 1.29239e-05 2.02e-04 2.57e-07 7.27e-04 5.69e-06 5.37e-04 5.14e-08 3.56e-06 1.39e-04 1.29e-05 2.69e-04 3.28e-06 3.28e-04 7.75e-06 3.28e-04 3.28e-06 6.86e-06 1.29e-04 4.13e-05 2.69e-04 3.28e-06 3.28e-04 7.75e-06 3.28e-04 3.28e-06 6.86e-06 1.29e-04 4.13e-05
78605 1.57050e+04 -4.65428e+00 3.18227e-04 4.84749e-05 3.32e-04 2.61e-07 7.25e-04 5.78e-06 5.28e-04 3.84e-08 3.08e-06 1.21e-04 4.85e-05 2.69e-04 3.28e-06 3.28e-04 7.74e-06 3.28e-04 3.28e-06 6.86e-06 1.29e-04 4.13e-05 2.69e-04 3.28e-06 3.28e-04 7.74e-06 3.28e-04 3.28e-06 6.86e-06 1.29e-04 4.13e-05
78655 1.57150e+04 -4.62118e+00 3.09497e-04 8.00675e-05 3.39e-04 2.76e-07 6.78e-04 5.52e-06 5.25e-04 4.95e-08 3.45e-06 1.12e-04 8.01e-05 2.69e-04 3.28e-06 3.28e-04 7.74e-06 3.28e-04 3.28e-06 6.85e-06 1.29e-04 4.13e-05 2.69e-04 3.28e-06 3.28e-04 7.74e-06 3.28e-04 3.28e-06 6.85e-06 1.29e-04 4.13e-05
78705 1.57250e+04 -4.64867e+00 3.46701e-04 2.25283e-05 4.66e-04 2.73e-07 7.09e-04 5.54e-06 5.52e-04 4.79e-08 3.92e-06 1.35e-04 2.25e-05 2.69e-04 3.28e-06 3.28e-04 7.74e-06 3.28e-04 3.28e-06 6.85e-06 1.29e-04 4.13e-05 2.69e-04 3.28e-06 3.28e-04 7.74e-06 3.28e-04 3.28e-06 6.85e-06 1.29e-04 4.13e-05
78755 1.57350e+04 -4.64903e+00 3.38466e-04 1.37895e-05 5.15e-04 2.73e-07 6.52e-04 5.72e-06 5.19e-04 5.57e-08 5.14e-06 1.47e-04 1.38e-05 2.69e-04 3.28e-06 3.28e-04 7.73e-06 3.28e-04 3.28e-06 6.85e-06 1.29e-04 4.12e-05 2.69e-04 3.28e-06 3.28e-04 7.73e-06 3.28e-04 3.28e-06 6.85e-06 1.29e-04 4.12e-05
78805 1.57450e+04 -4.68121e+00 2.95405e-04 1.60219e-05 2.61e-04 2.65e-07 6.72e-04 5.55e-06 5.38e-04 4.64e-08 6.90e-06 1.42e-04 1.60e-05 2.69e-04 3.28e-06 3.28e-04 7.73e-06 3.28e-04 3.28e-06 6.85e-06 1.29e-04 4.12e-05 2.69e-04 3.28e-06 3.28e-04 7.73e-06 3.28e-04 3.28e-06 6.85e-06 1.29e-04 4.12e-05
78855 1.57550e+04 -4.68922e+00 3.04245e-04 2.50500e-05 2.25e-04 2.52e-07 7.35e-04 5.58e-06 5.55e-04 8.57e-08 3.38e-06 1.46e-04 2.51e-05 2.69e-04 3.28e-06 3.28e-04 7.72e-06 3.28e-04 3.28e-06 6.85e-06 1.29e-04 4.12e-05 2.69e-04 3.28e-06 3.28e-04 7.72e-06 3.28e-04 3.28e-06 6.85e-06 1.29e-04 4.12e-05
78905 1.57650e+04 -4.73514e+00 2.95578e-04 2.12570e-06 2.00e-04 2.60e-07 7.50e-04 5.97e-06 5.22e-04 6.35e-08 2.77e-06 1.36e-04 2.13e-06 2.69e-04 3.28e-06 3.28e-04 7.72e-06 3.28e-04 3.28e-06 6.85e-06 1.29e-04 4.12e-05 2.69e-04 3.28e-06 3.28e-04 7.72e-06 3.28e-04 3.28e-06 6.85e-06 1.29e-04 4.12e-05
78955 1.57750e+04 -4.72675e+00 2.95516e-04 7.06119e-06 2.06e-04 2.69e-07 7.22e-04 5.34e-06 5.44e-04 3.39e-08 3.51e-06 1.37e-04 7.06e-06 2.69e-04 3.28e-06 3.28e-04 7.72e-06 3.28e-04 3.28e-06 6.84e-06 1.29e-04 4.12e-05 2.69e-04 3.28e-06 3.28e-04 7.72e-06 3.28e-04 3.28e-06 6.84e-06 1.29e-04 4.12e-05
79005 1.57850e+04 -4.69841e+00 2.91195e-04 2.68133e-05 2.25e-04 2.72e-07 6.91e-04 5.43e-06 5.34e-04 5.21e-08 4.57e-06 1.26e-04 2.68e-05 2.69e-04 3.28e-06 3.28e-04 7.71e-06 3.28e-04 3.28e-06 6.84e-06 1.29e-04 4.12e-05 2.69e-04 3.28e-06 3.28e-04 7.71e-06 3.28e-04 3.28e-06 6.84e-06 1.29e-04 4.12e-05
79055 1.57950e+04 -4.63266e+00 3.71836e-04 1.95301e-05 5.99e-04 2.80e-07 7.33e-04 5.54e-06 5.22e-04 9.41e-08 3.76e-06 1.22e-04 1.95e-05 2.69e-04 3.28e-06 3.28e-04 7.71e-06 3.28e-04 3.28e-06 6.84e-06 1.29e-04 4.12e-05 2.69e-04 3.28e-06 3.28e-04 7.71e-06 3.28e-04 3.28e-06 6.84e-06 1.29e-04 4.12e-05
79105 1.58050e+04 -4.71026e+00 2.92885e-04 2.26262e-05 1.92e-04 2.72e-07 7.25e-04 5.80e-06 5.41e-04 4.96e-08 3.47e-06 1.26e-04 2.26e-05 2.69e-04 3.28e-06 3.28e-04 7.70e-06 3.28e-04 3.28e-06 6.84e-06 1.29e-04 4.11e-05 2.69e-04 3.28e-06 3.28e-04 7.70e-06 3.28e-04 3.28e-06 6.84e-06 1.29e-04 4.11e-05
79155 1.58150e+04 -4.68081e+00 3.18626e-04 1.88856e-05 2.81e-04 2.77e-07 7.45e-04 5.60e-06 5.62e-04 4.48e-08 4.28e-06 1.36e-04 1.89e-05 2.69e-04 3.28e-06 3.28e-04 7.70e-06 3.28e-04 3.28e-06 6.84e-06 1.29e-04 4.11e-05 2.69e-04 3.28e-06 3.28e-04 7.70e-06 3.28e-04 3.28e-06 6.84e-06 1.29e-04 4.11e-05
79205 1.58250e+04 -4.73117e+00 2.85557e-04 1.60331e-05 1.91e-04 2.66e-07 7.01e-04 5.48e-06 5.30e-04 6.60e-08 3.66e-06 1.14e-04 1.60e-05 2.69e-04 3.28e-06 3.28e-04 7.70e-06 3.28e-04 3.28e-06 6.83e-06 1.29e-04 4.11e-05 2.69e-04 3.28e-06 3.28e-04 7.70e-06 3.28e-04 3.28e-06 6.83e-06 1.29e-04 4.11e-05
79255 1.58350e+04 -4.69475e+00 3.05364e-04 1.49726e-05 2.20e-04 2.61e-07 7.47e-04 5.75e-06 5.54e-04 4.27e-08 4.79e-06 1.36e-04 1.50e-05 2.69e-04 3.28e-06 3.28e-04 7.69e-06 3.28e-04 3.28e-06 6.83e-06 1.29e-04 4.11e-05 2.69e-04 3.28e-06 3.28e-04 7.69e-06 3.28e-04 3.28e-06 6.83e-06 1.29e-04 4.11e-05
79305 1.58450e+04 -4.67803e+00 2.85123e-04 2.53834e-05 1.75e-04 2.68e-07 7.23e-04 5.62e-06 5.22e-04 4.41e-08 7.68e-06 1.33e-04 2.54e-05 2.69e-04 3.28e-06 3.28e-04 7.69e-06 3.28e-04 3.28e-06 6.83e-06 1.29e-04 4.11e-05 2.69e-04 3.28e-06 3.28e-04 7.69e-06 3.28e-04 3.28e-06 6.83e-06 1.29e-04 4.11e-05
79355 1.58550e+04 -4.61548e+00 3.12067e-04 6.71576e-05 2.62e-04 2.70e-07 7.25e-04 5.76e-06 5.67e-04 3.30e-08 3.57e-06 1.62e-04 6.72e-05 2.69e-04 3.28e-06 3.28e-04 7.69e-06 3.28e-04 3.28e-06 6.83e-06 1.29e-04 4.11e-05 2.69e-04 3.28e-06 3.28e-04 7.69e-06 3.28e-04 3.28e-06 6.83e-06 1.29e-04 4.11e-05
79405 1.58650e+04 -4.62534e+00 2.83632e-04 5.94347e-05 1.60e-04 2.65e-07 7.00e-04 5.72e-06 5.52e-04 4.47e-08 7.18e-06 1.60e-04 5.94e-05 2.69e-04 3.28e-06 3.28e-04 7.68e-06 3.28e-04 3.28e-06 6.83e-06 1.29e-04 4.11e-05 2.69e-04 3.28e-06 3.28e-04 7.68e-06 3.28e-04 3.28e-06 6.83e-06 1.29e-04 4.11e-05
79455 1.58750e+04 -4.67458e+00 2.87368e-04 4.78201e-05 1.49e-04 2.64e-07 7.30e-04 5.92e-06 5.51e-04 5.24e-08 4.21e-06 1.29e-04 4.78e-05 2.69e-04 3.28e-06 3.28e-04 7.68e-06 3.28e-04 3.28e-06 6.82e-06 1.29e-04 4.10e-05 2.69e-04 3.28e-06 3.28e-04 7.68e-06 3.28e-04 3.28e-06 6.82e-06 1.29e-04 4.10e-05
79505 1.58850e+04 -4.67060e+00 3.13681e-04 2.95107e-05 3.29e-04 2.56e-07 6.97e-04 5.70e-06 5.37e-04 3.32e-08 3.61e-06 1.44e-04 2.95e-05 2.69e-04 3.28e-06 3.28e-04 7.67e-06 3.28e-04 3.28e-06 6.82e-06 1.29e-04 4.10e-05 2.69e-04 3.28e-06 3.28e-04 7.67e-06 3.28e-04 3.28e-06 6.82e-06 1.29e-04 4.10e-05
79555 1.58950e+04 -4.66701e+00 3.24903e-04 2.78863e-05 3.63e-04 2.81e-07 7.05e-04 5.55e-06 5.51e-04 4.47e-08 3.31e-06 1.39e-04 2.79e-05 2.69e-04 3.28e-06 3.28e-04 7.67e-06 3.28e-04 3.28e-06 6.82e-06 1.29e-04 4.10e-05 2.69e-04 3.28e-06 3.28e-04 7.67e-06 3.28e-04 3.28e-06 6.82e-06 1.29e-04 4.10e-05
79605 1.59050e+04 -4.66394e+00 3.17523e-04 1.06867e-05 3.44e-04 2.88e-07 6.86e-04 6.05e-06 5.52e-04 4.22e-08 5.59e-06 1.65e-04 1.07e-05 2.69e-04 3.28e-06 3.28e-04 7.67e-06 3.28e-04 3.28e-06 6.82e-06 1.29e-04 4.10e-05 2.69e-04 3.28e-06 3.28e-04 7.67e-06 3.28e-04 3.28e-06 6.82e-06 1.29e-04 4.10e-05
79655 1.59150e+04 -4.68188e+00 3.43279e-04 5.26606e-06 4.47e-04 2.79e-07 7.08e-04 5.52e-06 5.55e-04 3.66e-08 3.01e-06 1.39e-04 5.27e-06 2.69e-04 3.28e-06 3.28e-04 7.66e-06 3.28e-04 3.28e-06 6.82e-06 1.29e-04 4.10e-05 2.69e-04 3.28e-06 3.28e-04 7.66e-06 3.28e-04 3.28e-06 6.82e-06 1.29e-04 4.10e-05
79705 1.59250e+04 -4.54119e+00 3.44033e-04 1.07073e-04 4.67e-04 2.92e-07 7.10e-04 5.31e-06 5.38e-04 3.68e-08 3.56e-06 1.35e-04 1.07e-04 2.69e-04 3.28e-06 3.28e-04 7.66e-06 3.28e-04 3.28e-06 6.81e-06 1.29e-04 4.10e-05 2.69e-04 3.28e-06 3.28e-04 7.66e-06 3.28e-04 3.28e-06 6.81e-06 1.29e-04 4.10e-05
79755 1.59350e+04 -4.70454e+00 3.10073e-04 1.09856e-05 2.91e-04 2.66e-07 7.17e-04 5.69e-06 5.37e-04 3.77e-08 4.72e-06 1.13e-04 1.10e-05 2.69e-04 3.28e-06 3.28e-04 7.66e-06 3.28e-04 3.28e-06 6.81e-06 1.29e-04 4.10e-05 2.69e-04 3.28e-06 3.28e-04 7.66e-06 3.28e-04 3.28e-06 6.81e-06 1.29e-04 4.10e-05
79805 1.59450e+04 -4.71023e+00 3.08801e-04 6.57631e-06 2.61e-04 2.67e-07 7.39e-04 5.92e-06 5.39e-04 1.02e-07 3.53e-06 1.35e-04 6.58e-06 2.69e-04 3.28e-06 3.28e-04 7.65e-06 3.28e-04 3.28e-06 6.81e-06 1.29e-04 4.09e-05 2.69e-04 3.28e-06 3.28e-04 7.65e-06 3.28e-04 3.28e-06 6.81e-06 1.29e-04 4.09e-05
79855 1.59550e+04 -4.71989e+00 2.94537e-04 8.09158e-06 2.04e-04 2.58e-07 7.01e-04 5.34e-06 5.62e-04 5.09e-08 4.60e-06 1.32e-04 8.09e-06 2.69e-04 3.28e-06 3.28e-04 7.65e-06 3.28e-04 3.28e-06 6.81e-06 1.29e-04 4.09e-05 2.69e-04 3.28e-06 3.28e-04 7.65e-06 3.28e-04 3.28e-06 6.81e-06 1.29e-04 4.09e-05
79905 1.59650e+04 -4.67701e+00 3.10116e-04 1.34825e-05 2.60e-04 2.67e-07 7.39e-04 6.74e-06 5.45e-04 4.94e-08 5.30e-06 1.43e-04 1.35e-05 2.69e-04 3.28e-06 3.28e-04 7.65e-06 3.28e-04 3.28e-06 6.81e-06 1.29e-04 4.09e-05 2.69e-04 3.28e-06 3.28e-04 7.65e-06 3.28e-04 3.28e-06 6.81e-06 1.29e-04 4.09e-05
79955 1.59750e+04 -4.68492e+00 3.19233e-04 1.39702e-05 3.18e-04 2.69e-07 7.42e-04 5.17e-06 5.31e-04 6.69e-08 5.04e-06 1.30e-04 1.40e-05 2.69e-04 3.28e-06 3.28e-04 7.64e-06 3.28e-04 3.28e-06 6.80e-06 1.29e-04 4.09e-05 2.69e-04 3.28e-06 3.28e-04 7.64e-06 3.28e-04 3.28e-06 6.80e-06 1.29e-04 4.09e-05
80005 1.59840e+04 -4.71301e+00 2.89983e-04 8.85023e-06 1.72e-04 2.76e-07 7.04e-04 6.12e-06 5.67e-04 4.48e-08 5.13e-06 1.34e-04 8.85e-06 2.69e-04 3.28e-06 3.28e-04 7.64e-06 3.28e-04 3.28e-06 6.80e-06 1.29e-04 4.09e-05 2.69e-04 3.28e-06 3.28e-04 7.64e-06 3.28e-04 3.28e-06 6.80e-06 1.29e-04 4.09e-05
80055 1.59940e+04 -4.69044e+00 3.15536e-04 9.57694e-06 2.47e-04 2.67e-07 7.70e-04 6.77e-06 5.54e-04 5.05e-08 3.60e-06 1.46e-04 9.58e-06 2.69e-04 3.28e-06 3.28e-04 7.64e-06 3.28e-04 3.28e-06 6.80e-06 1.29e-04 4.09e-05 2.69e-04 3.28e-06 3.28e-04 7.64e-06 3.28e-04 3.28e-06 6.80e-06 1.29e-04 4.09e-05
80105 1.60040e+04 -4.69557e+00 3.23322e-04 1.79350e-05 2.72e-04 2.57e-07 7.65e-04 5.55e-06 5.74e-04 4.68e-08 2.78e-06 1.27e-04 1.79e-05 2.69e-04 3.28e-06 3.28e-04 7.63e-06 3.28e-04 3.28e-06 6.80e-06 1.29e-04 4.08e-05 2.69e-04 3.28e-06 3.28e-04 7.63e-06 3.28e-04 3.28e-06 6.80e-06 1.29e-04 4.08e-05
80155 1.60140e+04 -4.70788e+00 2.93633e-04 2.34071e-05 1.92e-04 2.73e-07 7.35e-04 5.27e-06 5.35e-04 8.41e-08 4.23e-06 1.21e-04 2.34e-05 2.69e-04 3.28e-06 3.28e-04 7.63e-06 3.28e-04 3.28e-06 6.80e-06 1.29e-04 4.08e-05 2.69e-04 3.28e-06 3.28e-04 7.63e-06 3.28e-04 3.28e-06 6.80e-06 1.29e-04 4.08e-05
80205 1.60240e+04 -4.56721e+00 3.22090e-04 9.42676e-05 3.04e-04 2.73e-07 7.38e-04 5.66e-06 5.62e-04 4.76e-08 4.60e-06 1.46e-04 9.43e-05 2.69e-04 3.28e-06 3.28e-04 7.62e-06 3.28e-04 3.28e-06 6.80e-06 1.29e-04 4.08e-05 2.69e-04 3.28e-06 3.28e-04 7.62e-06 3.28e-04 3.28e-06 6.80e-06 1.29e-04 4.08e-05
80255 1.60340e+04 -4.63529e+00 3.02229e-04 3.30223e-05 2.10e-04 2.68e-07 7.31e-04 5.34e-06 5.64e-04 9.79e-08 9.35e-06 1.43e-04 3.30e-05 2.69e-04 3.28e-06 3.28e-04 7.62e-06 3.28e-04 3.28e-06 6.79e-06 1.29e-04 4.08e-05 2.69e-04 3.28e-06 3.28e-04 7.62e-06 3.28e-04 3.28e-06 6.79e-06 1.29e-04 4.08e-05
80305 1.60440e+04 -4.67920e+00 3.18918e-04 2.73541e-05 2.86e-04 2.74e-07 7.63e-04 6.69e-06 5.39e-04 5.40e-08 3.65e-06 1.06e-04 2.74e-05 2.69e-04 3.28e-06 3.28e-04 7.62e-06 3.28e-04 3.28e-06 6.79e-06 1.29e-04 4.08e-05 2.69e-04 3.28e-06 3.28e-04 7.62e-06 3.28e-04 3.28e-06 6.79e-06 1.29e-04 4.08e-05
80355 1.60540e+04 -4.70590e+00 3.17530e-04 6.03024e-06 3.14e-04 2.87e-07 7.08e-04 5.60e-06 5.60e-04 6.44e-08 3.44e-06 1.33e-04 6.03e-06 2.69e-04 3.28e-06 3.28e-04 7.61e-06 3.28e-04 3.28e-06 6.79e-06 1.29e-04 4.08e-05 2.69e-04 3.28e-06 3.28e-04 7.61e-06 3.28e-04 3.28e-06 6.79e-06 1.29e-04 4.08e-05
80405 1.60640e+04 -4.66325e+00 3.55574e-04 1.56986e-05 4.53e-04 2.72e-07 7.46e-04 5.38e-06 5.74e-04 5.71e-08 2.82e-06 1.31e-04 1.57e-05 2.69e-04 3.28e-06 3.28e-04 7.61e-06 3.28e-04 3.28e-06 6.79e-06 1.29e-04 4.08e-05 2.69e-04 3.28e-06 3.28e-04 7.61e-06 3.28e-04 3.28e-06 6.79e-06 1.29e-04 4.08e-05
80455 1.60740e+04 -4.66972e+00 3.34432e-04 1.36994e-05 3.12e-04 2.75e-07 7.72e-04 5.69e-06 5.81e-04 5.21e-08 5.10e-06 1.28e-04 1.37e-05 2.69e-04 3.28e-06 3.28e-04 7.61e-06 3.28e-04 3.28e-06 6.79e-06 1.29e-04 4.08e-05 2.69e-04 3.28e-06 3.28e-04 7.61e-06 3.28e-04 3.28e-06 6.79e-06 1.29e-04 4.08e-05
80505 1.60840e+04 -4.71417e+00 3.06887e-04 1.03522e-05 3.11e-04 2.73e-07 6.80e-04 5.84e-06 5.38e-04 2.86e-08 2.73e-06 1.33e-04 1.04e-05 2.69e-04 3.28e-06 3.28e-04 7.60e-06 3.28e-04 3.28e-06 6.78e-06 1.29e-04 4.07e-05 2.69e-04 3.28e-06 3.28e-04 7.60e-06 3.28e-04 3.28e-06 6.78e-06 1.29e-04 4.07e-05
80555 1.60940e+04 -4.68989e+00 3.03849e-04 2.35317e-05 1.97e-04 2.65e-07 7.58e-04 5.60e-06 5.58e-04 3.35e-08 3.65e-06 1.50e-04 2.35e-05 2.69e-04 3.28e-06 3.28e-04 7.60e-06 3.28e-04 3.28e-06 6.78e-06 1.29e-04 4.07e-05 2.69e-04 3.28e-06 3.28e-04 7.60e-06 3.28e-04 3.28e-06 6.78e-06 1.29e-04 4.07e-05
80605 1.61040e+04 -4.68055e+00 3.00988e-04 3.10791e-05 2.79e-04 2.81e-07 6.80e-04 5.41e-06 5.40e-04 6.03e-08 4.49e-06 1.32e-04 3.11e-05 2.69e-04 3.28e-06 3.28e-04 7.60e-06 3.28e-04 3.28e-06 6.78e-06 1.29e-04 4.07e-05 2.69e-04 3.28e-06 3.28e-04 7.60e-06 3.28e-04 3.28e-06 6.78e-06 1.29e-04 4.07e-05
80655 1.61140e+04 -4.66745e+00 3.57225e-04 6.33247e-06 5.73e-04 2.72e-07 7.00e-04 6.50e-06 5.07e-04 3.98e-08 2.79e-06 1.21e-04 6.33e-06 2.69e-04 3.28e-06 3.28e-04 7.59e-06 3.28e-04 3.28e-06 6.78e-06 1.29e-04 4.07e-05 2.69e-04 3.28e-06 3.28e-04 7.59e-06 3.28e-04 3.28e-06 6.78e-06 1.29e-04 4.07e-05
80705 1.61240e+04 -4.69270e+00 2.93917e-04 3.37845e-05 2.30e-04 2.65e-07 6.91e-04 5.53e-06 5.43e-04 4.88e-08 3.71e-06 1.28e-04 3.38e-05 2.69e-04 3.28e-06 3.28e-04 7.59e-06 3.28e-04 3.28e-06 6.78e-06 1.29e-04 4.07e-05 2.69e-04 3.28e-06 3.28e-04 7.59e-06 3.28e-04 3.28e-06 6.78e-06 1.29e-04 4.07e-05
80755 1.61340e+04 -4.69020e+00 3.13369e-04 3.05267e-05 2.59e-04 2.60e-07 7.40e-04 5.55e-06 5.61e-04 4.45e-08 2.99e-06 1.17e-04 3.05e-05 2.69e-04 3.28e-06 3.28e-04 7.59e-06 3.28e-04 3.28e-06 6.78e-06 1.29e-04 4.07e-05 2.69e-04 3.28e-06 3.28e-04 7.59e-06 3.28e-04 3.28e-06 6.78e-06 1.29e-04 4.07e-05
80805 1.61440e+04 -4.69638e+00 3.11315e-04 1.56657e-05 2.50e-04 2.58e-07 7.34e-04 5.23e-06 5.67e-04 4.06e-08 4.17e-06 1.38e-04 1.57e-05 2.69e-04 3.28e-06 3.28e-04 7.58e-06 3.28e-04 3.28e-06 6.77e-06 1.29e-04 4.06e-05 2.69e-04 3.28e-06 3.28e-04 7.58e-06 3.28e-04 3.28e-06 6.77e-06 1.29e-04 4.06e-05
80855 1.61540e+04 -4.67071e+00 3.00217e-04 4.42229e-05 2.65e-04 2.73e-07 6.98e-04 6.28e-06 5.31e-04 8.66e-08 3.46e-06 1.21e-04 4.42e-05 2.69e-04 3.28e-06 3.28e-04 7.58e-06 3.28e-04 3.28e-06 6.77e-06 1.29e-04 4.06e-05 2.69e-04 3.28e-06 3.28e-04 7.58e-06 3.28e-04 3.28e-06 6.77e-06 1.29e-04 4.06e-05
80905 1.61640e+04 -4.69548e+00 2.89988e-04 1.82312e-05 1.92e-04 2.78e-07 7.00e-04 5.48e-06 5.52e-04 4.53e-08 6.82e-06 1.23e-04 1.82e-05 2.69e-04 3.28e-06 3.28e-04 7.58e-06 3.28e-04 3.28e-06 6.77e-06 1.29e-04 4.06e-05 2.69e-04 3.28e-06 3.28e-04 7.58e-06 3.28e-04 3.28e-06 6.77e-06 1.29e-04 4.06e-05
80955 1.61740e+04 -4.67866e+00 2.86297e-04 4.48026e-05 2.15e-04 2.71e-07 6.79e-04 5.86e-06 5.31e-04 4.30e-08 3.71e-06 1.36e-04 4.48e-05 2.69e-04 3.28e-06 3.28e-04 7.57e-06 3.28e-04 3.28e-06 6.77e-06 1.29e-04 4.06e-05 2.69e-04 3.28e-06 3.28e-04 7.57e-06 3.28e-04 3.28e-06 6.77e-06 1.29e-04 4.06e-05
81005 1.61840e+04 -4.69809e+00 3.04807e-04 1.51767e-05 2.69e-04 2.58e-07 6.92e-04 5.91e-06 5.57e-04 9.80e-08 4.16e-06 1.33e-04 1.52e-05 2.69e-04 3.28e-06 3.28e-04 7.57e-06 3.28e-04 3.28e-06 6.77e-06 1.29e-04 4.06e-05 2.69e-04 3.28e-06 3.28e-04 7.57e-06 3.28e-04 3.28e-06 6.77e-06 1.29e-04 4.06e-05
81055 1.61940e+04 -4.69182e+00 3.02383e-04 2.66723e-05 1.71e-04 2.70e-07 7.66e-04 7.01e-06 5.67e-04 6.60e-08 3.51e-06 1.19e-04 2.67e-05 2.69e-04 3.28e-06 3.28e-04 7.57e-06 3.28e-04 3.28e-06 6.77e-06 1.29e-04 4.06e-05 2.69e-04 3.28e-06 3.28e-04 7.57e-06 3.28e-04 3.28e-06 6.77e-06 1.29e-04 4.06e-05
81105 1.62040e+04 -4.70988e+00 2.87423e-04 2.19548e-05 1.77e-04 2.73e-07 7.02e-04 6.14e-06 5.51e-04 4.08e-08 4.59e-06 1.16e-04 2.20e-05 2.69e-04 3.28e-06 3.28e-04 7.56e-06 3.28e-04 3.28e-06 6.77e-06 1.29e-04 4.06e-05 2.69e-04 3.28e-06 3.28e-04 7.56e-06 3.28e-04 3.28e-06 6.77e-06 1.29e-04 4.06e-05
81155 1.62140e+04 -4.70233e+00 2.86723e-04 2.42747e-05 1.86e-04 2.68e-07 7.12e-04 5.65e-06 5.29e-04 4.56e-08 3.65e-06 1.53e-04 2.43e-05 2.69e-04 3.28e-06 3.28e-04 7.56e-06 3.28e-04 3.28e-06 6.76e-06 1.29e-04 4.06e-05 2.69e-04 3.28e-06 3.28e-04 7.56e-06 3.28e-04 3.28e-06 6.76e-06 1.29e-04 4.06e-05
81205 1.62240e+04 -4.70402e+00 2.92926e-04 1.39395e-05 2.27e-04 2.71e-07 6.95e-04 5.72e-06 5.37e-04 5.72e-08 5.08e-06 1.37e-04 1.39e-05 2.69e-04 3.28e-06 3.28e-04 7.56e-06 3.28e-04 3.28e-06 6.76e-06 1.29e-04 4.06e-05 2.69e-04 3.28e-06 3.28e-04 7.56e-06 3.28e-04 3.28e-06 6.76e-06 1.29e-04 4.06e-05
81255 1.62340e+04 -4.71503e+00 2.94742e-04 7.05510e-06 1.92e-04 2.65e-07 7.08e-04 5.62e-06 5.68e-04 5.01e-08 5.34e-06 1.30e-04 7.06e-06 2.69e-04 3.28e-06 3.28e-04 7.55e-06 3.28e-04 3.28e-06 6.76e-06 1.29e-04 4.06e-05 2.69e-04 3.28e-06 3.28e-04 7.55e-06 3.28e-04 3.28e-06 6.76e-06 1.29e-04 4.06e-05
81305 1.62440e+04 -4.64856e+00 3.22997e-04 2.12430e-05 3.12e-04 2.92e-07 7.41e-04 6.16e-06 5.56e-04 6.60e-08 7.17e-06 1.28e-04 2.12e-05 2.69e-04 3.28e-06 3.28e-04 7.55e-06 3.28e-04 3.28e-06 6.76e-06 1.29e-04 4.05e-05 2.69e-04 3.28e-06 3.28e-04 7.55e-06 3.28e-04 3.28e-06 6.76e-06 1.29e-04 4.05e-05
81355 1.62540e+04 -4.67825e+00 3.06173e-04 3.15884e-05 2.38e-04 2.72e-07 7.21e-04 5.68e-06 5.66e-04 1.18e-07 3.32e-06 1.46e-04 3.16e-05 2.69e-04 3.28e-06 3.28e-04 7.55e-06 3.28e-04 3.28e-06 6.76e-06 1.29e-04 4.05e-05 2.69e-04 3.28e-06 3.28e-04 7.55e-06 3.28e-04 3.28e-06 6.76e-06 1.29e-04 4.05e-05
81405 1.62640e+04 -4.72878e+00 3.06910e-04 7.66499e-06 2.30e-04 2.57e-07 7.37e-04 5.31e-06 5.62e-04 5.34e-08 3.03e-06 1.19e-04 7.66e-06 2.69e-04 3.28e-06 3.28e-04 7.54e-06 3.28e-04 3.28e-06 6.75e-06 1.29e-04 4.05e-05 2.69e-04 3.28e-06 3.28e-04 7.54e-06 3.28e-04 3.28e-06 6.75e-06 1.29e-04 4.05e-05
81455 1.62740e+04 -4.69467e+00 3.07576e-04 1.87983e-05 2.73e-04 2.85e-07 7.08e-04 6.55e-06 5.50e-04 4.06e-08 3.66e-06 1.24e-04 1.88e-05 2.69e-04 3.28e-06 3.28e-04 7.54e-06 3.28e-04 3.28e-06 6.75e-06 1.29e-04 4.05e-05 2.69e-04 3.28e-06 3.28e-04 7.54e-06 3.28e-04 3.28e-06 6.75e-06 1.29e-04 4.05e-05
81505 1.62840e+04 -4.69138e+00 3.10649e-04 1.04170e-05 2.75e-04 2.73e-07 7.23e-04 6.25e-06 5.49e-04 1.56e-07 4.18e-06 1.44e-04 1.04e-05 2.69e-04 3.28e-06 3.28e-04 7.54e-06 3.28e-04 3.28e-06 6.75e-06 1.29e-04 4.05e-05 2.69e-04 3.28e-06 3.28e-04 7.54e-06 3.28e-04 3.28e-06 6.75e-06 1.29e-04 4.05e-05
81555 1.62940e+04 -4.70476e+00 2.78475e-04 3.62540e-05 1.94e-04 2.74e-07 6.58e-04 5.43e-06 5.34e-04 5.15e-08 3.43e-06 1.33e-04 3.63e-05 2.69e-04 3.28e-06 3.28e-04 7.53e-06 3.28e-04 3.28e-06 6.75e-06 1.29e-04 4.05e-05 2.69e-04 3.28e-06 3.28e-04 7.53e-06 3.28e-04 3.28e-06 6.75e-06 1.29e-04 4.05e-05
81605 1.63040e+04 -4.70605e+00 2.78805e-04 3.37621e-05 1.67e-04 2.59e-07 6.81e-04 5.62e-06 5.40e-04 6.97e-08 2.87e-06 1.47e-04 3.38e-05 2.69e-04 3.28e-06 3.28e-04 7.53e-06 3.28e-04 3.28e-06 6.75e-06 1.29e-04 4.04e-05 2.69e-04 3.28e-06 3.28e-04 7.53e-06 3.28e-04 3.28e-06 6.75e-06 1.29e-04 4.04e-05
81655 1.63140e+04 -4.68081e+00 3.09695e-04 1.43273e-05 2.90e-04 2.59e-07 7.26e-04 6.52e-06 5.25e-04 4.52e-08 6.08e-06 1.20e-04 1.43e-05 2.69e-04 3.28e-06 3.28e-04 7.53e-06 3.28e-04 3.28e-06 6.74e-06 1.29e-04 4.04e-05 2.69e-04 3.28e-06 3.28e-04 7.53e-06 3.28e-04 3.28e-06 6.74e-06 1.29e-04 4.04e-05
81705 1.63240e+04 -4.67049e+00 3.16802e-04 7.71409e-06 2.75e-04 2.79e-07 7.34e-04 5.50e-06 5.70e-04 6.34e-08 6.79e-06 1.55e-04 7.71e-06 2.69e-04 3.28e-06 3.28e-04 7.52e-06 3.28e-04 3.28e-06 6.74e-06 1.29e-04 4.04e-05 2.69e-04 3.28e-06 3.28e-04 7.52e-06 3.28e-04 3.28e-06 6.74e-06 1.29e-04 4.04e-05
81755 1.63340e+04 -4.51429e+00 3.18231e-04 9.45030e-05 3.12e-04 2.76e-07 7.17e-04 6.61e-06 5.56e-04 4.27e-08 1.19e-05 1.19e-04 9.45e-05 2.69e-04 3.28e-06 3.28e-04 7.52e-06 3.28e-04 3.28e-06 6.74e-06 1.29e-04 4.04e-05 2.69e-04 3.28e-06 3.28e-04 7.52e-06 3.28e-04 3.28e-06 6.74e-06 1.29e-04 4.04e-05
81805 1.63440e+04 -4.71979e+00 3.02150e-04 1.36508e-05 2.05e-04 2.75e-07 7.24e-04 5.85e-06 5.76e-04 7.80e-08 3.45e-06 1.14e-04 1.37e-05 2.69e-04 3.28e-06 3.28e-04 7.51e-06 3.28e-04 3.28e-06 6.74e-06 1.29e-04 4.04e-05 2.69e-04 3.28e-06 3.28e-04 7.51e-06 3.28e-04 3.28e-06 6.74e-06 1.29e-04 4.04e-05
81855 1.63540e+04 -4.69515e+00 2.86699e-04 2.86410e-05 2.03e-04 2.61e-07 6.67e-04 5.99e-06 5.57e-04 3.36e-08 3.74e-06 1.48e-04 2.86e-05 2.69e-04 3.28e-06 3.28e-04 7.51e-06 3.28e-04 3.28e-06 6.74e-06 1.29e-04 4.04e-05 2.69e-04 3.28e-06 3.28e-04 7.51e-06 3.28e-04 3.28e-06 6.74e-06 1.29e-04 4.04e-05
81905 1.63640e+04 -4.69916e+00 3.08166e-04 2.35771e-05 2.85e-04 2.73e-07 7.01e-04 5.56e-06 5.49e-04 9.50e-08 3.61e-06 1.13e-04 2.36e-05 2.69e-04 3.28e-06 3.28e-04 7.51e-06 3.28e-04 3.28e-06 6.74e-06 1.29e-04 4.04e-05 2.69e-04 3.28e-06 3.28e-04 7.51e-06 3.28e-04 3.28e-06 6.74e-06 1.29e-04 4.04e-05
81955 1.63740e+04 -4.65014e+00 3.07620e-04 2.37935e-05 2.13e-04 2.74e-07 7.45e-04 7.00e-06 5.73e-04 1.48e-07 7.59e-06 1.31e-04 2.38e-05 2.69e-04 3.28e-06 3.28e-04 7.51e-06 3.28e-04 3.28e-06 6.74e-06 1.29e-04 4.04e-05 2.69e-04 3.28e-06 3.28e-04 7.51e-06 3.28e-04 3.28e-06 6.74e-06 1.29e-04 4.04e-05
82005 1.63840e+04 -4.59963e+00 2.92489e-04 6.93483e-05 2.29e-04 2.58e-07 6.83e-04 5.74e-06 5.45e-04 5.55e-08 8.28e-06 1.43e-04 6.93e-05 2.69e-04 3.28e-06 3.28e-04 7.50e-06 3.28e-04 3.28e-06 6.74e-06 1.29e-04 4.03e-05 2.69e-04 3.28e-06 3.28e-04 7.50e-06 3.28e-04 3.28e-06 6.74e-06 1.29e-04 4.03e-05
82055 1.63940e+04 -4.72045e+00 2.90860e-04 1.03996e-05 1.95e-04 2.88e-07 7.13e-04 6.33e-06 5.40e-04 5.18e-08 2.96e-06 1.48e-04 1.04e-05 2.69e-04 3.28e-06 3.28e-04 7.50e-06 3.28e-04 3.28e-06 6.73e-06 1.29e-04 4.03e-05 2.69e-04 3.28e-06 3.28e-04 7.50e-06 3.28e-04 3.28e-06 6.73e-06 1.29e-04 4.03e-05
82105 1.64040e+04 -4.69078e+00 2.95334e-04 2.99922e-05 2.10e-04 2.59e-07 7.16e-04 5.62e-06 5.45e-04 4.77e-08 5.23e-06 1.14e-04 3.00e-05 2.69e-04 3.28e-06 3.28e-04 7.50e-06 3.28e-04 3.28e-06 6.73e-06 1.29e-04 4.03e-05 2.69e-04 3.28e-06 3.28e-04 7.50e-06 3.28e-04 3.28e-06 6.73e-06 1.29e-04 4.03e-05
82155 1.64140e+04 -4.68329e+00 2.89474e-04 2.53001e-05 1.71e-04 2.63e-07 7.30e-04 5.91e-06 5.41e-04 8.70e-08 6.43e-06 1.32e-04 2.53e-05 2.69e-04 3.28e-06 3.28e-04 7.49e-06 3.28e-04 3.28e-06 6.73e-06 1.29e-04 4.03e-05 2.69e-04 3.28e-06 3.28e-04 7.49e-06 3.28e-04 3.28e-06 6.73e-06 1.29e-04 4.03e-05
82205 1.64240e+04 -4.71389e+00 2.87310e-04 1.50947e-05 2.07e-04 2.72e-07 6.83e-04 6.30e-06 5.40e-04 7.58e-08 4.28e-06 1.29e-04 1.51e-05 2.69e-04 3.28e-06 3.28e-04 7.49e-06 3.28e-04 3.28e-06 6.73e-06 1.29e-04 4.03e-05 2.69e-04 3.28e-06 3.28e-04 7.49e-06 3.28e-04 3.28e-06 6.73e-06 1.29e-04 4.03e-05
82255 1.64340e+04 -4.69903e+00 3.15461e-04 1.62615e-05 2.88e-04 2.84e-07 7.23e-04 5.58e-06 5.61e-04 9.19e-08 3.69e-06 1.20e-04 1.63e-05 2.69e-04 3.28e-06 3.28e-04 7.49e-06 3.28e-04 3.28e-06 6.73e-06 1.29e-04 4.03e-05 2.69e-04 3.28e-06 3.28e-04 7.49e-06 3.28e-04 3.28e-06 6.73e-06 1.29e-04 4.03e-05
82305 1.64440e+04 -4.71653e+00 2.82492e-04 1.54749e-05 1.66e-04 2.78e-07 6.98e-04 5.53e-06 5.42e-04 6.87e-08 5.16e-06 1.31e-04 1.55e-05 2.69e-04 3.28e-06 3.28e-04 7.48e-06 3.28e-04 3.28e-06 6.73e-06 1.29e-04 4.03e-05 2.69e-04 3.28e-06 3.28e-04 7.48e-06 3.28e-04 3.28e-06 6.73e-06 1.29e-04 4.03e-05
82355 1.64540e+04 -4.74252e+00 2.74268e-04 1.74854e-05 1.62e-04 2.79e-07 6.68e-04 5.15e-06 5.37e-04 7.39e-08 3.66e-06 1.16e-04 1.75e-05 2.68e-04 3.28e-06 3.28e-04 7.48e-06 3.28e-04 3.28e-06 6.73e-06 1.29e-04 4.03e-05 2.68e-04 3.28e-06 3.28e-04 7.48e-06 3.28e-04 3.28e-06 6.73e-06 1.29e-04 4.03e-05
82405 1.64640e+04 -4.71489e+00 2.82893e-04 1.77474e-05 1.77e-04 2.63e-07 6.85e-04 5.89e-06 5.46e-04 6.44e-08 4.36e-06 1.36e-04 1.77e-05 2.68e-04 3.28e-06 3.28e-04 7.47e-06 3.28e-04 3.28e-06 6.72e-06 1.29e-04 4.03e-05 2.68e-04 3.28e-06 3.28e-04 7.47e-06 3.28e-04 3.28e-06 6.72e-06 1.29e-04 4.03e-05
82455 1.64740e+04 -4.70900e+00 3.04542e-04 1.58785e-05 2.22e-04 2.57e-07 7.32e-04 5.41e-06 5.63e-04 7.33e-08 3.03e-06 1.43e-04 1.59e-05 2.68e-04 3.28e-06 3.28e-04 7.47e-06 3.28e-04 3.28e-06 6.72e-06 1.29e-04 4.03e-05 2.68e-04 3.28e-06 3.28e-04 7.47e-06 3.28e-04 3.28e-06 6.72e-06 1.29e-04 4.03e-05
82505 1.64840e+04 -4.71202e+00 2.86857e-04 2.33002e-05 1.73e-04 2.61e-07 7.09e-04 6.12e-06 5.46e-04 1.55e-07 3.39e-06 1.29e-04 2.33e-05 2.68e-04 3.28e-06 3.28e-04 7.47e-06 3.28e-04 3.28e-06 6.72e-06 1.29e-04 4.03e-05 2.68e-04 3.28e-06 3.28e-04 7.47e-06 3.28e-04 3.28e-06 6.72e-06 1.29e-04 4.03e-05
82555 1.64940e+04 -4.70883e+00 2.87667e-04 2.47751e-05 1.60e-04 2.69e-07 7.18e-04 5.88e-06 5.53e-04 9.71e-08 4.85e-06 1.09e-04 2.48e-05 2.68e-04 3.28e-06 3.28e-04 7.46e-06 3.28e-04 3.28e-06 6.72e-06 1.29e-04 4.03e-05 2.68e-04 3.28e-06 3.28e-04 7.46e-06 3.28e-04 3.28e-06 6.72e-06 1.29e-04 4.03e-05
82605 1.65040e+04 -4.65240e+00 2.96628e-04 6.58851e-05 1.89e-04 2.64e-07 7.44e-04 5.34e-06 5.45e-04 6.54e-08 3.41e-06 1.26e-04 6.59e-05 2.68e-04 3.28e-06 3.28e-04 7.46e-06 3.28e-04 3.28e-06 6.72e-06 1.29e-04 4.03e-05 2.68e-04 3.28e-06 3.28e-04 7.46e-06 3.28e-04 3.28e-06 6.72e-06 1.29e-04 4.03e-05
82655 1.65140e+04 -4.46489e+00 3.08337e-04 1.77705e-05 2.30e-04 2.70e-07 7.63e-04 5.25e-06 5.42e-04 2.03e-07 3.25e-05 1.27e-04 1.78e-05 2.68e-04 3.28e-06 3.28e-04 7.46e-06 3.28e-04 3.28e-06 6.72e-06 1.29e-04 4.03e-05 2.68e-04 3.28e-06 3.28e-04 7.46e-06 3.28e-04 3.28e-06 6.72e-06 1.29e-04 4.03e-05
82705 1.65240e+04 -4.66144e+00 3.11940e-04 3.32908e-05 2.90e-04 2.71e-07 7.17e-04 5.76e-06 5.47e-04 8.59e-08 4.82e-06 1.36e-04 3.33e-05 2.68e-04 3.28e-06 3.28e-04 7.45e-06 3.28e-04 3.28e-06 6.72e-06 1.29e-04 4.02e-05 2.68e-04 3.28e-06 3.28e-04 7.45e-06 3.28e-04 3.28e-06 6.72e-06 1.29e-04 4.02e-05
82755 1.65340e+04 -4.56148e+00 3.29508e-04 8.01380e-05 3.50e-04 2.74e-07 7.30e-04 5.28e-06 5.62e-04 6.29e-08 7.34e-06 1.38e-04 8.01e-05 2.68e-04 3.28e-06 3.28e-04 7.45e-06 3.28e-04 3.28e-06 6.72e-06 1.29e-04 4.02e-05 2.68e-04 3.28e-06 3.28e-04 7.45e-06 3.28e-04 3.28e-06 6.72e-06 1.29e-04 4.02e-05
82805 1.65440e+04 -4.57062e+00 3.50393e-04 5.87838e-05 4.81e-04 2.89e-07 7.32e-04 6.06e-06 5.32e-04 8.59e-08 7.51e-06 1.15e-04 5.88e-05 2.68e-04 3.28e-06 3.28e-04 7.45e-06 3.28e-04 3.28e-06 6.72e-06 1.29e-04 4.02e-05 2.68e-04 3.28e-06 3.28e-04 7.45e-06 3.28e-04 3.28e-06 6.72e-06 1.29e-04 4.02e-05
82855 1.65540e+04 -4.66261e+00 2.97429e-04 3.72937e-05 2.09e-04 2.58e-07 7.41e-04 6.02e-06 5.30e-04 1.37e-07 5.88e-06 1.30e-04 3.73e-05 2.68e-04 3.28e-06 3.28e-04 7.44e-06 3.28e-04 3.28e-06 6.72e-06 1.29e-04 4.03e-05 2.68e-04 3.28e-06 3.28e-04 7.44e-06 3.28e-04 3.28e-06 6.72e-06 1.29e-04 4.03e-05
82905 1.65640e+04 -4.67136e+00 3.05043e-04 2.53284e-05 2.71e-04 2.68e-07 7.09e-04 5.78e-06 5.39e-04 5.50e-08 6.95e-06 1.14e-04 2.53e-05 2.68e-04 3.28e-06 3.28e-04 7.44e-06 3.28e-04 3.28e-06 6.72e-06 1.29e-04 4.03e-05 2.68e-04 3.28e-06 3.28e-04 7.44e-06 3.28e-04 3.28e-06 6.72e-06 1.29e-04 4.03e-05
82955 1.65740e+04 -4.69132e+00 3.18824e-04 2.09560e-05 2.77e-04 2.62e-07 7.44e-04 5.74e-06 5.66e-04 8.09e-08 3.37e-06 1.22e-04 2.10e-05 2.68e-04 3.28e-06 3.28e-04 7.44e-06 3.28e-04 3.28e-06 6.71e-06 1.29e-04 4.03e-05 2.68e-04 3.28e-06 3.28e-04 7.44e-06 3.28e-04 3.28e-06 6.71e-06 1.29e-04 4.03e-05
83005 1.65840e+04 -4.58244e+00 3.17638e-04 2.31815e-05 2.06e-04 2.61e-07 7.58e-04 5.90e-06 6.18e-04 1.36e-07 1.59e-05 1.30e-04 2.32e-05 2.68e-04 3.28e-06 3.28e-04 7.43e-06 3.28e-04 3.28e-06 6.71e-06 1.29e-04 4.03e-05 2.68e-04 3.28e-06 3.28e-04 7.43e-06 3.28e-04 3.28e-06 6.71e-06 1.29e-04 4.03e-05
83055 1.65940e+04 -4.55855e+00 2.99178e-04 1.19897e-04 2.99e-04 2.85e-07 6.74e-04 5.85e-06 5.17e-04 6.64e-08 3.97e-06 1.37e-04 1.20e-04 2.68e-04 3.28e-06 3.28e-04 7.43e-06 3.28e-04 3.28e-06 6.71e-06 1.29e-04 4.03e-05 2.68e-04 3.28e-06 3.28e-04 7.43e-06 3.28e-04 3.28e-06 6.71e-06 1.29e-04 4.03e-05
83105 1.66040e+04 -4.63961e+00 2.98311e-04 3.33041e-05 2.19e-04 2.65e-07 7.16e-04 6.85e-06 5.50e-04 8.33e-08 9.03e-06 1.21e-04 3.33e-05 2.68e-04 3.28e-06 3.28e-04 7.43e-06 3.28e-04 3.28e-06 6.71e-06 1.29e-04 4.03e-05 2.68e-04 3.28e-06 3.28e-04 7.43e-06 3.28e-04 3.28e-06 6.71e-06 1.29e-04 4.03e-05
83155 1.66140e+04 -4.70028e+00 2.92153e-04 2.60713e-05 1.74e-04 2.65e-07 7.21e-04 5.47e-06 5.60e-04 1.13e-07 4.11e-06 1.36e-04 2.61e-05 2.68e-04 3.28e-06 3.28e-04 7.42e-06 3.28e-04 3.28e-06 6.71e-06 1.29e-04 4.03e-05 2.68e-04 3.28e-06 3.28e-04 7.42e-06 3.28e-04 3.28e-06 6.71e-06 1.29e-04 4.03e-05
83205 1.66240e+04 -4.67977e+00 2.95255e-04 4.02049e-05 1.70e-04 2.72e-07 7.26e-04 5.96e-06 5.74e-04 1.07e-07 4.34e-06 1.19e-04 4.02e-05 2.68e-04 3.28e-06 3.28e-04 7.42e-06 3.28e-04 3.28e-06 6.71e-06 1.29e-04 4.03e-05 2.68e-04 3.28e-06 3.28e-04 7.42e-06 3.28e-04 3.28e-06 6.71e-06 1.29e-04 4.03e-05
83255 1.66340e+04 -4.67617e+00 2.98676e-04 2.72365e-05 1.90e-04 2.77e-07 7.42e-04 5.99e-06 5.55e-04 9.60e-08 5.80e-06 1.33e-04 2.72e-05 2.68e-04 3.28e-06 3.28e-04 7.42e-06 3.28e-04 3.28e-06 6.71e-06 1.29e-04 4.03e-05 2.68e-04 3.28e-06 3.28e-04 7.42e-06 3.28e-04 3.28e-06 6.71e-06 1.29e-04 4.03e-05
83305 1.66440e+04 -4.68950e+00 3.16579e-04 1.60668e-05 2.89e-04 2.87e-07 7.31e-04 5.34e-06 5.57e-04 8.88e-08 4.59e-06 1.28e-04 1.61e-05 2.68e-04 3.28e-06 3.28e-04 7.41e-06 3.28e-04 3.28e-06 6.71e-06 1.29e-04 4.03e-05 2.68e-04 3.28e-06 3.28e-04 7.41e-06 3.28e-04 3.28e-06 6.71e-06 1.29e-04 4.03e-05
83355 1.66540e+04 -4.66162e+00 3.06313e-04 1.75729e-05 2.34e-04 2.69e-07 7.24e-04 5.98e-06 5.67e-04 7.05e-08 9.00e-06 1.18e-04 1.76e-05 2.68e-04 3.28e-06 3.28e-04 7.41e-06 3.28e-04 3.28e-06 6.71e-06 1.29e-04 4.03e-05 2.68e-04 3.28e-06 3.28e-04 7.41e-06 3.28e-04 3.28e-06 6.71e-06 1.29e-04 4.03e-05
83405 1.66640e+04 -4.65000e+00 2.91199e-04 1.83227e-05 1.71e-04 2.74e-07 7.18e-04 5.83e-06 5.61e-04 1.89e-07 1.16e-05 1.26e-04 1.83e-05 2.68e-04 3.28e-06 3.28e-04 7.40e-06 3.28e-04 3.28e-06 6.71e-06 1.29e-04 4.03e-05 2.68e-04 3.28e-06 3.28e-04 7.40e-06 3.28e-04 3.28e-06 6.71e-06 1.29e-04 4.03e-05
83455 1.66740e+04 -4.67076e+00 3.12045e-04 3.43441e-05 2.41e-04 2.78e-07 7.31e-04 6.50e-06 5.81e-04 1.45e-07 3.27e-06 1.30e-04 3.43e-05 2.68e-04 3.28e-06 3.28e-04 7.40e-06 3.28e-04 3.28e-06 6.71e-06 1.29e-04 4.03e-05 2.68e-04 3.28e-06 3.28e-04 7.40e-06 3.28e-04 3.28e-06 6.71e-06 1.29e-04 4.03e-05
83505 1.66840e+04 -4.60100e+00 3.05340e-04 8.98513e-05 1.87e-04 2.92e-07 7.65e-04 6.55e-06 5.68e-04 1.17e-07 3.50e-06 1.27e-04 8.99e-05 2.68e-04 3.28e-06 3.28e-04 7.40e-06 3.28e-04 3.28e-06 6.71e-06 1.29e-04 4.03e-05 2.68e-04 3.28e-06 3.28e-04 7.40e-06 3.28e-04 3.28e-06 6.71e-06 1.29e-04 4.03e-05
83555 1.66940e+04 -4.63816e+00 3.33821e-04 3.26725e-05 2.98e-04 2.67e-07 7.44e-04 5.65e-06 6.21e-04 6.20e-08 5.47e-06 1.39e-04 3.27e-05 2.68e-04 3.28e-06 3.28e-04 7.39e-06 3.28e-04 3.28e-06 6.70e-06 1.29e-04 4.03e-05 2.68e-04 3.28e-06 3.28e-04 7.39e-06 3.28e-04 3.28e-06 6.70e-06 1.29e-04 4.03e-05
83605 1.67040e+04 -4.67507e+00 2.83198e-04 4.52879e-05 1.88e-04 2.72e-07 6.75e-04 5.54e-06 5.47e-04 6.23e-08 5.94e-06 1.15e-04 4.53e-05 2.68e-04 3.28e-06 3.28e-04 7.39e-06 3.28e-04 3.28e-06 6.71e-06 1.29e-04 4.03e-05 2.68e-04 3.28e-06 3.28e-04 7.39e-06 3.28e-04 3.28e-06 6.71e-06 1.29e-04 4.03e-05
83655 1.67140e+04 -4.70638e+00 2.99821e-04 1.50119e-05 2.40e-04 2.75e-07 7.04e-04 5.92e-06 5.49e-04 5.07e-08 4.28e-06 1.27e-04 1.50e-05 2.68e-04 3.28e-06 3.28e-04 7.39e-06 3.28e-04 3.28e-06 6.70e-06 1.29e-04 4.03e-05 2.68e-04 3.28e-06 3.28e-04 7.39e-06 3.28e-04 3.28e-06 6.70e-06 1.29e-04 4.03e-05
83705 1.67240e+04 -4.67382e+00 3.18024e-04 2.62495e-05 2.73e-04 2.76e-07 7.46e-04 5.80e-06 5.65e-04 6.80e-08 4.22e-06 1.31e-04 2.62e-05 2.68e-04 3.28e-06 3.28e-04 7.38e-06 3.28e-04 3.28e-06 6.70e-06 1.29e-04 4.03e-05 2.68e-04 3.28e-06 3.28e-04 7.38e-06 3.28e-04 3.28e-06 6.70e-06 1.29e-04 4.03e-05
83755 1.67340e+04 -4.66899e+00 3.12968e-04 1.66162e-05 2.96e-04 2.65e-07 6.93e-04 5.63e-06 5.70e-04 1.42e-07 6.67e-06 1.34e-04 1.66e-05 2.68e-04 3.28e-06 3.28e-04 7.38e-06 3.28e-04 3.28e-06 6.70e-06 1.29e-04 4.03e-05 2.68e-04 3.28e-06 3.28e-04 7.38e-06 3.28e-04 3.28e-06 6.70e-06 1.29e-04 4.03e-05
83805 1.67440e+04 -4.69811e+00 2.88599e-04 3.86750e-05 2.03e-04 2.73e-07 6.95e-04 5.61e-06 5.39e-04 1.01e-07 4.26e-06 9.98e-05 3.87e-05 2.68e-04 3.28e-06 3.28e-04 7.38e-06 3.28e-04 3.28e-06 6.70e-06 1.29e-04 4.03e-05 2.68e-04 3.28e-06 3.28e-04 7.38e-06 3.28e-04 3.28e-06 6.70e-06 1.29e-04 4.03e-05
83855 1.67540e+04 -4.68868e+00 3.02211e-04 2.68465e-05 1.71e-04 2.58e-07 7.32e-04 7.07e-06 6.00e-04 5.55e-08 3.41e-06 1.29e-04 2.68e-05 2.68e-04 3.28e-06 3.28e-04 7.38e-06 3.28e-04 3.28e-06 6.70e-06 1.29e-04 4.03e-05 2.68e-04 3.28e-06 3.28e-04 7.38e-06 3.28e-04 3.28e-06 6.70e-06 1.29e-04 4.03e-05
83905 1.67640e+04 -4.60507e+00 3.22777e-04 5.47093e-05 3.12e-04 2.71e-07 7.17e-04 5.42e-06 5.80e-04 1.09e-07 8.14e-06 1.16e-04 5.47e-05 2.68e-04 3.28e-06 3.28e-04 7.37e-06 3.28e-04 3.28e-06 6.70e-06 1.29e-04 4.03e-05 2.68e-04 3.28e-06 3.28e-04 7.37e-06 3.28e-04 3.28e-06 6.70e-06 1.29e-04 4.03e-05
83955 1.67740e+04 -4.54722e+00 3.68734e-04 6.71008e-05 5.15e-04 2.95e-07 7.62e-04 5.90e-06 5.61e-04 8.66e-08 5.80e-06 1.40e-04 6.71e-05 2.68e-04 3.28e-06 3.28e-04 7.37e-06 3.28e-04 3.28e-06 6.69e-06 1.29e-04 4.03e-05 2.68e-04 3.28e-06 3.28e-04 7.37e-06 3.28e-04 3.28e-06 6.69e-06 1.29e-04 4.03e-05
84005 1.67840e+04 -4.57879e+00 3.75589e-04 2.62562e-05 5.93e-04 2.84e-07 7.39e-04 6.04e-06 5.40e-04 6.15e-08 7.64e-06 1.40e-04 2.63e-05 2.68e-04 3.28e-06 3.28e-04 7.37e-06 3.28e-04 3.28e-06 6.69e-06 1.29e-04 4.04e-05 2.68e-04 3.28e-06 3.28e-04 7.37e-06 3.28e-04 3.28e-06 6.69e-06 1.29e-04 4.04e-05
84055 1.67940e+04 -4.70408e+00 2.95580e-04 3.45282e-05 2.26e-04 2.78e-07 6.92e-04 4.97e-06 5.54e-04 4.89e-08 3.74e-06 1.06e-04 3.45e-05 2.68e-04 3.28e-06 3.28e-04 7.36e-06 3.28e-04 3.28e-06 6.69e-06 1.29e-04 4.04e-05 2.68e-04 3.28e-06 3.28e-04 7.36e-06 3.28e-04 3.28e-06 6.69e-06 1.29e-04 4.04e-05
84105 1.68040e+04 -4.65577e+00 2.92953e-04 4.19116e-05 2.03e-04 2.82e-07 6.91e-04 5.48e-06 5.65e-04 3.69e-08 6.41e-06 1.42e-04 4.19e-05 2.68e-04 3.28e-06 3.28e-04 7.36e-06 3.28e-04 3.28e-06 6.69e-06 1.29e-04 4.04e-05 2.68e-04 3.28e-06 3.28e-04 7.36e-06 3.28e-04 3.28e-06 6.69e-06 1.29e-04 4.04e-05
84155 1.68140e+04 -4.69581e+00 2.88112e-04 3.80944e-05 2.09e-04 2.85e-07 6.86e-04 5.41e-06 5.40e-04 4.36e-08 3.96e-06 1.19e-04 3.81e-05 2.68e-04 3.28e-06 3.28e-04 7.35e-06 3.28e-04 3.28e-06 6.69e-06 1.29e-04 4.04e-05 2.68e-04 3.28e-06 3.28e-04 7.35e-06 3.28e-04 3.28e-06 6.69e-06 1.29e-04 4.04e-05
84205 1.68240e+04 -4.65796e+00 3.17957e-04 4.04430e-05 2.85e-04 2.85e-07 7.13e-04 5.45e-06 5.86e-04 7.06e-08 4.00e-06 1.31e-04 4.04e-05 2.68e-04 3.28e-06 3.28e-04 7.35e-06 3.28e-04 3.28e-06 6.69e-06 1.29e-04 4.04e-05 2.68e-04 3.28e-06 3.28e-04 7.35e-06 3.28e-04 3.28e-06 6.69e-06 1.29e-04 4.04e-05
84255 1.68340e+04 -4.70362e+00 2.96752e-04 2.75435e-05 2.41e-04 2.91e-07 6.83e-04 5.59e-06 5.54e-04 4.31e-08 3.82e-06 1.14e-04 2.75e-05 2.68e-04 3.28e-06 3.28e-04 7.35e-06 3.28e-04 3.28e-06 6.69e-06 1.29e-04 4.04e-05 2.68e-04 3.28e-06 3.28e-04 7.35e-06 3.28e-04 3.28e-06 6.69e-06 1.29e-04 4.04e-05
84305 1.68440e+04 -4.69184e+00 2.97123e-04 2.22593e-05 1.89e-04 2.88e-07 7.25e-04 5.45e-06 5.66e-04 1.19e-07 4.85e-06 1.41e-04 2.23e-05 2.68e-04 3.28e-06 3.28e-04 7.34e-06 3.28e-04 3.28e-06 6.68e-06 1.29e-04 4.04e-05 2.68e-04 3.28e-06 3.28e-04 7.34e-06 3.28e-04 3.28e-06 6.68e-06 1.29e-04 4.04e-05
84355 1.68540e+04 -4.51481e+00 2.95673e-04 1.01672e-04 2.22e-04 2.90e-07 6.89e-04 6.85e-06 5.60e-04 6.30e-08 1.34e-05 1.13e-04 1.02e-04 2.68e-04 3.28e-06 3.28e-04 7.34e-06 3.28e-04 3.28e-06 6.68e-06 1.29e-04 4.04e-05 2.68e-04 3.28e-06 3.28e-04 7.34e-06 3.28e-04 3.28e-06 6.68e-06 1.29e-04 4.04e-05
84405 1.68640e+04 -4.61321e+00 2.84346e-04 2.69408e-05 1.72e-04 2.89e-07 7.03e-04 7.90e-06 5.39e-04 4.97e-08 1.36e-05 1.28e-04 2.69e-05 2.68e-04 3.28e-06 3.28e-04 7.34e-06 3.28e-04 3.28e-06 6.68e-06 1.29e-04 4.04e-05 2.68e-04 3.28e-06 3.28e-04 7.34e-06 3.28e-04 3.28e-06 6.68e-06 1.29e-04 4.04e-05
84455 1.68740e+04 -4.66279e+00 2.98698e-04 2.33737e-05 2.00e-04 2.88e-07 7.37e-04 5.97e-06 5.51e-04 4.89e-08 8.84e-06 1.18e-04 2.34e-05 2.68e-04 3.28e-06 3.28e-04 7.33e-06 3.28e-04 3.28e-06 6.68e-06 1.29e-04 4.04e-05 2.68e-04 3.28e-06 3.28e-04 7.33e-06 3.28e-04 3.28e-06 6.68e-06 1.29e-04 4.04e-05
84505 1.68840e+04 -4.71321e+00 2.87122e-04 2.34003e-05 1.94e-04 2.84e-07 6.91e-04 5.39e-06 5.45e-04 5.29e-08 4.37e-06 1.21e-04 2.34e-05 2.68e-04 3.28e-06 3.28e-04 7.33e-06 3.28e-04 3.28e-06 6.68e-06 1.29e-04 4.04e-05 2.68e-04 3.28e-06 3.28e-04 7.33e-06 3.28e-04 3.28e-06 6.68e-06 1.29e-04 4.04e-05
84555 1.68940e+04 -4.62609e+00 3.13530e-04 6.99168e-05 2.58e-04 2.90e-07 7.53e-04 5.85e-06 5.50e-04 6.14e-08 3.33e-06 1.29e-04 6.99e-05 2.68e-04 3.28e-06 3.28e-04 7.33e-06 3.28e-04 3.28e-06 6.68e-06 1.29e-04 4.04e-05 2.68e-04 3.28e-06 3.28e-04 7.33e-06 3.28e-04 3.28e-06 6.68e-06 1.29e-04 4.04e-05
84605 1.69040e+04 -4.56726e+00 3.68372e-04 5.89129e-05 6.08e-04 2.96e-07 6.97e-04 5.35e-06 5.32e-04 1.20e-07 6.44e-06 1.08e-04 5.89e-05 2.68e-04 3.28e-06 3.28e-04 7.32e-06 3.28e-04 3.28e-06 6.67e-06 1.29e-04 4.04e-05 2.68e-04 3.28e-06 3.28e-04 7.32e-06 3.28e-04 3.28e-06 6.67e-06 1.29e-04 4.04e-05
84655 1.69140e+04 -4.62044e+00 2.93477e-04 9.14545e-05 1.81e-04 2.85e-07 7.21e-04 5.83e-06 5.59e-04 6.70e-08 3.54e-06 1.15e-04 9.15e-05 2.68e-04 3.28e-06 3.28e-04 7.32e-06 3.28e-04 3.28e-06 6.67e-06 1.29e-04 4.04e-05 2.68e-04 3.28e-06 3.28e-04 7.32e-06 3.28e-04 3.28e-06 6.67e-06 1.29e-04 4.04e-05
84705 1.69240e+04 -4.65619e+00 2.90932e-04 4.07280e-05 1.99e-04 2.78e-07 7.22e-04 5.35e-06 5.29e-04 9.32e-08 8.13e-06 1.17e-04 4.07e-05 2.68e-04 3.28e-06 3.28e-04 7.32e-06 3.28e-04 3.28e-06 6.67e-06 1.29e-04 4.04e-05 2.68e-04 3.28e-06 3.28e-04 7.32e-06 3.28e-04 3.28e-06 6.67e-06 1.29e-04 4.04e-05
84755 1.69340e+04 -4.69525e+00 3.06547e-04 2.68390e-05 2.29e-04 2.84e-07 7.29e-04 5.91e-06 5.69e-04 7.97e-08 3.28e-06 1.21e-04 2.68e-05 2.68e-04 3.28e-06 3.28e-04 7.31e-06 3.28e-04 3.28e-06 6.67e-06 1.29e-04 4.04e-05 2.68e-04 3.28e-06 3.28e-04 7.31e-06 3.28e-04 3.28e-06 6.67e-06 1.29e-04 4.04e-05
84805 1.69440e+04 -4.60769e+00 3.64301e-04 3.69476e-05 5.29e-04 2.76e-07 7.03e-04 5.65e-06 5.83e-04 4.29e-08 4.51e-06 1.35e-04 3.69e-05 2.68e-04 3.28e-06 3.28e-04 7.31e-06 3.28e-04 3.28e-06 6.67e-06 1.29e-04 4.04e-05 2.68e-04 3.28e-06 3.28e-04 7.31e-06 3.28e-04 3.28e-06 6.67e-06 1.29e-04 4.04e-05
84855 1.69540e+04 -4.60836e+00 3.04359e-04 8.35204e-05 2.22e-04 2.74e-07 7.59e-04 6.05e-06 5.35e-04 4.79e-08 4.82e-06 1.17e-04 8.35e-05 2.68e-04 3.28e-06 3.28e-04 7.31e-06 3.28e-04 3.28e-06 6.67e-06 1.29e-04 4.04e-05 2.68e-04 3.28e-06 3.28e-04 7.31e-06 3.28e-04 3.28e-06 6.67e-06 1.29e-04 4.04e-05
84905 1.69640e+04 -4.62964e+00 2.88793e-04 8.73491e-05 2.16e-04 2.85e-07 6.90e-04 5.65e-06 5.32e-04 9.97e-08 3.82e-06 1.10e-04 8.73e-05 2.68e-04 3.28e-06 3.28e-04 7.30e-06 3.28e-04 3.28e-06 6.67e-06 1.29e-04 4.04e-05 2.68e-04 3.28e-06 3.28e-04 7.30e-06 3.28e-04 3.28e-06 6.67e-06 1.29e-04 4.04e-05
84955 1.69740e+04 -4.69958e+00 3.06539e-04 2.63217e-05 2.49e-04 2.91e-07 7.21e-04 6.46e-06 5.56e-04 1.29e-07 3.14e-06 1.02e-04 2.63e-05 2.68e-04 3.28e-06 3.28e-04 7.30e-06 3.28e-04 3.28e-06 6.67e-06 1.29e-04 4.04e-05 2.68e-04 3.28e-06 3.28e-04 7.30e-06 3.28e-04 3.28e-06 6.67e-06 1.29e-04 4.04e-05
85005 1.69830e+04 -4.63300e+00 3.23027e-04 5.55653e-05 2.80e-04 2.69e-07 7.42e-04 5.65e-06 5.87e-04 6.02e-08 3.90e-06 1.31e-04 5.56e-05 2.68e-04 3.28e-06 3.28e-04 7.30e-06 3.28e-04 3.28e-06 6.67e-06 1.29e-04 4.04e-05 2.68e-04 3.28e-06 3.28e-04 7.30e-06 3.28e-04 3.28e-06 6.67e-06 1.29e-04 4.04e-05
85055 1.69930e+04 -4.59633e+00 2.99124e-04 9.34855e-05 2.19e-04 2.80e-07 7.37e-04 7.79e-06 5.31e-04 5.36e-08 3.32e-06 1.22e-04 9.35e-05 2.68e-04 3.28e-06 3.28e-04 7.29e-06 3.28e-04 3.28e-06 6.67e-06 1.29e-04 4.04e-05 2.68e-04 3.28e-06 3.28e-04 7.29e-06 3.28e-04 3.28e-06 6.67e-06 1.29e-04 4.04e-05
85105 1.70030e+04 -4.72571e+00 2.96443e-04 1.46834e-05 2.31e-04 2.79e-07 6.93e-04 5.65e-06 5.53e-04 3.99e-08 3.08e-06 1.19e-04 1.47e-05 2.68e-04 3.28e-06 3.28e-04 7.29e-06 3.28e-04 3.28e-06 6.67e-06 1.29e-04 4.04e-05 2.68e-04 3.28e-06 3.28e-04 7.29e-06 3.28e-04 3.28e-06 6.67e-06 1.29e-04 4.04e-05
85155 1.70130e+04 -4.71157e+00 2.97008e-04 1.36033e-05 1.97e-04 2.94e-07 7.12e-04 6.01e-06 5.70e-04 1.10e-07 3.42e-06 1.41e-04 1.36e-05 2.68e-04 3.28e-06 3.28e-04 7.29e-06 3.28e-04 3.28e-06 6.66e-06 1.28e-04 4.05e-05 2.68e-04 3.28e-06 3.28e-04 7.29e-06 3.28e-04 3.28e-06 6.66e-06 1.28e-04 4.05e-05
85205 1.70230e+04 -4.70347e+00 3.01295e-04 1.40328e-05 2.29e-04 2.92e-07 7.11e-04 5.56e-06 5.61e-04 7.68e-08 4.55e-06 1.35e-04 1.40e-05 2.68e-04 3.28e-06 3.28e-04 7.28e-06 3.28e-04 3.28e-06 6.66e-06 1.28e-04 4.05e-05 2.68e-04 3.28e-06 3.28e-04 7.28e-06 3.28e-04 3.28e-06 6.66e-06 1.28e-04 4.05e-05
85255 1.70330e+04 -4.72771e+00 2.89443e-04 1.68455e-05 1.69e-04 2.86e-07 7.17e-04 5.70e-06 5.55e-04 7.97e-08 3.69e-06 1.12e-04 1.68e-05 2.68e-04 3.28e-06 3.28e-04 7.28e-06 3.28e-04 3.28e-06 6.66e-06 1.28e-04 4.05e-05 2.68e-04 3.28e-06 3.28e-04 7.28e-06 3.28e-04 3.28e-06 6.66e-06 1.28e-04 4.05e-05
85305 1.70430e+04 -4.69560e+00 3.08273e-04 1.51588e-05 2.15e-04 2.87e-07 7.56e-04 6.47e-06 5.63e-04 5.22e-08 3.99e-06 1.33e-04 1.52e-05 2.68e-04 3.28e-06 3.28e-04 7.28e-06 3.28e-04 3.28e-06 6.66e-06 1.28e-04 4.04e-05 2.68e-04 3.28e-06 3.28e-04 7.28e-06 3.28e-04 3.28e-06 6.66e-06 1.28e-04 4.04e-05
85355 1.70530e+04 -4.68206e+00 2.96401e-04 3.62929e-05 2.23e-04 2.94e-07 7.04e-04 5.55e-06 5.49e-04 1.71e-07 3.49e-06 1.41e-04 3.63e-05 2.68e-04 3.28e-06 3.28e-04 7.27e-06 3.28e-04 3.28e-06 6.66e-06 1.28e-04 4.05e-05 2.68e-04 3.28e-06 3.28e-04 7.27e-06 3.28e-04 3.28e-06 6.66e-06 1.28e-04 4.05e-05
85405 1.70630e+04 -4.65610e+00 3.24333e-04 3.24228e-05 3.40e-04 2.88e-07 7.21e-04 6.54e-06 5.54e-04 5.39e-08 3.56e-06 1.34e-04 3.24e-05 2.68e-04 3.28e-06 3.28e-04 7.27e-06 3.28e-04 3.28e-06 6.66e-06 1.28e-04 4.04e-05 2.68e-04 3.28e-06 3.28e-04 7.27e-06 3.28e-04 3.28e-06 6.66e-06 1.28e-04 4.04e-05
85455 1.70730e+04 -4.62728e+00 3.64150e-04 2.71835e-05 5.53e-04 2.86e-07 6.96e-04 5.96e-06 5.66e-04 5.94e-08 3.56e-06 1.31e-04 2.72e-05 2.68e-04 3.28e-06 3.28e-04 7.27e-06 3.28e-04 3.28e-06 6.66e-06 1.28e-04 4.04e-05 2.68e-04 3.28e-06 3.28e-04 7.27e-06 3.28e-04 3.28e-06 6.66e-06 1.28e-04 4.04e-05
85505 1.70830e+04 -4.61053e+00 2.81223e-04 9.90754e-05 2.26e-04 2.91e-07 6.62e-04 5.79e-06 5.12e-04 7.71e-08 5.08e-06 1.05e-04 9.91e-05 2.68e-04 3.28e-06 3.28e-04 7.26e-06 3.28e-04 3.28e-06 6.65e-06 1.28e-04 4.04e-05 2.68e-04 3.28e-06 3.28e-04 7.26e-06 3.28e-04 3.28e-06 6.65e-06 1.28e-04 4.04e-05
85555 1.70930e+04 -4.71174e+00 2.85427e-04 2.88815e-05 1.88e-04 2.89e-07 6.94e-04 5.29e-06 5.40e-04 5.18e-08 3.72e-06 1.25e-04 2.89e-05 2.68e-04 3.28e-06 3.28e-04 7.26e-06 3.28e-04 3.28e-06 6.65e-06 1.28e-04 4.05e-05 2.68e-04 3.28e-06 3.28e-04 7.26e-06 3.28e-04 3.28e-06 6.65e-06 1.28e-04 4.05e-05
85605 1.71030e+04 -4.65470e+00 3.05446e-04 4.49711e-05 2.75e-04 2.86e-07 7.05e-04 5.58e-06 5.42e-04 9.33e-08 5.59e-06 1.16e-04 4.50e-05 2.68e-04 3.28e-06 3.28e-04 7.26e-06 3.28e-04 3.28e-06 6.65e-06 1.28e-04 4.05e-05 2.68e-04 3.28e-06 3.28e-04 7.26e-06 3.28e-04 3.28e-06 6.65e-06 1.28e-04 4.05e-05
85655 1.71130e+04 -4.66017e+00 3.52942e-04 1.39661e-05 5.10e-04 2.87e-07 7.33e-04 5.69e-06 5.16e-04 6.88e-08 3.92e-06 1.20e-04 1.40e-05 2.68e-04 3.28e-06 3.28e-04 7.25e-06 3.28e-04 3.28e-06 6.65e-06 1.28e-04 4.05e-05 2.68e-04 3.28e-06 3.28e-04 7.25e-06 3.28e-04 3.28e-06 6.65e-06 1.28e-04 4.05e-05
85705 1.71230e+04 -4.72053e+00 2.98725e-04 1.35588e-05 2.17e-04 2.84e-07 7.37e-04 5.67e-06 5.34e-04 7.97e-08 3.28e-06 1.26e-04 1.36e-05 2.68e-04 3.28e-06 3.28e-04 7.25e-06 3.28e-04 3.28e-06 6.65e-06 1.28e-04 4.05e-05 2.68e-04 3.28e-06 3.28e-04 7.25e-06 3.28e-04 3.28e-06 6.65e-06 1.28e-04 4.05e-05
85755 1.71330e+04 -4.70984e+00 3.02991e-04 1.81254e-05 2.39e-04 2.85e-07 7.04e-04 5.79e-06 5.66e-04 6.24e-08 3.59e-06 1.19e-04 1.81e-05 2.68e-04 3.28e-06 3.28e-04 7.25e-06 3.28e-04 3.28e-06 6.65e-06 1.28e-04 4.05e-05 2.68e-04 3.28e-06 3.28e-04 7.25e-06 3.28e-04 3.28e-06 6.65e-06 1.28e-04 4.05e-05
85805 1.71430e+04 -4.63856e+00 3.10338e-04 5.90677e-05 2.72e-04 3.04e-07 7.18e-04 5.54e-06 5.56e-04 5.24e-08 4.09e-06 1.30e-04 5.91e-05 2.68e-04 3.28e-06 3.28e-04 7.24e-06 3.28e-04 3.28e-06 6.64e-06 1.28e-04 4.05e-05 2.68e-04 3.28e-06 3.28e-04 7.24e-06 3.28e-04 3.28e-06 6.64e-06 1.28e-04 4.05e-05
85855 1.71530e+04 -4.70832e+00 3.12930e-04 1.24843e-05 2.75e-04 2.82e-07 7.17e-04 5.37e-06 5.67e-04 9.75e-08 3.82e-06 1.19e-04 1.25e-05 2.68e-04 3.28e-06 3.28e-04 7.24e-06 3.28e-04 3.28e-06 6.64e-06 1.28e-04 4.05e-05 2.68e-04 3.28e-06 3.28e-04 7.24e-06 3.28e-04 3.28e-06 6.64e-06 1.28e-04 4.05e-05
85905 1.71630e+04 -4.65973e+00 3.04108e-04 5.02624e-05 2.38e-04 2.92e-07 7.23e-04 5.44e-06 5.53e-04 4.71e-08 4.24e-06 1.24e-04 5.03e-05 2.68e-04 3.28e-06 3.28e-04 7.24e-06 3.28e-04 3.28e-06 6.64e-06 1.28e-04 4.05e-05 2.68e-04 3.28e-06 3.28e-04 7.24e-06 3.28e-04 3.28e-06 6.64e-06 1.28e-04 4.05e-05
85955 1.71730e+04 -4.72142e+00 2.98539e-04 1.29029e-05 2.14e-04 2.81e-07 6.81e-04 5.69e-06 5.92e-04 7.80e-08 3.55e-06 1.21e-04 1.29e-05 2.68e-04 3.28e-06 3.28e-04 7.23e-06 3.28e-04 3.28e-06 6.64e-06 1.28e-04 4.05e-05 2.68e-04 3.28e-06 3.28e-04 7.23e-06 3.28e-04 3.28e-06 6.64e-06 1.28e-04 4.05e-05
86005 1.71830e+04 -4.52724e+00 2.86290e-04 1.45426e-04 2.17e-04 2.92e-07 6.91e-04 6.16e-06 5.17e-04 5.07e-08 5.20e-06 1.34e-04 1.45e-04 2.68e-04 3.28e-06 3.28e-04 7.23e-06 3.28e-04 3.28e-06 6.64e-06 1.28e-04 4.05e-05 2.68e-04 3.28e-06 3.28e-04 7.23e-06 3.28e-04 3.28e-06 6.64e-06 1.28e-04 4.05e-05
86055 1.71930e+04 -4.72730e+00 2.92790e-04 1.25333e-05 1.89e-04 2.78e-07 7.17e-04 5.03e-06 5.53e-04 1.23e-07 4.15e-06 1.21e-04 1.25e-05 2.68e-04 3.28e-06 3.28e-04 7.23e-06 3.28e-04 3.28e-06 6.64e-06 1.28e-04 4.05e-05 2.68e-04 3.28e-06 3.28e-04 7.23e-06 3.28e-04 3.28e-06 6.64e-06 1.28e-04 4.05e-05
86105 1.72030e+04 -4.69964e+00 2.98536e-04 1.35034e-05 1.97e-04 2.98e-07 7.10e-04 6.66e-06 5.78e-04 7.00e-08 3.69e-06 1.52e-04 1.35e-05 2.68e-04 3.28e-06 3.28e-04 7.22e-06 3.28e-04 3.28e-06 6.63e-06 1.28e-04 4.05e-05 2.68e-04 3.28e-06 3.28e-04 7.22e-06 3.28e-04 3.28e-06 6.63e-06 1.28e-04 4.05e-05
86155 1.72130e+04 -4.62491e+00 2.92000e-04 8.54459e-05 1.74e-04 2.77e-07 7.10e-04 5.13e-06 5.70e-04 4.33e-08 4.81e-06 1.18e-04 8.54e-05 2.68e-04 3.28e-06 3.28e-04 7.22e-06 3.28e-04 3.28e-06 6.63e-06 1.28e-04 4.05e-05 2.68e-04 3.28e-06 3.28e-04 7.22e-06 3.28e-04 3.28e-06 6.63e-06 1.28e-04 4.05e-05
86205 1.72230e+04 -4.64728e+00 2.91980e-04 4.47165e-05 1.77e-04 2.78e-07 7.11e-04 5.50e-06 5.67e-04 5.44e-08 7.03e-06 1.45e-04 4.47e-05 2.68e-04 3.28e-06 3.28e-04 7.22e-06 3.28e-04 3.28e-06 6.63e-06 1.28e-04 4.05e-05 2.68e-04 3.28e-06 3.28e-04 7.22e-06 3.28e-04 3.28e-06 6.63e-06 1.28e-04 4.05e-05
86255 1.72330e+04 -4.69692e+00 2.82905e-04 2.45459e-05 1.89e-04 2.77e-07 6.74e-04 5.96e-06 5.45e-04 4.74e-08 6.12e-06 1.21e-04 2.45e-05 2.68e-04 3.28e-06 3.28e-04 7.21e-06 3.28e-04 3.28e-06 6.63e-06 1.28e-04 4.05e-05 2.68e-04 3.28e-06 3.28e-04 7.21e-06 3.28e-04 3.28e-06 6.63e-06 1.28e-04 4.05e-05
86305 1.72430e+04 -4.50974e+00 2.95787e-04 9.57946e-05 2.00e-04 2.80e-07 7.16e-04 5.13e-06 5.57e-04 4.35e-08 1.62e-05 1.21e-04 9.58e-05 2.68e-04 3.28e-06 3.28e-04 7.21e-06 3.28e-04 3.28e-06 6.63e-06 1.28e-04 4.05e-05 2.68e-04 3.28e-06 3.28e-04 7.21e-06 3.28e-04 3.28e-06 6.63e-06 1.28e-04 4.05e-05
86355 1.72530e+04 -4.73059e+00 2.84007e-04 2.31670e-05 2.35e-04 2.76e-07 6.65e-04 5.07e-06 5.15e-04 3.85e-08 3.54e-06 1.07e-04 2.32e-05 2.68e-04 3.28e-06 3.28e-04 7.21e-06 3.28e-04 3.28e-06 6.63e-06 1.28e-04 4.05e-05 2.68e-04 3.28e-06 3.28e-04 7.21e-06 3.28e-04 3.28e-06 6.63e-06 1.28e-04 4.05e-05
86405 1.72630e+04 -4.45022e+00 3.12829e-04 2.00402e-04 2.25e-04 2.57e-07 7.56e-04 6.38e-06 5.77e-04 4.59e-08 3.18e-06 1.23e-04 2.00e-04 2.68e-04 3.28e-06 3.28e-04 7.20e-06 3.28e-04 3.28e-06 6.63e-06 1.28e-04 4.05e-05 2.68e-04 3.28e-06 3.28e-04 7.20e-06 3.28e-04 3.28e-06 6.63e-06 1.28e-04 4.05e-05
86455 1.72730e+04 -4.60606e+00 3.21044e-04 6.66453e-05 3.56e-04 2.87e-07 6.90e-04 5.82e-06 5.54e-04 4.25e-08 5.07e-06 1.31e-04 6.66e-05 2.68e-04 3.28e-06 3.28e-04 7.20e-06 3.28e-04 3.28e-06 6.63e-06 1.28e-04 4.06e-05 2.68e-04 3.28e-06 3.28e-04 7.20e-06 3.28e-04 3.28e-06 6.63e-06 1.28e-04 4.06e-05
86505 1.72830e+04 -4.65699e+00 2.97320e-04 5.31498e-05 2.13e-04 2.71e-07 6.98e-04 6.03e-06 5.69e-04 4.39e-08 3.98e-06 1.33e-04 5.31e-05 2.68e-04 3.28e-06 3.28e-04 7.20e-06 3.28e-04 3.28e-06 6.63e-06 1.28e-04 4.06e-05 2.68e-04 3.28e-06 3.28e-04 7.20e-06 3.28e-04 3.28e-06 6.63e-06 1.28e-04 4.06e-05
86555 1.72930e+04 -4.66029e+00 3.16190e-04 1.77513e-05 2.37e-04 2.98e-07 7.81e-04 5.79e-06 5.57e-04 1.04e-07 7.18e-06 1.37e-04 1.78e-05 2.68e-04 3.28e-06 3.28e-04 7.19e-06 3.28e-04 3.28e-06 6.63e-06 1.28e-04 4.06e-05 2.68e-04 3.28e-06 3.28e-04 7.19e-06 3.28e-04 3.28e-06 6.63e-06 1.28e-04 4.06e-05
86605 1.73030e+04 -4.64351e+00 3.03538e-04 6.50376e-05 2.32e-04 2.80e-07 7.30e-04 5.19e-06 5.50e-04 4.74e-08 3.52e-06 1.36e-04 6.50e-05 2.68e-04 3.28e-06 3.28e-04 7.19e-06 3.28e-04 3.28e-06 6.62e-06 1.28e-04 4.06e-05 2.68e-04 3.28e-06 3.28e-04 7.19e-06 3.28e-04 3.28e-06 6.62e-06 1.28e-04 4.06e-05
86655 1.73130e+04 -4.70349e+00 2.99116e-04 1.46649e-05 2.34e-04 2.55e-07 7.06e-04 4.86e-06 5.50e-04 4.45e-08 6.29e-06 1.18e-04 1.47e-05 2.68e-04 3.28e-06 3.28e-04 7.19e-06 3.28e-04 3.28e-06 6.62e-06 1.28e-04 4.06e-05 2.68e-04 3.28e-06 3.28e-04 7.19e-06 3.28e-04 3.28e-06 6.62e-06 1.28e-04 4.06e-05
86705 1.73230e+04 -4.53949e+00 3.11322e-04 1.34948e-04 2.36e-04 2.77e-07 7.30e-04 5.66e-06 5.85e-04 3.44e-08 4.18e-06 1.19e-04 1.35e-04 2.68e-04 3.28e-06 3.28e-04 7.18e-06 3.28e-04 3.28e-06 6.62e-06 1.28e-04 4.06e-05 2.68e-04 3.28e-06 3.28e-04 7.18e-06 3.28e-04 3.28e-06 6.62e-06 1.28e-04 4.06e-05
86755 1.73330e+04 -4.68921e+00 3.18964e-04 2.18960e-05 2.77e-04 2.80e-07 7.35e-04 5.06e-06 5.77e-04 5.42e-08 3.24e-06 1.40e-04 2.19e-05 2.68e-04 3.28e-06 3.28e-04 7.18e-06 3.28e-04 3.28e-06 6.62e-06 1.28e-04 4.06e-05 2.68e-04 3.28e-06 3.28e-04 7.18e-06 3.28e-04 3.28e-06 6.62e-06 1.28e-04 4.06e-05
86805 1.73430e+04 -4.66790e+00 3.44351e-04 1.60430e-05 4.16e-04 2.73e-07 7.26e-04 5.42e-06 5.74e-04 3.90e-08 4.48e-06 1.16e-04 1.60e-05 2.68e-04 3.28e-06 3.28e-04 7.18e-06 3.28e-04 3.28e-06 6.62e-06 1.28e-04 4.06e-05 2.68e-04 3.28e-06 3.28e-04 7.18e-06 3.28e-04 3.28e-06 6.62e-06 1.28e-04 4.06e-05
86855 1.73530e+04 -4.72654e+00 2.97188e-04 1.08222e-05 2.15e-04 2.82e-07 7.08e-04 5.54e-06 5.56e-04 3.55e-08 3.43e-06 1.26e-04 1.08e-05 2.68e-04 3.28e-06 3.28e-04 7.17e-06 3.28e-04 3.28e-06 6.61e-06 1.28e-04 4.06e-05 2.68e-04 3.28e-06 3.28e-04 7.17e-06 3.28e-04 3.28e-06 6.61e-06 1.28e-04 4.06e-05
86905 1.73630e+04 -4.64443e+00 3.11133e-04 4.48292e-05 2.90e-04 2.85e-07 6.96e-04 6.19e-06 5.64e-04 3.27e-08 5.62e-06 1.20e-04 4.48e-05 2.67e-04 3.28e-06 3.28e-04 7.17e-06 3.28e-04 3.28e-06 6.61e-06 1.28e-04 4.06e-05 2.67e-04 3.28e-06 3.28e-04 7.17e-06 3.28e-04 3.28e-06 6.61e-06 1.28e-04 4.06e-05
86955 1.73730e+04 -4.50673e+00 3.16027e-04 7.72885e-05 2.97e-04 2.74e-07 7.19e-04 5.74e-06 5.58e-04 3.61e-08 1.57e-05 1.38e-04 7.73e-05 2.67e-04 3.28e-06 3.28e-04 7.17e-06 3.28e-04 3.28e-06 6.61e-06 1.28e-04 4.06e-05 2.67e-04 3.28e-06 3.28e-04 7.17e-06 3.28e-04 3.28e-06 6.61e-06 1.28e-04 4.06e-05
87005 1.73830e+04 -4.72018e+00 2.85597e-04 1.54010e-05 1.61e-04 2.73e-07 7.08e-04 6.63e-06 5.52e-04 3.80e-08 4.51e-06 1.13e-04 1.54e-05 2.67e-04 3.28e-06 3.28e-04 7.16e-06 3.28e-04 3.28e-06 6.61e-06 1.28e-04 4.06e-05 2.67e-04 3.28e-06 3.28e-04 7.16e-06 3.28e-04 3.28e-06 6.61e-06 1.28e-04 4.06e-05
87055 1.73930e+04 -4.72806e+00 2.71872e-04 2.38518e-05 1.61e-04 2.92e-07 6.75e-04 5.87e-06 5.17e-04 4.97e-08 3.87e-06 1.20e-04 2.39e-05 2.67e-04 3.28e-06 3.28e-04 7.16e-06 3.28e-04 3.28e-06 6.61e-06 1.28e-04 4.06e-05 2.67e-04 3.28e-06 3.28e-04 7.16e-06 3.28e-04 3.28e-06 6.61e-06 1.28e-04 4.06e-05
87105 1.74030e+04 -4.67290e+00 3.07785e-04 4.48963e-05 2.69e-04 2.73e-07 7.01e-04 5.41e-06 5.63e-04 1.38e-07 3.06e-06 1.22e-04 4.49e-05 2.67e-04 3.28e-06 3.28e-04 7.16e-06 3.28e-04 3.28e-06 6.60e-06 1.28e-04 4.06e-05 2.67e-04 3.28e-06 3.28e-04 7.16e-06 3.28e-04 3.28e-06 6.60e-06 1.28e-04 4.06e-05
87155 1.74130e+04 -4.70278e+00 3.11376e-04 1.35520e-05 2.36e-04 2.89e-07 7.34e-04 5.59e-06 5.81e-04 1.45e-07 4.20e-06 1.22e-04 1.36e-05 2.67e-04 3.28e-06 3.28e-04 7.16e-06 3.28e-04 3.28e-06 6.60e-06 1.28e-04 4.06e-05 2.67e-04 3.28e-06 3.28e-04 7.16e-06 3.28e-04 3.28e-06 6.60e-06 1.28e-04 4.06e-05
87205 1.74230e+04 -4.70236e+00 2.97212e-04 1.85541e-05 1.82e-04 2.78e-07 7.45e-04 6.15e-06 5.53e-04 4.39e-08 4.83e-06 1.22e-04 1.86e-05 2.67e-04 3.28e-06 3.28e-04 7.15e-06 3.28e-04 3.28e-06 6.60e-06 1.28e-04 4.06e-05 2.67e-04 3.28e-06 3.28e-04 7.15e-06 3.28e-04 3.28e-06 6.60e-06 1.28e-04 4.06e-05
87255 1.74330e+04 -4.72207e+00 2.97343e-04 1.10640e-05 1.89e-04 2.80e-07 7.36e-04 5.48e-06 5.56e-04 3.43e-08 4.18e-06 1.24e-04 1.11e-05 2.67e-04 3.28e-06 3.28e-04 7.15e-06 3.28e-04 3.28e-06 6.60e-06 1.28e-04 4.06e-05 2.67e-04 3.28e-06 3.28e-04 7.15e-06 3.28e-04 3.28e-06 6.60e-06 1.28e-04 4.06e-05
87305 1.74430e+04 -4.62573e+00 3.55609e-04 2.61502e-05 4.78e-04 2.73e-07 7.27e-04 6.13e-06 5.67e-04 3.62e-08 4.54e-06 1.41e-04 2.62e-05 2.67e-04 3.28e-06 3.28e-04 7.14e-06 3.28e-04 3.28e-06 6.60e-06 1.28e-04 4.06e-05 2.67e-04 3.28e-06 3.28e-04 7.14e-06 3.28e-04 3.28e-06 6.60e-06 1.28e-04 4.06e-05
87355 1.74530e+04 -4.72520e+00 2.83959e-04 1.32817e-05 1.73e-04 2.69e-07 7.05e-04 5.48e-06 5.36e-04 2.91e-08 4.99e-06 1.22e-04 1.33e-05 2.67e-04 3.28e-06 3.28e-04 7.14e-06 3.28e-04 3.28e-06 6.60e-06 1.28e-04 4.06e-05 2.67e-04 3.28e-06 3.28e-04 7.14e-06 3.28e-04 3.28e-06 6.60e-06 1.28e-04 4.06e-05
87405 1.74630e+04 -4.71689e+00 3.00523e-04 1.27896e-05 1.99e-04 2.65e-07 7.28e-04 6.14e-06 5.70e-04 2.41e-08 3.40e-06 1.28e-04 1.28e-05 2.67e-04 3.28e-06 3.28e-04 7.14e-06 3.28e-04 3.28e-06 6.60e-06 1.28e-04 4.06e-05 2.67e-04 3.28e-06 3.28e-04 7.14e-06 3.28e-04 3.28e-06 6.60e-06 1.28e-04 4.06e-05
87455 1.74730e+04 -4.62253e+00 3.25712e-04 6.40392e-05 3.43e-04 2.65e-07 7.01e-04 5.22e-06 5.80e-04 3.03e-08 4.08e-06 1.25e-04 6.40e-05 2.67e-04 3.28e-06 3.28e-04 7.13e-06 3.28e-04 3.28e-06 6.59e-06 1.28e-04 4.06e-05 2.67e-04 3.28e-06 3.28e-04 7.13e-06 3.28e-04 3.28e-06 6.59e-06 1.28e-04 4.06e-05
87505 1.74830e+04 -4.59672e+00 3.22913e-04 8.93796e-05 3.73e-04 2.70e-07 6.93e-04 5.24e-06 5.43e-04 5.43e-08 3.32e-06 1.20e-04 8.94e-05 2.67e-04 3.28e-06 3.28e-04 7.13e-06 3.28e-04 3.28e-06 6.59e-06 1.28e-04 4.06e-05 2.67e-04 3.28e-06 3.28e-04 7.13e-06 3.28e-04 3.28e-06 6.59e-06 1.28e-04 4.06e-05
87555 1.74930e+04 -4.71803e+00 2.93838e-04 1.51058e-05 1.73e-04 2.72e-07 7.36e-04 6.10e-06 5.54e-04 2.90e-08 4.11e-06 1.20e-04 1.51e-05 2.67e-04 3.28e-06 3.28e-04 7.13e-06 3.28e-04 3.28e-06 6.59e-06 1.28e-04 4.06e-05 2.67e-04 3.28e-06 3.28e-04 7.13e-06 3.28e-04 3.28e-06 6.59e-06 1.28e-04 4.06e-05
87605 1.75030e+04 -4.69882e+00 3.11745e-04 1.50935e-05 3.24e-04 2.80e-07 6.89e-04 5.67e-06 5.39e-04 3.66e-08 4.09e-06 1.23e-04 1.51e-05 2.67e-04 3.28e-06 3.28e-04 7.12e-06 3.28e-04 3.28e-06 6.59e-06 1.28e-04 4.06e-05 2.67e-04 3.28e-06 3.28e-04 7.12e-06 3.28e-04 3.28e-06 6.59e-06 1.28e-04 4.06e-05
87655 1.75130e+04 -4.71876e+00 3.04421e-04 9.95461e-06 2.27e-04 2.81e-07 7.27e-04 5.93e-06 5.61e-04 3.91e-08 3.60e-06 1.21e-04 9.95e-06 2.67e-04 3.28e-06 3.28e-04 7.12e-06 3.28e-04 3.28e-06 6.59e-06 1.28e-04 4.06e-05 2.67e-04 3.28e-06 3.28e-04 7.12e-06 3.28e-04 3.28e-06 6.59e-06 1.28e-04 4.06e-05
87705 1.75230e+04 -4.67028e+00 3.15702e-04 2.95768e-05 3.42e-04 2.79e-07 6.89e-04 5.90e-06 5.41e-04 2.56e-08 4.69e-06 1.19e-04 2.96e-05 2.67e-04 3.28e-06 3.28e-04 7.12e-06 3.28e-04 3.28e-06 6.58e-06 1.28e-04 4.06e-05 2.67e-04 3.28e-06 3.28e-04 7.12e-06 3.28e-04 3.28e-06 6.58e-06 1.28e-04 4.06e-05
87755 1.75330e+04 -4.73683e+00 2.78605e-04 1.01640e-05 1.94e-04 2.71e-07 6.57e-04 5.45e-06 5.36e-04 3.49e-08 4.91e-06 1.16e-04 1.02e-05 2.67e-04 3.28e-06 3.28e-04 7.12e-06 3.28e-04 3.28e-06 6.58e-06 1.28e-04 4.06e-05 2.67e-04 3.28e-06 3.28e-04 7.12e-06 3.28e-04 3.28e-06 6.58e-06 1.28e-04 4.06e-05
87805 1.75430e+04 -4.60063e+00 3.20633e-04 1.33168e-05 3.40e-04 2.72e-07 7.10e-04 5.40e-06 5.47e-04 7.17e-08 1.54e-05 1.21e-04 1.33e-05 2.67e-04 3.28e-06 3.28e-04 7.11e-06 3.28e-04 3.28e-06 6.58e-06 1.28e-04 4.06e-05 2.67e-04 3.28e-06 3.28e-04 7.11e-06 3.28e-04 3.28e-06 6.58e-06 1.28e-04 4.06e-05
87855 1.75530e+04 -4.60895e+00 3.00737e-04 7.43958e-05 1.77e-04 2.58e-07 7.32e-04 5.65e-06 5.88e-04 3.18e-08 5.66e-06 1.49e-04 7.44e-05 2.67e-04 3.28e-06 3.28e-04 7.11e-06 3.28e-04 3.28e-06 6.58e-06 1.28e-04 4.06e-05 2.67e-04 3.28e-06 3.28e-04 7.11e-06 3.28e-04 3.28e-06 6.58e-06 1.28e-04 4.06e-05
87905 1.75630e+04 -4.47521e+00 3.17300e-04 1.74495e-04 3.14e-04 2.86e-07 7.01e-04 5.73e-06 5.65e-04 1.03e-07 4.34e-06 1.18e-04 1.74e-04 2.67e-04 3.28e-06 3.28e-04 7.10e-06 3.28e-04 3.28e-06 6.58e-06 1.28e-04 4.06e-05 2.67e-04 3.28e-06 3.28e-04 7.10e-06 3.28e-04 3.28e-06 6.58e-06 1.28e-04 4.06e-05
87955 1.75730e+04 -4.68873e+00 3.24695e-04 1.40455e-05 2.96e-04 2.83e-07 7.41e-04 5.24e-06 5.81e-04 7.58e-08 3.83e-06 1.38e-04 1.40e-05 2.67e-04 3.28e-06 3.28e-04 7.10e-06 3.28e-04 3.28e-06 6.58e-06 1.28e-04 4.07e-05 2.67e-04 3.28e-06 3.28e-04 7.10e-06 3.28e-04 3.28e-06 6.58e-06 1.28e-04 4.07e-05
88005 1.75830e+04 -4.71303e+00 2.94015e-04 1.38941e-05 1.79e-04 2.70e-07 7.11e-04 6.21e-06 5.73e-04 6.78e-08 3.28e-06 1.47e-04 1.39e-05 2.67e-04 3.28e-06 3.28e-04 7.10e-06 3.28e-04 3.28e-06 6.58e-06 1.28e-04 4.06e-05 2.67e-04 3.28e-06 3.28e-04 7.10e-06 3.28e-04 3.28e-06 6.58e-06 1.28e-04 4.06e-05
88055 1.75930e+04 -4.68738e+00 2.89180e-04 2.71238e-05 1.82e-04 2.71e-07 7.07e-04 5.67e-06 5.51e-04 5.62e-08 6.48e-06 1.22e-04 2.71e-05 2.67e-04 3.28e-06 3.28e-04 7.09e-06 3.28e-04 3.28e-06 6.58e-06 1.28e-04 4.06e-05 2.67e-04 3.28e-06 3.28e-04 7.09e-06 3.28e-04 3.28e-06 6.58e-06 1.28e-04 4.06e-05
88105 1.76030e+04 -4.67014e+00 2.95318e-04 4.77384e-05 2.12e-04 2.77e-07 7.15e-04 5.38e-06 5.44e-04 3.59e-08 3.37e-06 1.48e-04 4.77e-05 2.67e-04 3.28e-06 3.28e-04 7.09e-06 3.28e-04 3.28e-06 6.58e-06 1.28e-04 4.07e-05 2.67e-04 3.28e-06 3.28e-04 7.09e-06 3.28e-04 3.28e-06 6.58e-06 1.28e-04 4.07e-05
88155 1.76130e+04 -4.60934e+00 3.12172e-04 2.45269e-05 2.77e-04 2.77e-07 7.13e-04 6.64e-06 5.64e-04 5.56e-08 1.23e-05 1.25e-04 2.45e-05 2.66e-04 3.28e-06 3.28e-04 7.09e-06 3.28e-04 3.28e-06 6.58e-06 1.28e-04 4.07e-05 2.66e-04 3.28e-06 3.28e-04 7.09e-06 3.28e-04 3.28e-06 6.58e-06 1.28e-04 4.07e-05
88205 1.76230e+04 -4.66676e+00 2.89113e-04 3.89160e-05 2.14e-04 3.01e-07 6.91e-04 5.69e-06 5.34e-04 4.91e-08 7.15e-06 1.15e-04 3.89e-05 2.66e-04 3.28e-06 3.28e-04 7.08e-06 3.28e-04 3.28e-06 6.58e-06 1.28e-04 4.07e-05 2.66e-04 3.28e-06 3.28e-04 7.08e-06 3.28e-04 3.28e-06 6.58e-06 1.28e-04 4.07e-05
88255 1.76330e+04 -4.69473e+00 2.93933e-04 2.73873e-05 2.23e-04 2.74e-07 6.82e-04 5.49e-06 5.59e-04 3.41e-08 3.61e-06 1.51e-04 2.74e-05 2.66e-04 3.28e-06 3.28e-04 7.08e-06 3.28e-04 3.28e-06 6.58e-06 1.28e-04 4.07e-05 2.66e-04 3.28e-06 3.28e-04 7.08e-06 3.28e-04 3.28e-06 6.58e-06 1.28e-04 4.07e-05
88305 1.76430e+04 -4.57970e+00 3.09598e-04 7.27748e-05 2.32e-04 2.84e-07 7.33e-04 5.63e-06 5.77e-04 5.22e-08 9.92e-06 1.15e-04 7.28e-05 2.66e-04 3.28e-06 3.28e-04 7.08e-06 3.28e-04 3.28e-06 6.58e-06 1.28e-04 4.07e-05 2.66e-04 3.28e-06 3.28e-04 7.08e-06 3.28e-04 3.28e-06 6.58e-06 1.28e-04 4.07e-05
88355 1.76530e+04 -4.66075e+00 2.96255e-04 1.85131e-05 2.08e-04 2.72e-07 7.20e-04 6.04e-06 5.47e-04 5.66e-08 8.92e-06 1.40e-04 1.85e-05 2.66e-04 3.28e-06 3.28e-04 7.07e-06 3.28e-04 3.28e-06 6.58e-06 1.28e-04 4.07e-05 2.66e-04 3.28e-06 3.28e-04 7.07e-06 3.28e-04 3.28e-06 6.58e-06 1.28e-04 4.07e-05
88405 1.76630e+04 -4.66928e+00 3.09502e-04 2.49628e-05 2.10e-04 2.70e-07 7.56e-04 5.58e-06 5.75e-04 5.52e-08 6.80e-06 1.23e-04 2.50e-05 2.66e-04 3.28e-06 3.28e-04 7.07e-06 3.28e-04 3.28e-06 6.58e-06 1.28e-04 4.07e-05 2.66e-04 3.28e-06 3.28e-04 7.07e-06 3.28e-04 3.28e-06 6.58e-06 1.28e-04 4.07e-05
88455 1.76730e+04 -4.65465e+00 3.53320e-04 1.78257e-05 4.51e-04 2.75e-07 7.45e-04 5.34e-06 5.65e-04 1.17e-07 3.18e-06 1.44e-04 1.78e-05 2.66e-04 3.28e-06 3.28e-04 7.07e-06 3.28e-04 3.28e-06 6.58e-06 1.28e-04 4.07e-05 2.66e-04 3.28e-06 3.28e-04 7.07e-06 3.28e-04 3.28e-06 6.58e-06 1.28e-04 4.07e-05
88505 1.76830e+04 -4.59109e+00 2.86374e-04 7.62084e-05 1.89e-04 2.91e-07 6.97e-04 6.35e-06 5.39e-04 2.78e-08 8.80e-06 1.37e-04 7.62e-05 2.66e-04 3.28e-06 3.28e-04 7.07e-06 3.28e-04 3.28e-06 6.58e-06 1.28e-04 4.07e-05 2.66e-04 3.28e-06 3.28e-04 7.07e-06 3.28e-04 3.28e-06 6.58e-06 1.28e-04 4.07e-05
88555 1.76930e+04 -4.70239e+00 3.09182e-04 1.17893e-05 2.60e-04 2.76e-07 7.29e-04 6.08e-06 5.50e-04 4.23e-08 4.59e-06 1.19e-04 1.18e-05 2.66e-04 3.28e-06 3.28e-04 7.06e-06 3.28e-04 3.28e-06 6.58e-06 1.28e-04 4.07e-05 2.66e-04 3.28e-06 3.28e-04 7.06e-06 3.28e-04 3.28e-06 6.58e-06 1.28e-04 4.07e-05
88605 1.77030e+04 -4.71248e+00 2.89383e-04 3.08847e-05 1.93e-04 2.69e-07 6.80e-04 4.97e-06 5.69e-04 4.42e-08 3.38e-06 1.24e-04 3.09e-05 2.66e-04 3.28e-06 3.28e-04 7.06e-06 3.28e-04 3.28e-06 6.57e-06 1.28e-04 4.07e-05 2.66e-04 3.28e-06 3.28e-04 7.06e-06 3.28e-04 3.28e-06 6.57e-06 1.28e-04 4.07e-05
88655 1.77130e+04 -4.62046e+00 3.34015e-04 4.19130e-05 4.24e-04 2.82e-07 6.99e-04 5.57e-06 5.41e-04 3.26e-08 6.15e-06 1.29e-04 4.19e-05 2.66e-04 3.28e-06 3.28e-04 7.06e-06 3.28e-04 3.28e-06 6.57e-06 1.28e-04 4.07e-05 2.66e-04 3.28e-06 3.28e-04 7.06e-06 3.28e-04 3.28e-06 6.57e-06 1.28e-04 4.07e-05
88705 1.77230e+04 -4.70754e+00 2.91656e-04 1.74350e-05 2.06e-04 2.64e-07 7.12e-04 5.32e-06 5.34e-04 7.40e-08 4.84e-06 1.36e-04 1.74e-05 2.66e-04 3.28e-06 3.28e-04 7.05e-06 3.28e-04 3.28e-06 6.57e-06 1.28e-04 4.07e-05 2.66e-04 3.28e-06 3.28e-04 7.05e-06 3.28e-04 3.28e-06 6.57e-06 1.28e-04 4.07e-05
88755 1.77330e+04 -4.67801e+00 3.32207e-04 8.03819e-06 3.59e-04 2.80e-07 7.56e-04 7.02e-06 5.39e-04 4.12e-08 4.48e-06 1.19e-04 8.04e-06 2.66e-04 3.28e-06 3.28e-04 7.05e-06 3.28e-04 3.28e-06 6.57e-06 1.28e-04 4.07e-05 2.66e-04 3.28e-06 3.28e-04 7.05e-06 3.28e-04 3.28e-06 6.57e-06 1.28e-04 4.07e-05
88805 1.77430e+04 -4.61131e+00 2.98578e-04 6.65882e-05 2.41e-04 2.84e-07 6.89e-04 5.57e-06 5.57e-04 5.30e-08 8.72e-06 1.07e-04 6.66e-05 2.66e-04 3.28e-06 3.28e-04 7.05e-06 3.28e-04 3.28e-06 6.57e-06 1.28e-04 4.07e-05 2.66e-04 3.28e-06 3.28e-04 7.05e-06 3.28e-04 3.28e-06 6.57e-06 1.28e-04 4.07e-05
88855 1.77530e+04 -4.66366e+00 3.07126e-04 3.45545e-05 2.34e-04 2.78e-07 7.39e-04 6.02e-06 5.56e-04 9.27e-08 4.48e-06 1.45e-04 3.46e-05 2.66e-04 3.28e-06 3.28e-04 7.04e-06 3.28e-04 3.28e-06 6.57e-06 1.28e-04 4.07e-05 2.66e-04 3.28e-06 3.28e-04 7.04e-06 3.28e-04 3.28e-06 6.57e-06 1.28e-04 4.07e-05
88905 1.77630e+04 -4.64852e+00 3.33719e-04 2.11803e-05 3.42e-04 2.68e-07 7.42e-04 5.76e-06 5.78e-04 3.73e-08 5.64e-06 1.44e-04 2.12e-05 2.66e-04 3.28e-06 3.28e-04 7.04e-06 3.28e-04 3.28e-06 6.57e-06 1.28e-04 4.07e-05 2.66e-04 3.28e-06 3.28e-04 7.04e-06 3.28e-04 3.28e-06 6.57e-06 1.28e-04 4.07e-05
88955 1.77730e+04 -4.68920e+00 2.84700e-04 4.76612e-05 1.80e-04 2.80e-07 6.99e-04 6.03e-06 5.38e-04 5.70e-08 3.36e-06 1.16e-04 4.77e-05 2.66e-04 3.28e-06 3.28e-04 7.04e-06 3.28e-04 3.28e-06 6.57e-06 1.28e-04 4.07e-05 2.66e-04 3.28e-06 3.28e-04 7.04e-06 3.28e-04 3.28e-06 6.57e-06 1.28e-04 4.07e-05
89005 1.77830e+04 -4.70995e+00 3.21521e-04 1.09484e-05 3.38e-04 2.72e-07 7.14e-04 5.49e-06 5.50e-04 7.19e-08 3.44e-06 1.05e-04 1.09e-05 2.66e-04 3.28e-06 3.28e-04 7.03e-06 3.28e-04 3.28e-06 6.57e-06 1.28e-04 4.07e-05 2.66e-04 3.28e-06 3.28e-04 7.03e-06 3.28e-04 3.28e-06 6.57e-06 1.28e-04 4.07e-05
89055 1.77930e+04 -4.66699e+00 3.30374e-04 2.02683e-05 3.41e-04 2.86e-07 7.44e-04 5.07e-06 5.61e-04 4.70e-08 6.00e-06 1.15e-04 2.03e-05 2.66e-04 3.28e-06 3.28e-04 7.03e-06 3.28e-04 3.28e-06 6.56e-06 1.28e-04 4.07e-05 2.66e-04 3.28e-06 3.28e-04 7.03e-06 3.28e-04 3.28e-06 6.56e-06 1.28e-04 4.07e-05
89105 1.78030e+04 -4.69835e+00 3.08563e-04 2.47261e-05 2.65e-04 2.59e-07 6.95e-04 5.56e-06 5.77e-04 4.63e-08 3.46e-06 1.20e-04 2.47e-05 2.66e-04 3.28e-06 3.28e-04 7.03e-06 3.28e-04 3.28e-06 6.56e-06 1.28e-04 4.07e-05 2.66e-04 3.28e-06 3.28e-04 7.03e-06 3.28e-04 3.28e-06 6.56e-06 1.28e-04 4.07e-05
89155 1.78130e+04 -4.69878e+00 3.02397e-04 5.80852e-06 2.15e-04 2.75e-07 7.46e-04 5.23e-06 5.46e-04 3.56e-07 6.46e-06 1.30e-04 5.81e-06 2.66e-04 3.28e-06 3.28e-04 7.02e-06 3.28e-04 3.28e-06 6.56e-06 1.28e-04 4.07e-05 2.66e-04 3.28e-06 3.28e-04 7.02e-06 3.28e-04 3.28e-06 6.56e-06 1.28e-04 4.07e-05
89205 1.78230e+04 -4.69700e+00 2.98260e-04 2.03465e-05 2.25e-04 2.84e-07 7.16e-04 6.09e-06 5.45e-04 4.72e-08 5.06e-06 1.19e-04 2.03e-05 2.66e-04 3.28e-06 3.28e-04 7.02e-06 3.28e-04 3.28e-06 6.56e-06 1.28e-04 4.07e-05 2.66e-04 3.28e-06 3.28e-04 7.02e-06 3.28e-04 3.28e-06 6.56e-06 1.28e-04 4.07e-05
89255 1.78330e+04 -4.72635e+00 2.85921e-04 1.58272e-05 1.96e-04 2.69e-07 6.99e-04 5.95e-06 5.28e-04 4.49e-08 4.53e-06 1.06e-04 1.58e-05 2.66e-04 3.28e-06 3.28e-04 7.02e-06 3.28e-04 3.28e-06 6.56e-06 1.28e-04 4.07e-05 2.66e-04 3.28e-06 3.28e-04 7.02e-06 3.28e-04 3.28e-06 6.56e-06 1.28e-04 4.07e-05
89305 1.78430e+04 -4.58962e+00 3.35038e-04 3.88425e-05 3.43e-04 2.80e-07 7.37e-04 5.69e-06 5.89e-04 8.31e-08 1.04e-05 1.28e-04 3.88e-05 2.66e-04 3.28e-06 3.28e-04 7.01e-06 3.28e-04 3.28e-06 6.56e-06 1.28e-04 4.07e-05 2.66e-04 3.28e-06 3.28e-04 7.01e-06 3.28e-04 3.28e-06 6.56e-06 1.28e-04 4.07e-05
89355 1.78530e+04 -4.68794e+00 2.97405e-04 3.39346e-05 2.15e-04 2.73e-07 7.25e-04 5.19e-06 5.42e-04 6.71e-08 3.78e-06 1.41e-04 3.39e-05 2.66e-04 3.28e-06 3.28e-04 7.01e-06 3.28e-04 3.28e-06 6.56e-06 1.28e-04 4.07e-05 2.66e-04 3.28e-06 3.28e-04 7.01e-06 3.28e-04 3.28e-06 6.56e-06 1.28e-04 4.07e-05
89405 1.78630e+04 -4.65396e+00 3.03607e-04 2.25077e-05 2.05e-04 2.75e-07 7.52e-04 7.58e-06 5.53e-04 4.97e-08 7.36e-06 1.32e-04 2.25e-05 2.66e-04 3.28e-06 3.28e-04 7.01e-06 3.28e-04 3.28e-06 6.56e-06 1.28e-04 4.07e-05 2.66e-04 3.28e-06 3.28e-04 7.01e-06 3.28e-04 3.28e-06 6.56e-06 1.28e-04 4.07e-05
89455 1.78730e+04 -4.52751e+00 3.21605e-04 1.32331e-04 3.41e-04 2.80e-07 6.97e-04 5.32e-06 5.65e-04 4.28e-08 4.05e-06 1.36e-04 1.32e-04 2.66e-04 3.28e-06 3.28e-04 7.00e-06 3.28e-04 3.28e-06 6.56e-06 1.28e-04 4.07e-05 2.66e-04 3.28e-06 3.28e-04 7.00e-06 3.28e-04 3.28e-06 6.56e-06 1.28e-04 4.07e-05
89505 1.78830e+04 -4.68485e+00 2.95608e-04 3.47212e-05 1.98e-04 2.80e-07 7.19e-04 5.80e-06 5.54e-04 9.04e-08 5.12e-06 1.12e-04 3.47e-05 2.66e-04 3.28e-06 3.28e-04 7.00e-06 3.28e-04 3.28e-06 6.55e-06 1.28e-04 4.07e-05 2.66e-04 3.28e-06 3.28e-04 7.00e-06 3.28e-04 3.28e-06 6.55e-06 1.28e-04 4.07e-05
89555 1.78930e+04 -4.71361e+00 3.13356e-04 1.05158e-05 2.86e-04 2.72e-07 7.25e-04 5.36e-06 5.49e-04 1.02e-07 3.00e-06 1.29e-04 1.05e-05 2.66e-04 3.28e-06 3.28e-04 7.00e-06 3.28e-04 3.28e-06 6.55e-06 1.28e-04 4.07e-05 2.66e-04 3.28e-06 3.28e-04 7.00e-06 3.28e-04 3.28e-06 6.55e-06 1.28e-04 4.07e-05
89605 1.79030e+04 -4.72658e+00 2.86986e-04 1.66529e-05 1.80e-04 2.79e-07 7.06e-04 4.86e-06 5.43e-04 6.59e-08 3.90e-06 1.33e-04 1.67e-05 2.66e-04 3.28e-06 3.28e-04 6.99e-06 3.28e-04 3.28e-06 6.55e-06 1.28e-04 4.07e-05 2.66e-04 3.28e-06 3.28e-04 6.99e-06 3.28e-04 3.28e-06 6.55e-06 1.28e-04 4.07e-05
89655 1.79130e+04 -4.70226e+00 3.06989e-04 1.21529e-05 3.02e-04 2.70e-07 6.99e-04 5.48e-06 5.28e-04 6.58e-08 3.85e-06 1.44e-04 1.22e-05 2.66e-04 3.28e-06 3.28e-04 6.99e-06 3.28e-04 3.28e-06 6.55e-06 1.28e-04 4.07e-05 2.66e-04 3.28e-06 3.28e-04 6.99e-06 3.28e-04 3.28e-06 6.55e-06 1.28e-04 4.07e-05
89705 1.79230e+04 -4.70957e+00 3.01767e-04 1.41755e-05 2.11e-04 2.73e-07 7.46e-04 5.32e-06 5.47e-04 1.02e-07 4.26e-06 1.32e-04 1.42e-05 2.66e-04 3.28e-06 3.28e-04 6.99e-06 3.28e-04 3.28e-06 6.55e-06 1.28e-04 4.07e-05 2.66e-04 3.28e-06 3.28e-04 6.99e-06 3.28e-04 3.28e-06 6.55e-06 1.28e-04 4.07e-05
89755 1.79330e+04 -4.58227e+00 3.04619e-04 6.66085e-05 2.28e-04 2.88e-07 7.39e-04 5.61e-06 5.50e-04 6.01e-08 1.07e-05 1.23e-04 6.66e-05 2.66e-04 3.28e-06 3.28e-04 6.98e-06 3.28e-04 3.28e-06 6.55e-06 1.28e-04 4.07e-05 2.66e-04 3.28e-06 3.28e-04 6.98e-06 3.28e-04 3.28e-06 6.55e-06 1.28e-04 4.07e-05
89805 1.79430e+04 -4.53514e+00 3.47692e-04 1.03098e-04 4.80e-04 2.86e-07 7.01e-04 5.22e-06 5.52e-04 1.14e-07 3.36e-06 1.59e-04 1.03e-04 2.66e-04 3.28e-06 3.28e-04 6.98e-06 3.28e-04 3.28e-06 6.55e-06 1.28e-04 4.07e-05 2.66e-04 3.28e-06 3.28e-04 6.98e-06 3.28e-04 3.28e-06 6.55e-06 1.28e-04 4.07e-05
89855 1.79530e+04 -4.52584e+00 2.86597e-04 9.99138e-06 1.85e-04 2.92e-07 6.87e-04 5.17e-06 5.55e-04 1.42e-07 2.85e-05 1.27e-04 9.99e-06 2.66e-04 3.28e-06 3.28e-04 6.98e-06 3.28e-04 3.28e-06 6.54e-06 1.28e-04 4.07e-05 2.66e-04 3.28e-06 3.28e-04 6.98e-06 3.28e-04 3.28e-06 6.54e-06 1.28e-04 4.07e-05
89905 1.79630e+04 -4.65231e+00 3.02925e-04 2.87371e-05 1.99e-04 2.83e-07 7.36e-04 8.67e-06 5.71e-04 4.93e-08 5.26e-06 1.39e-04 2.87e-05 2.66e-04 3.28e-06 3.28e-04 6.97e-06 3.28e-04 3.28e-06 6.54e-06 1.28e-04 4.07e-05 2.66e-04 3.28e-06 3.28e-04 6.97e-06 3.28e-04 3.28e-06 6.54e-06 1.28e-04 4.07e-05
89955 1.79730e+04 -4.67916e+00 3.13598e-04 1.38261e-05 2.37e-04 2.75e-07 7.62e-04 6.37e-06 5.62e-04 6.25e-08 6.97e-06 1.08e-04 1.38e-05 2.66e-04 3.28e-06 3.28e-04 6.97e-06 3.28e-04 3.28e-06 6.54e-06 1.28e-04 4.07e-05 2.66e-04 3.28e-06 3.28e-04 6.97e-06 3.28e-04 3.28e-06 6.54e-06 1.28e-04 4.07e-05
90005 1.79820e+04 -4.64113e+00 3.08609e-04 5.22316e-05 2.60e-04 2.73e-07 7.50e-04 6.25e-06 5.27e-04 4.68e-08 5.14e-06 1.21e-04 5.22e-05 2.66e-04 3.28e-06 3.28e-04 6.97e-06 3.28e-04 3.28e-06 6.54e-06 1.28e-04 4.07e-05 2.66e-04 3.28e-06 3.28e-04 6.97e-06 3.28e-04 3.28e-06 6.54e-06 1.28e-04 4.07e-05
90055 1.79920e+04 -4.71634e+00 2.91705e-04 1.01222e-05 2.40e-04 2.97e-07 6.82e-04 5.04e-06 5.31e-04 5.77e-08 6.05e-06 1.17e-04 1.01e-05 2.66e-04 3.28e-06 3.28e-04 6.97e-06 3.28e-04 3.28e-06 6.54e-06 1.28e-04 4.07e-05 2.66e-04 3.28e-06 3.28e-04 6.97e-06 3.28e-04 3.28e-06 6.54e-06 1.28e-04 4.07e-05
90105 1.80020e+04 -4.54961e+00 3.29817e-04 1.09446e-04 3.97e-04 2.78e-07 6.92e-04 5.96e-06 5.54e-04 2.27e-07 3.80e-06 1.22e-04 1.09e-04 2.66e-04 3.28e-06 3.28e-04 6.96e-06 3.28e-04 3.28e-06 6.54e-06 1.28e-04 4.07e-05 2.66e-04 3.28e-06 3.28e-04 6.96e-06 3.28e-04 3.28e-06 6.54e-06 1.28e-04 4.07e-05
90155 1.80120e+04 -4.68597e+00 2.86026e-04 4.45266e-05 1.98e-04 2.83e-07 6.71e-04 5.38e-06 5.55e-04 8.27e-08 4.44e-06 1.19e-04 4.45e-05 2.66e-04 3.28e-06 3.28e-04 6.96e-06 3.28e-04 3.28e-06 6.54e-06 1.28e-04 4.07e-05 2.66e-04 3.28e-06 3.28e-04 6.96e-06 3.28e-04 3.28e-06 6.54e-06 1.28e-04 4.07e-05
90205 1.80220e+04 -4.64834e+00 3.26006e-04 4.96671e-05 3.36e-04 2.63e-07 7.00e-04 5.15e-06 5.89e-04 7.89e-08 3.77e-06 1.17e-04 4.97e-05 2.66e-04 3.28e-06 3.28e-04 6.96e-06 3.28e-04 3.28e-06 6.54e-06 1.28e-04 4.07e-05 2.66e-04 3.28e-06 3.28e-04 6.96e-06 3.28e-04 3.28e-06 6.54e-06 1.28e-04 4.07e-05
90255 1.80320e+04 -4.64951e+00 2.97374e-04 7.10367e-05 2.27e-04 2.73e-07 6.92e-04 5.55e-06 5.62e-04 5.45e-08 3.42e-06 1.13e-04 7.10e-05 2.66e-04 3.28e-06 3.28e-04 6.95e-06 3.28e-04 3.28e-06 6.53e-06 1.28e-04 4.07e-05 2.66e-04 3.28e-06 3.28e-04 6.95e-06 3.28e-04 3.28e-06 6.53e-06 1.28e-04 4.07e-05
90305 1.80420e+04 -4.62619e+00 3.38840e-04 4.18930e-05 3.88e-04 2.84e-07 7.12e-04 5.88e-06 5.89e-04 6.60e-08 4.12e-06 1.43e-04 4.19e-05 2.66e-04 3.28e-06 3.28e-04 6.95e-06 3.28e-04 3.28e-06 6.53e-06 1.28e-04 4.07e-05 2.66e-04 3.28e-06 3.28e-04 6.95e-06 3.28e-04 3.28e-06 6.53e-06 1.28e-04 4.07e-05
90355 1.80520e+04 -4.69824e+00 2.96221e-04 2.80856e-05 1.89e-04 2.89e-07 7.30e-04 5.58e-06 5.56e-04 4.32e-08 3.89e-06 1.32e-04 2.81e-05 2.66e-04 3.28e-06 3.28e-04 6.95e-06 3.28e-04 3.28e-06 6.53e-06 1.28e-04 4.07e-05 2.66e-04 3.28e-06 3.28e-04 6.95e-06 3.28e-04 3.28e-06 6.53e-06 1.28e-04 4.07e-05
90405 1.80620e+04 -4.64683e+00 2.86962e-04 7.64354e-05 1.75e-04 2.70e-07 6.92e-04 6.11e-06 5.62e-04 4.30e-08 3.49e-06 1.17e-04 7.64e-05 2.66e-04 3.27e-06 3.28e-04 6.94e-06 3.28e-04 3.28e-06 6.53e-06 1.28e-04 4.07e-05 2.66e-04 3.28e-06 3.28e-04 6.94e-06 3.28e-04 3.28e-06 6.53e-06 1.28e-04 4.07e-05
90455 1.80720e+04 -4.65710e+00 2.92220e-04 3.44186e-05 1.79e-04 2.77e-07 6.94e-04 6.27e-06 5.82e-04 8.12e-08 7.43e-06 1.33e-04 3.44e-05 2.66e-04 3.27e-06 3.28e-04 6.94e-06 3.28e-04 3.28e-06 6.53e-06 1.28e-04 4.07e-05 2.66e-04 3.28e-06 3.28e-04 6.94e-06 3.28e-04 3.28e-06 6.53e-06 1.28e-04 4.07e-05
90505 1.80820e+04 -4.71745e+00 3.03028e-04 1.26359e-05 2.55e-04 2.64e-07 7.08e-04 5.26e-06 5.47e-04 8.88e-08 3.61e-06 1.28e-04 1.26e-05 2.66e-04 3.27e-06 3.28e-04 6.94e-06 3.28e-04 3.28e-06 6.53e-06 1.28e-04 4.07e-05 2.66e-04 3.28e-06 3.28e-04 6.94e-06 3.28e-04 3.28e-06 6.53e-06 1.28e-04 4.07e-05
90555 1.80920e+04 -4.69630e+00 2.92455e-04 2.13352e-05 2.09e-04 2.91e-07 7.04e-04 6.75e-06 5.42e-04 1.13e-07 3.67e-06 1.44e-04 2.13e-05 2.66e-04 3.27e-06 3.28e-04 6.93e-06 3.28e-04 3.28e-06 6.53e-06 1.28e-04 4.07e-05 2.66e-04 3.28e-06 3.28e-04 6.93e-06 3.28e-04 3.28e-06 6.53e-06 1.28e-04 4.07e-05
90605 1.81020e+04 -4.67189e+00 3.04984e-04 3.82091e-05 2.17e-04 2.57e-07 7.37e-04 6.27e-06 5.65e-04 9.61e-08 3.71e-06 1.31e-04 3.82e-05 2.66e-04 3.27e-06 3.28e-04 6.93e-06 3.28e-04 3.28e-06 6.53e-06 1.28e-04 4.07e-05 2.66e-04 3.28e-06 3.28e-04 6.93e-06 3.28e-04 3.28e-06 6.53e-06 1.28e-04 4.07e-05
90655 1.81120e+04 -4.62014e+00 3.24490e-04 8.70815e-06 3.79e-04 3.03e-07 6.79e-04 5.40e-06 5.59e-04 1.51e-07 1.25e-05 1.29e-04 8.71e-06 2.66e-04 3.27e-06 3.28e-04 6.93e-06 3.28e-04 3.28e-06 6.52e-06 1.28e-04 4.07e-05 2.66e-04 3.28e-06 3.28e-04 6.93e-06 3.28e-04 3.28e-06 6.52e-06 1.28e-04 4.07e-05
90705 1.81220e+04 -4.70313e+00 2.89266e-04 2.90537e-05 2.24e-04 2.83e-07 6.80e-04 5.32e-06 5.37e-04 1.26e-07 4.37e-06 1.20e-04 2.91e-05 2.66e-04 3.27e-06 3.28e-04 6.93e-06 3.28e-04 3.28e-06 6.52e-06 1.28e-04 4.07e-05 2.66e-04 3.28e-06 3.28e-04 6.93e-06 3.28e-04 3.28e-06 6.52e-06 1.28e-04 4.07e-05
90755 1.81320e+04 -4.67566e+00 2.86339e-04 5.44279e-05 2.46e-04 2.94e-07 6.58e-04 5.38e-06 5.21e-04 3.29e-08 4.08e-06 1.15e-04 5.44e-05 2.66e-04 3.27e-06 3.28e-04 6.92e-06 3.28e-04 3.28e-06 6.52e-06 1.28e-04 4.08e-05 2.66e-04 3.28e-06 3.28e-04 6.92e-06 3.28e-04 3.28e-06 6.52e-06 1.28e-04 4.08e-05
90805 1.81420e+04 -4.55624e+00 3.08701e-04 9.53461e-05 2.43e-04 2.68e-07 7.23e-04 5.63e-06 5.72e-04 4.27e-08 8.86e-06 1.21e-04 9.53e-05 2.66e-04 3.27e-06 3.28e-04 6.92e-06 3.28e-04 3.28e-06 6.52e-06 1.28e-04 4.08e-05 2.66e-04 3.28e-06 3.28e-04 6.92e-06 3.28e-04 3.28e-06 6.52e-06 1.28e-04 4.08e-05
90855 1.81520e+04 -4.48106e+00 3.18717e-04 1.69433e-04 2.46e-04 2.74e-07 7.58e-04 5.54e-06 5.84e-04 5.22e-08 4.74e-06 1.24e-04 1.69e-04 2.66e-04 3.27e-06 3.28e-04 6.92e-06 3.28e-04 3.28e-06 6.52e-06 1.28e-04 4.08e-05 2.66e-04 3.28e-06 3.28e-04 6.92e-06 3.28e-04 3.28e-06 6.52e-06 1.28e-04 4.08e-05
90905 1.81620e+04 -4.68883e+00 2.99610e-04 1.00345e-05 2.48e-04 2.72e-07 6.94e-04 5.47e-06 5.50e-04 3.85e-08 7.47e-06 1.31e-04 1.00e-05 2.66e-04 3.27e-06 3.28e-04 6.92e-06 3.28e-04 3.27e-06 6.52e-06 1.28e-04 4.08e-05 2.66e-04 3.28e-06 3.28e-04 6.92e-06 3.28e-04 3.28e-06 6.52e-06 1.28e-04 4.08e-05
90955 1.81720e+04 -4.71317e+00 3.05013e-04 1.04054e-05 2.21e-04 2.77e-07 7.30e-04 5.13e-06 5.69e-04 4.19e-08 4.16e-06 1.37e-04 1.04e-05 2.66e-04 3.27e-06 3.28e-04 6.91e-06 3.28e-04 3.27e-06 6.52e-06 1.28e-04 4.08e-05 2.66e-04 3.28e-06 3.28e-04 6.91e-06 3.28e-04 3.28e-06 6.52e-06 1.28e-04 4.08e-05
91005 1.81820e+04 -4.54918e+00 2.99288e-04 1.47311e-04 1.82e-04 2.85e-07 7.25e-04 5.49e-06 5.83e-04 3.76e-08 3.29e-06 1.09e-04 1.47e-04 2.66e-04 3.27e-06 3.28e-04 6.91e-06 3.28e-04 3.27e-06 6.52e-06 1.28e-04 4.08e-05 2.66e-04 3.28e-06 3.28e-04 6.91e-06 3.28e-04 3.28e-06 6.52e-06 1.28e-04 4.08e-05
91055 1.81920e+04 -4.52976e+00 2.96806e-04 1.50303e-04 1.88e-04 2.82e-07 7.03e-04 6.87e-06 5.86e-04 4.89e-08 3.74e-06 1.15e-04 1.50e-04 2.66e-04 3.27e-06 3.28e-04 6.91e-06 3.28e-04 3.27e-06 6.52e-06 1.28e-04 4.08e-05 2.66e-04 3.28e-06 3.28e-04 6.91e-06 3.28e-04 3.28e-06 6.52e-06 1.28e-04 4.08e-05
91105 1.82020e+04 -4.52921e+00 2.91871e-04 1.51109e-04 2.03e-04 2.67e-07 7.01e-04 5.90e-06 5.48e-04 2.78e-08 4.32e-06 1.30e-04 1.51e-04 2.66e-04 3.27e-06 3.28e-04 6.90e-06 3.28e-04 3.27e-06 6.52e-06 1.28e-04 4.08e-05 2.66e-04 3.28e-06 3.28e-04 6.90e-06 3.28e-04 3.28e-06 6.52e-06 1.28e-04 4.08e-05
91155 1.82120e+04 -4.65523e+00 3.30398e-04 2.10410e-05 4.02e-04 2.93e-07 6.93e-04 6.96e-06 5.49e-04 5.37e-08 5.32e-06 1.14e-04 2.10e-05 2.66e-04 3.27e-06 3.28e-04 6.90e-06 3.28e-04 3.27e-06 6.52e-06 1.28e-04 4.08e-05 2.66e-04 3.28e-06 3.28e-04 6.90e-06 3.28e-04 3.28e-06 6.52e-06 1.28e-04 4.08e-05
91205 1.82220e+04 -4.63806e+00 2.85552e-04 5.91123e-05 1.60e-04 2.76e-07 6.97e-04 5.50e-06 5.66e-04 8.26e-08 8.44e-06 1.08e-04 5.91e-05 2.66e-04 3.27e-06 3.27e-04 6.90e-06 3.27e-04 3.27e-06 6.52e-06 1.28e-04 4.08e-05 2.66e-04 3.27e-06 3.27e-04 6.90e-06 3.27e-04 3.27e-06 6.52e-06 1.28e-04 4.08e-05
91255 1.82320e+04 -4.70195e+00 2.96526e-04 1.68546e-05 1.85e-04 2.56e-07 7.02e-04 6.07e-06 5.89e-04 4.10e-08 5.48e-06 1.20e-04 1.69e-05 2.66e-04 3.27e-06 3.27e-04 6.89e-06 3.27e-04 3.27e-06 6.52e-06 1.28e-04 4.08e-05 2.66e-04 3.27e-06 3.27e-04 6.89e-06 3.27e-04 3.27e-06 6.52e-06 1.28e-04 4.08e-05
91305 1.82420e+04 -4.73037e+00 2.92427e-04 1.57946e-05 1.86e-04 2.96e-07 6.95e-04 5.87e-06 5.74e-04 4.55e-08 3.36e-06 1.09e-04 1.58e-05 2.66e-04 3.27e-06 3.27e-04 6.89e-06 3.27e-04 3.27e-06 6.51e-06 1.28e-04 4.08e-05 2.66e-04 3.27e-06 3.27e-04 6.89e-06 3.27e-04 3.27e-06 6.51e-06 1.28e-04 4.08e-05
91355 1.82520e+04 -4.64013e+00 2.92516e-04 7.77297e-05 2.08e-04 2.57e-07 7.12e-04 5.28e-06 5.37e-04 2.99e-08 3.29e-06 1.35e-04 7.77e-05 2.66e-04 3.27e-06 3.27e-04 6.89e-06 3.27e-04 3.27e-06 6.51e-06 1.28e-04 4.08e-05 2.66e-04 3.27e-06 3.27e-04 6.89e-06 3.27e-04 3.27e-06 6.51e-06 1.28e-04 4.08e-05
91405 1.82620e+04 -4.72059e+00 2.92004e-04 2.20648e-05 2.03e-04 2.69e-07 6.93e-04 5.19e-06 5.59e-04 6.16e-08 3.64e-06 1.19e-04 2.21e-05 2.66e-04 3.27e-06 3.27e-04 6.88e-06 3.27e-04 3.27e-06 6.51e-06 1.28e-04 4.08e-05 2.66e-04 3.27e-06 3.27e-04 6.88e-06 3.27e-04 3.27e-06 6.51e-06 1.28e-04 4.08e-05
91455 1.82720e+04 -4.62866e+00 3.02130e-04 1.95177e-05 1.89e-04 2.57e-07 7.40e-04 5.65e-06 5.76e-04 1.62e-07 1.30e-05 1.25e-04 1.95e-05 2.66e-04 3.27e-06 3.27e-04 6.88e-06 3.27e-04 3.27e-06 6.51e-06 1.28e-04 4.08e-05 2.66e-04 3.27e-06 3.27e-04 6.88e-06 3.27e-04 3.27e-06 6.51e-06 1.28e-04 4.08e-05
91505 1.82820e+04 -4.66237e+00 3.16891e-04 3.06456e-05 3.04e-04 2.56e-07 7.10e-04 5.32e-06 5.66e-04 4.41e-08 5.69e-06 1.27e-04 3.06e-05 2.65e-04 3.27e-06 3.27e-04 6.88e-06 3.27e-04 3.27e-06 6.51e-06 1.28e-04 4.08e-05 2.65e-04 3.27e-06 3.27e-04 6.88e-06 3.27e-04 3.27e-06 6.51e-06 1.28e-04 4.08e-05
91555 1.82920e+04 -4.65862e+00 3.28369e-04 4.15612e-05 3.07e-04 2.55e-07 7.61e-04 5.32e-06 5.69e-04 4.35e-08 3.34e-06 1.25e-04 4.16e-05 2.65e-04 3.27e-06 3.27e-04 6.88e-06 3.27e-04 3.27e-06 6.51e-06 1.28e-04 4.08e-05 2.65e-04 3.27e-06 3.27e-04 6.88e-06 3.27e-04 3.27e-06 6.51e-06 1.28e-04 4.08e-05
91605 1.83020e+04 -4.61913e+00 3.32330e-04 1.36634e-05 4.16e-04 2.55e-07 6.89e-04 5.13e-06 5.52e-04 4.36e-08 1.09e-05 1.39e-04 1.37e-05 2.65e-04 3.27e-06 3.27e-04 6.87e-06 3.27e-04 3.27e-06 6.51e-06 1.28e-04 4.08e-05 2.65e-04 3.27e-06 3.27e-04 6.87e-06 3.27e-04 3.27e-06 6.51e-06 1.28e-04 4.08e-05
91655 1.83120e+04 -4.71716e+00 2.97892e-04 1.24665e-05 1.88e-04 2.49e-07 7.20e-04 5.28e-06 5.76e-04 1.35e-07 4.74e-06 1.21e-04 1.25e-05 2.65e-04 3.27e-06 3.27e-04 6.87e-06 3.27e-04 3.27e-06 6.51e-06 1.28e-04 4.08e-05 2.65e-04 3.27e-06 3.27e-04 6.87e-06 3.27e-04 3.27e-06 6.51e-06 1.28e-04 4.08e-05
91705 1.83220e+04 -4.64211e+00 2.98027e-04 6.46558e-05 1.74e-04 2.53e-07 7.48e-04 5.52e-06 5.62e-04 5.52e-08 4.28e-06 1.39e-04 6.47e-05 2.65e-04 3.27e-06 3.27e-04 6.87e-06 3.27e-04 3.27e-06 6.51e-06 1.28e-04 4.08e-05 2.65e-04 3.27e-06 3.27e-04 6.87e-06 3.27e-04 3.27e-06 6.51e-06 1.28e-04 4.08e-05
91755 1.83320e+04 -4.63064e+00 2.98115e-04 8.96994e-05 1.88e-04 2.43e-07 7.14e-04 5.36e-06 5.82e-04 8.16e-08 3.15e-06 1.10e-04 8.97e-05 2.65e-04 3.27e-06 3.27e-04 6.87e-06 3.27e-04 3.27e-06 6.51e-06 1.28e-04 4.08e-05 2.65e-04 3.27e-06 3.27e-04 6.87e-06 3.27e-04 3.27e-06 6.51e-06 1.28e-04 4.08e-05
91805 1.83420e+04 -4.72254e+00 2.90821e-04 2.56859e-05 2.11e-04 2.48e-07 6.96e-04 5.71e-06 5.41e-04 3.86e-08 3.20e-06 1.06e-04 2.57e-05 2.65e-04 3.27e-06 3.27e-04 6.86e-06 3.27e-04 3.27e-06 6.51e-06 1.28e-04 4.08e-05 2.65e-04 3.27e-06 3.27e-04 6.86e-06 3.27e-04 3.27e-06 6.51e-06 1.28e-04 4.08e-05
91855 1.83520e+04 -4.67032e+00 3.13557e-04 3.91020e-05 2.59e-04 2.67e-07 7.49e-04 5.44e-06 5.54e-04 7.34e-08 3.41e-06 1.34e-04 3.91e-05 2.65e-04 3.27e-06 3.27e-04 6.86e-06 3.27e-04 3.27e-06 6.50e-06 1.28e-04 4.08e-05 2.65e-04 3.27e-06 3.27e-04 6.86e-06 3.27e-04 3.27e-06 6.50e-06 1.28e-04 4.08e-05
91905 1.83620e+04 -4.69863e+00 3.20126e-04 1.28329e-05 3.40e-04 2.83e-07 6.93e-04 5.45e-06 5.62e-04 1.26e-07 4.35e-06 1.09e-04 1.28e-05 2.65e-04 3.27e-06 3.27e-04 6.86e-06 3.27e-04 3.27e-06 6.50e-06 1.28e-04 4.08e-05 2.65e-04 3.27e-06 3.27e-04 6.86e-06 3.27e-04 3.27e-06 6.50e-06 1.28e-04 4.08e-05
91955 1.83720e+04 -4.61484e+00 2.97066e-04 7.75702e-05 2.21e-04 2.65e-07 7.22e-04 5.44e-06 5.36e-04 3.90e-08 5.78e-06 1.31e-04 7.76e-05 2.65e-04 3.27e-06 3.27e-04 6.85e-06 3.27e-04 3.27e-06 6.50e-06 1.28e-04 4.08e-05 2.65e-04 3.27e-06 3.27e-04 6.85e-06 3.27e-04 3.27e-06 6.50e-06 1.28e-04 4.08e-05
92005 1.83820e+04 -4.61139e+00 3.68425e-04 2.70416e-05 5.23e-04 2.37e-07 7.32e-04 7.12e-06 5.80e-04 5.50e-08 5.05e-06 1.15e-04 2.70e-05 2.65e-04 3.27e-06 3.27e-04 6.85e-06 3.27e-04 3.27e-06 6.50e-06 1.28e-04 4.08e-05 2.65e-04 3.27e-06 3.27e-04 6.85e-06 3.27e-04 3.27e-06 6.50e-06 1.28e-04 4.08e-05
92055 1.83920e+04 -4.57852e+00 3.14864e-04 9.40057e-05 2.37e-04 2.49e-07 7.63e-04 5.97e-06 5.68e-04 5.89e-08 5.53e-06 1.22e-04 9.40e-05 2.65e-04 3.27e-06 3.27e-04 6.85e-06 3.27e-04 3.27e-06 6.50e-06 1.28e-04 4.08e-05 2.65e-04 3.27e-06 3.27e-04 6.85e-06 3.27e-04 3.27e-06 6.50e-06 1.28e-04 4.08e-05
92105 1.84020e+04 -4.65706e+00 3.17433e-04 3.27229e-05 2.15e-04 2.71e-07 7.48e-04 6.79e-06 6.17e-04 7.43e-08 4.15e-06 1.41e-04 3.27e-05 2.65e-04 3.27e-06 3.27e-04 6.85e-06 3.27e-04 3.27e-06 6.50e-06 1.28e-04 4.08e-05 2.65e-04 3.27e-06 3.27e-04 6.85e-06 3.27e-04 3.27e-06 6.50e-06 1.28e-04 4.08e-05
92155 1.84120e+04 -4.64044e+00 2.99572e-04 5.01331e-05 1.94e-04 2.53e-07 7.47e-04 5.13e-06 5.52e-04 1.28e-07 8.19e-06 1.11e-04 5.01e-05 2.65e-04 3.27e-06 3.27e-04 6.84e-06 3.27e-04 3.27e-06 6.50e-06 1.27e-04 4.08e-05 2.65e-04 3.27e-06 3.27e-04 6.84e-06 3.27e-04 3.27e-06 6.50e-06 1.27e-04 4.08e-05
92205 1.84220e+04 -4.70146e+00 2.93185e-04 1.90903e-05 1.81e-04 2.60e-07 7.24e-04 5.38e-06 5.55e-04 1.03e-07 5.25e-06 1.35e-04 1.91e-05 2.65e-04 3.27e-06 3.27e-04 6.84e-06 3.27e-04 3.27e-06 6.50e-06 1.27e-04 4.09e-05 2.65e-04 3.27e-06 3.27e-04 6.84e-06 3.27e-04 3.27e-06 6.50e-06 1.27e-04 4.09e-05
92255 1.84320e+04 -4.72408e+00 2.85416e-04 1.52670e-05 1.72e-04 2.61e-07 7.04e-04 6.04e-06 5.45e-04 1.66e-07 3.89e-06 1.24e-04 1.53e-05 2.65e-04 3.27e-06 3.27e-04 6.84e-06 3.27e-04 3.27e-06 6.50e-06 1.27e-04 4.09e-05 2.65e-04 3.27e-06 3.27e-04 6.84e-06 3.27e-04 3.27e-06 6.50e-06 1.27e-04 4.09e-05
92305 1.84420e+04 -4.71065e+00 2.78766e-04 2.66257e-05 1.63e-04 2.71e-07 6.84e-04 6.44e-06 5.40e-04 9.47e-08 4.52e-06 1.16e-04 2.66e-05 2.65e-04 3.27e-06 3.27e-04 6.83e-06 3.27e-04 3.27e-06 6.50e-06 1.27e-04 4.09e-05 2.65e-04 3.27e-06 3.27e-04 6.83e-06 3.27e-04 3.27e-06 6.50e-06 1.27e-04 4.09e-05
92355 1.84520e+04 -4.60353e+00 2.81171e-04 1.04802e-04 1.70e-04 2.79e-07 6.68e-04 5.80e-06 5.62e-04 2.03e-07 3.92e-06 1.31e-04 1.05e-04 2.64e-04 3.27e-06 3.27e-04 6.83e-06 3.27e-04 3.27e-06 6.50e-06 1.27e-04 4.08e-05 2.64e-04 3.27e-06 3.27e-04 6.83e-06 3.27e-04 3.27e-06 6.50e-06 1.27e-04 4.08e-05
92405 1.84620e+04 -4.65471e+00 2.86127e-04 6.62878e-05 1.56e-04 2.72e-07 6.94e-04 5.87e-06 5.74e-04 5.79e-08 4.22e-06 1.24e-04 6.63e-05 2.64e-04 3.27e-06 3.27e-04 6.83e-06 3.27e-04 3.27e-06 6.50e-06 1.27e-04 4.09e-05 2.64e-04 3.27e-06 3.27e-04 6.83e-06 3.27e-04 3.27e-06 6.50e-06 1.27e-04 4.09e-05
92455 1.84720e+04 -4.68154e+00 3.02941e-04 2.66481e-05 2.26e-04 2.78e-07 7.25e-04 5.42e-06 5.58e-04 1.56e-07 4.73e-06 1.41e-04 2.66e-05 2.64e-04 3.27e-06 3.27e-04 6.83e-06 3.27e-04 3.27e-06 6.50e-06 1.27e-04 4.09e-05 2.64e-04 3.27e-06 3.27e-04 6.83e-06 3.27e-04 3.27e-06 6.50e-06 1.27e-04 4.09e-05
92505 1.84820e+04 -4.67524e+00 2.87653e-04 3.04930e-05 1.60e-04 2.61e-07 7.39e-04 6.77e-06 5.32e-04 1.20e-07 6.47e-06 1.23e-04 3.05e-05 2.64e-04 3.27e-06 3.27e-04 6.82e-06 3.27e-04 3.27e-06 6.50e-06 1.28e-04 4.09e-05 2.64e-04 3.27e-06 3.27e-04 6.82e-06 3.27e-04 3.27e-06 6.50e-06 1.28e-04 4.09e-05
92555 1.84920e+04 -4.64209e+00 2.91468e-04 7.32400e-05 1.77e-04 2.62e-07 7.15e-04 5.28e-06 5.60e-04 4.61e-08 4.17e-06 1.32e-04 7.32e-05 2.64e-04 3.27e-06 3.27e-04 6.82e-06 3.27e-04 3.27e-06 6.50e-06 1.27e-04 4.09e-05 2.64e-04 3.27e-06 3.27e-04 6.82e-06 3.27e-04 3.27e-06 6.50e-06 1.27e-04 4.09e-05
92605 1.85020e+04 -4.54478e+00 3.43607e-04 9.62994e-05 4.07e-04 2.55e-07 7.38e-04 6.27e-06 5.66e-04 6.18e-08 4.80e-06 1.30e-04 9.63e-05 2.64e-04 3.27e-06 3.27e-04 6.82e-06 3.27e-04 3.27e-06 6.50e-06 1.28e-04 4.09e-05 2.64e-04 3.27e-06 3.27e-04 6.82e-06 3.27e-04 3.27e-06 6.50e-06 1.28e-04 4.09e-05
92655 1.85120e+04 -4.66107e+00 3.08833e-04 2.15750e-05 2.45e-04 2.63e-07 7.28e-04 5.37e-06 5.65e-04 4.97e-08 8.57e-06 1.21e-04 2.16e-05 2.64e-04 3.27e-06 3.27e-04 6.81e-06 3.27e-04 3.27e-06 6.50e-06 1.27e-04 4.09e-05 2.64e-04 3.27e-06 3.27e-04 6.81e-06 3.27e-04 3.27e-06 6.50e-06 1.27e-04 4.09e-05
92705 1.85220e+04 -4.61150e+00 3.44325e-04 5.59092e-05 3.63e-04 2.57e-07 7.65e-04 5.65e-06 5.88e-04 4.83e-08 3.94e-06 1.34e-04 5.59e-05 2.64e-04 3.27e-06 3.27e-04 6.81e-06 3.27e-04 3.27e-06 6.49e-06 1.28e-04 4.09e-05 2.64e-04 3.27e-06 3.27e-04 6.81e-06 3.27e-04 3.27e-06 6.49e-06 1.28e-04 4.09e-05
92755 1.85320e+04 -4.63818e+00 3.24325e-04 4.30952e-05 3.57e-04 2.45e-07 6.83e-04 6.90e-06 5.74e-04 7.07e-08 4.12e-06 1.25e-04 4.31e-05 2.64e-04 3.27e-06 3.27e-04 6.81e-06 3.27e-04 3.27e-06 6.49e-06 1.28e-04 4.09e-05 2.64e-04 3.27e-06 3.27e-04 6.81e-06 3.27e-04 3.27e-06 6.49e-06 1.28e-04 4.09e-05
92805 1.85420e+04 -4.68197e+00 3.07807e-04 3.43221e-05 2.82e-04 2.53e-07 7.16e-04 5.79e-06 5.35e-04 3.59e-08 3.87e-06 1.18e-04 3.43e-05 2.64e-04 3.27e-06 3.27e-04 6.80e-06 3.27e-04 3.27e-06 6.49e-06 1.27e-04 4.09e-05 2.64e-04 3.27e-06 3.27e-04 6.80e-06 3.27e-04 3.27e-06 6.49e-06 1.27e-04 4.09e-05
92855 1.85520e+04 -4.65315e+00 2.98410e-04 4.12845e-05 2.12e-04 2.54e-07 7.20e-04 6.98e-06 5.52e-04 4.19e-08 5.82e-06 1.26e-04 4.13e-05 2.64e-04 3.27e-06 3.27e-04 6.80e-06 3.27e-04 3.27e-06 6.49e-06 1.27e-04 4.09e-05 2.64e-04 3.27e-06 3.27e-04 6.80e-06 3.27e-04 3.27e-06 6.49e-06 1.27e-04 4.09e-05
92905 1.85620e+04 -4.65987e+00 2.96004e-04 4.71889e-05 2.06e-04 2.54e-07 7.11e-04 6.02e-06 5.57e-04 4.74e-08 5.86e-06 1.14e-04 4.72e-05 2.64e-04 3.27e-06 3.27e-04 6.80e-06 3.27e-04 3.27e-06 6.50e-06 1.27e-04 4.09e-05 2.64e-04 3.27e-06 3.27e-04 6.80e-06 3.27e-04 3.27e-06 6.50e-06 1.27e-04 4.09e-05
92955 1.85720e+04 -4.56714e+00 3.29212e-04 1.00406e-04 2.94e-04 2.40e-07 7.63e-04 5.88e-06 5.83e-04 3.92e-08 3.56e-06 1.37e-04 1.00e-04 2.64e-04 3.27e-06 3.27e-04 6.80e-06 3.27e-04 3.27e-06 6.50e-06 1.27e-04 4.09e-05 2.64e-04 3.27e-06 3.27e-04 6.80e-06 3.27e-04 3.27e-06 6.50e-06 1.27e-04 4.09e-05
93005 1.85820e+04 -4.60833e+00 3.21545e-04 7.94605e-05 3.45e-04 2.61e-07 6.94e-04 5.30e-06 5.64e-04 4.34e-08 3.45e-06 1.30e-04 7.95e-05 2.64e-04 3.27e-06 3.27e-04 6.79e-06 3.27e-04 3.27e-06 6.49e-06 1.27e-04 4.09e-05 2.64e-04 3.27e-06 3.27e-04 6.79e-06 3.27e-04 3.27e-06 6.49e-06 1.27e-04 4.09e-05
93055 1.85920e+04 -4.55474e+00 3.49342e-04 8.06787e-05 4.67e-04 2.66e-07 7.23e-04 5.22e-06 5.52e-04 5.35e-08 6.87e-06 1.17e-04 8.07e-05 2.64e-04 3.27e-06 3.27e-04 6.79e-06 3.27e-04 3.27e-06 6.49e-06 1.27e-04 4.09e-05 2.64e-04 3.27e-06 3.27e-04 6.79e-06 3.27e-04 3.27e-06 6.49e-06 1.27e-04 4.09e-05
93105 1.86020e+04 -4.70990e+00 3.00473e-04 1.96765e-05 2.35e-04 2.53e-07 7.00e-04 6.42e-06 5.62e-04 4.64e-08 3.89e-06 1.06e-04 1.97e-05 2.64e-04 3.27e-06 3.27e-04 6.79e-06 3.27e-04 3.27e-06 6.49e-06 1.27e-04 4.09e-05 2.64e-04 3.27e-06 3.27e-04 6.79e-06 3.27e-04 3.27e-06 6.49e-06 1.27e-04 4.09e-05
93155 1.86120e+04 -4.65249e+00 3.04742e-04 5.51761e-05 2.36e-04 2.36e-07 7.24e-04 6.86e-06 5.57e-04 4.64e-08 4.14e-06 1.06e-04 5.52e-05 2.64e-04 3.27e-06 3.27e-04 6.78e-06 3.27e-04 3.27e-06 6.49e-06 1.27e-04 4.09e-05 2.64e-04 3.27e-06 3.27e-04 6.78e-06 3.27e-04 3.27e-06 6.49e-06 1.27e-04 4.09e-05
93205 1.86220e+04 -4.64361e+00 3.14493e-04 2.36851e-05 2.82e-04 2.76e-07 7.10e-04 6.11e-06 5.74e-04 9.89e-08 8.07e-06 1.34e-04 2.37e-05 2.64e-04 3.27e-06 3.27e-04 6.78e-06 3.27e-04 3.27e-06 6.49e-06 1.27e-04 4.09e-05 2.64e-04 3.27e-06 3.27e-04 6.78e-06 3.27e-04 3.27e-06 6.49e-06 1.27e-04 4.09e-05
93255 1.86320e+04 -4.62982e+00 3.30372e-04 3.59553e-05 3.43e-04 2.69e-07 7.28e-04 6.67e-06 5.74e-04 5.98e-08 5.97e-06 1.24e-04 3.60e-05 2.65e-04 3.27e-06 3.27e-04 6.78e-06 3.27e-04 3.27e-06 6.49e-06 1.27e-04 4.09e-05 2.65e-04 3.27e-06 3.27e-04 6.78e-06 3.27e-04 3.27e-06 6.49e-06 1.27e-04 4.09e-05
93305 1.86420e+04 -4.56934e+00 2.95653e-04 1.08128e-04 2.32e-04 2.57e-07 6.78e-04 6.90e-06 5.61e-04 3.26e-08 6.34e-06 1.06e-04 1.08e-04 2.65e-04 3.27e-06 3.27e-04 6.77e-06 3.27e-04 3.27e-06 6.49e-06 1.27e-04 4.09e-05 2.65e-04 3.27e-06 3.27e-04 6.77e-06 3.27e-04 3.27e-06 6.49e-06 1.27e-04 4.09e-05
93355 1.86520e+04 -4.62986e+00 3.18221e-04 5.57927e-05 2.89e-04 2.58e-07 7.09e-04 6.15e-06 5.86e-04 3.30e-08 4.10e-06 1.38e-04 5.58e-05 2.65e-04 3.27e-06 3.27e-04 6.77e-06 3.27e-04 3.27e-06 6.49e-06 1.27e-04 4.09e-05 2.65e-04 3.27e-06 3.27e-04 6.77e-06 3.27e-04 3.27e-06 6.49e-06 1.27e-04 4.09e-05
93405 1.86620e+04 -4.67101e+00 3.45213e-04 1.41727e-05 4.72e-04 2.56e-07 7.07e-04 5.45e-06 5.41e-04 2.80e-08 4.20e-06 1.15e-04 1.42e-05 2.65e-04 3.27e-06 3.27e-04 6.77e-06 3.27e-04 3.27e-06 6.49e-06 1.27e-04 4.09e-05 2.65e-04 3.27e-06 3.27e-04 6.77e-06 3.27e-04 3.27e-06 6.49e-06 1.27e-04 4.09e-05
93455 1.86720e+04 -4.69895e+00 3.07242e-04 1.59852e-05 2.55e-04 2.62e-07 7.20e-04 6.04e-06 5.55e-04 7.92e-08 3.65e-06 1.37e-04 1.60e-05 2.65e-04 3.27e-06 3.27e-04 6.77e-06 3.27e-04 3.27e-06 6.49e-06 1.27e-04 4.09e-05 2.65e-04 3.27e-06 3.27e-04 6.77e-06 3.27e-04 3.27e-06 6.49e-06 1.27e-04 4.09e-05
93505 1.86820e+04 -4.70307e+00 2.98649e-04 3.21199e-05 1.94e-04 2.52e-07 7.46e-04 5.25e-06 5.48e-04 6.69e-08 3.08e-06 1.26e-04 3.21e-05 2.65e-04 3.27e-06 3.27e-04 6.76e-06 3.27e-04 3.27e-06 6.49e-06 1.27e-04 4.09e-05 2.65e-04 3.27e-06 3.27e-04 6.76e-06 3.27e-04 3.27e-06 6.49e-06 1.27e-04 4.09e-05
93555 1.86920e+04 -4.57665e+00 3.02649e-04 1.19076e-04 2.67e-04 2.62e-07 6.86e-04 4.91e-06 5.55e-04 4.02e-08 3.92e-06 1.22e-04 1.19e-04 2.65e-04 3.27e-06 3.27e-04 6.76e-06 3.27e-04 3.27e-06 6.49e-06 1.27e-04 4.09e-05 2.65e-04 3.27e-06 3.27e-04 6.76e-06 3.27e-04 3.27e-06 6.49e-06 1.27e-04 4.09e-05
93605 1.87020e+04 -4.53896e+00 3.18308e-04 1.27989e-04 3.63e-04 2.64e-07 6.70e-04 6.02e-06 5.52e-04 3.97e-08 3.38e-06 1.31e-04 1.28e-04 2.65e-04 3.27e-06 3.27e-04 6.76e-06 3.27e-04 3.27e-06 6.49e-06 1.27e-04 4.09e-05 2.65e-04 3.27e-06 3.27e-04 6.76e-06 3.27e-04 3.27e-06 6.49e-06 1.27e-04 4.09e-05
93655 1.87120e+04 -4.65303e+00 3.44891e-04 1.99058e-05 4.90e-04 2.74e-07 6.56e-04 5.57e-06 5.73e-04 4.44e-08 3.54e-06 1.47e-04 1.99e-05 2.65e-04 3.27e-06 3.27e-04 6.75e-06 3.27e-04 3.27e-06 6.49e-06 1.27e-04 4.09e-05 2.65e-04 3.27e-06 3.27e-04 6.75e-06 3.27e-04 3.27e-06 6.49e-06 1.27e-04 4.09e-05
93705 1.87220e+04 -4.65063e+00 3.11255e-04 5.13986e-05 3.45e-04 2.78e-07 6.68e-04 5.82e-06 5.37e-04 1.00e-07 3.89e-06 1.20e-04 5.14e-05 2.65e-04 3.27e-06 3.27e-04 6.75e-06 3.27e-04 3.27e-06 6.49e-06 1.27e-04 4.09e-05 2.65e-04 3.27e-06 3.27e-04 6.75e-06 3.27e-04 3.27e-06 6.49e-06 1.27e-04 4.09e-05
93755 1.87320e+04 -4.70166e+00 2.98963e-04 3.31005e-05 2.19e-04 2.55e-07 7.22e-04 5.26e-06 5.48e-04 3.91e-08 3.16e-06 1.23e-04 3.31e-05 2.65e-04 3.27e-06 3.27e-04 6.75e-06 3.27e-04 3.27e-06 6.48e-06 1.27e-04 4.09e-05 2.65e-04 3.27e-06 3.27e-04 6.75e-06 3.27e-04 3.27e-06 6.48e-06 1.27e-04 4.09e-05
93805 1.87420e+04 -4.70641e+00 3.18099e-04 1.17143e-05 2.46e-04 2.54e-07 7.62e-04 5.23e-06 5.77e-04 3.68e-08 3.30e-06 1.37e-04 1.17e-05 2.65e-04 3.27e-06 3.27e-04 6.75e-06 3.27e-04 3.27e-06 6.48e-06 1.27e-04 4.09e-05 2.65e-04 3.27e-06 3.27e-04 6.75e-06 3.27e-04 3.27e-06 6.48e-06 1.27e-04 4.09e-05
93855 1.87520e+04 -4.64200e+00 3.00746e-04 6.64613e-05 2.22e-04 2.63e-07 7.00e-04 6.17e-06 5.75e-04 5.38e-08 3.34e-06 1.31e-04 6.65e-05 2.65e-04 3.27e-06 3.27e-04 6.74e-06 3.27e-04 3.27e-06 6.48e-06 1.27e-04 4.09e-05 2.65e-04 3.27e-06 3.27e-04 6.74e-06 3.27e-04 3.27e-06 6.48e-06 1.27e-04 4.09e-05
93905 1.87620e+04 -4.71179e+00 3.12311e-04 1.12463e-05 2.56e-04 2.52e-07 7.18e-04 5.51e-06 5.82e-04 4.61e-08 3.66e-06 1.24e-04 1.12e-05 2.65e-04 3.27e-06 3.27e-04 6.74e-06 3.27e-04 3.27e-06 6.48e-06 1.27e-04 4.09e-05 2.65e-04 3.27e-06 3.27e-04 6.74e-06 3.27e-04 3.27e-06 6.48e-06 1.27e-04 4.09e-05
93955 1.87720e+04 -4.64920e+00 3.05522e-04 6.31588e-05 2.56e-04 2.65e-07 7.04e-04 6.74e-06 5.61e-04 3.96e-08 3.25e-06 1.04e-04 6.32e-05 2.65e-04 3.27e-06 3.27e-04 6.74e-06 3.27e-04 3.27e-06 6.48e-06 1.27e-04 4.09e-05 2.65e-04 3.27e-06 3.27e-04 6.74e-06 3.27e-04 3.27e-06 6.48e-06 1.27e-04 4.09e-05
94005 1.87820e+04 -4.70574e+00 3.09429e-04 1.43077e-05 2.42e-04 2.87e-07 7.32e-04 5.65e-06 5.68e-04 5.42e-08 4.06e-06 1.23e-04 1.43e-05 2.65e-04 3.27e-06 3.27e-04 6.73e-06 3.27e-04 3.27e-06 6.48e-06 1.27e-04 4.09e-05 2.65e-04 3.27e-06 3.27e-04 6.73e-06 3.27e-04 3.27e-06 6.48e-06 1.27e-04 4.09e-05
94055 1.87920e+04 -4.70706e+00 3.02889e-04 1.19531e-05 3.17e-04 2.96e-07 6.51e-04 6.27e-06 5.40e-04 3.33e-08 4.26e-06 1.18e-04 1.20e-05 2.65e-04 3.27e-06 3.27e-04 6.73e-06 3.27e-04 3.27e-06 6.48e-06 1.27e-04 4.09e-05 2.65e-04 3.27e-06 3.27e-04 6.73e-06 3.27e-04 3.27e-06 6.48e-06 1.27e-04 4.09e-05
94105 1.88020e+04 -4.68452e+00 2.93012e-04 2.09748e-05 1.88e-04 2.65e-07 7.07e-04 6.94e-06 5.63e-04 6.33e-08 5.82e-06 1.30e-04 2.10e-05 2.65e-04 3.27e-06 3.27e-04 6.73e-06 3.27e-04 3.27e-06 6.48e-06 1.27e-04 4.09e-05 2.65e-04 3.27e-06 3.27e-04 6.73e-06 3.27e-04 3.27e-06 6.48e-06 1.27e-04 4.09e-05
94155 1.88120e+04 -4.68440e+00 2.86034e-04 1.50861e-05 2.16e-04 2.68e-07 6.84e-04 6.03e-06 5.25e-04 3.32e-08 7.68e-06 1.41e-04 1.51e-05 2.65e-04 3.27e-06 3.27e-04 6.73e-06 3.27e-04 3.27e-06 6.48e-06 1.27e-04 4.09e-05 2.65e-04 3.27e-06 3.27e-04 6.73e-06 3.27e-04 3.27e-06 6.48e-06 1.27e-04 4.09e-05
94205 1.88220e+04 -4.60813e+00 3.25805e-04 7.20609e-05 3.46e-04 2.66e-07 7.21e-04 5.03e-06 5.56e-04 9.04e-08 4.46e-06 1.29e-04 7.21e-05 2.65e-04 3.27e-06 3.27e-04 6.72e-06 3.27e-04 3.27e-06 6.48e-06 1.27e-04 4.09e-05 2.65e-04 3.27e-06 3.27e-04 6.72e-06 3.27e-04 3.27e-06 6.48e-06 1.27e-04 4.09e-05
94255 1.88320e+04 -4.69562e+00 2.97353e-04 2.65713e-05 2.40e-04 2.69e-07 6.88e-04 5.10e-06 5.53e-04 3.40e-08 5.07e-06 1.24e-04 2.66e-05 2.65e-04 3.27e-06 3.27e-04 6.72e-06 3.27e-04 3.27e-06 6.48e-06 1.27e-04 4.09e-05 2.65e-04 3.27e-06 3.27e-04 6.72e-06 3.27e-04 3.27e-06 6.48e-06 1.27e-04 4.09e-05
94305 1.88420e+04 -4.66587e+00 3.44540e-04 1.62935e-05 4.14e-04 2.62e-07 7.06e-04 5.38e-06 5.98e-04 1.39e-07 3.94e-06 1.29e-04 1.63e-05 2.65e-04 3.27e-06 3.27e-04 6.72e-06 3.27e-04 3.27e-06 6.47e-06 1.27e-04 4.09e-05 2.65e-04 3.27e-06 3.27e-04 6.72e-06 3.27e-04 3.27e-06 6.47e-06 1.27e-04 4.09e-05
94355 1.88520e+04 -4.58231e+00 3.16240e-04 2.49826e-05 3.33e-04 2.78e-07 6.93e-04 5.28e-06 5.50e-04 1.02e-07 1.60e-05 1.21e-04 2.50e-05 2.65e-04 3.27e-06 3.27e-04 6.71e-06 3.27e-04 3.27e-06 6.47e-06 1.27e-04 4.09e-05 2.65e-04 3.27e-06 3.27e-04 6.71e-06 3.27e-04 3.27e-06 6.47e-06 1.27e-04 4.09e-05
94405 1.88620e+04 -4.64737e+00 3.23136e-04 5.17897e-05 2.90e-04 2.47e-07 7.47e-04 5.29e-06 5.73e-04 6.47e-08 3.79e-06 1.23e-04 5.18e-05 2.65e-04 3.27e-06 3.27e-04 6.71e-06 3.27e-04 3.27e-06 6.47e-06 1.27e-04 4.09e-05 2.65e-04 3.27e-06 3.27e-04 6.71e-06 3.27e-04 3.27e-06 6.47e-06 1.27e-04 4.09e-05
94455 1.88720e+04 -4.54497e+00 3.15770e-04 1.26731e-04 2.90e-04 2.75e-07 7.01e-04 5.55e-06 5.82e-04 8.39e-08 3.38e-06 1.40e-04 1.27e-04 2.65e-04 3.27e-06 3.27e-04 6.71e-06 3.27e-04 3.27e-06 6.47e-06 1.27e-04 4.09e-05 2.65e-04 3.27e-06 3.27e-04 6.71e-06 3.27e-04 3.27e-06 6.47e-06 1.27e-04 4.09e-05
94505 1.88820e+04 -4.58421e+00 2.90688e-04 6.37625e-05 1.80e-04 2.57e-07 7.02e-04 6.02e-06 5.65e-04 3.78e-08 1.17e-05 1.35e-04 6.38e-05 2.65e-04 3.27e-06 3.27e-04 6.71e-06 3.27e-04 3.27e-06 6.47e-06 1.27e-04 4.09e-05 2.65e-04 3.27e-06 3.27e-04 6.71e-06 3.27e-04 3.27e-06 6.47e-06 1.27e-04 4.09e-05
94555 1.88920e+04 -4.57599e+00 2.90561e-04 1.24245e-04 2.49e-04 2.44e-07 6.54e-04 5.50e-06 5.45e-04 5.11e-08 3.08e-06 1.39e-04 1.24e-04 2.65e-04 3.27e-06 3.27e-04 6.70e-06 3.27e-04 3.27e-06 6.47e-06 1.27e-04 4.09e-05 2.65e-04 3.27e-06 3.27e-04 6.70e-06 3.27e-04 3.27e-06 6.47e-06 1.27e-04 4.09e-05
94605 1.89020e+04 -4.70103e+00 3.03355e-04 2.46920e-05 2.17e-04 2.39e-07 7.18e-04 5.22e-06 5.77e-04 5.30e-08 3.86e-06 1.30e-04 2.47e-05 2.65e-04 3.27e-06 3.27e-04 6.70e-06 3.27e-04 3.27e-06 6.47e-06 1.27e-04 4.10e-05 2.65e-04 3.27e-06 3.27e-04 6.70e-06 3.27e-04 3.27e-06 6.47e-06 1.27e-04 4.10e-05
94655 1.89120e+04 -4.67493e+00 3.01825e-04 4.06258e-05 1.94e-04 2.65e-07 7.37e-04 5.56e-06 5.72e-04 9.37e-08 3.96e-06 1.34e-04 4.06e-05 2.65e-04 3.27e-06 3.27e-04 6.70e-06 3.27e-04 3.27e-06 6.47e-06 1.27e-04 4.10e-05 2.65e-04 3.27e-06 3.27e-04 6.70e-06 3.27e-04 3.27e-06 6.47e-06 1.27e-04 4.10e-05
94705 1.89220e+04 -4.47944e+00 2.96103e-04 1.54572e-04 1.82e-04 2.40e-07 7.15e-04 6.43e-06 5.77e-04 3.34e-08 9.47e-06 1.19e-04 1.55e-04 2.65e-04 3.27e-06 3.27e-04 6.69e-06 3.27e-04 3.27e-06 6.47e-06 1.27e-04 4.10e-05 2.65e-04 3.27e-06 3.27e-04 6.69e-06 3.27e-04 3.27e-06 6.47e-06 1.27e-04 4.10e-05
94755 1.89320e+04 -4.71497e+00 2.89753e-04 2.00577e-05 1.67e-04 2.42e-07 7.22e-04 5.23e-06 5.54e-04 4.14e-08 4.95e-06 1.22e-04 2.01e-05 2.65e-04 3.27e-06 3.27e-04 6.69e-06 3.27e-04 3.27e-06 6.47e-06 1.27e-04 4.10e-05 2.65e-04 3.27e-06 3.27e-04 6.69e-06 3.27e-04 3.27e-06 6.47e-06 1.27e-04 4.10e-05
94805 1.89420e+04 -4.64294e+00 3.28567e-04 3.10092e-05 3.32e-04 2.43e-07 7.41e-04 7.19e-06 5.63e-04 4.17e-08 4.07e-06 1.43e-04 3.10e-05 2.65e-04 3.27e-06 3.27e-04 6.69e-06 3.27e-04 3.27e-06 6.47e-06 1.27e-04 4.10e-05 2.65e-04 3.27e-06 3.27e-04 6.69e-06 3.27e-04 3.27e-06 6.47e-06 1.27e-04 4.10e-05
94855 1.89520e+04 -4.63674e+00 3.11162e-04 5.74487e-05 2.84e-04 2.58e-07 6.81e-04 5.18e-06 5.86e-04 4.29e-08 4.84e-06 1.35e-04 5.74e-05 2.65e-04 3.27e-06 3.27e-04 6.68e-06 3.27e-04 3.27e-06 6.47e-06 1.27e-04 4.10e-05 2.65e-04 3.27e-06 3.27e-04 6.68e-06 3.27e-04 3.27e-06 6.47e-06 1.27e-04 4.10e-05
94905 1.89620e+04 -4.61540e+00 3.03528e-04 3.56826e-05 2.14e-04 2.60e-07 7.28e-04 5.68e-06 5.70e-04 4.05e-08 1.17e-05 1.29e-04 3.57e-05 2.65e-04 3.27e-06 3.27e-04 6.68e-06 3.27e-04 3.27e-06 6.47e-06 1.27e-04 4.10e-05 2.65e-04 3.27e-06 3.27e-04 6.68e-06 3.27e-04 3.27e-06 6.47e-06 1.27e-04 4.10e-05
94955 1.89720e+04 -4.53152e+00 3.09352e-04 6.31080e-05 2.65e-04 2.60e-07 7.23e-04 5.38e-06 5.53e-04 3.80e-08 1.68e-05 1.24e-04 6.31e-05 2.65e-04 3.27e-06 3.27e-04 6.68e-06 3.27e-04 3.27e-06 6.47e-06 1.27e-04 4.10e-05 2.65e-04 3.27e-06 3.27e-04 6.68e-06 3.27e-04 3.27e-06 6.47e-06 1.27e-04 4.10e-05
95005 1.89810e+04 -4.59632e+00 3.04189e-04 9.89615e-05 2.21e-04 2.58e-07 7.33e-04 5.42e-06 5.61e-04 5.35e-08 3.85e-06 1.33e-04 9.90e-05 2.65e-04 3.27e-06 3.27e-04 6.67e-06 3.27e-04 3.27e-06 6.47e-06 1.27e-04 4.10e-05 2.65e-04 3.27e-06 3.27e-04 6.67e-06 3.27e-04 3.27e-06 6.47e-06 1.27e-04 4.10e-05
95055 1.89910e+04 -4.59667e+00 3.16072e-04 8.48648e-05 2.90e-04 2.46e-07 7.14e-04 5.10e-06 5.71e-04 5.36e-08 5.18e-06 1.27e-04 8.49e-05 2.65e-04 3.27e-06 3.27e-04 6.67e-06 3.27e-04 3.27e-06 6.47e-06 1.27e-04 4.10e-05 2.65e-04 3.27e-06 3.27e-04 6.67e-06 3.27e-04 3.27e-06 6.47e-06 1.27e-04 4.10e-05
95105 1.90010e+04 -4.61796e+00 2.90192e-04 5.86504e-05 2.04e-04 2.54e-07 6.92e-04 6.38e-06 5.48e-04 9.65e-08 7.67e-06 1.43e-04 5.87e-05 2.65e-04 3.27e-06 3.27e-04 6.67e-06 3.27e-04 3.27e-06 6.46e-06 1.27e-04 4.10e-05 2.65e-04 3.27e-06 3.27e-04 6.67e-06 3.27e-04 3.27e-06 6.46e-06 1.27e-04 4.10e-05
95155 1.90110e+04 -4.65383e+00 3.32363e-04 3.61226e-05 3.83e-04 2.52e-07 7.26e-04 5.04e-06 5.47e-04 4.35e-08 3.85e-06 1.34e-04 3.61e-05 2.65e-04 3.27e-06 3.27e-04 6.66e-06 3.27e-04 3.27e-06 6.46e-06 1.27e-04 4.10e-05 2.65e-04 3.27e-06 3.27e-04 6.66e-06 3.27e-04 3.27e-06 6.46e-06 1.27e-04 4.10e-05
95205 1.90210e+04 -4.69953e+00 3.13512e-04 2.34885e-05 2.96e-04 2.53e-07 7.22e-04 5.15e-06 5.44e-04 5.81e-08 3.36e-06 1.20e-04 2.35e-05 2.65e-04 3.27e-06 3.27e-04 6.66e-06 3.27e-04 3.27e-06 6.46e-06 1.27e-04 4.10e-05 2.65e-04 3.27e-06 3.27e-04 6.66e-06 3.27e-04 3.27e-06 6.46e-06 1.27e-04 4.10e-05
95255 1.90310e+04 -4.61141e+00 2.88481e-04 9.26403e-05 2.36e-04 2.60e-07 6.72e-04 5.66e-06 5.28e-04 4.01e-08 4.90e-06 1.23e-04 9.26e-05 2.65e-04 3.27e-06 3.27e-04 6.66e-06 3.27e-04 3.27e-06 6.46e-06 1.27e-04 4.10e-05 2.65e-04 3.27e-06 3.27e-04 6.66e-06 3.27e-04 3.27e-06 6.46e-06 1.27e-04 4.10e-05
95305 1.90410e+04 -4.64306e+00 3.05670e-04 2.34726e-05 2.38e-04 2.55e-07 7.26e-04 5.72e-06 5.58e-04 4.52e-08 9.46e-06 1.40e-04 2.35e-05 2.65e-04 3.27e-06 3.27e-04 6.65e-06 3.27e-04 3.27e-06 6.46e-06 1.27e-04 4.10e-05 2.65e-04 3.27e-06 3.27e-04 6.65e-06 3.27e-04 3.27e-06 6.46e-06 1.27e-04 4.10e-05
95355 1.90510e+04 -4.71428e+00 2.97624e-04 2.07093e-05 2.37e-04 2.57e-07 6.99e-04 5.52e-06 5.47e-04 8.13e-08 3.70e-06 1.17e-04 2.07e-05 2.65e-04 3.27e-06 3.27e-04 6.65e-06 3.27e-04 3.27e-06 6.46e-06 1.27e-04 4.10e-05 2.65e-04 3.27e-06 3.27e-04 6.65e-06 3.27e-04 3.27e-06 6.46e-06 1.27e-04 4.10e-05
95405 1.90610e+04 -4.67768e+00 3.07848e-04 2.69551e-05 3.25e-04 2.71e-07 6.67e-04 5.30e-06 5.41e-04 4.40e-08 4.45e-06 1.44e-04 2.70e-05 2.65e-04 3.27e-06 3.27e-04 6.65e-06 3.27e-04 3.27e-06 6.46e-06 1.27e-04 4.10e-05 2.65e-04 3.27e-06 3.27e-04 6.65e-06 3.27e-04 3.27e-06 6.46e-06 1.27e-04 4.10e-05
95455 1.90710e+04 -4.70360e+00 3.11810e-04 1.87312e-05 3.37e-04 2.61e-07 6.73e-04 5.05e-06 5.44e-04 4.17e-08 3.20e-06 1.31e-04 1.87e-05 2.66e-04 3.27e-06 3.27e-04 6.64e-06 3.27e-04 3.27e-06 6.45e-06 1.27e-04 4.10e-05 2.66e-04 3.27e-06 3.27e-04 6.64e-06 3.27e-04 3.27e-06 6.45e-06 1.27e-04 4.10e-05
95505 1.90810e+04 -4.66233e+00 3.26216e-04 4.16648e-05 3.33e-04 2.68e-07 7.05e-04 5.15e-06 5.88e-04 5.16e-08 3.71e-06 1.14e-04 4.17e-05 2.66e-04 3.27e-06 3.27e-04 6.64e-06 3.27e-04 3.27e-06 6.45e-06 1.27e-04 4.10e-05 2.66e-04 3.27e-06 3.27e-04 6.64e-06 3.27e-04 3.27e-06 6.45e-06 1.27e-04 4.10e-05
95555 1.90910e+04 -4.61504e+00 2.90146e-04 8.28717e-05 1.83e-04 2.54e-07 7.04e-04 5.07e-06 5.59e-04 4.51e-08 5.71e-06 1.41e-04 8.29e-05 2.66e-04 3.27e-06 3.27e-04 6.64e-06 3.27e-04 3.27e-06 6.45e-06 1.27e-04 4.10e-05 2.66e-04 3.27e-06 3.27e-04 6.64e-06 3.27e-04 3.27e-06 6.45e-06 1.27e-04 4.10e-05
95605 1.91010e+04 -4.70099e+00 2.91991e-04 2.66086e-05 1.82e-04 2.57e-07 6.91e-04 5.29e-06 5.81e-04 3.92e-08 3.77e-06 1.50e-04 2.66e-05 2.66e-04 3.27e-06 3.27e-04 6.63e-06 3.27e-04 3.27e-06 6.45e-06 1.27e-04 4.11e-05 2.66e-04 3.27e-06 3.27e-04 6.63e-06 3.27e-04 3.27e-06 6.45e-06 1.27e-04 4.11e-05
95655 1.91110e+04 -4.64811e+00 2.94634e-04 7.26326e-05 1.97e-04 2.44e-07 7.17e-04 5.46e-06 5.53e-04 3.95e-08 3.73e-06 1.20e-04 7.26e-05 2.65e-04 3.27e-06 3.27e-04 6.63e-06 3.27e-04 3.27e-06 6.45e-06 1.28e-04 4.10e-05 2.65e-04 3.27e-06 3.27e-04 6.63e-06 3.27e-04 3.27e-06 6.45e-06 1.28e-04 4.10e-05
95705 1.91210e+04 -4.68710e+00 2.91249e-04 2.59996e-05 1.91e-04 2.48e-07 6.93e-04 6.06e-06 5.66e-04 3.99e-08 5.94e-06 1.27e-04 2.60e-05 2.65e-04 3.27e-06 3.27e-04 6.63e-06 3.27e-04 3.27e-06 6.45e-06 1.27e-04 4.11e-05 2.65e-04 3.27e-06 3.27e-04 6.63e-06 3.27e-04 3.27e-06 6.45e-06 1.27e-04 4.11e-05
95755 1.91310e+04 -4.70543e+00 2.94607e-04 1.99408e-05 2.31e-04 2.58e-07 6.98e-04 5.43e-06 5.38e-04 6.87e-08 4.86e-06 1.25e-04 1.99e-05 2.65e-04 3.27e-06 3.27e-04 6.63e-06 3.27e-04 3.27e-06 6.45e-06 1.28e-04 4.11e-05 2.65e-04 3.27e-06 3.27e-04 6.63e-06 3.27e-04 3.27e-06 6.45e-06 1.28e-04 4.11e-05
95805 1.91410e+04 -4.61159e+00 3.38557e-04 2.89758e-05 4.20e-04 2.73e-07 7.16e-04 5.85e-06 5.50e-04 3.48e-08 8.38e-06 1.33e-04 2.90e-05 2.65e-04 3.27e-06 3.27e-04 6.62e-06 3.27e-04 3.27e-06 6.45e-06 1.28e-04 4.11e-05 2.65e-04 3.27e-06 3.27e-04 6.62e-06 3.27e-04 3.27e-06 6.45e-06 1.28e-04 4.11e-05
95855 1.91510e+04 -4.68165e+00 3.07285e-04 3.48971e-05 2.36e-04 2.70e-07 7.28e-04 5.35e-06 5.67e-04 1.15e-07 3.88e-06 1.27e-04 3.49e-05 2.65e-04 3.27e-06 3.27e-04 6.62e-06 3.27e-04 3.27e-06 6.45e-06 1.28e-04 4.11e-05 2.65e-04 3.27e-06 3.27e-04 6.62e-06 3.27e-04 3.27e-06 6.45e-06 1.28e-04 4.11e-05
95905 1.91610e+04 -4.70056e+00 2.87973e-04 2.20047e-05 2.19e-04 2.60e-07 6.71e-04 7.05e-06 5.42e-04 1.94e-07 3.38e-06 1.38e-04 2.20e-05 2.65e-04 3.27e-06 3.27e-04 6.62e-06 3.27e-04 3.27e-06 6.45e-06 1.28e-04 4.11e-05 2.65e-04 3.27e-06 3.27e-04 6.62e-06 3.27e-04 3.27e-06 6.45e-06 1.28e-04 4.11e-05
95955 1.91710e+04 -4.62931e+00 3.40739e-04 4.95851e-05 4.23e-04 2.65e-07 7.20e-04 5.82e-06 5.55e-04 4.16e-08 3.06e-06 1.30e-04 4.96e-05 2.65e-04 3.27e-06 3.27e-04 6.62e-06 3.27e-04 3.27e-06 6.45e-06 1.28e-04 4.11e-05 2.65e-04 3.27e-06 3.27e-04 6.62e-06 3.27e-04 3.27e-06 6.45e-06 1.28e-04 4.11e-05
96005 1.91810e+04 -4.67497e+00 3.43043e-04 2.14376e-05 3.96e-04 2.63e-07 7.33e-04 5.27e-06 5.80e-04 4.20e-08 3.38e-06 1.14e-04 2.14e-05 2.65e-04 3.27e-06 3.27e-04 6.61e-06 3.27e-04 3.27e-06 6.44e-06 1.28e-04 4.11e-05 2.65e-04 3.27e-06 3.27e-04 6.61e-06 3.27e-04 3.27e-06 6.44e-06 1.28e-04 4.11e-05
96055 1.91910e+04 -4.68502e+00 3.00223e-04 3.95280e-05 2.43e-04 2.55e-07 7.17e-04 5.25e-06 5.36e-04 3.73e-08 3.87e-06 1.24e-04 3.95e-05 2.65e-04 3.27e-06 3.27e-04 6.61e-06 3.27e-04 3.27e-06 6.44e-06 1.28e-04 4.11e-05 2.65e-04 3.27e-06 3.27e-04 6.61e-06 3.27e-04 3.27e-06 6.44e-06 1.28e-04 4.11e-05
96105 1.92010e+04 -4.68053e+00 3.01503e-04 3.45069e-05 2.26e-04 2.57e-07 7.00e-04 5.37e-06 5.75e-04 4.81e-08 4.09e-06 1.42e-04 3.45e-05 2.65e-04 3.27e-06 3.27e-04 6.61e-06 3.27e-04 3.27e-06 6.44e-06 1.28e-04 4.11e-05 2.65e-04 3.27e-06 3.27e-04 6.61e-06 3.27e-04 3.27e-06 6.44e-06 1.28e-04 4.11e-05
96155 1.92110e+04 -4.56465e+00 3.04056e-04 6.56849e-05 2.14e-04 2.49e-07 7.59e-04 7.04e-06 5.40e-04 1.12e-07 1.13e-05 1.31e-04 6.57e-05 2.65e-04 3.27e-06 3.27e-04 6.61e-06 3.27e-04 3.27e-06 6.44e-06 1.28e-04 4.11e-05 2.65e-04 3.27e-06 3.27e-04 6.61e-06 3.27e-04 3.27e-06 6.44e-06 1.28e-04 4.11e-05
96205 1.92210e+04 -4.68140e+00 2.94483e-04 4.04080e-05 2.52e-04 2.35e-07 6.78e-04 4.97e-06 5.37e-04 3.92e-08 3.75e-06 1.48e-04 4.04e-05 2.66e-04 3.27e-06 3.27e-04 6.61e-06 3.27e-04 3.27e-06 6.44e-06 1.28e-04 4.11e-05 2.66e-04 3.27e-06 3.27e-04 6.61e-06 3.27e-04 3.27e-06 6.44e-06 1.28e-04 4.11e-05
96255 1.92310e+04 -4.66361e+00 3.30542e-04 1.67604e-05 4.65e-04 2.64e-07 6.52e-04 5.11e-06 5.31e-04 4.32e-08 5.80e-06 1.28e-04 1.68e-05 2.66e-04 3.27e-06 3.27e-04 6.60e-06 3.27e-04 3.27e-06 6.44e-06 1.28e-04 4.11e-05 2.66e-04 3.27e-06 3.27e-04 6.60e-06 3.27e-04 3.27e-06 6.44e-06 1.28e-04 4.11e-05
96305 1.92410e+04 -4.59615e+00 3.03079e-04 1.09158e-04 2.76e-04 2.58e-07 6.69e-04 4.92e-06 5.66e-04 3.05e-08 3.19e-06 1.23e-04 1.09e-04 2.66e-04 3.27e-06 3.27e-04 6.60e-06 3.27e-04 3.27e-06 6.44e-06 1.28e-04 4.11e-05 2.66e-04 3.27e-06 3.27e-04 6.60e-06 3.27e-04 3.27e-06 6.44e-06 1.28e-04 4.11e-05
96355 1.92510e+04 -4.65737e+00 3.31598e-04 3.01948e-05 3.35e-04 2.62e-07 7.23e-04 5.62e-06 5.94e-04 4.20e-08 4.67e-06 1.24e-04 3.02e-05 2.66e-04 3.27e-06 3.27e-04 6.60e-06 3.27e-04 3.27e-06 6.44e-06 1.28e-04 4.11e-05 2.66e-04 3.27e-06 3.27e-04 6.60e-06 3.27e-04 3.27e-06 6.44e-06 1.28e-04 4.11e-05
96405 1.92610e+04 -4.59469e+00 3.10883e-04 6.73886e-05 2.62e-04 2.56e-07 7.30e-04 4.72e-06 5.58e-04 4.10e-08 9.23e-06 1.26e-04 6.74e-05 2.66e-04 3.27e-06 3.27e-04 6.59e-06 3.27e-04 3.27e-06 6.44e-06 1.28e-04 4.11e-05 2.66e-04 3.27e-06 3.27e-04 6.59e-06 3.27e-04 3.27e-06 6.44e-06 1.28e-04 4.11e-05
96455 1.92710e+04 -4.63899e+00 2.88880e-04 7.31973e-05 2.14e-04 2.54e-07 6.78e-04 5.89e-06 5.45e-04 5.50e-08 4.51e-06 1.24e-04 7.32e-05 2.66e-04 3.27e-06 3.27e-04 6.59e-06 3.27e-04 3.27e-06 6.44e-06 1.28e-04 4.11e-05 2.66e-04 3.27e-06 3.27e-04 6.59e-06 3.27e-04 3.27e-06 6.44e-06 1.28e-04 4.11e-05
96505 1.92810e+04 -4.63681e+00 3.08845e-04 5.90592e-05 2.50e-04 2.69e-07 7.14e-04 6.00e-06 5.73e-04 5.88e-08 5.07e-06 1.17e-04 5.91e-05 2.66e-04 3.27e-06 3.27e-04 6.59e-06 3.27e-04 3.27e-06 6.43e-06 1.28e-04 4.11e-05 2.66e-04 3.27e-06 3.27e-04 6.59e-06 3.27e-04 3.27e-06 6.43e-06 1.28e-04 4.11e-05
96555 1.92910e+04 -4.68857e+00 3.17386e-04 1.95864e-05 3.17e-04 2.80e-07 6.79e-04 6.74e-06 5.84e-04 4.75e-08 3.06e-06 1.24e-04 1.96e-05 2.66e-04 3.27e-06 3.27e-04 6.59e-06 3.27e-04 3.27e-06 6.43e-06 1.28e-04 4.12e-05 2.66e-04 3.27e-06 3.27e-04 6.59e-06 3.27e-04 3.27e-06 6.43e-06 1.28e-04 4.12e-05
96605 1.93010e+04 -4.57819e+00 2.78083e-04 1.05496e-04 2.20e-04 2.63e-07 6.46e-04 5.21e-06 5.19e-04 8.34e-08 8.04e-06 1.26e-04 1.05e-04 2.66e-04 3.27e-06 3.27e-04 6.58e-06 3.27e-04 3.27e-06 6.43e-06 1.28e-04 4.12e-05 2.66e-04 3.27e-06 3.27e-04 6.58e-06 3.27e-04 3.27e-06 6.43e-06 1.28e-04 4.12e-05
96655 1.93110e+04 -4.60562e+00 3.50269e-04 5.01934e-05 5.25e-04 2.64e-07 6.89e-04 5.67e-06 5.31e-04 3.90e-08 5.60e-06 1.08e-04 5.02e-05 2.66e-04 3.27e-06 3.27e-04 6.58e-06 3.27e-04 3.27e-06 6.43e-06 1.28e-04 4.12e-05 2.66e-04 3.27e-06 3.27e-04 6.58e-06 3.27e-04 3.27e-06 6.43e-06 1.28e-04 4.12e-05
96705 1.93210e+04 -4.57659e+00 3.08577e-04 6.95178e-05 2.48e-04 2.59e-07 7.28e-04 6.14e-06 5.60e-04 3.66e-08 8.91e-06 1.46e-04 6.95e-05 2.66e-04 3.27e-06 3.27e-04 6.58e-06 3.27e-04 3.27e-06 6.43e-06 1.28e-04 4.12e-05 2.66e-04 3.27e-06 3.27e-04 6.58e-06 3.27e-04 3.27e-06 6.43e-06 1.28e-04 4.12e-05
96755 1.93310e+04 -4.57981e+00 2.98863e-04 7.36502e-05 2.53e-04 2.67e-07 6.90e-04 6.02e-06 5.45e-04 3.28e-08 9.27e-06 1.39e-04 7.37e-05 2.66e-04 3.27e-06 3.27e-04 6.58e-06 3.27e-04 3.27e-06 6.43e-06 1.28e-04 4.12e-05 2.66e-04 3.27e-06 3.27e-04 6.58e-06 3.27e-04 3.27e-06 6.43e-06 1.28e-04 4.12e-05
96805 1.93410e+04 -4.70191e+00 3.05624e-04 1.60255e-05 1.85e-04 2.57e-07 7.58e-04 6.31e-06 5.78e-04 3.20e-08 3.79e-06 1.34e-04 1.60e-05 2.66e-04 3.27e-06 3.27e-04 6.57e-06 3.27e-04 3.27e-06 6.43e-06 1.28e-04 4.12e-05 2.66e-04 3.27e-06 3.27e-04 6.57e-06 3.27e-04 3.27e-06 6.43e-06 1.28e-04 4.12e-05
96855 1.93510e+04 -4.66286e+00 2.95583e-04 6.28187e-05 2.04e-04 2.48e-07 7.19e-04 4.84e-06 5.50e-04 4.81e-08 3.71e-06 1.26e-04 6.28e-05 2.66e-04 3.27e-06 3.27e-04 6.57e-06 3.27e-04 3.27e-06 6.43e-06 1.28e-04 4.12e-05 2.66e-04 3.27e-06 3.27e-04 6.57e-06 3.27e-04 3.27e-06 6.43e-06 1.28e-04 4.12e-05
96905 1.93610e+04 -4.64306e+00 3.15469e-04 5.82715e-05 2.97e-04 2.63e-07 7.01e-04 5.40e-06 5.73e-04 4.83e-08 3.34e-06 1.35e-04 5.83e-05 2.66e-04 3.27e-06 3.27e-04 6.57e-06 3.27e-04 3.27e-06 6.43e-06 1.28e-04 4.12e-05 2.66e-04 3.27e-06 3.27e-04 6.57e-06 3.27e-04 3.27e-06 6.43e-06 1.28e-04 4.12e-05
96955 1.93710e+04 -4.68235e+00 3.05344e-04 3.61585e-05 2.41e-04 2.59e-07 7.10e-04 5.50e-06 5.70e-04 3.96e-08 3.11e-06 1.41e-04 3.62e-05 2.66e-04 3.27e-06 3.27e-04 6.57e-06 3.27e-04 3.27e-06 6.43e-06 1.28e-04 4.12e-05 2.66e-04 3.27e-06 3.27e-04 6.57e-06 3.27e-04 3.27e-06 6.43e-06 1.28e-04 4.12e-05
97005 1.93810e+04 -4.68545e+00 3.26346e-04 1.71337e-05 3.42e-04 2.63e-07 7.17e-04 5.05e-06 5.68e-04 3.38e-08 4.03e-06 1.33e-04 1.71e-05 2.66e-04 3.27e-06 3.27e-04 6.56e-06 3.27e-04 3.27e-06 6.42e-06 1.28e-04 4.12e-05 2.66e-04 3.27e-06 3.27e-04 6.56e-06 3.27e-04 3.27e-06 6.42e-06 1.28e-04 4.12e-05
97055 1.93910e+04 -4.49600e+00 3.12800e-04 3.62169e-05 2.44e-04 2.62e-07 7.42e-04 5.34e-06 5.72e-04 2.78e-08 2.49e-05 1.24e-04 3.62e-05 2.66e-04 3.27e-06 3.27e-04 6.56e-06 3.27e-04 3.27e-06 6.42e-06 1.28e-04 4.12e-05 2.66e-04 3.27e-06 3.27e-04 6.56e-06 3.27e-04 3.27e-06 6.42e-06 1.28e-04 4.12e-05
97105 1.94010e+04 -4.69173e+00 3.08907e-04 2.77940e-05 2.74e-04 2.68e-07 7.09e-04 5.27e-06 5.55e-04 7.00e-08 3.38e-06 1.33e-04 2.78e-05 2.66e-04 3.27e-06 3.27e-04 6.56e-06 3.27e-04 3.27e-06 6.42e-06 1.28e-04 4.12e-05 2.66e-04 3.27e-06 3.27e-04 6.56e-06 3.27e-04 3.27e-06 6.42e-06 1.28e-04 4.12e-05
97155 1.94110e+04 -4.69156e+00 2.93101e-04 3.72934e-05 2.45e-04 2.72e-07 6.91e-04 5.77e-06 5.24e-04 2.85e-08 3.09e-06 1.35e-04 3.73e-05 2.66e-04 3.27e-06 3.27e-04 6.56e-06 3.27e-04 3.27e-06 6.42e-06 1.28e-04 4.12e-05 2.66e-04 3.27e-06 3.27e-04 6.56e-06 3.27e-04 3.27e-06 6.42e-06 1.28e-04 4.12e-05
97205 1.94210e+04 -4.60990e+00 2.85706e-04 9.81671e-05 2.07e-04 2.61e-07 6.75e-04 7.07e-06 5.39e-04 3.13e-08 3.67e-06 1.16e-04 9.82e-05 2.66e-04 3.27e-06 3.27e-04 6.55e-06 3.27e-04 3.27e-06 6.42e-06 1.28e-04 4.12e-05 2.66e-04 3.27e-06 3.27e-04 6.55e-06 3.27e-04 3.27e-06 6.42e-06 1.28e-04 4.12e-05
97255 1.94310e+04 -4.68570e+00 3.09223e-04 1.80296e-05 2.36e-04 2.44e-07 7.22e-04 5.53e-06 5.82e-04 1.16e-07 5.58e-06 1.30e-04 1.80e-05 2.66e-04 3.27e-06 3.27e-04 6.55e-06 3.27e-04 3.27e-06 6.42e-06 1.28e-04 4.12e-05 2.66e-04 3.27e-06 3.27e-04 6.55e-06 3.27e-04 3.27e-06 6.42e-06 1.28e-04 4.12e-05
97305 1.94410e+04 -4.62088e+00 3.13844e-04 5.47355e-05 2.71e-04 2.90e-07 7.28e-04 5.46e-06 5.64e-04 1.52e-07 6.58e-06 1.32e-04 5.47e-05 2.66e-04 3.27e-06 3.27e-04 6.55e-06 3.27e-04 3.27e-06 6.42e-06 1.28e-04 4.12e-05 2.66e-04 3.27e-06 3.27e-04 6.55e-06 3.27e-04 3.27e-06 6.42e-06 1.28e-04 4.12e-05
97355 1.94510e+04 -4.68617e+00 2.88466e-04 3.75555e-05 2.51e-04 2.54e-07 6.66e-04 5.43e-06 5.20e-04 9.28e-08 4.12e-06 1.39e-04 3.76e-05 2.66e-04 3.27e-06 3.27e-04 6.55e-06 3.27e-04 3.27e-06 6.42e-06 1.28e-04 4.12e-05 2.66e-04 3.27e-06 3.27e-04 6.55e-06 3.27e-04 3.27e-06 6.42e-06 1.28e-04 4.12e-05
97405 1.94610e+04 -4.67458e+00 3.09658e-04 3.33611e-05 2.65e-04 2.52e-07 7.06e-04 6.03e-06 5.71e-04 6.75e-08 4.48e-06 1.19e-04 3.34e-05 2.66e-04 3.27e-06 3.27e-04 6.54e-06 3.27e-04 3.27e-06 6.41e-06 1.28e-04 4.12e-05 2.66e-04 3.27e-06 3.27e-04 6.54e-06 3.27e-04 3.27e-06 6.41e-06 1.28e-04 4.12e-05
97455 1.94710e+04 -4.61431e+00 3.00787e-04 7.62627e-05 2.56e-04 2.60e-07 6.91e-04 6.11e-06 5.50e-04 6.59e-08 4.94e-06 1.32e-04 7.63e-05 2.66e-04 3.27e-06 3.27e-04 6.54e-06 3.27e-04 3.27e-06 6.41e-06 1.28e-04 4.13e-05 2.66e-04 3.27e-06 3.27e-04 6.54e-06 3.27e-04 3.27e-06 6.41e-06 1.28e-04 4.13e-05
97505 1.94810e+04 -4.60100e+00 3.27110e-04 7.29667e-05 3.39e-04 2.64e-07 7.34e-04 5.14e-06 5.57e-04 4.81e-08 5.23e-06 1.27e-04 7.30e-05 2.66e-04 3.27e-06 3.27e-04 6.54e-06 3.27e-04 3.27e-06 6.41e-06 1.28e-04 4.13e-05 2.66e-04 3.27e-06 3.27e-04 6.54e-06 3.27e-04 3.27e-06 6.41e-06 1.28e-04 4.13e-05
97555 1.94910e+04 -4.65382e+00 3.02757e-04 6.12859e-05 2.95e-04 2.72e-07 6.76e-04 4.90e-06 5.37e-04 3.64e-08 4.53e-06 1.12e-04 6.13e-05 2.66e-04 3.27e-06 3.27e-04 6.53e-06 3.27e-04 3.27e-06 6.41e-06 1.28e-04 4.13e-05 2.66e-04 3.27e-06 3.27e-04 6.53e-06 3.27e-04 3.27e-06 6.41e-06 1.28e-04 4.13e-05
97605 1.95010e+04 -4.63724e+00 3.08794e-04 7.44498e-05 2.12e-04 2.63e-07 7.75e-04 5.22e-06 5.52e-04 5.77e-08 3.41e-06 1.21e-04 7.44e-05 2.66e-04 3.27e-06 3.27e-04 6.53e-06 3.27e-04 3.27e-06 6.41e-06 1.28e-04 4.13e-05 2.66e-04 3.27e-06 3.27e-04 6.53e-06 3.27e-04 3.27e-06 6.41e-06 1.28e-04 4.13e-05
97655 1.95110e+04 -4.66521e+00 2.95040e-04 5.31692e-05 2.33e-04 2.66e-07 6.91e-04 5.50e-06 5.46e-04 3.80e-08 3.74e-06 1.36e-04 5.32e-05 2.66e-04 3.27e-06 3.27e-04 6.53e-06 3.27e-04 3.27e-06 6.41e-06 1.28e-04 4.13e-05 2.66e-04 3.27e-06 3.27e-04 6.53e-06 3.27e-04 3.27e-06 6.41e-06 1.28e-04 4.13e-05
97705 1.95210e+04 -4.67958e+00 2.96900e-04 3.81798e-05 2.49e-04 2.67e-07 6.89e-04 5.45e-06 5.41e-04 4.99e-08 4.40e-06 1.31e-04 3.82e-05 2.66e-04 3.27e-06 3.27e-04 6.52e-06 3.27e-04 3.27e-06 6.41e-06 1.28e-04 4.13e-05 2.66e-04 3.27e-06 3.27e-04 6.52e-06 3.27e-04 3.27e-06 6.41e-06 1.28e-04 4.13e-05
97755 1.95310e+04 -4.65005e+00 2.94684e-04 2.66056e-05 2.14e-04 2.59e-07 7.35e-04 5.26e-06 5.18e-04 5.25e-08 9.73e-06 1.40e-04 2.66e-05 2.67e-04 3.27e-06 3.27e-04 6.52e-06 3.27e-04 3.27e-06 6.41e-06 1.28e-04 4.13e-05 2.67e-04 3.27e-06 3.27e-04 6.52e-06 3.27e-04 3.27e-06 6.41e-06 1.28e-04 4.13e-05
97805 1.95410e+04 -4.69455e+00 2.83849e-04 3.83321e-05 2.01e-04 2.59e-07 6.70e-04 5.69e-06 5.41e-04 3.81e-08 3.91e-06 1.32e-04 3.83e-05 2.67e-04 3.27e-06 3.27e-04 6.52e-06 3.27e-04 3.27e-06 6.40e-06 1.28e-04 4.13e-05 2.67e-04 3.27e-06 3.27e-04 6.52e-06 3.27e-04 3.27e-06 6.40e-06 1.28e-04 4.13e-05
97855 1.95510e+04 -4.68928e+00 3.02074e-04 2.95940e-05 2.90e-04 2.58e-07 6.76e-04 5.50e-06 5.38e-04 3.73e-08 4.61e-06 1.18e-04 2.96e-05 2.66e-04 3.27e-06 3.27e-04 6.51e-06 3.27e-04 3.27e-06 6.40e-06 1.28e-04 4.13e-05 2.66e-04 3.27e-06 3.27e-04 6.51e-06 3.27e-04 3.27e-06 6.40e-06 1.28e-04 4.13e-05
97905 1.95610e+04 -4.72635e+00 3.03964e-04 1.42185e-05 2.60e-04 2.59e-07 7.14e-04 6.02e-06 5.40e-04 8.16e-08 3.12e-06 9.74e-05 1.42e-05 2.67e-04 3.27e-06 3.27e-04 6.51e-06 3.27e-04 3.27e-06 6.40e-06 1.28e-04 4.13e-05 2.67e-04 3.27e-06 3.27e-04 6.51e-06 3.27e-04 3.27e-06 6.40e-06 1.28e-04 4.13e-05
97955 1.95710e+04 -4.58678e+00 3.19889e-04 9.54300e-05 2.80e-04 2.58e-07 7.27e-04 4.88e-06 5.87e-04 8.05e-08 4.63e-06 1.26e-04 9.54e-05 2.67e-04 3.27e-06 3.27e-04 6.51e-06 3.27e-04 3.27e-06 6.40e-06 1.28e-04 4.13e-05 2.67e-04 3.27e-06 3.27e-04 6.51e-06 3.27e-04 3.27e-06 6.40e-06 1.28e-04 4.13e-05
98005 1.95810e+04 -4.65629e+00 2.91401e-04 6.78759e-05 2.01e-04 2.57e-07 7.03e-04 5.57e-06 5.47e-04 3.20e-08 3.15e-06 1.32e-04 6.79e-05 2.67e-04 3.27e-06 3.27e-04 6.51e-06 3.27e-04 3.27e-06 6.40e-06 1.28e-04 4.13e-05 2.67e-04 3.27e-06 3.27e-04 6.51e-06 3.27e-04 3.27e-06 6.40e-06 1.28e-04 4.13e-05
98055 1.95910e+04 -4.60541e+00 2.98151e-04 1.06739e-04 2.44e-04 2.61e-07 6.76e-04 4.99e-06 5.66e-04 4.29e-08 3.48e-06 1.16e-04 1.07e-04 2.67e-04 3.27e-06 3.27e-04 6.50e-06 3.27e-04 3.27e-06 6.40e-06 1.28e-04 4.13e-05 2.67e-04 3.27e-06 3.27e-04 6.50e-06 3.27e-04 3.27e-06 6.40e-06 1.28e-04 4.13e-05
98105 1.96010e+04 -4.60458e+00 2.88835e-04 8.89536e-05 1.93e-04 2.66e-07 7.05e-04 4.95e-06 5.41e-04 3.32e-08 6.17e-06 1.43e-04 8.90e-05 2.67e-04 3.27e-06 3.27e-04 6.50e-06 3.27e-04 3.27e-06 6.39e-06 1.28e-04 4.13e-05 2.67e-04 3.27e-06 3.27e-04 6.50e-06 3.27e-04 3.27e-06 6.39e-06 1.28e-04 4.13e-05
98155 1.96110e+04 -4.64053e+00 2.96996e-04 4.43840e-05 1.85e-04 2.59e-07 7.39e-04 6.06e-06 5.55e-04 4.34e-08 7.01e-06 1.45e-04 4.44e-05 2.67e-04 3.27e-06 3.27e-04 6.50e-06 3.27e-04 3.27e-06 6.39e-06 1.27e-04 4.13e-05 2.67e-04 3.27e-06 3.27e-04 6.50e-06 3.27e-04 3.27e-06 6.39e-06 1.27e-04 4.13e-05
98205 1.96210e+04 -4.60479e+00 2.95871e-04 1.05410e-04 1.97e-04 2.59e-07 7.19e-04 5.49e-06 5.58e-04 3.59e-08 3.34e-06 1.24e-04 1.05e-04 2.66e-04 3.27e-06 3.27e-04 6.49e-06 3.27e-04 3.27e-06 6.39e-06 1.27e-04 4.13e-05 2.66e-04 3.27e-06 3.27e-04 6.49e-06 3.27e-04 3.27e-06 6.39e-06 1.27e-04 4.13e-05
98255 1.96310e+04 -4.59838e+00 3.23510e-04 8.81578e-05 3.85e-04 2.65e-07 6.87e-04 5.12e-06 5.41e-04 5.74e-08 3.38e-06 1.27e-04 8.82e-05 2.66e-04 3.27e-06 3.27e-04 6.49e-06 3.27e-04 3.27e-06 6.39e-06 1.27e-04 4.13e-05 2.66e-04 3.27e-06 3.27e-04 6.49e-06 3.27e-04 3.27e-06 6.39e-06 1.27e-04 4.13e-05
98305 1.96410e+04 -4.64373e+00 3.11343e-04 6.66239e-05 2.44e-04 2.68e-07 7.38e-04 5.15e-06 5.69e-04 5.17e-08 3.49e-06 1.22e-04 6.66e-05 2.66e-04 3.27e-06 3.27e-04 6.49e-06 3.27e-04 3.27e-06 6.39e-06 1.27e-04 4.13e-05 2.66e-04 3.27e-06 3.27e-04 6.49e-06 3.27e-04 3.27e-06 6.39e-06 1.27e-04 4.13e-05
98355 1.96510e+04 -4.60364e+00 3.30628e-04 8.30649e-05 3.62e-04 2.70e-07 7.19e-04 5.29e-06 5.67e-04 4.65e-08 3.46e-06 1.14e-04 8.31e-05 2.66e-04 3.27e-06 3.27e-04 6.48e-06 3.27e-04 3.27e-06 6.39e-06 1.27e-04 4.13e-05 2.66e-04 3.27e-06 3.27e-04 6.48e-06 3.27e-04 3.27e-06 6.39e-06 1.27e-04 4.13e-05
98405 1.96610e+04 -4.68573e+00 3.02412e-04 3.73544e-05 2.18e-04 2.61e-07 7.06e-04 5.63e-06 5.82e-04 3.60e-08 3.57e-06 1.26e-04 3.74e-05 2.66e-04 3.27e-06 3.27e-04 6.48e-06 3.27e-04 3.27e-06 6.38e-06 1.27e-04 4.14e-05 2.66e-04 3.27e-06 3.27e-04 6.48e-06 3.27e-04 3.27e-06 6.38e-06 1.27e-04 4.14e-05
98455 1.96710e+04 -4.68706e+00 3.26304e-04 9.94970e-06 3.20e-04 2.85e-07 7.26e-04 6.40e-06 5.80e-04 3.23e-08 3.46e-06 1.39e-04 9.95e-06 2.66e-04 3.27e-06 3.27e-04 6.48e-06 3.27e-04 3.27e-06 6.38e-06 1.27e-04 4.14e-05 2.66e-04 3.27e-06 3.27e-04 6.48e-06 3.27e-04 3.27e-06 6.38e-06 1.27e-04 4.14e-05
98505 1.96810e+04 -4.49812e+00 2.92510e-04 1.92569e-04 1.94e-04 2.70e-07 6.92e-04 4.71e-06 5.72e-04 7.68e-08 3.17e-06 1.23e-04 1.93e-04 2.66e-04 3.27e-06 3.27e-04 6.48e-06 3.27e-04 3.27e-06 6.38e-06 1.27e-04 4.14e-05 2.66e-04 3.27e-06 3.27e-04 6.48e-06 3.27e-04 3.27e-06 6.38e-06 1.27e-04 4.14e-05
98555 1.96910e+04 -4.66760e+00 3.14814e-04 4.39529e-05 2.71e-04 2.66e-07 7.28e-04 5.22e-06 5.69e-04 6.90e-08 3.30e-06 1.30e-04 4.40e-05 2.66e-04 3.27e-06 3.27e-04 6.47e-06 3.27e-04 3.27e-06 6.38e-06 1.27e-04 4.14e-05 2.66e-04 3.27e-06 3.27e-04 6.47e-06 3.27e-04 3.27e-06 6.38e-06 1.27e-04 4.14e-05
98605 1.97010e+04 -4.61322e+00 2.89814e-04 9.61118e-05 2.07e-04 2.71e-07 6.76e-04 5.52e-06 5.61e-04 8.31e-08 3.52e-06 1.38e-04 9.61e-05 2.67e-04 3.27e-06 3.27e-04 6.47e-06 3.27e-04 3.27e-06 6.38e-06 1.27e-04 4.14e-05 2.67e-04 3.27e-06 3.27e-04 6.47e-06 3.27e-04 3.27e-06 6.38e-06 1.27e-04 4.14e-05
98655 1.97110e+04 -4.62847e+00 2.88218e-04 8.66437e-05 1.89e-04 2.84e-07 6.87e-04 5.10e-06 5.60e-04 1.15e-07 3.94e-06 1.35e-04 8.66e-05 2.66e-04 3.27e-06 3.27e-04 6.47e-06 3.27e-04 3.27e-06 6.38e-06 1.27e-04 4.14e-05 2.66e-04 3.27e-06 3.27e-04 6.47e-06 3.27e-04 3.27e-06 6.38e-06 1.27e-04 4.14e-05
98705 1.97210e+04 -4.70944e+00 2.98090e-04 1.19574e-05 2.28e-04 2.86e-07 7.06e-04 6.79e-06 5.49e-04 1.63e-07 3.49e-06 1.31e-04 1.20e-05 2.66e-04 3.27e-06 3.27e-04 6.46e-06 3.27e-04 3.27e-06 6.38e-06 1.27e-04 4.14e-05 2.66e-04 3.27e-06 3.27e-04 6.46e-06 3.27e-04 3.27e-06 6.38e-06 1.27e-04 4.14e-05
98755 1.97310e+04 -4.72252e+00 2.94943e-04 1.11310e-05 2.20e-04 2.67e-07 7.14e-04 5.30e-06 5.35e-04 9.33e-08 3.96e-06 1.33e-04 1.11e-05 2.67e-04 3.27e-06 3.27e-04 6.46e-06 3.27e-04 3.27e-06 6.38e-06 1.27e-04 4.14e-05 2.67e-04 3.27e-06 3.27e-04 6.46e-06 3.27e-04 3.27e-06 6.38e-06 1.27e-04 4.14e-05
98805 1.97410e+04 -4.70228e+00 2.91943e-04 1.23370e-05 2.31e-04 2.70e-07 6.72e-04 6.27e-06 5.50e-04 6.29e-08 6.08e-06 1.21e-04 1.23e-05 2.67e-04 3.27e-06 3.27e-04 6.46e-06 3.27e-04 3.27e-06 6.37e-06 1.27e-04 4.14e-05 2.67e-04 3.27e-06 3.27e-04 6.46e-06 3.27e-04 3.27e-06 6.37e-06 1.27e-04 4.14e-05
98855 1.97510e+04 -4.64545e+00 3.06482e-04 6.74738e-05 3.09e-04 2.76e-07 6.76e-04 5.35e-06 5.41e-04 1.06e-07 3.69e-06 1.10e-04 6.75e-05 2.67e-04 3.27e-06 3.27e-04 6.46e-06 3.27e-04 3.27e-06 6.37e-06 1.27e-04 4.14e-05 2.67e-04 3.27e-06 3.27e-04 6.46e-06 3.27e-04 3.27e-06 6.37e-06 1.27e-04 4.14e-05
98905 1.97610e+04 -4.72059e+00 3.01360e-04 2.14136e-05 1.85e-04 2.79e-07 7.46e-04 4.95e-06 5.70e-04 4.23e-08 2.94e-06 1.25e-04 2.14e-05 2.67e-04 3.27e-06 3.27e-04 6.45e-06 3.27e-04 3.27e-06 6.37e-06 1.27e-04 4.14e-05 2.67e-04 3.27e-06 3.27e-04 6.45e-06 3.27e-04 3.27e-06 6.37e-06 1.27e-04 4.14e-05
98955 1.97710e+04 -4.66463e+00 2.92265e-04 6.92911e-05 2.31e-04 2.75e-07 6.94e-04 5.28e-06 5.31e-04 4.72e-08 3.24e-06 1.07e-04 6.93e-05 2.66e-04 3.27e-06 3.27e-04 6.45e-06 3.27e-04 3.27e-06 6.37e-06 1.27e-04 4.14e-05 2.66e-04 3.27e-06 3.27e-04 6.45e-06 3.27e-04 3.27e-06 6.37e-06 1.27e-04 4.14e-05
99005 1.97810e+04 -4.70455e+00 3.05317e-04 1.84032e-05 2.96e-04 2.58e-07 6.73e-04 5.50e-06 5.52e-04 6.46e-08 3.05e-06 1.41e-04 1.84e-05 2.66e-04 3.27e-06 3.27e-04 6.45e-06 3.27e-04 3.27e-06 6.37e-06 1.27e-04 4.13e-05 2.66e-04 3.27e-06 3.27e-04 6.45e-06 3.27e-04 3.27e-06 6.37e-06 1.27e-04 4.13e-05
99055 1.97910e+04 -4.62445e+00 3.50870e-04 4.72982e-05 4.66e-04 2.66e-07 7.19e-04 5.54e-06 5.63e-04 5.02e-08 2.83e-06 1.36e-04 4.73e-05 2.66e-04 3.27e-06 3.27e-04 6.45e-06 3.27e-04 3.27e-06 6.37e-06 1.28e-04 4.13e-05 2.66e-04 3.27e-06 3.27e-04 6.45e-06 3.27e-04 3.27e-06 6.37e-06 1.28e-04 4.13e-05
99105 1.98010e+04 -4.67313e+00 3.18150e-04 2.87428e-05 2.68e-04 2.86e-07 7.44e-04 7.01e-06 5.72e-04 4.53e-08 3.39e-06 1.22e-04 2.87e-05 2.67e-04 3.27e-06 3.27e-04 6.45e-06 3.27e-04 3.27e-06 6.37e-06 1.28e-04 4.13e-05 2.67e-04 3.27e-06 3.27e-04 6.45e-06 3.27e-04 3.27e-06 6.37e-06 1.28e-04 4.13e-05
99155 1.98110e+04 -4.64036e+00 3.34601e-04 4.03008e-05 4.07e-04 2.56e-07 7.16e-04 5.19e-06 5.45e-04 7.72e-08 3.90e-06 1.42e-04 4.03e-05 2.67e-04 3.27e-06 3.27e-04 6.44e-06 3.27e-04 3.27e-06 6.37e-06 1.28e-04 4.13e-05 2.67e-04 3.27e-06 3.27e-04 6.44e-06 3.27e-04 3.27e-06 6.37e-06 1.28e-04 4.13e-05
99205 1.98210e+04 -4.67015e+00 3.23838e-04 1.80016e-05 3.39e-04 2.66e-07 7.18e-04 5.76e-06 5.56e-04 4.98e-08 5.02e-06 1.37e-04 1.80e-05 2.67e-04 3.27e-06 3.27e-04 6.44e-06 3.27e-04 3.27e-06 6.37e-06 1.28e-04 4.13e-05 2.67e-04 3.27e-06 3.27e-04 6.44e-06 3.27e-04 3.27e-06 6.37e-06 1.28e-04 4.13e-05
99255 1.98310e+04 -4.67781e+00 3.27015e-04 2.28909e-05 3.78e-04 2.84e-07 6.97e-04 5.20e-06 5.55e-04 4.54e-08 3.26e-06 1.40e-04 2.29e-05 2.67e-04 3.27e-06 3.27e-04 6.44e-06 3.27e-04 3.27e-06 6.36e-06 1.28e-04 4.13e-05 2.67e-04 3.27e-06 3.27e-04 6.44e-06 3.27e-04 3.27e-06 6.36e-06 1.28e-04 4.13e-05
99305 1.98410e+04 -4.67088e+00 3.42517e-04 2.29336e-05 4.08e-04 2.62e-07 7.23e-04 4.95e-06 5.76e-04 3.44e-08 3.17e-06 1.31e-04 2.29e-05 2.67e-04 3.27e-06 3.27e-04 6.44e-06 3.27e-04 3.27e-06 6.36e-06 1.28e-04 4.13e-05 2.67e-04 3.27e-06 3.27e-04 6.44e-06 3.27e-04 3.27e-06 6.36e-06 1.28e-04 4.13e-05
99355 1.98510e+04 -4.53502e+00 3.22382e-04 5.14603e-05 3.41e-04 2.57e-07 7.00e-04 5.63e-06 5.65e-04 2.46e-08 1.63e-05 1.25e-04 5.15e-05 2.67e-04 3.27e-06 3.27e-04 6.43e-06 3.27e-04 3.27e-06 6.36e-06 1.28e-04 4.13e-05 2.67e-04 3.27e-06 3.27e-04 6.43e-06 3.27e-04 3.27e-06 6.36e-06 1.28e-04 4.13e-05
99405 1.98610e+04 -4.70299e+00 3.17398e-04 6.95690e-06 2.58e-04 2.56e-07 7.47e-04 6.42e-06 5.76e-04 1.18e-07 3.26e-06 1.36e-04 6.96e-06 2.67e-04 3.27e-06 3.27e-04 6.43e-06 3.27e-04 3.27e-06 6.36e-06 1.28e-04 4.13e-05 2.67e-04 3.27e-06 3.27e-04 6.43e-06 3.27e-04 3.27e-06 6.36e-06 1.28e-04 4.13e-05
99455 1.98710e+04 -4.71986e+00 2.80676e-04 2.34716e-05 1.96e-04 2.67e-07 6.86e-04 5.36e-06 5.16e-04 4.73e-08 4.29e-06 1.25e-04 2.35e-05 2.67e-04 3.27e-06 3.27e-04 6.43e-06 3.27e-04 3.27e-06 6.36e-06 1.28e-04 4.13e-05 2.67e-04 3.27e-06 3.27e-04 6.43e-06 3.27e-04 3.27e-06 6.36e-06 1.28e-04 4.13e-05
99505 1.98810e+04 -4.58517e+00 3.03180e-04 7.28298e-05 2.06e-04 2.60e-07 7.18e-04 6.52e-06 5.85e-04 3.03e-07 7.76e-06 1.36e-04 7.28e-05 2.67e-04 3.27e-06 3.27e-04 6.43e-06 3.27e-04 3.27e-06 6.36e-06 1.28e-04 4.13e-05 2.67e-04 3.27e-06 3.27e-04 6.43e-06 3.27e-04 3.27e-06 6.36e-06 1.28e-04 4.13e-05
99555 1.98910e+04 -4.70338e+00 2.96246e-04 3.32925e-05 2.13e-04 2.58e-07 7.17e-04 5.50e-06 5.45e-04 3.37e-08 3.48e-06 1.15e-04 3.33e-05 2.67e-04 3.27e-06 3.27e-04 6.43e-06 3.27e-04 3.27e-06 6.36e-06 1.28e-04 4.13e-05 2.67e-04 3.27e-06 3.27e-04 6.43e-06 3.27e-04 3.27e-06 6.36e-06 1.28e-04 4.13e-05
99605 1.99010e+04 -4.59169e+00 3.37075e-04 7.73601e-05 3.92e-04 2.77e-07 7.20e-04 5.76e-06 5.68e-04 3.76e-08 3.22e-06 1.40e-04 7.74e-05 2.67e-04 3.27e-06 3.27e-04 6.42e-06 3.27e-04 3.27e-06 6.36e-06 1.28e-04 4.13e-05 2.67e-04 3.27e-06 3.27e-04 6.42e-06 3.27e-04 3.27e-06 6.36e-06 1.28e-04 4.13e-05
99655 1.99110e+04 -4.72808e+00 2.96660e-04 8.39968e-06 2.21e-04 2.55e-07 7.04e-04 5.36e-06 5.53e-04 1.59e-07 3.47e-06 1.32e-04 8.40e-06 2.67e-04 3.27e-06 3.27e-04 6.42e-06 3.27e-04 3.27e-06 6.36e-06 1.28e-04 4.13e-05 2.67e-04 3.27e-06 3.27e-04 6.42e-06 3.27e-04 3.27e-06 6.36e-06 1.28e-04 4.13e-05
99705 1.99210e+04 -4.70019e+00 3.00602e-04 2.24894e-05 2.01e-04 2.78e-07 7.25e-04 5.70e-06 5.71e-04 1.05e-07 3.89e-06 1.33e-04 2.25e-05 2.67e-04 3.27e-06 3.27e-04 6.42e-06 3.27e-04 3.27e-06 6.36e-06 1.28e-04 4.12e-05 2.67e-04 3.27e-06 3.27e-04 6.42e-06 3.27e-04 3.27e-06 6.36e-06 1.28e-04 4.12e-05
99755 1.99310e+04 -4.70105e+00 3.03567e-04 9.65714e-06 2.47e-04 2.63e-07 6.92e-04 6.77e-06 5.72e-04 4.29e-08 4.90e-06 1.23e-04 9.66e-06 2.67e-04 3.27e-06 3.27e-04 6.42e-06 3.27e-04 3.27e-06 6.35e-06 1.28e-04 4.12e-05 2.67e-04 3.27e-06 3.27e-04 6.42e-06 3.27e-04 3.27e-06 6.35e-06 1.28e-04 4.12e-05
99805 1.99410e+04 -4.65438e+00 3.34486e-04 2.26314e-05 3.81e-04 2.75e-07 7.37e-04 6.73e-06 5.47e-04 4.36e-08 3.74e-06 1.42e-04 2.26e-05 2.67e-04 3.27e-06 3.27e-04 6.41e-06 3.27e-04 3.27e-06 6.35e-06 1.28e-04 4.12e-05 2.67e-04 3.27e-06 3.27e-04 6.41e-06 3.27e-04 3.27e-06 6.35e-06 1.28e-04 4.12e-05
99855 1.99510e+04 -4.68527e+00 3.05968e-04 3.19056e-05 2.34e-04 2.63e-07 7.23e-04 4.88e-06 5.68e-04 3.02e-08 5.33e-06 1.16e-04 3.19e-05 2.67e-04 3.27e-06 3.27e-04 6.41e-06 3.27e-04 3.27e-06 6.35e-06 1.28e-04 4.12e-05 2.67e-04 3.27e-06 3.27e-04 6.41e-06 3.27e-04 3.27e-06 6.35e-06 1.28e-04 4.12e-05
99905 1.99610e+04 -4.53583e+00 3.43387e-04 1.40294e-05 4.56e-04 2.68e-07 7.08e-04 5.47e-06 5.47e-04 4.48e-08 2.03e-05 1.08e-04 1.40e-05 2.67e-04 3.27e-06 3.27e-04 6.41e-06 3.27e-04 3.27e-06 6.35e-06 1.28e-04 4.12e-05 2.67e-04 3.27e-06 3.27e-04 6.41e-06 3.27e-04 3.27e-06 6.35e-06 1.28e-04 4.12e-05
99955 1.99710e+04 -4.63017e+00 3.01501e-04 7.77989e-05 2.05e-04 2.74e-07 7.45e-04 6.39e-06 5.51e-04 2.69e-08 3.02e-06 1.28e-04 7.78e-05 2.67e-04 3.27e-06 3.27e-04 6.41e-06 3.27e-04 3.27e-06 6.35e-06 1.28e-04 4.12e-05 2.67e-04 3.27e-06 3.27e-04 6.41e-06 3.27e-04 3.27e-06 6.35e-06 1.28e-04 4.12e-05
